{"type": "FeatureCollection", "features": [{"type": "Feature", "geometry": {"type": "Point", "coordinates": [86.7097956, 27.8041662]}, "properties": {"external_id": "osm:node/274016404", "kind": "settlement", "name": "Namche Bazaar", "name_ne": "नाम्चे बजार", "tags": {"name": "नाम्चे बजार", "name:en": "Namche Bazaar", "name:ne": "नाम्चे बजार", "place": "village"}}}, {"type": "Feature", "geometry": {"type": "Point", "coordinates": [86.7646093, 27.8358088]}, "properties": {"external_id": "osm:node/274018195", "kind": "settlement", "name": "Tengboche", "name_ne": "", "tags": {"name": "Tengboche", "name:en": "Tengboche", "place": "village"}}}, {"type": "Feature", "geometry": {"type": "Point", "coordinates": [86.7306718, 27.6889719]}, "properties": {"external_id": "osm:node/303021945", "kind": "settlement", "name": "Lukla", "name_ne": "नेपाल", "tags": {"name": "नेपाल", "name:en": "Lukla", "name:ne": "नेपाल", "place": "village"}}}, {"type": "Feature", "geometry": {"type": "Point", "coordinates": [86.715119, 27.7144017]}, "properties": {"external_id": "osm:node/354739766", "kind": "settlement", "name": "Thadokosi", "name_ne": "", "tags": {"name": "Thadokosi", "place": "village"}}}, {"type": "Feature", "geometry": {"type": "Point", "coordinates": [86.712692, 27.740133]}, "properties": {"external_id": "osm:node/354739912", "kind": "settlement", "name": "Phakding", "name_ne": "", "tags": {"name": "Phakding", "place": "village"}}}, {"type": "Feature", "geometry": {"type": "Point", "coordinates": [86.711588, 27.7507424]}, "properties": {"external_id": "osm:node/354739950", "kind": "settlement", "name": "Zamphuti", "name_ne": "", "tags": {"name": "Zamphuti", "place": "village"}}}, {"type": "Feature", "geometry": {"type": "Point", "coordinates": [86.7177859, 27.7628778]}, "properties": {"external_id": "osm:node/354740557", "kind": "settlement", "name": "Benkar", "name_ne": "", "tags": {"name": "Benkar", "name:en": "Benkar", "place": "village"}}}, {"type": "Feature", "geometry": {"type": "Point", "coordinates": [86.7231773, 27.7674294]}, "properties": {"external_id": "osm:node/354740613", "kind": "settlement", "name": "Chumoa", "name_ne": "", "tags": {"name": "Chumoa", "place": "village"}}}, {"type": "Feature", "geometry": {"type": "Point", "coordinates": [86.7229961, 27.7719229]}, "properties": {"external_id": "osm:node/354740657", "kind": "settlement", "name": "Monjo", "name_ne": "", "tags": {"name": "Monjo", "place": "village"}}}, {"type": "Feature", "geometry": {"type": "Point", "coordinates": [86.694588, 27.954088]}, "properties": {"external_id": "osm:node/419103128", "kind": "settlement", "name": "Gokyo", "name_ne": "", "tags": {"name": "Gokyo", "place": "hamlet"}}}, {"type": "Feature", "geometry": {"type": "Point", "coordinates": [86.7084737, 27.8039633]}, "properties": {"external_id": "osm:node/419103135", "kind": "tourism", "name": "Hotel Everest", "name_ne": "", "tags": {"name": "Hotel Everest", "tourism": "guest_house"}}}, {"type": "Feature", "geometry": {"type": "Point", "coordinates": [86.7298787, 27.8677535]}, "properties": {"external_id": "osm:node/425189331", "kind": "tourism", "name": "Yeti Inn", "name_ne": "", "tags": {"name": "Yeti Inn", "tourism": "guest_house"}}}, {"type": "Feature", "geometry": {"type": "Point", "coordinates": [86.724969, 27.875158]}, "properties": {"external_id": "osm:node/425189333", "kind": "settlement", "name": "Lhafarma", "name_ne": "ल्हफर्मा", "tags": {"name": "ल्हफर्मा", "name:en": "Lhafarma", "name:ne": "ल्हफर्मा", "place": "isolated_dwelling"}}}, {"type": "Feature", "geometry": {"type": "Point", "coordinates": [86.7191261, 27.8934083]}, "properties": {"external_id": "osm:node/425189336", "kind": "settlement", "name": "Luza", "name_ne": "", "tags": {"name": "Luza", "place": "hamlet"}}}, {"type": "Feature", "geometry": {"type": "Point", "coordinates": [86.705812, 27.8233052]}, "properties": {"external_id": "osm:node/425189494", "kind": "settlement", "name": "Khunde", "name_ne": "खुन्दे", "tags": {"name": "खुन्दे", "name:en": "Khunde", "name:ne": "खुन्दे", "place": "village"}}}, {"type": "Feature", "geometry": {"type": "Point", "coordinates": [86.7172973, 27.8236229]}, "properties": {"external_id": "osm:node/425189495", "kind": "settlement", "name": "Khumjung", "name_ne": "", "tags": {"name": "Khumjung", "place": "village"}}}, {"type": "Feature", "geometry": {"type": "Point", "coordinates": [86.790169, 27.855783]}, "properties": {"external_id": "osm:node/428553230", "kind": "settlement", "name": "Pangboche", "name_ne": "", "tags": {"name": "Pangboche", "place": "village"}}}, {"type": "Feature", "geometry": {"type": "Point", "coordinates": [86.7493322, 27.8463454]}, "properties": {"external_id": "osm:node/428553269", "kind": "settlement", "name": "Phortse", "name_ne": "", "tags": {"name": "Phortse", "place": "village"}}}, {"type": "Feature", "geometry": {"type": "Point", "coordinates": [86.71596, 27.7185834]}, "properties": {"external_id": "osm:node/442197755", "kind": "settlement", "name": "Nurning Ghat", "name_ne": "", "tags": {"name": "Nurning Ghat", "place": "hamlet"}}}, {"type": "Feature", "geometry": {"type": "Point", "coordinates": [86.7114434, 27.7509099]}, "properties": {"external_id": "osm:node/442197769", "kind": "tourism", "name": "Kongde Peak Guest House", "name_ne": "", "tags": {"name": "Kongde Peak Guest House", "tourism": "guest_house"}}}, {"type": "Feature", "geometry": {"type": "Point", "coordinates": [86.7220859, 27.7785498]}, "properties": {"external_id": "osm:node/442260679", "kind": "settlement", "name": "Jorsale", "name_ne": "जोरसले", "tags": {"name": "जोरसले", "name:en": "Jorsale", "name:ne": "जोरसले", "place": "hamlet"}}}, {"type": "Feature", "geometry": {"type": "Point", "coordinates": [86.7191977, 27.8934679]}, "properties": {"external_id": "osm:node/442260810", "kind": "tourism", "name": "Paradise Lodge", "name_ne": "", "tags": {"name": "Paradise Lodge", "tourism": "guest_house"}}}, {"type": "Feature", "geometry": {"type": "Point", "coordinates": [86.7199459, 27.9406302]}, "properties": {"external_id": "osm:node/484488430", "kind": "tourism", "name": "Cho La Pass Resort", "name_ne": "", "tags": {"name": "Cho La Pass Resort", "tourism": "guest_house"}}}, {"type": "Feature", "geometry": {"type": "Point", "coordinates": [86.7308849, 27.8666233]}, "properties": {"external_id": "osm:node/564107620", "kind": "settlement", "name": "Dhole", "name_ne": "", "tags": {"name": "Ḍole", "name:en": "Dhole", "place": "hamlet"}}}, {"type": "Feature", "geometry": {"type": "Point", "coordinates": [86.7880999, 27.8565776]}, "properties": {"external_id": "osm:node/564109888", "kind": "tourism", "name": "Pangboche", "name_ne": "", "tags": {"name": "Pangboche", "tourism": "guest_house"}}}, {"type": "Feature", "geometry": {"type": "Point", "coordinates": [86.7926626, 27.8560011]}, "properties": {"external_id": "osm:node/564110625", "kind": "tourism", "name": "Om Kailasha Hotel", "name_ne": "", "tags": {"name:en": "Om Kailasha Hotel", "tourism": "guest_house"}}}, {"type": "Feature", "geometry": {"type": "Point", "coordinates": [86.828926, 27.980675]}, "properties": {"external_id": "osm:node/564117338", "kind": "settlement", "name": "Gorak Shep", "name_ne": "गोरक शेप", "tags": {"name": "गोरक शेप", "name:en": "Gorak Shep", "name:ne": "गोरक शेप", "place": "hamlet"}}}, {"type": "Feature", "geometry": {"type": "Point", "coordinates": [86.773517, 27.8418673]}, "properties": {"external_id": "osm:node/564119053", "kind": "settlement", "name": "Deboche", "name_ne": "", "tags": {"name": "Deboche", "place": "village"}}}, {"type": "Feature", "geometry": {"type": "Point", "coordinates": [86.722963, 27.7714811]}, "properties": {"external_id": "osm:node/564120040", "kind": "tourism", "name": "Monjo", "name_ne": "", "tags": {"name": "Monjo", "tourism": "guest_house"}}}, {"type": "Feature", "geometry": {"type": "Point", "coordinates": [86.7128481, 27.7435581]}, "properties": {"external_id": "osm:node/564120295", "kind": "tourism", "name": "Phakding", "name_ne": "", "tags": {"name": "Phakding", "tourism": "guest_house"}}}, {"type": "Feature", "geometry": {"type": "Point", "coordinates": [86.7279924, 27.6934465]}, "properties": {"external_id": "osm:node/564122715", "kind": "tourism", "name": "Lukla Lodge", "name_ne": "", "tags": {"name": "Lukla Lodge", "tourism": "guest_house"}}}, {"type": "Feature", "geometry": {"type": "Point", "coordinates": [86.9302508, 27.9733654]}, "properties": {"external_id": "osm:node/576713400", "kind": "tourism", "name": "Camp 4S South Col", "name_ne": "", "tags": {"name": "Camp 4S South Col", "name:en": "Camp 4S South Col", "tourism": "camp_site"}}}, {"type": "Feature", "geometry": {"type": "Point", "coordinates": [86.7177746, 27.7038149]}, "properties": {"external_id": "osm:node/703894844", "kind": "settlement", "name": "Cheplung", "name_ne": "", "tags": {"name": "Cheplung", "place": "village"}}}, {"type": "Feature", "geometry": {"type": "Point", "coordinates": [86.7142319, 27.7235591]}, "properties": {"external_id": "osm:node/703894847", "kind": "settlement", "name": "Chhuthawa", "name_ne": "चुथावा", "tags": {"name": "चुथावा", "name:en": "Chhuthawa", "name:ne": "चुथावा", "place": "village"}}}, {"type": "Feature", "geometry": {"type": "Point", "coordinates": [86.710861, 27.811865]}, "properties": {"external_id": "osm:node/703895008", "kind": "settlement", "name": "Syangboche", "name_ne": "स्याङ्बोचे", "tags": {"name": "स्याङ्बोचे", "name:en": "Syangboche", "name:ne": "स्याङ्बोचे", "place": "village"}}}, {"type": "Feature", "geometry": {"type": "Point", "coordinates": [86.6471787, 27.8371188]}, "properties": {"external_id": "osm:node/703971587", "kind": "settlement", "name": "Thametang", "name_ne": "", "tags": {"name": "Thametang", "place": "hamlet"}}}, {"type": "Feature", "geometry": {"type": "Point", "coordinates": [86.6504789, 27.8318868]}, "properties": {"external_id": "osm:node/703971621", "kind": "settlement", "name": "Thame", "name_ne": "", "tags": {"name": "Thame", "place": "village"}}}, {"type": "Feature", "geometry": {"type": "Point", "coordinates": [86.6425453, 27.8470534]}, "properties": {"external_id": "osm:node/703971741", "kind": "settlement", "name": "Hungmo", "name_ne": "", "tags": {"name": "Hungmo", "place": "hamlet"}}}, {"type": "Feature", "geometry": {"type": "Point", "coordinates": [86.6405322, 27.8668897]}, "properties": {"external_id": "osm:node/703971805", "kind": "settlement", "name": "Tarangar", "name_ne": "", "tags": {"name": "Tarangar", "place": "hamlet"}}}, {"type": "Feature", "geometry": {"type": "Point", "coordinates": [86.6368762, 27.9052515]}, "properties": {"external_id": "osm:node/703971918", "kind": "settlement", "name": "Lungdhen", "name_ne": "", "tags": {"name": "Laṅden", "name:en": "Lungdhen", "place": "hamlet"}}}, {"type": "Feature", "geometry": {"type": "Point", "coordinates": [86.6383691, 27.8882186]}, "properties": {"external_id": "osm:node/703971924", "kind": "settlement", "name": "Marulung", "name_ne": "", "tags": {"name": "Marulung", "place": "hamlet"}}}, {"type": "Feature", "geometry": {"type": "Point", "coordinates": [86.6879968, 27.8152613]}, "properties": {"external_id": "osm:node/703972336", "kind": "settlement", "name": "Samshing", "name_ne": "", "tags": {"name": "Samshing", "place": "village"}}}, {"type": "Feature", "geometry": {"type": "Point", "coordinates": [86.7106252, 27.8050237]}, "properties": {"external_id": "osm:node/703972430", "kind": "tourism", "name": "Namaste Lodge", "name_ne": "", "tags": {"name": "Namaste Lodge", "tourism": "guest_house"}}}, {"type": "Feature", "geometry": {"type": "Point", "coordinates": [86.6783161, 27.8223915]}, "properties": {"external_id": "osm:node/703972503", "kind": "settlement", "name": "Thamo", "name_ne": "", "tags": {"name": "Thamo", "place": "village"}}}, {"type": "Feature", "geometry": {"type": "Point", "coordinates": [86.6655183, 27.8288282]}, "properties": {"external_id": "osm:node/703972526", "kind": "settlement", "name": "Samde", "name_ne": "", "tags": {"name": "Samde", "place": "village"}}}, {"type": "Feature", "geometry": {"type": "Point", "coordinates": [86.686222, 27.8184595]}, "properties": {"external_id": "osm:node/703972561", "kind": "settlement", "name": "Theso", "name_ne": "", "tags": {"name": "Theso", "place": "hamlet"}}}, {"type": "Feature", "geometry": {"type": "Point", "coordinates": [86.7486502, 27.8456213]}, "properties": {"external_id": "osm:node/704001184", "kind": "tourism", "name": "Lodge", "name_ne": "", "tags": {"name": "Lodge", "tourism": "guest_house"}}}, {"type": "Feature", "geometry": {"type": "Point", "coordinates": [86.7483842, 27.86106]}, "properties": {"external_id": "osm:node/704001308", "kind": "settlement", "name": "Thulang", "name_ne": "", "tags": {"name": "Thulang", "place": "isolated_dwelling"}}}, {"type": "Feature", "geometry": {"type": "Point", "coordinates": [86.732554, 27.8867496]}, "properties": {"external_id": "osm:node/704001672", "kind": "settlement", "name": "Thare", "name_ne": "थारे", "tags": {"name": "थारे", "name:en": "Thare", "name:ne": "थारे", "place": "isolated_dwelling"}}}, {"type": "Feature", "geometry": {"type": "Point", "coordinates": [86.7164284, 27.9163455]}, "properties": {"external_id": "osm:node/704001861", "kind": "settlement", "name": "Nha", "name_ne": "", "tags": {"name": "Nha", "place": "isolated_dwelling"}}}, {"type": "Feature", "geometry": {"type": "Point", "coordinates": [86.731111, 27.8230283]}, "properties": {"external_id": "osm:node/704038308", "kind": "settlement", "name": "Kyangjuma", "name_ne": "क्याङजुमा", "tags": {"name": "क्याङजुमा", "name:en": "Kyangjuma", "name:ne": "क्याङजुमा", "place": "hamlet"}}}, {"type": "Feature", "geometry": {"type": "Point", "coordinates": [86.7407826, 27.8312685]}, "properties": {"external_id": "osm:node/704038309", "kind": "settlement", "name": "Tashinga", "name_ne": "", "tags": {"name": "Tashinga", "place": "hamlet"}}}, {"type": "Feature", "geometry": {"type": "Point", "coordinates": [86.8053944, 27.8677387]}, "properties": {"external_id": "osm:node/704038426", "kind": "settlement", "name": "Shomare", "name_ne": "", "tags": {"name": "Shomare", "place": "village"}}}, {"type": "Feature", "geometry": {"type": "Point", "coordinates": [86.8713664, 27.904665]}, "properties": {"external_id": "osm:node/704038463", "kind": "settlement", "name": "Chukhung", "name_ne": "", "tags": {"name": "Chukhung", "place": "village"}}}, {"type": "Feature", "geometry": {"type": "Point", "coordinates": [86.7127534, 27.915266]}, "properties": {"external_id": "osm:node/736951507", "kind": "settlement", "name": "Fangla", "name_ne": "", "tags": {"name": "Fangla", "place": "isolated_dwelling"}}}, {"type": "Feature", "geometry": {"type": "Point", "coordinates": [86.8080367, 27.8682841]}, "properties": {"external_id": "osm:node/736957237", "kind": "settlement", "name": "Chejungm", "name_ne": "", "tags": {"name": "Chejungm", "place": "isolated_dwelling"}}}, {"type": "Feature", "geometry": {"type": "Point", "coordinates": [86.8101734, 27.9480989]}, "properties": {"external_id": "osm:node/736957340", "kind": "settlement", "name": "Lobuche", "name_ne": "लोबुचे", "tags": {"name": "लोबुचे", "name:en": "Lobuche", "name:ne": "लोबुचे", "place": "hamlet", "population": "20"}}}, {"type": "Feature", "geometry": {"type": "Point", "coordinates": [86.7304167, 27.8254057]}, "properties": {"external_id": "osm:node/736963685", "kind": "settlement", "name": "Sanasa", "name_ne": "सनासा", "tags": {"name": "सनासा", "name:en": "Sanasa", "name:ne": "सनासा", "place": "hamlet"}}}, {"type": "Feature", "geometry": {"type": "Point", "coordinates": [86.7464264, 27.8318289]}, "properties": {"external_id": "osm:node/736963686", "kind": "settlement", "name": "Phunki Thanga", "name_ne": "", "tags": {"name": "Phunki Thanga", "place": "hamlet"}}}, {"type": "Feature", "geometry": {"type": "Point", "coordinates": [86.7780684, 27.8459167]}, "properties": {"external_id": "osm:node/736963687", "kind": "settlement", "name": "Millingo", "name_ne": "", "tags": {"name": "Millingo", "place": "village"}}}, {"type": "Feature", "geometry": {"type": "Point", "coordinates": [86.819991, 27.8933858]}, "properties": {"external_id": "osm:node/1303891304", "kind": "settlement", "name": "Pheriche", "name_ne": "फेरिचे", "tags": {"name": "फेरिचे", "name:en": "Pheriche", "name:ne": "फेरिचे", "place": "hamlet"}}}, {"type": "Feature", "geometry": {"type": "Point", "coordinates": [86.5832609, 27.5731133]}, "properties": {"external_id": "osm:node/1303891320", "kind": "settlement", "name": "Salung", "name_ne": "", "tags": {"name": "Salung", "place": "village"}}}, {"type": "Feature", "geometry": {"type": "Point", "coordinates": [86.9299564, 27.9932435]}, "properties": {"external_id": "osm:node/1326607401", "kind": "settlement", "name": "First Step", "name_ne": "", "tags": {"name": "第一台阶", "name:en": "First Step", "place": "locality"}}}, {"type": "Feature", "geometry": {"type": "Point", "coordinates": [86.9288188, 27.9916897]}, "properties": {"external_id": "osm:node/1326607406", "kind": "settlement", "name": "Second Step", "name_ne": "", "tags": {"name": "第二台阶", "name:en": "Second Step", "place": "locality"}}}, {"type": "Feature", "geometry": {"type": "Point", "coordinates": [86.9298976, 28.0062366]}, "properties": {"external_id": "osm:node/1348498378", "kind": "tourism", "name": "Camp 2N North ridge", "name_ne": "", "tags": {"name": "二号营地", "name:en": "Camp 2N North ridge", "tourism": "camp_site"}}}, {"type": "Feature", "geometry": {"type": "Point", "coordinates": [86.923316, 28.0163695]}, "properties": {"external_id": "osm:node/1348498379", "kind": "tourism", "name": "Camp 1N", "name_ne": "", "tags": {"name": "一号营地", "name:en": "Camp 1N", "tourism": "camp_site"}}}, {"type": "Feature", "geometry": {"type": "Point", "coordinates": [86.9403576, 28.0304568]}, "properties": {"external_id": "osm:node/1348498380", "kind": "tourism", "name": "ABC Advanced base camp", "name_ne": "", "tags": {"name": "前进营地", "name:en": "ABC Advanced base camp", "tourism": "camp_site"}}}, {"type": "Feature", "geometry": {"type": "Point", "coordinates": [86.7106182, 27.8043095]}, "properties": {"external_id": "osm:node/1492311483", "kind": "tourism", "name": "Kongde View Lodge", "name_ne": "", "tags": {"name": "Kongde View Lodge", "tourism": "guest_house"}}}, {"type": "Feature", "geometry": {"type": "Point", "coordinates": [86.7126396, 27.7437656]}, "properties": {"external_id": "osm:node/1492311485", "kind": "tourism", "name": "Phakding Star Lodge", "name_ne": "", "tags": {"name": "Phakding Star Lodge", "tourism": "guest_house"}}}, {"type": "Feature", "geometry": {"type": "Point", "coordinates": [86.7106212, 27.7538442]}, "properties": {"external_id": "osm:node/1492311486", "kind": "settlement", "name": "Toc Toc", "name_ne": "", "tags": {"name": "Toc Toc", "place": "village"}}}, {"type": "Feature", "geometry": {"type": "Point", "coordinates": [86.7733956, 27.9396495]}, "properties": {"external_id": "osm:node/1678310596", "kind": "tourism", "name": "Green Valley Lodge", "name_ne": "", "tags": {"name": "Green Valley Lodge", "tourism": "guest_house"}}}, {"type": "Feature", "geometry": {"type": "Point", "coordinates": [86.6946623, 27.9538498]}, "properties": {"external_id": "osm:node/1678311622", "kind": "tourism", "name": "Gokyo Resort", "name_ne": "", "tags": {"name": "Gokyo Resort", "tourism": "guest_house"}}}, {"type": "Feature", "geometry": {"type": "Point", "coordinates": [86.764536, 27.8354243]}, "properties": {"external_id": "osm:node/1679191775", "kind": "tourism", "name": "Hotel Himalayan", "name_ne": "", "tags": {"name": "Hotel Himalayan", "tourism": "guest_house"}}}, {"type": "Feature", "geometry": {"type": "Point", "coordinates": [86.7103073, 27.8049822]}, "properties": {"external_id": "osm:node/1679191781", "kind": "tourism", "name": "Khumbu Guest House", "name_ne": "", "tags": {"name": "Khumbu Guest House", "tourism": "guest_house"}}}, {"type": "Feature", "geometry": {"type": "Point", "coordinates": [86.7221372, 27.7790177]}, "properties": {"external_id": "osm:node/1679203262", "kind": "tourism", "name": "Nirvana Lodge", "name_ne": "", "tags": {"name": "Nirvana Lodge", "tourism": "guest_house"}}}, {"type": "Feature", "geometry": {"type": "Point", "coordinates": [86.7225597, 27.778211]}, "properties": {"external_id": "osm:node/1679203264", "kind": "tourism", "name": "Buddha Lodge", "name_ne": "", "tags": {"name": "Buddha Lodge", "tourism": "guest_house"}}}, {"type": "Feature", "geometry": {"type": "Point", "coordinates": [86.7149878, 27.6144601]}, "properties": {"external_id": "osm:node/1679203268", "kind": "tourism", "name": "Sundup Guest House", "name_ne": "", "tags": {"name": "Sundup Guest House", "tourism": "guest_house"}}}, {"type": "Feature", "geometry": {"type": "Point", "coordinates": [86.709974, 27.604725]}, "properties": {"external_id": "osm:node/1679203275", "kind": "tourism", "name": "Solikhumbu Guest House", "name_ne": "", "tags": {"name": "Solikhumbu Guest House", "tourism": "guest_house"}}}, {"type": "Feature", "geometry": {"type": "Point", "coordinates": [86.7117745, 27.7433468]}, "properties": {"external_id": "osm:node/1679203280", "kind": "tourism", "name": "", "name_ne": "", "tags": {"tourism": "guest_house"}}}, {"type": "Feature", "geometry": {"type": "Point", "coordinates": [86.7737491, 27.9399244]}, "properties": {"external_id": "osm:node/1679219308", "kind": "settlement", "name": "Dzonglha", "name_ne": "", "tags": {"name": "Dzonglha", "place": "hamlet"}}}, {"type": "Feature", "geometry": {"type": "Point", "coordinates": [86.6097621, 27.9452203]}, "properties": {"external_id": "osm:node/1691951310", "kind": "settlement", "name": "Chhule", "name_ne": "", "tags": {"name": "Chhule", "place": "hamlet"}}}, {"type": "Feature", "geometry": {"type": "Point", "coordinates": [86.7448874, 27.5863713]}, "properties": {"external_id": "osm:node/1889979864", "kind": "settlement", "name": "Panggom", "name_ne": "पांगौन", "tags": {"name": "पांगौन", "name:en": "Panggom", "name:ne": "पांगौन", "place": "village", "population": "100"}}}, {"type": "Feature", "geometry": {"type": "Point", "coordinates": [86.7821965, 27.5785993]}, "properties": {"external_id": "osm:node/1890719593", "kind": "tourism", "name": "Mera Peak Lodge", "name_ne": "", "tags": {"name": "Mera Peak Lodge", "tourism": "guest_house"}}}, {"type": "Feature", "geometry": {"type": "Point", "coordinates": [86.7998419, 27.5692878]}, "properties": {"external_id": "osm:node/1890719594", "kind": "settlement", "name": "Najingdingma", "name_ne": "नाजिङ्दिङ्मा", "tags": {"name": "नाजिङ्दिङ्मा", "name:en": "Najingdingma", "name:ne": "नाजिङ्दिङ्मा", "place": "hamlet", "population": "10"}}}, {"type": "Feature", "geometry": {"type": "Point", "coordinates": [86.7986722, 27.569281]}, "properties": {"external_id": "osm:node/1890719595", "kind": "tourism", "name": "Namaste Lodge", "name_ne": "", "tags": {"name": "Namaste Lodge", "tourism": "guest_house"}}}, {"type": "Feature", "geometry": {"type": "Point", "coordinates": [86.7893755, 27.573964]}, "properties": {"external_id": "osm:node/1890719848", "kind": "settlement", "name": "", "name_ne": "", "tags": {"place": "hamlet"}}}, {"type": "Feature", "geometry": {"type": "Point", "coordinates": [86.799819, 27.5689557]}, "properties": {"external_id": "osm:node/1890719849", "kind": "tourism", "name": "Sherpa Lodge", "name_ne": "", "tags": {"name": "Sherpa Lodge", "tourism": "guest_house"}}}, {"type": "Feature", "geometry": {"type": "Point", "coordinates": [86.7736796, 27.5832954]}, "properties": {"external_id": "osm:node/1890719850", "kind": "settlement", "name": "Sibuje / Chatuk", "name_ne": "", "tags": {"name": "Sibuje / Chatuk", "place": "hamlet", "population": "100"}}}, {"type": "Feature", "geometry": {"type": "Point", "coordinates": [86.7122631, 27.8036877]}, "properties": {"external_id": "osm:node/1899516188", "kind": "school", "name": "Namche Primary School", "name_ne": "श्री हिमालय प्राथमिक विद्यालय", "tags": {"amenity": "school", "name": "श्री हिमालय प्राथमिक विद्यालय", "name:en": "Namche Primary School", "name:ne": "श्री हिमालय प्राथमिक विद्यालय"}}}, {"type": "Feature", "geometry": {"type": "Point", "coordinates": [86.8151153, 27.5403097]}, "properties": {"external_id": "osm:node/1910207684", "kind": "settlement", "name": "Kiraule", "name_ne": "", "tags": {"name": "Kiraule", "place": "hamlet", "population": "100"}}}, {"type": "Feature", "geometry": {"type": "Point", "coordinates": [86.7986722, 27.569281]}, "properties": {"external_id": "osm:node/1910207708", "kind": "tourism", "name": "Namaste Lodge", "name_ne": "", "tags": {"name": "Namaste Lodge", "tourism": "guest_house"}}}, {"type": "Feature", "geometry": {"type": "Point", "coordinates": [86.799819, 27.5689557]}, "properties": {"external_id": "osm:node/1910208977", "kind": "tourism", "name": "Sherpa Lodge", "name_ne": "", "tags": {"name": "Sherpa Lodge", "tourism": "guest_house"}}}, {"type": "Feature", "geometry": {"type": "Point", "coordinates": [86.850624, 27.501961]}, "properties": {"external_id": "osm:node/1919108589", "kind": "settlement", "name": "Gudel", "name_ne": "", "tags": {"name": "Gudel", "place": "village", "population": "400"}}}, {"type": "Feature", "geometry": {"type": "Point", "coordinates": [86.8956878, 27.4583288]}, "properties": {"external_id": "osm:node/1920650818", "kind": "settlement", "name": "Sanam", "name_ne": "", "tags": {"name": "Sanam", "place": "village", "population": "40"}}}, {"type": "Feature", "geometry": {"type": "Point", "coordinates": [86.978989, 27.406828]}, "properties": {"external_id": "osm:node/1920661199", "kind": "settlement", "name": "Phedi", "name_ne": "", "tags": {"name": "Phedi", "place": "village", "population": "200"}}}, {"type": "Feature", "geometry": {"type": "Point", "coordinates": [87.0263253, 27.3862344]}, "properties": {"external_id": "osm:node/1927037378", "kind": "settlement", "name": "Doban", "name_ne": "", "tags": {"name": "Doban", "place": "village", "population": "50"}}}, {"type": "Feature", "geometry": {"type": "Point", "coordinates": [87.0649215, 27.4028043]}, "properties": {"external_id": "osm:node/1927037382", "kind": "settlement", "name": "Gothe Bazar", "name_ne": "", "tags": {"name": "Gothe Bazar", "place": "village", "population": "50"}}}, {"type": "Feature", "geometry": {"type": "Point", "coordinates": [87.007349, 27.3997174]}, "properties": {"external_id": "osm:node/1927038019", "kind": "settlement", "name": "Sarmatar", "name_ne": "", "tags": {"name": "Sarmatar", "place": "village", "population": "80"}}}, {"type": "Feature", "geometry": {"type": "Point", "coordinates": [86.9867732, 27.3980911]}, "properties": {"external_id": "osm:node/1927038021", "kind": "settlement", "name": "Tendo", "name_ne": "तेन्दो", "tags": {"name": "तेन्दो", "name:en": "Tendo", "name:ne": "तेन्दो", "place": "village", "population": "100"}}}, {"type": "Feature", "geometry": {"type": "Point", "coordinates": [87.0653411, 27.4033968]}, "properties": {"external_id": "osm:node/1927152480", "kind": "tourism", "name": "Kirat Lodge", "name_ne": "", "tags": {"name": "Kirat Lodge", "tourism": "alpine_hut"}}}, {"type": "Feature", "geometry": {"type": "Point", "coordinates": [86.8847534, 27.4647111]}, "properties": {"external_id": "osm:node/1929099889", "kind": "tourism", "name": "Arun Lodge", "name_ne": "", "tags": {"name": "Arun Lodge", "tourism": "alpine_hut"}}}, {"type": "Feature", "geometry": {"type": "Point", "coordinates": [86.936255, 27.4325174]}, "properties": {"external_id": "osm:node/1929099890", "kind": "settlement", "name": "Gurase", "name_ne": "", "tags": {"name": "Gurase", "place": "hamlet", "population": "10"}}}, {"type": "Feature", "geometry": {"type": "Point", "coordinates": [86.9785349, 27.4065486]}, "properties": {"external_id": "osm:node/1929099891", "kind": "tourism", "name": "Irkuwa Lodge", "name_ne": "", "tags": {"name": "Irkuwa Lodge", "tourism": "alpine_hut"}}}, {"type": "Feature", "geometry": {"type": "Point", "coordinates": [86.9710999, 27.4087608]}, "properties": {"external_id": "osm:node/1929099892", "kind": "settlement", "name": "Jaubari", "name_ne": "", "tags": {"name": "Jaubari", "place": "village", "population": "100"}}}, {"type": "Feature", "geometry": {"type": "Point", "coordinates": [86.9787475, 27.406508]}, "properties": {"external_id": "osm:node/1929099911", "kind": "tourism", "name": "Sherpa Lodge", "name_ne": "", "tags": {"name": "Sherpa Lodge", "tourism": "alpine_hut"}}}, {"type": "Feature", "geometry": {"type": "Point", "coordinates": [86.9711133, 27.4085864]}, "properties": {"external_id": "osm:node/1929099915", "kind": "tourism", "name": "Sherpa Lodge", "name_ne": "", "tags": {"name": "Sherpa Lodge", "tourism": "alpine_hut"}}}, {"type": "Feature", "geometry": {"type": "Point", "coordinates": [86.9650118, 27.4128375]}, "properties": {"external_id": "osm:node/1929099918", "kind": "tourism", "name": "Sonam Hotel", "name_ne": "", "tags": {"name": "Sonam Hotel", "tourism": "hostel"}}}, {"type": "Feature", "geometry": {"type": "Point", "coordinates": [86.8313536, 27.5131587]}, "properties": {"external_id": "osm:node/1929142834", "kind": "tourism", "name": "Pumori Lodge", "name_ne": "", "tags": {"name": "Pumori Lodge", "tourism": "alpine_hut"}}}, {"type": "Feature", "geometry": {"type": "Point", "coordinates": [86.8387285, 27.5110737]}, "properties": {"external_id": "osm:node/1929142836", "kind": "tourism", "name": "Sagarmatha Lodge", "name_ne": "", "tags": {"name": "Sagarmatha Lodge", "tourism": "alpine_hut"}}}, {"type": "Feature", "geometry": {"type": "Point", "coordinates": [86.813198, 27.5646034]}, "properties": {"external_id": "osm:node/1929142839", "kind": "settlement", "name": "", "name_ne": "", "tags": {"place": "hamlet", "population": "10"}}}, {"type": "Feature", "geometry": {"type": "Point", "coordinates": [86.8475131, 27.4935979]}, "properties": {"external_id": "osm:node/1929142855", "kind": "settlement", "name": "Tatsalung", "name_ne": "", "tags": {"name": "Tatsalung", "place": "village", "population": "300"}}}, {"type": "Feature", "geometry": {"type": "Point", "coordinates": [86.68618, 27.597586]}, "properties": {"external_id": "osm:node/1930991950", "kind": "settlement", "name": "Jubing", "name_ne": "", "tags": {"name": "Jubing", "place": "village", "population": "2300"}}}, {"type": "Feature", "geometry": {"type": "Point", "coordinates": [86.7045226, 27.6034532]}, "properties": {"external_id": "osm:node/1930991951", "kind": "settlement", "name": "Kharikhola", "name_ne": "खरीखोला", "tags": {"name": "खरीखोला", "name:en": "Kharikhola", "name:ne": "खरीखोला", "place": "village", "population": "500"}}}, {"type": "Feature", "geometry": {"type": "Point", "coordinates": [86.6203122, 27.5945826]}, "properties": {"external_id": "osm:node/1930991962", "kind": "tourism", "name": "Lodges", "name_ne": "", "tags": {"name": "Lodges", "tourism": "guest_house"}}}, {"type": "Feature", "geometry": {"type": "Point", "coordinates": [86.6461915, 27.5882157]}, "properties": {"external_id": "osm:node/1930991964", "kind": "settlement", "name": "Nunthala", "name_ne": "", "tags": {"name": "Nunthala", "place": "village", "population": "200"}}}, {"type": "Feature", "geometry": {"type": "Point", "coordinates": [86.6079543, 27.5900676]}, "properties": {"external_id": "osm:node/1930991965", "kind": "settlement", "name": "Ringmu", "name_ne": "", "tags": {"name": "Ringmu", "place": "village", "population": "200"}}}, {"type": "Feature", "geometry": {"type": "Point", "coordinates": [86.6209175, 27.5941719]}, "properties": {"external_id": "osm:node/1930991968", "kind": "tourism", "name": "Taksindu Lodge", "name_ne": "", "tags": {"name": "Taksindu Lodge", "tourism": "guest_house"}}}, {"type": "Feature", "geometry": {"type": "Point", "coordinates": [86.6219847, 27.5932388]}, "properties": {"external_id": "osm:node/1930991971", "kind": "settlement", "name": "Taksindu", "name_ne": "", "tags": {"name": "Taksindu", "place": "hamlet", "population": "100"}}}, {"type": "Feature", "geometry": {"type": "Point", "coordinates": [86.5468645, 27.5821955]}, "properties": {"external_id": "osm:node/1931048203", "kind": "settlement", "name": "Junbesi", "name_ne": "", "tags": {"name": "Junbesi", "place": "village", "population": "500"}}}, {"type": "Feature", "geometry": {"type": "Point", "coordinates": [86.5766587, 27.5636789]}, "properties": {"external_id": "osm:node/1931048271", "kind": "settlement", "name": "Phurtheng", "name_ne": "", "tags": {"name": "Phurtheng", "place": "hamlet"}}}, {"type": "Feature", "geometry": {"type": "Point", "coordinates": [86.5288258, 27.5725252]}, "properties": {"external_id": "osm:node/1931048275", "kind": "settlement", "name": "Tragdobuk", "name_ne": "", "tags": {"name": "Tragdobuk", "place": "village", "population": "50"}}}, {"type": "Feature", "geometry": {"type": "Point", "coordinates": [86.7309701, 27.8230337]}, "properties": {"external_id": "osm:node/2252555873", "kind": "tourism", "name": "Ama Dablam View Lodge & Restaurant", "name_ne": "", "tags": {"name": "Amadablam Lodge", "name:en": "Ama Dablam View Lodge & Restaurant", "operator": "Lakpa Dorjee & Ang Tashi Sherpa", "tourism": "guest_house"}}}, {"type": "Feature", "geometry": {"type": "Point", "coordinates": [86.7145647, 27.614002]}, "properties": {"external_id": "osm:node/2252555888", "kind": "settlement", "name": "Bupsa", "name_ne": "", "tags": {"name": "Bupsa", "place": "village"}}}, {"type": "Feature", "geometry": {"type": "Point", "coordinates": [86.69366, 27.9537]}, "properties": {"external_id": "osm:node/2252555898", "kind": "tourism", "name": "Cho-Oyu View Lodge", "name_ne": "", "tags": {"name": "Cho-Oyu View Lodge", "tourism": "guest_house"}}}, {"type": "Feature", "geometry": {"type": "Point", "coordinates": [86.57627, 27.56346]}, "properties": {"external_id": "osm:node/2252555904", "kind": "tourism", "name": "Everest View Lodge", "name_ne": "", "tags": {"name": "Everest View Lodge", "tourism": "guest_house"}}}, {"type": "Feature", "geometry": {"type": "Point", "coordinates": [86.46871, 27.57423]}, "properties": {"external_id": "osm:node/2252555915", "kind": "settlement", "name": "Goyam", "name_ne": "", "tags": {"name": "Goyam", "place": "hamlet"}}}, {"type": "Feature", "geometry": {"type": "Point", "coordinates": [86.71165, 27.7385]}, "properties": {"external_id": "osm:node/2252555918", "kind": "tourism", "name": "Green Village Lodge", "name_ne": "", "tags": {"name": "Green Village Lodge", "tourism": "guest_house"}}}, {"type": "Feature", "geometry": {"type": "Point", "coordinates": [86.7150974, 27.6524456]}, "properties": {"external_id": "osm:node/2252555921", "kind": "tourism", "name": "Hill Top Lodge", "name_ne": "", "tags": {"name": "Hill Top Lodge", "tourism": "guest_house"}}}, {"type": "Feature", "geometry": {"type": "Point", "coordinates": [86.7172732, 27.7024482]}, "properties": {"external_id": "osm:node/2252555924", "kind": "tourism", "name": "Hilltop View Lodge", "name_ne": "", "tags": {"name": "Hilltop View Lodge", "tourism": "guest_house"}}}, {"type": "Feature", "geometry": {"type": "Point", "coordinates": [86.71809, 27.62418]}, "properties": {"external_id": "osm:node/2252555946", "kind": "settlement", "name": "Kare", "name_ne": "", "tags": {"name": "Kharte", "name:en": "Kare", "place": "hamlet"}}}, {"type": "Feature", "geometry": {"type": "Point", "coordinates": [86.7117187, 27.6535803]}, "properties": {"external_id": "osm:node/2252555957", "kind": "tourism", "name": "Khumbi Lha View Lodge", "name_ne": "खुम्बी ल्हा भीयिउ लोज", "tags": {"name": "खुम्बी ल्हा भीयिउ लोज", "name:en": "Khumbi Lha View Lodge", "name:ne": "खुम्बी ल्हा भीयिउ लोज", "tourism": "guest_house"}}}, {"type": "Feature", "geometry": {"type": "Point", "coordinates": [86.7145843, 27.7103159]}, "properties": {"external_id": "osm:node/2252555963", "kind": "tourism", "name": "Khumbu View Lodge", "name_ne": "खुम्बु भीयिउ लोज", "tags": {"name": "खुम्बु भीयिउ लोज", "name:en": "Khumbu View Lodge", "name:ne": "खुम्बु भीयिउ लोज", "tourism": "guest_house"}}}, {"type": "Feature", "geometry": {"type": "Point", "coordinates": [86.62244, 27.59352]}, "properties": {"external_id": "osm:node/2252555985", "kind": "tourism", "name": "Mountain View Lodge", "name_ne": "", "tags": {"name": "Mountain View Lodge", "tourism": "guest_house"}}}, {"type": "Feature", "geometry": {"type": "Point", "coordinates": [86.7192787, 27.6722181]}, "properties": {"external_id": "osm:node/2252555994", "kind": "tourism", "name": "Namaste Lodge", "name_ne": "", "tags": {"name": "Namaste Lodge", "tourism": "guest_house"}}}, {"type": "Feature", "geometry": {"type": "Point", "coordinates": [86.71177, 27.73881]}, "properties": {"external_id": "osm:node/2252556018", "kind": "tourism", "name": "Royal Sherpa Lodge", "name_ne": "", "tags": {"name": "Royal Sherpa Lodge", "tourism": "guest_house"}}}, {"type": "Feature", "geometry": {"type": "Point", "coordinates": [86.7117272, 27.7383841]}, "properties": {"external_id": "osm:node/2252556022", "kind": "tourism", "name": "See You Lodge", "name_ne": "", "tags": {"name": "See You Lodge", "tourism": "guest_house"}}}, {"type": "Feature", "geometry": {"type": "Point", "coordinates": [86.7121037, 27.7389688]}, "properties": {"external_id": "osm:node/2252556054", "kind": "tourism", "name": "Snowland Lodge", "name_ne": "", "tags": {"name": "Snowland Lodge", "tourism": "guest_house"}}}, {"type": "Feature", "geometry": {"type": "Point", "coordinates": [86.5179353, 27.5749216]}, "properties": {"external_id": "osm:node/2252556065", "kind": "tourism", "name": "Suman Lodge", "name_ne": "", "tags": {"name": "Suman Lodge", "tourism": "guest_house"}}}, {"type": "Feature", "geometry": {"type": "Point", "coordinates": [86.7195005, 27.6718789]}, "properties": {"external_id": "osm:node/2252556071", "kind": "settlement", "name": "Surke", "name_ne": "सुर्के", "tags": {"name": "सुर्के", "name:en": "Surke", "name:ne": "सुर्के", "place": "village"}}}, {"type": "Feature", "geometry": {"type": "Point", "coordinates": [86.7646818, 27.83554]}, "properties": {"external_id": "osm:node/2252556077", "kind": "tourism", "name": "Tashi Deleck Lodge", "name_ne": "", "tags": {"name": "Tashi Deleck Lodge", "tourism": "guest_house"}}}, {"type": "Feature", "geometry": {"type": "Point", "coordinates": [86.7309001, 27.82325]}, "properties": {"external_id": "osm:node/2252556095", "kind": "tourism", "name": "Thamserku Lodge", "name_ne": "", "tags": {"name": "Thamserku Lodge", "tourism": "guest_house"}}}, {"type": "Feature", "geometry": {"type": "Point", "coordinates": [86.4549999, 27.5781908]}, "properties": {"external_id": "osm:node/2300364533", "kind": "settlement", "name": "Dakchu", "name_ne": "", "tags": {"name": "Dakchu", "place": "village"}}}, {"type": "Feature", "geometry": {"type": "Point", "coordinates": [86.9272327, 27.990369]}, "properties": {"external_id": "osm:node/2315316716", "kind": "settlement", "name": "Third Step", "name_ne": "", "tags": {"name": "第三台阶", "name:en": "Third Step", "place": "locality"}}}, {"type": "Feature", "geometry": {"type": "Point", "coordinates": [86.7302195, 27.6891653]}, "properties": {"external_id": "osm:node/2524975098", "kind": "tourism", "name": "Sunrise Lodge", "name_ne": "", "tags": {"name": "Sunrise Lodge", "tourism": "guest_house"}}}, {"type": "Feature", "geometry": {"type": "Point", "coordinates": [87.0760664, 27.8353373]}, "properties": {"external_id": "osm:node/2679535324", "kind": "tourism", "name": "Makalu Base Camp", "name_ne": "", "tags": {"name": "Makalu Base Camp", "tourism": "camp_site"}}}, {"type": "Feature", "geometry": {"type": "Point", "coordinates": [86.7895458, 27.2222967]}, "properties": {"external_id": "osm:node/2854992757", "kind": "police", "name": "District traffic police office", "name_ne": "", "tags": {"amenity": "police", "name": "District traffic police office"}}}, {"type": "Feature", "geometry": {"type": "Point", "coordinates": [86.7926078, 27.2117438]}, "properties": {"external_id": "osm:node/2865875441", "kind": "police", "name": "District Police Office", "name_ne": "", "tags": {"amenity": "police", "name": "District Police Office"}}}, {"type": "Feature", "geometry": {"type": "Point", "coordinates": [86.7922898, 27.2127541]}, "properties": {"external_id": "osm:node/2865876898", "kind": "settlement", "name": "purano Bankchock", "name_ne": "", "tags": {"name": "purano Bankchock", "place": "locality"}}}, {"type": "Feature", "geometry": {"type": "Point", "coordinates": [86.7923406, 27.2140013]}, "properties": {"external_id": "osm:node/2865876900", "kind": "settlement", "name": "tribeni chock", "name_ne": "", "tags": {"name": "tribeni chock", "place": "locality"}}}, {"type": "Feature", "geometry": {"type": "Point", "coordinates": [86.7904238, 27.2195501]}, "properties": {"external_id": "osm:node/2866590587", "kind": "school", "name": "Diktel English Higher Secondary Boarding school", "name_ne": "", "tags": {"amenity": "school", "name": "Diktel English Higher Secondary Boarding school"}}}, {"type": "Feature", "geometry": {"type": "Point", "coordinates": [86.7892563, 27.2223345]}, "properties": {"external_id": "osm:node/2867854933", "kind": "settlement", "name": "Ratnapark", "name_ne": "", "tags": {"name": "Ratnapark", "place": "locality"}}}, {"type": "Feature", "geometry": {"type": "Point", "coordinates": [86.7934106, 27.2110484]}, "properties": {"external_id": "osm:node/2867871984", "kind": "settlement", "name": "Bhanuchok", "name_ne": "", "tags": {"name": "Bhanuchok", "place": "locality"}}}, {"type": "Feature", "geometry": {"type": "Point", "coordinates": [86.7935448, 27.2106139]}, "properties": {"external_id": "osm:node/2867872441", "kind": "settlement", "name": "bargachi", "name_ne": "", "tags": {"name": "bargachi", "place": "locality"}}}, {"type": "Feature", "geometry": {"type": "Point", "coordinates": [86.4623845, 27.8691606]}, "properties": {"external_id": "osm:node/3031897854", "kind": "dam", "name": "", "name_ne": "", "tags": {"waterway": "weir"}}}, {"type": "Feature", "geometry": {"type": "Point", "coordinates": [86.4694059, 27.6872829]}, "properties": {"external_id": "osm:node/3120550377", "kind": "settlement", "name": "Lhachhewar", "name_ne": "ल्हाछेवार", "tags": {"name": "ल्हाछेवार", "name:en": "Lhachhewar", "name:ne": "ल्हाछेवार", "place": "hamlet"}}}, {"type": "Feature", "geometry": {"type": "Point", "coordinates": [86.5166062, 27.7334185]}, "properties": {"external_id": "osm:node/3120550380", "kind": "settlement", "name": "Ngeju Kharka", "name_ne": "ङेजु खार्का", "tags": {"name": "ङेजु खार्का", "name:en": "Ngeju Kharka", "name:ne": "ङेजु खार्का", "place": "hamlet"}}}, {"type": "Feature", "geometry": {"type": "Point", "coordinates": [86.6025962, 27.5828514]}, "properties": {"external_id": "osm:node/3147289353", "kind": "settlement", "name": "Daltsangma", "name_ne": "", "tags": {"name": "Daltsangma", "place": "village"}}}, {"type": "Feature", "geometry": {"type": "Point", "coordinates": [86.5452688, 27.5956828]}, "properties": {"external_id": "osm:node/3147289354", "kind": "settlement", "name": "Dzumshimta", "name_ne": "", "tags": {"name": "Dzumshimta", "place": "village"}}}, {"type": "Feature", "geometry": {"type": "Point", "coordinates": [86.5973248, 27.5922611]}, "properties": {"external_id": "osm:node/3147289355", "kind": "settlement", "name": "Gonbo", "name_ne": "", "tags": {"name": "Gonbo", "place": "village"}}}, {"type": "Feature", "geometry": {"type": "Point", "coordinates": [86.5493475, 27.5981059]}, "properties": {"external_id": "osm:node/3147289356", "kind": "settlement", "name": "Mopung", "name_ne": "मोपुङ", "tags": {"name": "Mopung", "name:ne": "मोपुङ", "place": "village"}}}, {"type": "Feature", "geometry": {"type": "Point", "coordinates": [86.5414494, 27.6038067]}, "properties": {"external_id": "osm:node/3147289357", "kind": "settlement", "name": "Pangkarma", "name_ne": "पङकर्मा", "tags": {"name": "Pangkarma", "name:ne": "पङकर्मा", "place": "village"}}}, {"type": "Feature", "geometry": {"type": "Point", "coordinates": [86.5501855, 27.6071523]}, "properties": {"external_id": "osm:node/3147289358", "kind": "settlement", "name": "Thubten Choling", "name_ne": "थुबतेन छोलिङ्ग", "tags": {"name": "Thubten Choling", "name:ne": "थुबतेन छोलिङ्ग", "place": "village"}}}, {"type": "Feature", "geometry": {"type": "Point", "coordinates": [86.5866086, 27.5923512]}, "properties": {"external_id": "osm:node/3147289359", "kind": "settlement", "name": "Tongnasa", "name_ne": "", "tags": {"name": "Tongnasa", "place": "village"}}}, {"type": "Feature", "geometry": {"type": "Point", "coordinates": [86.5497402, 27.2162823]}, "properties": {"external_id": "osm:node/3158870707", "kind": "settlement", "name": "Ghopatar Ward no 2", "name_ne": "", "tags": {"name": "Ghopatar Ward no 2", "place": "hamlet"}}}, {"type": "Feature", "geometry": {"type": "Point", "coordinates": [86.5611427, 27.2060229]}, "properties": {"external_id": "osm:node/3174111261", "kind": "settlement", "name": "khokseli ward no 1", "name_ne": "", "tags": {"name": "khokseli ward no 1", "place": "hamlet"}}}, {"type": "Feature", "geometry": {"type": "Point", "coordinates": [86.5521506, 27.2042977]}, "properties": {"external_id": "osm:node/3174301506", "kind": "settlement", "name": "Badhare ward no 4", "name_ne": "", "tags": {"name": "Badhare ward no 4", "place": "hamlet"}}}, {"type": "Feature", "geometry": {"type": "Point", "coordinates": [86.9206932, 27.8615231]}, "properties": {"external_id": "osm:node/3186647123", "kind": "tourism", "name": "Amphu Laptsa La BC South 1", "name_ne": "", "tags": {"name": "Amphu Laptsa La BC South 1", "tourism": "camp_site"}}}, {"type": "Feature", "geometry": {"type": "Point", "coordinates": [86.5869013, 27.5505058]}, "properties": {"external_id": "osm:node/3188795439", "kind": "settlement", "name": "Beni", "name_ne": "बेनी", "tags": {"name": "बेनी", "name:en": "Beni", "name:ne": "बेनी", "place": "isolated_dwelling"}}}, {"type": "Feature", "geometry": {"type": "Point", "coordinates": [86.5968507, 27.5356251]}, "properties": {"external_id": "osm:node/3188795440", "kind": "settlement", "name": "Chiwang", "name_ne": "", "tags": {"name": "Chiwang", "place": "isolated_dwelling"}}}, {"type": "Feature", "geometry": {"type": "Point", "coordinates": [86.5895464, 27.545755]}, "properties": {"external_id": "osm:node/3188795441", "kind": "settlement", "name": "Jambuk", "name_ne": "जम्बुक", "tags": {"name": "जम्बुक", "name:en": "Jambuk", "name:ne": "जम्बुक", "place": "isolated_dwelling"}}}, {"type": "Feature", "geometry": {"type": "Point", "coordinates": [86.584885, 27.514402]}, "properties": {"external_id": "osm:node/3188795442", "kind": "settlement", "name": "Phaplu", "name_ne": "", "tags": {"name": "Phaplu", "place": "village"}}}, {"type": "Feature", "geometry": {"type": "Point", "coordinates": [86.5924064, 27.5561477]}, "properties": {"external_id": "osm:node/3188795443", "kind": "settlement", "name": "Phera", "name_ne": "", "tags": {"name": "Phera", "place": "isolated_dwelling"}}}, {"type": "Feature", "geometry": {"type": "Point", "coordinates": [86.6292016, 27.6031355]}, "properties": {"external_id": "osm:node/3190439786", "kind": "settlement", "name": "Chhulemu", "name_ne": "", "tags": {"name": "Chhulemu", "place": "isolated_dwelling"}}}, {"type": "Feature", "geometry": {"type": "Point", "coordinates": [86.6373651, 27.5994012]}, "properties": {"external_id": "osm:node/3190439787", "kind": "settlement", "name": "Deku", "name_ne": "", "tags": {"name": "Deku", "place": "isolated_dwelling"}}}, {"type": "Feature", "geometry": {"type": "Point", "coordinates": [86.6430809, 27.6056888]}, "properties": {"external_id": "osm:node/3190439788", "kind": "settlement", "name": "Hewa", "name_ne": "हेवा", "tags": {"name": "हेवा", "name:en": "Hewa", "name:ne": "हेवा", "place": "isolated_dwelling"}}}, {"type": "Feature", "geometry": {"type": "Point", "coordinates": [86.7006658, 27.6034258]}, "properties": {"external_id": "osm:node/3190449989", "kind": "tourism", "name": "", "name_ne": "", "tags": {"tourism": "camp_site"}}}, {"type": "Feature", "geometry": {"type": "Point", "coordinates": [86.6650484, 27.5872053]}, "properties": {"external_id": "osm:node/3201178843", "kind": "settlement", "name": "Chhigaun", "name_ne": "छिगाउँ", "tags": {"name": "छिगाउँ", "name:en": "Chhigaun", "name:ne": "छिगाउँ", "place": "hamlet"}}}, {"type": "Feature", "geometry": {"type": "Point", "coordinates": [86.7455182, 27.5871479]}, "properties": {"external_id": "osm:node/3202078947", "kind": "tourism", "name": "", "name_ne": "", "tags": {"tourism": "camp_site"}}}, {"type": "Feature", "geometry": {"type": "Point", "coordinates": [86.8341745, 27.7320841]}, "properties": {"external_id": "osm:node/3203616639", "kind": "settlement", "name": "Thangnak", "name_ne": "थाङ्नाक", "tags": {"name": "थाङ्नाक", "name:en": "Thangnak", "name:ne": "थाङ्नाक", "place": "hamlet"}}}, {"type": "Feature", "geometry": {"type": "Point", "coordinates": [86.9229639, 27.7418282]}, "properties": {"external_id": "osm:node/3203680261", "kind": "tourism", "name": "Kongme Dingma", "name_ne": "", "tags": {"name": "Kongme Dingma", "tourism": "camp_site"}}}, {"type": "Feature", "geometry": {"type": "Point", "coordinates": [86.548281, 27.3021304]}, "properties": {"external_id": "osm:node/3207901879", "kind": "settlement", "name": "Rumjatar", "name_ne": "रुमजाटार", "tags": {"name": "Rumjatar", "name:ne": "रुमजाटार", "place": "village"}}}, {"type": "Feature", "geometry": {"type": "Point", "coordinates": [86.5907522, 27.677334]}, "properties": {"external_id": "osm:node/3208572169", "kind": "settlement", "name": "Saharsabeni", "name_ne": "", "tags": {"name": "Saharsabeni", "place": "hamlet"}}}, {"type": "Feature", "geometry": {"type": "Point", "coordinates": [86.719139, 27.6964]}, "properties": {"external_id": "osm:node/3209327452", "kind": "settlement", "name": "Chaurikharka", "name_ne": "", "tags": {"name": "Chaurikharka", "place": "village"}}}, {"type": "Feature", "geometry": {"type": "Point", "coordinates": [86.8309364, 27.8935203]}, "properties": {"external_id": "osm:node/3221495327", "kind": "settlement", "name": "Dingboche", "name_ne": "", "tags": {"name": "Dingboche", "name:en": "Dingboche", "place": "hamlet"}}}, {"type": "Feature", "geometry": {"type": "Point", "coordinates": [86.7650748, 27.6599316]}, "properties": {"external_id": "osm:node/3256190965", "kind": "settlement", "name": "Kharki Teng", "name_ne": "", "tags": {"name": "Kharki Teng", "place": "hamlet"}}}, {"type": "Feature", "geometry": {"type": "Point", "coordinates": [86.7893167, 27.8540082]}, "properties": {"external_id": "osm:node/3256835961", "kind": "tourism", "name": "Everest", "name_ne": "", "tags": {"name": "Everest", "tourism": "guest_house"}}}, {"type": "Feature", "geometry": {"type": "Point", "coordinates": [86.559708, 27.440092]}, "properties": {"external_id": "osm:node/3383562720", "kind": "settlement", "name": "", "name_ne": "", "tags": {"place": "hamlet"}}}, {"type": "Feature", "geometry": {"type": "Point", "coordinates": [86.501404, 27.317984]}, "properties": {"external_id": "osm:node/3388922070", "kind": "town", "name": "Siddhicharan", "name_ne": "सिद्धिचरण", "tags": {"name": "सिद्धिचरण", "name:en": "Siddhicharan", "name:ne": "सिद्धिचरण", "place": "town"}}}, {"type": "Feature", "geometry": {"type": "Point", "coordinates": [86.5459669, 27.3280945]}, "properties": {"external_id": "osm:node/3518025494", "kind": "settlement", "name": "Deorali", "name_ne": "", "tags": {"name": "Deorali", "place": "village"}}}, {"type": "Feature", "geometry": {"type": "Point", "coordinates": [86.6308459, 27.3831991]}, "properties": {"external_id": "osm:node/3524599639", "kind": "settlement", "name": "Sallyan", "name_ne": "", "tags": {"name": "Sallyan", "place": "hamlet"}}}, {"type": "Feature", "geometry": {"type": "Point", "coordinates": [86.6758989, 27.3157503]}, "properties": {"external_id": "osm:node/3561214822", "kind": "settlement", "name": "Khatrigau", "name_ne": "", "tags": {"name": "Khatrigau", "place": "locality"}}}, {"type": "Feature", "geometry": {"type": "Point", "coordinates": [86.6717527, 27.3244594]}, "properties": {"external_id": "osm:node/3561214823", "kind": "settlement", "name": "Kumaltar", "name_ne": "कुमलटार", "tags": {"name": "कुमलटार", "name:en": "Kumaltar", "name:ne": "कुमलटार", "place": "locality"}}}, {"type": "Feature", "geometry": {"type": "Point", "coordinates": [86.6621751, 27.3210761]}, "properties": {"external_id": "osm:node/3562376701", "kind": "settlement", "name": "Keraban", "name_ne": "", "tags": {"name": "Keraban", "place": "locality"}}}, {"type": "Feature", "geometry": {"type": "Point", "coordinates": [86.6635672, 27.3244401]}, "properties": {"external_id": "osm:node/3562376702", "kind": "settlement", "name": "Odare", "name_ne": "", "tags": {"name": "Odare", "place": "locality"}}}, {"type": "Feature", "geometry": {"type": "Point", "coordinates": [86.7070947, 27.4986808]}, "properties": {"external_id": "osm:node/3908325399", "kind": "settlement", "name": "waku", "name_ne": "वाकु", "tags": {"name": "वाकु", "name:en": "waku", "name:ne": "वाकु", "place": "village"}}}, {"type": "Feature", "geometry": {"type": "Point", "coordinates": [86.7218617, 27.7776158]}, "properties": {"external_id": "osm:node/4163272590", "kind": "tourism", "name": "Himalaya Lodge", "name_ne": "", "tags": {"name": "Himalaya Lodge", "tourism": "guest_house"}}}, {"type": "Feature", "geometry": {"type": "Point", "coordinates": [86.7102968, 27.804711]}, "properties": {"external_id": "osm:node/4312078689", "kind": "tourism", "name": "International Foot Rest Lodge", "name_ne": "", "tags": {"name": "International Foot Rest Lodge", "tourism": "guest_house"}}}, {"type": "Feature", "geometry": {"type": "Point", "coordinates": [86.8204917, 27.8935644]}, "properties": {"external_id": "osm:node/4327669097", "kind": "tourism", "name": "", "name_ne": "", "tags": {"tourism": "hostel"}}}, {"type": "Feature", "geometry": {"type": "Point", "coordinates": [86.7929679, 27.8562688]}, "properties": {"external_id": "osm:node/4327694495", "kind": "tourism", "name": "Everest View Lodge & Restaurant", "name_ne": "", "tags": {"name": "Everest View Lodge & Restaurant", "tourism": "hostel"}}}, {"type": "Feature", "geometry": {"type": "Point", "coordinates": [86.7000754, 27.7805256]}, "properties": {"external_id": "osm:node/4331941410", "kind": "tourism", "name": "Kongde", "name_ne": "", "tags": {"name": "Kongde", "tourism": "guest_house"}}}, {"type": "Feature", "geometry": {"type": "Point", "coordinates": [86.6964485, 27.7955038]}, "properties": {"external_id": "osm:node/4331941412", "kind": "tourism", "name": "r", "name_ne": "", "tags": {"name": "r", "tourism": "guest_house"}}}, {"type": "Feature", "geometry": {"type": "Point", "coordinates": [86.5868683, 27.5051857]}, "properties": {"external_id": "osm:node/4386692392", "kind": "tourism", "name": "Laxmi lodge & restaurant", "name_ne": "", "tags": {"name:en": "Laxmi lodge & restaurant", "tourism": "hotel"}}}, {"type": "Feature", "geometry": {"type": "Point", "coordinates": [86.7266674, 27.4698986]}, "properties": {"external_id": "osm:node/4386695790", "kind": "tourism", "name": "Lamixane Hotel & Lodge", "name_ne": "", "tags": {"name:en": "Lamixane Hotel & Lodge", "tourism": "hotel"}}}, {"type": "Feature", "geometry": {"type": "Point", "coordinates": [86.6019303, 27.3872961]}, "properties": {"external_id": "osm:node/4386695896", "kind": "tourism", "name": "Salyan Hotel", "name_ne": "", "tags": {"name:en": "Salyan Hotel", "tourism": "guest_house"}}}, {"type": "Feature", "geometry": {"type": "Point", "coordinates": [86.6397098, 27.3547765]}, "properties": {"external_id": "osm:node/4386725789", "kind": "tourism", "name": "Bastola Hotel & lodge", "name_ne": "", "tags": {"name:en": "Bastola Hotel & lodge", "tourism": "guest_house"}}}, {"type": "Feature", "geometry": {"type": "Point", "coordinates": [86.7122651, 27.7441651]}, "properties": {"external_id": "osm:node/4397665390", "kind": "tourism", "name": "Valley View Lodge and restaurant", "name_ne": "", "tags": {"name:en": "Valley View Lodge and restaurant", "tourism": "guest_house"}}}, {"type": "Feature", "geometry": {"type": "Point", "coordinates": [86.7113716, 27.7506983]}, "properties": {"external_id": "osm:node/4397665689", "kind": "tourism", "name": "Happy Rest guest house", "name_ne": "", "tags": {"name:en": "Happy Rest guest house", "tourism": "guest_house"}}}, {"type": "Feature", "geometry": {"type": "Point", "coordinates": [86.7248715, 27.8749126]}, "properties": {"external_id": "osm:node/4398657989", "kind": "tourism", "name": "Mountain Hill Top Lodge Lhafarma", "name_ne": "", "tags": {"name": "Mountain Hill Top View Lodge Lhafarma", "name:en": "Mountain Hill Top Lodge Lhafarma", "tourism": "guest_house"}}}, {"type": "Feature", "geometry": {"type": "Point", "coordinates": [86.720724, 27.9408173]}, "properties": {"external_id": "osm:node/4415941389", "kind": "tourism", "name": "Mountain paradise", "name_ne": "", "tags": {"name:en": "Mountain paradise", "tourism": "guest_house"}}}, {"type": "Feature", "geometry": {"type": "Point", "coordinates": [86.5727597, 27.4580355]}, "properties": {"external_id": "osm:node/4427454498", "kind": "school", "name": "Garma School", "name_ne": "", "tags": {"amenity": "school", "name:en": "Garma School"}}}, {"type": "Feature", "geometry": {"type": "Point", "coordinates": [86.6210553, 27.4367565]}, "properties": {"external_id": "osm:node/4428610195", "kind": "school", "name": "Jogara School", "name_ne": "", "tags": {"amenity": "school", "name:en": "Jogara School"}}}, {"type": "Feature", "geometry": {"type": "Point", "coordinates": [86.7100849, 27.8057601]}, "properties": {"external_id": "osm:node/4436183790", "kind": "tourism", "name": "Mountain View Hotel", "name_ne": "", "tags": {"name:en": "Mountain View Hotel", "tourism": "guest_house"}}}, {"type": "Feature", "geometry": {"type": "Point", "coordinates": [86.7123466, 27.7391639]}, "properties": {"external_id": "osm:node/4436211489", "kind": "tourism", "name": "Buddha Lodge", "name_ne": "", "tags": {"name": "Buddha Lodge", "tourism": "guest_house"}}}, {"type": "Feature", "geometry": {"type": "Point", "coordinates": [86.5823491, 27.4648527]}, "properties": {"external_id": "osm:node/4438902993", "kind": "tourism", "name": "Himalaya Care Foundation", "name_ne": "", "tags": {"name:en": "Himalaya Care Foundation", "tourism": "alpine_hut"}}}, {"type": "Feature", "geometry": {"type": "Point", "coordinates": [86.5841361, 27.4580532]}, "properties": {"external_id": "osm:node/4438903890", "kind": "school", "name": "", "name_ne": "", "tags": {"amenity": "school"}}}, {"type": "Feature", "geometry": {"type": "Point", "coordinates": [86.764568, 27.8363777]}, "properties": {"external_id": "osm:node/4441512089", "kind": "tourism", "name": "Tengboche Guest House", "name_ne": "", "tags": {"name:en": "Tengboche Guest House", "tourism": "guest_house"}}}, {"type": "Feature", "geometry": {"type": "Point", "coordinates": [86.8503296, 27.5018433]}, "properties": {"external_id": "osm:node/4484468544", "kind": "tourism", "name": "", "name_ne": "", "tags": {"tourism": "guest_house"}}}, {"type": "Feature", "geometry": {"type": "Point", "coordinates": [86.8502337, 27.5018456]}, "properties": {"external_id": "osm:node/4484481047", "kind": "tourism", "name": "", "name_ne": "", "tags": {"tourism": "guest_house"}}}, {"type": "Feature", "geometry": {"type": "Point", "coordinates": [86.6061738, 27.5887679]}, "properties": {"external_id": "osm:node/4493549305", "kind": "tourism", "name": "Hotel Yak&Nak", "name_ne": "", "tags": {"name:en": "Hotel Yak&Nak", "tourism": "guest_house"}}}, {"type": "Feature", "geometry": {"type": "Point", "coordinates": [86.5844389, 27.5730801]}, "properties": {"external_id": "osm:node/4493563792", "kind": "tourism", "name": "Himalayan Lodge", "name_ne": "", "tags": {"name:en": "Himalayan Lodge", "tourism": "guest_house"}}}, {"type": "Feature", "geometry": {"type": "Point", "coordinates": [86.7095879, 27.8049375]}, "properties": {"external_id": "osm:node/4501033189", "kind": "tourism", "name": "Yak Hotel", "name_ne": "", "tags": {"name:en": "Yak Hotel", "tourism": "guest_house"}}}, {"type": "Feature", "geometry": {"type": "Point", "coordinates": [86.7931006, 27.855885]}, "properties": {"external_id": "osm:node/4503601089", "kind": "tourism", "name": "Ama Dablam Lodge", "name_ne": "", "tags": {"name:en": "Ama Dablam Lodge", "tourism": "guest_house"}}}, {"type": "Feature", "geometry": {"type": "Point", "coordinates": [86.7652229, 27.836508]}, "properties": {"external_id": "osm:node/4506029189", "kind": "tourism", "name": "The Gomba Lodge", "name_ne": "", "tags": {"name": "The Himalayan - luxury lodges of Everest", "name:en": "The Gomba Lodge", "tourism": "guest_house"}}}, {"type": "Feature", "geometry": {"type": "Point", "coordinates": [86.7735798, 27.8421357]}, "properties": {"external_id": "osm:node/4506029190", "kind": "tourism", "name": "Gompa Old Nuns Monastery Lodging", "name_ne": "", "tags": {"name:en": "Gompa Old Nuns Monastery Lodging", "tourism": "guest_house"}}}, {"type": "Feature", "geometry": {"type": "Point", "coordinates": [86.8058949, 27.8677194]}, "properties": {"external_id": "osm:node/4506029191", "kind": "tourism", "name": "Juneli Lodge", "name_ne": "", "tags": {"name:en": "Juneli Lodge", "tourism": "guest_house"}}}, {"type": "Feature", "geometry": {"type": "Point", "coordinates": [86.829501, 27.8921073]}, "properties": {"external_id": "osm:node/4507788290", "kind": "tourism", "name": "Sonam Frindship Lodge", "name_ne": "", "tags": {"name:en": "Sonam Frindship Lodge", "tourism": "guest_house"}}}, {"type": "Feature", "geometry": {"type": "Point", "coordinates": [86.8286932, 27.8923051]}, "properties": {"external_id": "osm:node/4507788291", "kind": "tourism", "name": "Hotel Family Dingboche", "name_ne": "", "tags": {"name:en": "Hotel Family Dingboche", "tourism": "guest_house"}}}, {"type": "Feature", "geometry": {"type": "Point", "coordinates": [86.8299274, 27.8921888]}, "properties": {"external_id": "osm:node/4507798889", "kind": "tourism", "name": "Sherpaland Lodge", "name_ne": "", "tags": {"name:en": "Sherpaland Lodge", "tourism": "guest_house"}}}, {"type": "Feature", "geometry": {"type": "Point", "coordinates": [86.8279503, 27.8921131]}, "properties": {"external_id": "osm:node/4507798989", "kind": "tourism", "name": "Alpine Resort", "name_ne": "", "tags": {"name:en": "Alpine Resort", "tourism": "guest_house"}}}, {"type": "Feature", "geometry": {"type": "Point", "coordinates": [86.8298974, 27.8919815]}, "properties": {"external_id": "osm:node/4507799090", "kind": "tourism", "name": "Imja Valley Lodge", "name_ne": "", "tags": {"name:en": "Imja Valley Lodge", "tourism": "guest_house"}}}, {"type": "Feature", "geometry": {"type": "Point", "coordinates": [86.8265745, 27.8901083]}, "properties": {"external_id": "osm:node/4507799489", "kind": "tourism", "name": "Tent City", "name_ne": "", "tags": {"name:en": "Tent City", "tourism": "camp_site"}}}, {"type": "Feature", "geometry": {"type": "Point", "coordinates": [86.8295842, 27.8922279]}, "properties": {"external_id": "osm:node/4508019790", "kind": "tourism", "name": "Yak Lodge", "name_ne": "", "tags": {"name:en": "Yak Lodge", "tourism": "guest_house"}}}, {"type": "Feature", "geometry": {"type": "Point", "coordinates": [86.8295078, 27.8919394]}, "properties": {"external_id": "osm:node/4508023089", "kind": "tourism", "name": "Solukhumbu Lodge", "name_ne": "", "tags": {"name:en": "Solukhumbu Lodge", "tourism": "guest_house"}}}, {"type": "Feature", "geometry": {"type": "Point", "coordinates": [86.819949, 27.8938924]}, "properties": {"external_id": "osm:node/4513566593", "kind": "tourism", "name": "Snow Land Lodge", "name_ne": "", "tags": {"name:en": "Snow Land Lodge", "tourism": "guest_house"}}}, {"type": "Feature", "geometry": {"type": "Point", "coordinates": [86.8199623, 27.8924575]}, "properties": {"external_id": "osm:node/4513596089", "kind": "tourism", "name": "Shangri La Lodge", "name_ne": "", "tags": {"name:en": "Shangri La Lodge", "tourism": "guest_house"}}}, {"type": "Feature", "geometry": {"type": "Point", "coordinates": [86.8197571, 27.892381]}, "properties": {"external_id": "osm:node/4513596189", "kind": "tourism", "name": "Ama Dablam Lodge", "name_ne": "", "tags": {"name:en": "Ama Dablam Lodge", "tourism": "guest_house"}}}, {"type": "Feature", "geometry": {"type": "Point", "coordinates": [86.8198547, 27.8918987]}, "properties": {"external_id": "osm:node/4513596289", "kind": "tourism", "name": "Khumbu Lodge", "name_ne": "", "tags": {"name:en": "Khumbu Lodge", "tourism": "guest_house"}}}, {"type": "Feature", "geometry": {"type": "Point", "coordinates": [86.8205861, 27.8919503]}, "properties": {"external_id": "osm:node/4513596389", "kind": "tourism", "name": "Pumori Lodge", "name_ne": "", "tags": {"name:en": "Pumori Lodge", "tourism": "guest_house"}}}, {"type": "Feature", "geometry": {"type": "Point", "coordinates": [86.8269025, 27.8888652]}, "properties": {"external_id": "osm:node/4515106995", "kind": "tourism", "name": "Peaceful Lodge", "name_ne": "", "tags": {"name:en": "Peaceful Lodge", "tourism": "guest_house"}}}, {"type": "Feature", "geometry": {"type": "Point", "coordinates": [86.8308861, 27.8938249]}, "properties": {"external_id": "osm:node/4515114493", "kind": "tourism", "name": "Valley View Lodge", "name_ne": "", "tags": {"name:en": "Valley View Lodge", "tourism": "guest_house"}}}, {"type": "Feature", "geometry": {"type": "Point", "coordinates": [86.8313436, 27.8934444]}, "properties": {"external_id": "osm:node/4515136791", "kind": "tourism", "name": "Hotel Grand Himalayan", "name_ne": "", "tags": {"name:en": "Hotel Grand Himalayan", "tourism": "guest_house"}}}, {"type": "Feature", "geometry": {"type": "Point", "coordinates": [86.8300193, 27.8921871]}, "properties": {"external_id": "osm:node/4515136792", "kind": "tourism", "name": "Sherpa Land Lodge", "name_ne": "", "tags": {"name:en": "Sherpa Land Lodge", "tourism": "guest_house"}}}, {"type": "Feature", "geometry": {"type": "Point", "coordinates": [86.8265326, 27.8891806]}, "properties": {"external_id": "osm:node/4515143490", "kind": "tourism", "name": "Snowlion Lodge & Restaurant", "name_ne": "", "tags": {"name:en": "Snowlion Lodge & Restaurant", "tourism": "guest_house"}}}, {"type": "Feature", "geometry": {"type": "Point", "coordinates": [86.8272722, 27.8898718]}, "properties": {"external_id": "osm:node/4515143491", "kind": "tourism", "name": "Ama Dablam Lodge", "name_ne": "", "tags": {"name:en": "Ama Dablam Lodge", "tourism": "guest_house"}}}, {"type": "Feature", "geometry": {"type": "Point", "coordinates": [86.8311126, 27.8940711]}, "properties": {"external_id": "osm:node/4515143492", "kind": "tourism", "name": "Peak 38 Lodge", "name_ne": "", "tags": {"name:en": "Peak 38 Lodge", "tourism": "guest_house"}}}, {"type": "Feature", "geometry": {"type": "Point", "coordinates": [86.8297175, 27.8923679]}, "properties": {"external_id": "osm:node/4515143495", "kind": "tourism", "name": "Yak Hotel & Restaurant", "name_ne": "", "tags": {"name:en": "Yak Hotel & Restaurant", "tourism": "guest_house"}}}, {"type": "Feature", "geometry": {"type": "Point", "coordinates": [86.8286063, 27.8910417]}, "properties": {"external_id": "osm:node/4515143496", "kind": "tourism", "name": "Green Tara Guest House", "name_ne": "", "tags": {"name:en": "Green Tara Guest House", "tourism": "guest_house"}}}, {"type": "Feature", "geometry": {"type": "Point", "coordinates": [86.8275294, 27.8895562]}, "properties": {"external_id": "osm:node/4515143690", "kind": "tourism", "name": "Dingboche Guest House", "name_ne": "", "tags": {"name:en": "Dingboche Guest House", "tourism": "guest_house"}}}, {"type": "Feature", "geometry": {"type": "Point", "coordinates": [86.831386, 27.8937897]}, "properties": {"external_id": "osm:node/4515146091", "kind": "tourism", "name": "Hotel Bright Star", "name_ne": "", "tags": {"name:en": "Hotel Bright Star", "tourism": "guest_house"}}}, {"type": "Feature", "geometry": {"type": "Point", "coordinates": [86.805791, 27.8681793]}, "properties": {"external_id": "osm:node/4515299098", "kind": "tourism", "name": "Hilltop Lodge and Restaurant", "name_ne": "", "tags": {"name:en": "Hilltop Lodge and Restaurant", "tourism": "guest_house"}}}, {"type": "Feature", "geometry": {"type": "Point", "coordinates": [86.7729636, 27.8410983]}, "properties": {"external_id": "osm:node/4515299099", "kind": "tourism", "name": "Paradise Lodge", "name_ne": "", "tags": {"name:en": "Paradise Lodge", "tourism": "guest_house"}}}, {"type": "Feature", "geometry": {"type": "Point", "coordinates": [86.7725562, 27.8412694]}, "properties": {"external_id": "osm:node/4515306393", "kind": "tourism", "name": "Himalayan Culture Home Hotel", "name_ne": "", "tags": {"name:en": "Himalayan Culture Home Hotel", "tourism": "guest_house"}}}, {"type": "Feature", "geometry": {"type": "Point", "coordinates": [86.7928952, 27.8559561]}, "properties": {"external_id": "osm:node/4515309798", "kind": "tourism", "name": "Everest Summit Lodge", "name_ne": "", "tags": {"name:en": "Everest Summit Lodge", "tourism": "guest_house"}}}, {"type": "Feature", "geometry": {"type": "Point", "coordinates": [86.7918484, 27.8555891]}, "properties": {"external_id": "osm:node/4515309799", "kind": "tourism", "name": "Sunrise Guesthouse", "name_ne": "", "tags": {"name:en": "Sunrise Guesthouse", "tourism": "guest_house"}}}, {"type": "Feature", "geometry": {"type": "Point", "coordinates": [86.7905602, 27.8544461]}, "properties": {"external_id": "osm:node/4515312800", "kind": "tourism", "name": "Mountain Peace Lodge", "name_ne": "", "tags": {"name:en": "Mountain Peace Lodge", "tourism": "guest_house"}}}, {"type": "Feature", "geometry": {"type": "Point", "coordinates": [86.7899184, 27.8541607]}, "properties": {"external_id": "osm:node/4515312801", "kind": "tourism", "name": "Namaste Lodge", "name_ne": "", "tags": {"name:en": "Namaste Lodge", "tourism": "guest_house"}}}, {"type": "Feature", "geometry": {"type": "Point", "coordinates": [86.7780232, 27.8455688]}, "properties": {"external_id": "osm:node/4515312802", "kind": "tourism", "name": "Evergree Lodge and Restaurant", "name_ne": "", "tags": {"name": "Evergree Lodge and Restaurant", "tourism": "guest_house"}}}, {"type": "Feature", "geometry": {"type": "Point", "coordinates": [86.7896682, 27.8541356]}, "properties": {"external_id": "osm:node/4515313696", "kind": "tourism", "name": "Buddha Lodge", "name_ne": "", "tags": {"name:en": "Buddha Lodge", "tourism": "guest_house"}}}, {"type": "Feature", "geometry": {"type": "Point", "coordinates": [86.7921754, 27.8562209]}, "properties": {"external_id": "osm:node/4515351500", "kind": "tourism", "name": "Himalayan Lodge", "name_ne": "", "tags": {"name:en": "Himalayan Lodge", "tourism": "guest_house"}}}, {"type": "Feature", "geometry": {"type": "Point", "coordinates": [86.7708365, 27.8395766]}, "properties": {"external_id": "osm:node/4515354490", "kind": "tourism", "name": "Everest Rhododendron", "name_ne": "", "tags": {"name:en": "Everest Rhododendron", "tourism": "guest_house"}}}, {"type": "Feature", "geometry": {"type": "Point", "coordinates": [86.7703573, 27.8394429]}, "properties": {"external_id": "osm:node/4515354491", "kind": "tourism", "name": "Nepali Hotel", "name_ne": "", "tags": {"name:en": "Nepali Hotel", "tourism": "guest_house"}}}, {"type": "Feature", "geometry": {"type": "Point", "coordinates": [86.7650432, 27.8365526]}, "properties": {"external_id": "osm:node/4515354492", "kind": "tourism", "name": "Tengboche Guesthouse", "name_ne": "", "tags": {"name:en": "Tengboche Guesthouse", "tourism": "guest_house"}}}, {"type": "Feature", "geometry": {"type": "Point", "coordinates": [86.805284, 27.8680246]}, "properties": {"external_id": "osm:node/4515357890", "kind": "tourism", "name": "Friendship Lodge", "name_ne": "", "tags": {"name:en": "Friendship Lodge", "tourism": "guest_house"}}}, {"type": "Feature", "geometry": {"type": "Point", "coordinates": [86.7936052, 27.8571942]}, "properties": {"external_id": "osm:node/4515357891", "kind": "tourism", "name": "Wind Horse Inn", "name_ne": "", "tags": {"name:en": "Wind Horse Inn", "operator": "Phurten Tenzing & Pasang Sherpa", "tourism": "guest_house"}}}, {"type": "Feature", "geometry": {"type": "Point", "coordinates": [86.8057651, 27.8675974]}, "properties": {"external_id": "osm:node/4515358592", "kind": "tourism", "name": "Trekkers Lodge and Restaurant", "name_ne": "", "tags": {"name:en": "Trekkers Lodge and Restaurant", "tourism": "guest_house"}}}, {"type": "Feature", "geometry": {"type": "Point", "coordinates": [86.7933982, 27.8563611]}, "properties": {"external_id": "osm:node/4515358890", "kind": "tourism", "name": "Shreedewa Lodge", "name_ne": "", "tags": {"name:en": "Shreedewa Lodge", "tourism": "guest_house"}}}, {"type": "Feature", "geometry": {"type": "Point", "coordinates": [86.7092534, 27.8045715]}, "properties": {"external_id": "osm:node/4516428296", "kind": "tourism", "name": "Holiday Namche", "name_ne": "", "tags": {"name:en": "Holiday Namche", "tourism": "guest_house"}}}, {"type": "Feature", "geometry": {"type": "Point", "coordinates": [86.7103019, 27.80486]}, "properties": {"external_id": "osm:node/4518666090", "kind": "tourism", "name": "Khumbu Lodge", "name_ne": "", "tags": {"name:en": "Khumbu Lodge", "tourism": "guest_house"}}}, {"type": "Feature", "geometry": {"type": "Point", "coordinates": [86.722671, 27.771784]}, "properties": {"external_id": "osm:node/4518669792", "kind": "tourism", "name": "Namaste Hotel and Lodge", "name_ne": "", "tags": {"name:en": "Namaste Hotel and Lodge", "tourism": "guest_house"}}}, {"type": "Feature", "geometry": {"type": "Point", "coordinates": [86.7226924, 27.7720322]}, "properties": {"external_id": "osm:node/4518669793", "kind": "tourism", "name": "Summit Home", "name_ne": "", "tags": {"name:en": "Summit Home", "tourism": "guest_house"}}}, {"type": "Feature", "geometry": {"type": "Point", "coordinates": [86.7149084, 27.761913]}, "properties": {"external_id": "osm:node/4518669794", "kind": "tourism", "name": "Everest Mini Guesthouse & Restaurant", "name_ne": "", "tags": {"name": "Everest Mini Guesthouse & Restaurant", "name:en": "Everest Mini Guesthouse & Restaurant", "operator": "Pemba Tendi Sherpa", "tourism": "guest_house"}}}, {"type": "Feature", "geometry": {"type": "Point", "coordinates": [86.7146138, 27.7618225]}, "properties": {"external_id": "osm:node/4518675089", "kind": "tourism", "name": "Hotel Waterfall", "name_ne": "", "tags": {"name": "Waterfall View", "name:en": "Hotel Waterfall", "tourism": "guest_house"}}}, {"type": "Feature", "geometry": {"type": "Point", "coordinates": [86.7731506, 27.9399056]}, "properties": {"external_id": "osm:node/4520193491", "kind": "tourism", "name": "Mountain Home", "name_ne": "", "tags": {"name": "Mountain Home", "name:en": "Mountain Home", "operator": "Tshering tenzing sherpa", "tourism": "guest_house"}}}, {"type": "Feature", "geometry": {"type": "Point", "coordinates": [86.7129138, 27.9153852]}, "properties": {"external_id": "osm:node/4524682590", "kind": "tourism", "name": "Fanga Viewpoint Lodge and Restaurant", "name_ne": "", "tags": {"name:en": "Fanga Viewpoint Lodge and Restaurant", "tourism": "guest_house"}}}, {"type": "Feature", "geometry": {"type": "Point", "coordinates": [86.6381758, 27.8856345]}, "properties": {"external_id": "osm:node/4525637990", "kind": "tourism", "name": "Cho-Oyu Lodge", "name_ne": "", "tags": {"name:en": "Cho-Oyu Lodge", "tourism": "guest_house"}}}, {"type": "Feature", "geometry": {"type": "Point", "coordinates": [86.7209008, 27.9410048]}, "properties": {"external_id": "osm:node/4525638090", "kind": "tourism", "name": "Thangnag Guest House", "name_ne": "", "tags": {"name:en": "Thangnag Guest House", "tourism": "guest_house"}}}, {"type": "Feature", "geometry": {"type": "Point", "coordinates": [86.6940785, 27.9538363]}, "properties": {"external_id": "osm:node/4525638691", "kind": "tourism", "name": "Gokyo Namasté Lodge", "name_ne": "", "tags": {"name:en": "Gokyo Namasté Lodge", "tourism": "guest_house"}}}, {"type": "Feature", "geometry": {"type": "Point", "coordinates": [86.6785963, 27.8219011]}, "properties": {"external_id": "osm:node/4525797492", "kind": "tourism", "name": "Tashi Dele Lodge", "name_ne": "", "tags": {"name:en": "Tashi Dele Lodge", "tourism": "guest_house"}}}, {"type": "Feature", "geometry": {"type": "Point", "coordinates": [86.7102075, 27.8048507]}, "properties": {"external_id": "osm:node/4529300791", "kind": "tourism", "name": "Khumbu Lodge", "name_ne": "", "tags": {"name:en": "Khumbu Lodge", "operator": "Pemba Sherpa", "tourism": "guest_house"}}}, {"type": "Feature", "geometry": {"type": "Point", "coordinates": [86.7105182, 27.8045043]}, "properties": {"external_id": "osm:node/4529329989", "kind": "health", "name": "Mountain Medical Institute", "name_ne": "", "tags": {"amenity": "clinic", "name:en": "Mountain Medical Institute"}}}, {"type": "Feature", "geometry": {"type": "Point", "coordinates": [86.5855169, 27.5141354]}, "properties": {"external_id": "osm:node/4533657007", "kind": "tourism", "name": "", "name_ne": "", "tags": {"tourism": "hotel"}}}, {"type": "Feature", "geometry": {"type": "Point", "coordinates": [86.5856296, 27.5142171]}, "properties": {"external_id": "osm:node/4533657296", "kind": "tourism", "name": "", "name_ne": "", "tags": {"tourism": "hotel"}}}, {"type": "Feature", "geometry": {"type": "Point", "coordinates": [86.7118216, 27.7386516]}, "properties": {"external_id": "osm:node/4566971189", "kind": "tourism", "name": "Sherpa Guide Lodge", "name_ne": "", "tags": {"name:en": "Sherpa Guide Lodge", "tourism": "guest_house"}}}, {"type": "Feature", "geometry": {"type": "Point", "coordinates": [86.7326007, 27.6871193]}, "properties": {"external_id": "osm:node/4575269589", "kind": "tourism", "name": "Mountain View Lodge (Lukla Airport)", "name_ne": "", "tags": {"name:en": "Mountain View Lodge (Lukla Airport)", "tourism": "guest_house"}}}, {"type": "Feature", "geometry": {"type": "Point", "coordinates": [86.7685881, 27.6000588]}, "properties": {"external_id": "osm:node/4577200737", "kind": "tourism", "name": "Ning Saw", "name_ne": "", "tags": {"name": "Ning Saw", "tourism": "camp_site"}}}, {"type": "Feature", "geometry": {"type": "Point", "coordinates": [86.8768707, 27.7446116]}, "properties": {"external_id": "osm:node/4577539452", "kind": "settlement", "name": "Khare", "name_ne": "खरे", "tags": {"name": "खरे", "name:en": "Khare", "name:ne": "खरे", "place": "hamlet"}}}, {"type": "Feature", "geometry": {"type": "Point", "coordinates": [86.7595823, 27.6710388]}, "properties": {"external_id": "osm:node/4577620203", "kind": "settlement", "name": "Chutanga", "name_ne": "चुटाङ्गा", "tags": {"name": "चुटाङ्गा", "name:en": "Chutanga", "name:ne": "चुटाङ्गा", "place": "isolated_dwelling"}}}, {"type": "Feature", "geometry": {"type": "Point", "coordinates": [86.797163, 27.6263968]}, "properties": {"external_id": "osm:node/4577620204", "kind": "tourism", "name": "Chatra Khola", "name_ne": "", "tags": {"name": "Chatra Khola", "tourism": "camp_site"}}}, {"type": "Feature", "geometry": {"type": "Point", "coordinates": [86.4965323, 27.3430689]}, "properties": {"external_id": "osm:node/4583315525", "kind": "settlement", "name": "Dandagau", "name_ne": "", "tags": {"name": "Dandagau", "place": "village"}}}, {"type": "Feature", "geometry": {"type": "Point", "coordinates": [86.7325699, 27.686924]}, "properties": {"external_id": "osm:node/4590820790", "kind": "tourism", "name": "Mountain View Lodge", "name_ne": "", "tags": {"name:en": "Mountain View Lodge", "operator": "DG Sherpa", "tourism": "hostel"}}}, {"type": "Feature", "geometry": {"type": "Point", "coordinates": [86.5844952, 27.4979064]}, "properties": {"external_id": "osm:node/4757530326", "kind": "tourism", "name": "Mustang Guesthouse", "name_ne": "", "tags": {"name:en": "Mustang Guesthouse", "tourism": "guest_house"}}}, {"type": "Feature", "geometry": {"type": "Point", "coordinates": [86.7159185, 27.821539]}, "properties": {"external_id": "osm:node/4757530328", "kind": "tourism", "name": "Khumbiye Garden", "name_ne": "", "tags": {"name:en": "Khumbiye Garden", "tourism": "guest_house"}}}, {"type": "Feature", "geometry": {"type": "Point", "coordinates": [86.6829689, 28.0304646]}, "properties": {"external_id": "osm:node/4757530330", "kind": "tourism", "name": "Cho Oyu Base Camp", "name_ne": "", "tags": {"name:en": "Cho Oyu Base Camp", "tourism": "camp_site"}}}, {"type": "Feature", "geometry": {"type": "Point", "coordinates": [86.7738168, 27.9397583]}, "properties": {"external_id": "osm:node/4757530425", "kind": "tourism", "name": "Hotel Zongla Inn", "name_ne": "", "tags": {"name": "Hotel Zongla Inn", "tourism": "guest_house"}}}, {"type": "Feature", "geometry": {"type": "Point", "coordinates": [86.7202357, 27.9402906]}, "properties": {"external_id": "osm:node/4757530426", "kind": "tourism", "name": "Tashi Delek Lodge", "name_ne": "", "tags": {"name:en": "Tashi Delek Lodge", "tourism": "guest_house"}}}, {"type": "Feature", "geometry": {"type": "Point", "coordinates": [86.7186053, 27.6724616]}, "properties": {"external_id": "osm:node/4757552823", "kind": "tourism", "name": "Thamserku Lodge and Restaurant", "name_ne": "थामसेर्कु लोज एंड रेस्टुर्यान्ट", "tags": {"name": "थामसेर्कु लोज एंड रेस्टुर्यान्ट", "name:en": "Thamserku Lodge and Restaurant", "name:ne": "थामसेर्कु लोज एंड रेस्टुर्यान्ट", "tourism": "guest_house"}}}, {"type": "Feature", "geometry": {"type": "Point", "coordinates": [86.5553143, 27.2825185]}, "properties": {"external_id": "osm:node/4805418221", "kind": "school", "name": "Shree Saradha Pra. Vi.", "name_ne": "", "tags": {"amenity": "school", "name:en": "Shree Saradha Pra. Vi."}}}, {"type": "Feature", "geometry": {"type": "Point", "coordinates": [86.7102226, 27.8049654]}, "properties": {"external_id": "osm:node/4812530722", "kind": "tourism", "name": "Khangri Hotel", "name_ne": "", "tags": {"name:en": "Khangri Hotel", "operator": "Dawa Sherpa", "tourism": "guest_house"}}}, {"type": "Feature", "geometry": {"type": "Point", "coordinates": [86.9795841, 27.3051073]}, "properties": {"external_id": "osm:node/4818356423", "kind": "tourism", "name": "Mayung hill", "name_ne": "", "tags": {"name:en": "Mayung hill", "tourism": "camp_site"}}}, {"type": "Feature", "geometry": {"type": "Point", "coordinates": [86.7936076, 27.2092699]}, "properties": {"external_id": "osm:node/4832077644", "kind": "settlement", "name": "Hatdada", "name_ne": "", "tags": {"name": "Hatdada", "place": "locality"}}}, {"type": "Feature", "geometry": {"type": "Point", "coordinates": [86.7170485, 27.8224096]}, "properties": {"external_id": "osm:node/4835013221", "kind": "tourism", "name": "International Guest House", "name_ne": "", "tags": {"name": "Norling Lodge", "name:en": "International Guest House", "operator": "Daki Sherpa", "tourism": "guest_house"}}}, {"type": "Feature", "geometry": {"type": "Point", "coordinates": [86.7152487, 27.9020283]}, "properties": {"external_id": "osm:node/4843126722", "kind": "tourism", "name": "Snowland Lodge", "name_ne": "", "tags": {"name:en": "Snowland Lodge", "tourism": "guest_house"}}}, {"type": "Feature", "geometry": {"type": "Point", "coordinates": [86.7108757, 27.8050325]}, "properties": {"external_id": "osm:node/4850971922", "kind": "tourism", "name": "Sherpa Village Hotel", "name_ne": "", "tags": {"name:en": "Sherpa Village Hotel", "tourism": "guest_house"}}}, {"type": "Feature", "geometry": {"type": "Point", "coordinates": [86.5288152, 27.4273702]}, "properties": {"external_id": "osm:node/4853503422", "kind": "school", "name": "shree changresthan higher secondary school", "name_ne": "", "tags": {"amenity": "school", "name:en": "shree changresthan higher secondary school"}}}, {"type": "Feature", "geometry": {"type": "Point", "coordinates": [86.58433, 27.5142934]}, "properties": {"external_id": "osm:node/4853505623", "kind": "tourism", "name": "Green Land Hotel & Lodge", "name_ne": "", "tags": {"name:en": "Green Land Hotel & Lodge", "tourism": "hotel"}}}, {"type": "Feature", "geometry": {"type": "Point", "coordinates": [86.7003385, 27.6039001]}, "properties": {"external_id": "osm:node/4853505624", "kind": "tourism", "name": "new bimala lodge", "name_ne": "", "tags": {"name:en": "new bimala lodge", "tourism": "guest_house"}}}, {"type": "Feature", "geometry": {"type": "Point", "coordinates": [86.714593, 27.8050395]}, "properties": {"external_id": "osm:node/4853517721", "kind": "tourism", "name": "hotel sherwi", "name_ne": "", "tags": {"name:en": "hotel sherwi", "tourism": "guest_house"}}}, {"type": "Feature", "geometry": {"type": "Point", "coordinates": [86.5846873, 27.5139816]}, "properties": {"external_id": "osm:node/4854221121", "kind": "tourism", "name": "Hotel Everest", "name_ne": "", "tags": {"name:en": "Hotel Everest", "operator": "Ang Nigma Lama", "tourism": "hotel"}}}, {"type": "Feature", "geometry": {"type": "Point", "coordinates": [86.5848707, 27.512462]}, "properties": {"external_id": "osm:node/4854233222", "kind": "tourism", "name": "Gyanu Lodge", "name_ne": "", "tags": {"name:en": "Gyanu Lodge", "operator": "Girmi Bajracharya", "tourism": "hotel"}}}, {"type": "Feature", "geometry": {"type": "Point", "coordinates": [86.7104356, 27.8040382]}, "properties": {"external_id": "osm:node/4854247821", "kind": "tourism", "name": "KalaPatthar Lodge", "name_ne": "", "tags": {"name:en": "KalaPatthar Lodge", "tourism": "guest_house"}}}, {"type": "Feature", "geometry": {"type": "Point", "coordinates": [86.7327498, 27.8864054]}, "properties": {"external_id": "osm:node/4858082177", "kind": "tourism", "name": "Khangteka guest house", "name_ne": "", "tags": {"name": "Khangteka guest house", "tourism": "guest_house"}}}, {"type": "Feature", "geometry": {"type": "Point", "coordinates": [86.7327652, 27.8870043]}, "properties": {"external_id": "osm:node/4858083321", "kind": "tourism", "name": "Sherpa Lodge", "name_ne": "", "tags": {"name": "Sherpa Lodge", "tourism": "guest_house"}}}, {"type": "Feature", "geometry": {"type": "Point", "coordinates": [86.7233933, 27.7667282]}, "properties": {"external_id": "osm:node/4863296423", "kind": "tourism", "name": "Sonam Lodge and Restaurant", "name_ne": "", "tags": {"name:en": "Sonam Lodge and Restaurant", "tourism": "guest_house"}}}, {"type": "Feature", "geometry": {"type": "Point", "coordinates": [86.7138332, 27.7617518]}, "properties": {"external_id": "osm:node/4863296621", "kind": "tourism", "name": "Bakar Hotel", "name_ne": "", "tags": {"name:en": "Bakar Hotel", "tourism": "guest_house"}}}, {"type": "Feature", "geometry": {"type": "Point", "coordinates": [86.7230057, 27.7653558]}, "properties": {"external_id": "osm:node/4863296821", "kind": "tourism", "name": "", "name_ne": "", "tags": {"tourism": "guest_house"}}}, {"type": "Feature", "geometry": {"type": "Point", "coordinates": [86.7229805, 27.7717378]}, "properties": {"external_id": "osm:node/4864409021", "kind": "tourism", "name": "Mountain View Lodge", "name_ne": "", "tags": {"name:en": "Mountain View Lodge", "tourism": "guest_house"}}}, {"type": "Feature", "geometry": {"type": "Point", "coordinates": [86.7631738, 27.8358573]}, "properties": {"external_id": "osm:node/4864409022", "kind": "tourism", "name": "Trekker's Lodge", "name_ne": "", "tags": {"name:en": "Trekker's Lodge", "tourism": "guest_house"}}}, {"type": "Feature", "geometry": {"type": "Point", "coordinates": [86.6044012, 27.5877404]}, "properties": {"external_id": "osm:node/4864409023", "kind": "tourism", "name": "Sunrise Lodge & Restaurant", "name_ne": "", "tags": {"name:en": "Sunrise Lodge & Restaurant", "tourism": "guest_house"}}}, {"type": "Feature", "geometry": {"type": "Point", "coordinates": [86.8197036, 27.8926416]}, "properties": {"external_id": "osm:node/4866083312", "kind": "tourism", "name": "Edelweiss", "name_ne": "", "tags": {"name": "Edelweiss", "tourism": "guest_house"}}}, {"type": "Feature", "geometry": {"type": "Point", "coordinates": [86.7092429, 27.8039354]}, "properties": {"external_id": "osm:node/4866107279", "kind": "tourism", "name": "The Nest at Namche", "name_ne": "", "tags": {"name": "The Nest at Namche", "tourism": "guest_house"}}}, {"type": "Feature", "geometry": {"type": "Point", "coordinates": [86.7128153, 27.7402978]}, "properties": {"external_id": "osm:node/4866135005", "kind": "tourism", "name": "", "name_ne": "", "tags": {"tourism": "guest_house"}}}, {"type": "Feature", "geometry": {"type": "Point", "coordinates": [86.5718895, 27.8346045]}, "properties": {"external_id": "osm:node/4869775621", "kind": "tourism", "name": "Ngole", "name_ne": "", "tags": {"name": "Ngole", "tourism": "camp_site"}}}, {"type": "Feature", "geometry": {"type": "Point", "coordinates": [86.5642077, 27.839932]}, "properties": {"external_id": "osm:node/4869775622", "kind": "tourism", "name": "High Camp", "name_ne": "", "tags": {"name": "High Camp", "tourism": "camp_site"}}}, {"type": "Feature", "geometry": {"type": "Point", "coordinates": [86.8314825, 27.8940256]}, "properties": {"external_id": "osm:node/4869981122", "kind": "tourism", "name": "Hotel Umanga", "name_ne": "", "tags": {"name:en": "Hotel Umanga", "tourism": "guest_house"}}}, {"type": "Feature", "geometry": {"type": "Point", "coordinates": [86.8991408, 27.9815643]}, "properties": {"external_id": "osm:node/4880806685", "kind": "tourism", "name": "Camp 2S", "name_ne": "", "tags": {"name": "Camp 2S", "name:en": "Camp 2S", "tourism": "camp_site"}}}, {"type": "Feature", "geometry": {"type": "Point", "coordinates": [86.8765224, 27.9864173]}, "properties": {"external_id": "osm:node/4880806686", "kind": "tourism", "name": "Camp 1S", "name_ne": "", "tags": {"name": "Camp 1S", "name:en": "Camp 1S", "tourism": "camp_site"}}}, {"type": "Feature", "geometry": {"type": "Point", "coordinates": [86.869508, 28.0021978]}, "properties": {"external_id": "osm:node/4880806687", "kind": "settlement", "name": "Khumbu Icefall", "name_ne": "खुम्बु आइसफल", "tags": {"name": "खुम्बु आइसफल", "name:en": "Khumbu Icefall", "name:ne": "खुम्बु आइसफल", "place": "locality"}}}, {"type": "Feature", "geometry": {"type": "Point", "coordinates": [86.762737, 27.8357508]}, "properties": {"external_id": "osm:node/4884934125", "kind": "tourism", "name": "Trekkers Lodge", "name_ne": "", "tags": {"name:en": "Trekkers Lodge", "tourism": "guest_house"}}}, {"type": "Feature", "geometry": {"type": "Point", "coordinates": [86.5214979, 27.3057445]}, "properties": {"external_id": "osm:node/4987931954", "kind": "settlement", "name": "Narayansthan", "name_ne": "नारायनस्थान", "tags": {"name": "Narayansthan", "name:ne": "नारायनस्थान", "place": "village"}}}, {"type": "Feature", "geometry": {"type": "Point", "coordinates": [86.5256735, 27.2869216]}, "properties": {"external_id": "osm:node/4987944800", "kind": "school", "name": "Narayansthan Ma V", "name_ne": "", "tags": {"amenity": "school", "name": "Narayansthan Ma V"}}}, {"type": "Feature", "geometry": {"type": "Point", "coordinates": [86.5173173, 27.2398893]}, "properties": {"external_id": "osm:node/4987950971", "kind": "settlement", "name": "Waksa", "name_ne": "वाक्सा", "tags": {"name": "Waksa", "name:ne": "वाक्सा", "place": "village"}}}, {"type": "Feature", "geometry": {"type": "Point", "coordinates": [86.5454158, 27.3277399]}, "properties": {"external_id": "osm:node/4988024423", "kind": "school", "name": "Rajyalaxmi Ma V", "name_ne": "", "tags": {"amenity": "school", "name": "Rajyalaxmi Ma V"}}}, {"type": "Feature", "geometry": {"type": "Point", "coordinates": [86.4769933, 27.3387724]}, "properties": {"external_id": "osm:node/4988033970", "kind": "school", "name": "Prabhu Pra Vi", "name_ne": "", "tags": {"amenity": "school", "name": "Prabhu Pra Vi"}}}, {"type": "Feature", "geometry": {"type": "Point", "coordinates": [86.4969819, 27.3430621]}, "properties": {"external_id": "osm:node/4989186579", "kind": "school", "name": "Puspa Lal Pra Vi", "name_ne": "", "tags": {"amenity": "school", "name": "Puspa Lal Pra Vi"}}}, {"type": "Feature", "geometry": {"type": "Point", "coordinates": [86.6318223, 27.257071]}, "properties": {"external_id": "osm:node/4989199946", "kind": "school", "name": "Kalika Pra Vi", "name_ne": "", "tags": {"amenity": "school", "name": "Kalika Pra Vi"}}}, {"type": "Feature", "geometry": {"type": "Point", "coordinates": [86.479201, 27.3567991]}, "properties": {"external_id": "osm:node/4989225873", "kind": "school", "name": "Janaadarsha Pra Vi", "name_ne": "", "tags": {"amenity": "school", "name": "Janaadarsha Pra Vi"}}}, {"type": "Feature", "geometry": {"type": "Point", "coordinates": [86.4932673, 27.3558419]}, "properties": {"external_id": "osm:node/4989230517", "kind": "school", "name": "Shree Bigutar Uchha Ma Vi", "name_ne": "", "tags": {"amenity": "school", "name": "Shree Bigutar Uchha Ma Vi"}}}, {"type": "Feature", "geometry": {"type": "Point", "coordinates": [86.658429, 27.2930174]}, "properties": {"external_id": "osm:node/4989275247", "kind": "school", "name": "Siddhasthan Basic School, Dhungana Gaun (ढुंगाना गाउँ)", "name_ne": "Siddhasthan Basic School, Dhungana Gaun (ढुंगाना गाउँ)", "tags": {"amenity": "school", "name": "Siddhasthan Basic School, Dhungana Gaun (ढुंगाना गाउँ)"}}}, {"type": "Feature", "geometry": {"type": "Point", "coordinates": [86.6446533, 27.2856795]}, "properties": {"external_id": "osm:node/4989284724", "kind": "school", "name": "Laxmi Pra V", "name_ne": "", "tags": {"amenity": "school", "name": "Laxmi Pra V"}}}, {"type": "Feature", "geometry": {"type": "Point", "coordinates": [86.6502512, 27.2863866]}, "properties": {"external_id": "osm:node/4989286497", "kind": "school", "name": "Shree Jalapa Secondary School, Diyale", "name_ne": "", "tags": {"amenity": "school", "highway": "Okaldhunga-Khanibhanjyang", "name": "Shree Jalapa Secondary School, Diyale"}}}, {"type": "Feature", "geometry": {"type": "Point", "coordinates": [86.4888672, 27.4044068]}, "properties": {"external_id": "osm:node/4989658902", "kind": "school", "name": "Nava Jyoti Ma Vi", "name_ne": "", "tags": {"amenity": "school", "name": "Nava Jyoti Ma Vi"}}}, {"type": "Feature", "geometry": {"type": "Point", "coordinates": [86.4738603, 27.4094961]}, "properties": {"external_id": "osm:node/4989661102", "kind": "school", "name": "Shree Bandana Singh Devi Pra Vi", "name_ne": "", "tags": {"amenity": "school", "name": "Shree Bandana Singh Devi Pra Vi"}}}, {"type": "Feature", "geometry": {"type": "Point", "coordinates": [86.4629042, 27.3013982]}, "properties": {"external_id": "osm:node/4989668821", "kind": "school", "name": "Shree Arunodaya Pra V", "name_ne": "", "tags": {"amenity": "school", "name": "Shree Arunodaya Pra V"}}}, {"type": "Feature", "geometry": {"type": "Point", "coordinates": [86.6697392, 27.3304605]}, "properties": {"external_id": "osm:node/4989888789", "kind": "school", "name": "Hari kalika Pra Vi", "name_ne": "", "tags": {"amenity": "school", "name": "Hari kalika Pra Vi"}}}, {"type": "Feature", "geometry": {"type": "Point", "coordinates": [86.6528951, 27.3192027]}, "properties": {"external_id": "osm:node/4989897933", "kind": "school", "name": "Shree Gahate Pra Vi", "name_ne": "", "tags": {"amenity": "school", "name": "Shree Gahate Pra Vi"}}}, {"type": "Feature", "geometry": {"type": "Point", "coordinates": [86.6766202, 27.3150486]}, "properties": {"external_id": "osm:node/4989905994", "kind": "school", "name": "Shree Birajurn kaushika Basic School", "name_ne": "", "tags": {"amenity": "school", "name": "Shree Birajurn kaushika Basic School"}}}, {"type": "Feature", "geometry": {"type": "Point", "coordinates": [86.4515709, 27.3257317]}, "properties": {"external_id": "osm:node/4991871815", "kind": "school", "name": "Shree Saraswoti Ma V", "name_ne": "", "tags": {"amenity": "school", "name": "Shree Saraswoti Ma V"}}}, {"type": "Feature", "geometry": {"type": "Point", "coordinates": [86.5783563, 27.3061816]}, "properties": {"external_id": "osm:node/4991947191", "kind": "school", "name": "Kudule Pra V", "name_ne": "", "tags": {"amenity": "school", "name": "Kudule Pra V"}}}, {"type": "Feature", "geometry": {"type": "Point", "coordinates": [86.5585022, 27.3387025]}, "properties": {"external_id": "osm:node/4991952134", "kind": "school", "name": "Bouddha Pra V", "name_ne": "", "tags": {"amenity": "school", "name": "Bouddha Pra V"}}}, {"type": "Feature", "geometry": {"type": "Point", "coordinates": [86.5670769, 27.3059645]}, "properties": {"external_id": "osm:node/4991971963", "kind": "school", "name": "Parijatsmriti Ni Ma V", "name_ne": "", "tags": {"amenity": "school", "name": "Parijatsmriti Ni Ma V"}}}, {"type": "Feature", "geometry": {"type": "Point", "coordinates": [86.463036, 27.2113318]}, "properties": {"external_id": "osm:node/4991995176", "kind": "school", "name": "Sri Devisthan Ni Ma Vi", "name_ne": "", "tags": {"amenity": "school", "name": "Sri Devisthan Ni Ma Vi"}}}, {"type": "Feature", "geometry": {"type": "Point", "coordinates": [86.5552146, 27.235197]}, "properties": {"external_id": "osm:node/4992120278", "kind": "school", "name": "Ishwori Pra Vi", "name_ne": "", "tags": {"amenity": "school", "name": "Ishwori Pra Vi"}}}, {"type": "Feature", "geometry": {"type": "Point", "coordinates": [86.5030708, 27.3134429]}, "properties": {"external_id": "osm:node/4992171518", "kind": "school", "name": "Shri Bal Mandir Pra V", "name_ne": "", "tags": {"amenity": "school", "name": "Shri Bal Mandir Pra V"}}}, {"type": "Feature", "geometry": {"type": "Point", "coordinates": [86.6660318, 27.3057013]}, "properties": {"external_id": "osm:node/4993900672", "kind": "school", "name": "Navadurga Pra Vi", "name_ne": "", "tags": {"amenity": "school", "name": "Navadurga Pra Vi"}}}, {"type": "Feature", "geometry": {"type": "Point", "coordinates": [86.4698968, 27.3602921]}, "properties": {"external_id": "osm:node/4993912822", "kind": "school", "name": "Bhanu Pra Vi", "name_ne": "", "tags": {"amenity": "school", "name": "Bhanu Pra Vi"}}}, {"type": "Feature", "geometry": {"type": "Point", "coordinates": [86.4587586, 27.3854689]}, "properties": {"external_id": "osm:node/4993912835", "kind": "school", "name": "Shree Jarana Pra Vi", "name_ne": "", "tags": {"amenity": "school", "name": "Shree Jarana Pra Vi"}}}, {"type": "Feature", "geometry": {"type": "Point", "coordinates": [86.4681054, 27.3727372]}, "properties": {"external_id": "osm:node/4993925231", "kind": "school", "name": "Binda Basini Pra Vi", "name_ne": "", "tags": {"amenity": "school", "name": "Binda Basini Pra Vi"}}}, {"type": "Feature", "geometry": {"type": "Point", "coordinates": [86.6036651, 27.33065]}, "properties": {"external_id": "osm:node/4994233301", "kind": "settlement", "name": "Ratmate", "name_ne": "रातमाटे", "tags": {"name": "Ratmate", "name:ne": "रातमाटे", "place": "hamlet"}}}, {"type": "Feature", "geometry": {"type": "Point", "coordinates": [86.6019249, 27.3141188]}, "properties": {"external_id": "osm:node/4994239852", "kind": "school", "name": "Jalpa Uccha Ma V", "name_ne": "", "tags": {"amenity": "school", "name": "Jalpa Uccha Ma V"}}}, {"type": "Feature", "geometry": {"type": "Point", "coordinates": [86.5928727, 27.3419651]}, "properties": {"external_id": "osm:node/4994242591", "kind": "school", "name": "Buddha Pra V", "name_ne": "", "tags": {"amenity": "school", "name": "Buddha Pra V"}}}, {"type": "Feature", "geometry": {"type": "Point", "coordinates": [86.5440051, 27.3091227]}, "properties": {"external_id": "osm:node/4994287337", "kind": "school", "name": "Bhagwati Pra V", "name_ne": "", "tags": {"amenity": "school", "name": "Bhagwati Pra V"}}}, {"type": "Feature", "geometry": {"type": "Point", "coordinates": [86.5433835, 27.3001858]}, "properties": {"external_id": "osm:node/4994288946", "kind": "school", "name": "Kalika Devi Pra V", "name_ne": "", "tags": {"amenity": "school", "name": "Kalika Devi Pra V"}}}, {"type": "Feature", "geometry": {"type": "Point", "coordinates": [86.6179435, 27.3178147]}, "properties": {"external_id": "osm:node/4994313115", "kind": "school", "name": "Serna Ni Ma V", "name_ne": "", "tags": {"amenity": "school", "name": "Serna Ni Ma V"}}}, {"type": "Feature", "geometry": {"type": "Point", "coordinates": [86.580901, 27.2429353]}, "properties": {"external_id": "osm:node/4994458452", "kind": "school", "name": "Jeevanjyoti Pra Vi", "name_ne": "", "tags": {"amenity": "school", "name": "Jeevanjyoti Pra Vi"}}}, {"type": "Feature", "geometry": {"type": "Point", "coordinates": [86.5713042, 27.2410294]}, "properties": {"external_id": "osm:node/4994461949", "kind": "school", "name": "Janchetan Ma Vi", "name_ne": "", "tags": {"amenity": "school", "name": "Janchetan Ma Vi"}}}, {"type": "Feature", "geometry": {"type": "Point", "coordinates": [86.5910966, 27.2515514]}, "properties": {"external_id": "osm:node/4994480437", "kind": "school", "name": "Karkaldevi Ni Ma Vi", "name_ne": "", "tags": {"amenity": "school", "name": "Karkaldevi Ni Ma Vi"}}}, {"type": "Feature", "geometry": {"type": "Point", "coordinates": [86.5637077, 27.2404804]}, "properties": {"external_id": "osm:node/4994483163", "kind": "school", "name": "Adarsha Pra Vi", "name_ne": "", "tags": {"amenity": "school", "name": "Adarsha Pra Vi"}}}, {"type": "Feature", "geometry": {"type": "Point", "coordinates": [86.5729795, 27.2553275]}, "properties": {"external_id": "osm:node/4994577095", "kind": "settlement", "name": "Thulachhap", "name_ne": "ठुलाछाप", "tags": {"name": "Thulachhap", "name:ne": "ठुलाछाप", "place": "village"}}}, {"type": "Feature", "geometry": {"type": "Point", "coordinates": [86.584164, 27.2576476]}, "properties": {"external_id": "osm:node/4994581811", "kind": "school", "name": "Rakta Mala Pra Vi", "name_ne": "", "tags": {"amenity": "school", "name": "Rakta Mala Pra Vi"}}}, {"type": "Feature", "geometry": {"type": "Point", "coordinates": [86.5449487, 27.2709617]}, "properties": {"external_id": "osm:node/4994583995", "kind": "school", "name": "Annadaswori Pra Vi", "name_ne": "", "tags": {"amenity": "school", "name": "Annadaswori Pra Vi"}}}, {"type": "Feature", "geometry": {"type": "Point", "coordinates": [86.5556926, 27.267987]}, "properties": {"external_id": "osm:node/4994591960", "kind": "school", "name": "Renuka Pra Vi", "name_ne": "", "tags": {"amenity": "school", "name": "Renuka Pra Vi"}}}, {"type": "Feature", "geometry": {"type": "Point", "coordinates": [86.4869299, 27.2089602]}, "properties": {"external_id": "osm:node/4995984423", "kind": "school", "name": "Sandesh Pra V", "name_ne": "", "tags": {"amenity": "school", "name": "Sandesh Pra V"}}}, {"type": "Feature", "geometry": {"type": "Point", "coordinates": [86.490248, 27.2354393]}, "properties": {"external_id": "osm:node/4995990484", "kind": "school", "name": "Shano Jhure Pra V", "name_ne": "", "tags": {"amenity": "school", "name": "Shano Jhure Pra V"}}}, {"type": "Feature", "geometry": {"type": "Point", "coordinates": [86.4919298, 27.2188161]}, "properties": {"external_id": "osm:node/4996004947", "kind": "school", "name": "Shree Rajyalaxmi Secondary School", "name_ne": "", "tags": {"amenity": "school", "name": "Shree Rajyalaxmi Pra V", "name:en": "Shree Rajyalaxmi Secondary School"}}}, {"type": "Feature", "geometry": {"type": "Point", "coordinates": [86.5523219, 27.301313]}, "properties": {"external_id": "osm:node/4996051124", "kind": "school", "name": "Rumjatar Campus", "name_ne": "", "tags": {"amenity": "school", "name": "Rumjatar Campus"}}}, {"type": "Feature", "geometry": {"type": "Point", "coordinates": [86.5736939, 27.255184]}, "properties": {"external_id": "osm:node/4996056596", "kind": "school", "name": "Uma katuwal Campus", "name_ne": "", "tags": {"amenity": "school", "name": "Uma katuwal Campus"}}}, {"type": "Feature", "geometry": {"type": "Point", "coordinates": [86.9178104, 27.9688883]}, "properties": {"external_id": "osm:node/5058632244", "kind": "tourism", "name": "Camp 3S", "name_ne": "", "tags": {"name": "Camp 3S", "tourism": "camp_site"}}}, {"type": "Feature", "geometry": {"type": "Point", "coordinates": [86.9322553, 27.2011582]}, "properties": {"external_id": "osm:node/5059757722", "kind": "settlement", "name": "Nagi", "name_ne": "नागी", "tags": {"name": "नागी", "name:en": "Nagi", "name:ne": "नागी", "place": "hamlet"}}}, {"type": "Feature", "geometry": {"type": "Point", "coordinates": [87.0084405, 27.2020358]}, "properties": {"external_id": "osm:node/5060267919", "kind": "settlement", "name": "Dawa", "name_ne": "दावा", "tags": {"name": "दावा", "name:en": "Dawa", "name:ne": "दावा", "place": "village"}}}, {"type": "Feature", "geometry": {"type": "Point", "coordinates": [86.7185475, 27.6905655]}, "properties": {"external_id": "osm:node/5084206125", "kind": "tourism", "name": "DANFE LODGE", "name_ne": "", "tags": {"name:en": "DANFE LODGE", "tourism": "guest_house"}}}, {"type": "Feature", "geometry": {"type": "Point", "coordinates": [86.7136309, 27.7184583]}, "properties": {"external_id": "osm:node/5084206126", "kind": "tourism", "name": "Sherpa's view point", "name_ne": "", "tags": {"name:en": "Sherpa's view point", "tourism": "guest_house"}}}, {"type": "Feature", "geometry": {"type": "Point", "coordinates": [86.7143861, 27.7183651]}, "properties": {"external_id": "osm:node/5084214122", "kind": "tourism", "name": "Holiday", "name_ne": "", "tags": {"name:en": "Holiday", "tourism": "guest_house"}}}, {"type": "Feature", "geometry": {"type": "Point", "coordinates": [86.7183736, 27.6910535]}, "properties": {"external_id": "osm:node/5084218524", "kind": "tourism", "name": "Green Tara", "name_ne": "", "tags": {"name:en": "Green Tara", "tourism": "guest_house"}}}, {"type": "Feature", "geometry": {"type": "Point", "coordinates": [86.7154864, 27.7186614]}, "properties": {"external_id": "osm:node/5084218525", "kind": "tourism", "name": "SAINO", "name_ne": "", "tags": {"name:en": "SAINO", "tourism": "guest_house"}}}, {"type": "Feature", "geometry": {"type": "Point", "coordinates": [86.7160481, 27.7182433]}, "properties": {"external_id": "osm:node/5084223124", "kind": "tourism", "name": "Mountain Kusum Khangkari", "name_ne": "", "tags": {"name:en": "Mountain Kusum Khangkari", "tourism": "guest_house"}}}, {"type": "Feature", "geometry": {"type": "Point", "coordinates": [86.7229757, 27.7712673]}, "properties": {"external_id": "osm:node/5171074426", "kind": "tourism", "name": "Mt Kailash Lodge", "name_ne": "", "tags": {"name:en": "Mt Kailash Lodge", "tourism": "guest_house"}}}, {"type": "Feature", "geometry": {"type": "Point", "coordinates": [86.8278624, 27.8904507]}, "properties": {"external_id": "osm:node/5182880323", "kind": "tourism", "name": "Himalayan Culture Home Lodge", "name_ne": "", "tags": {"name:en": "Himalayan Culture Home Lodge", "tourism": "guest_house"}}}, {"type": "Feature", "geometry": {"type": "Point", "coordinates": [86.7161524, 27.9018802]}, "properties": {"external_id": "osm:node/5191084721", "kind": "tourism", "name": "Tashi Dele Lodge & Restaurant", "name_ne": "", "tags": {"name:en": "Tashi Dele Lodge & Restaurant", "tourism": "guest_house"}}}, {"type": "Feature", "geometry": {"type": "Point", "coordinates": [86.7291665, 27.8670652]}, "properties": {"external_id": "osm:node/5198121721", "kind": "tourism", "name": "Riverside Lodge & Restaurant", "name_ne": "", "tags": {"name:en": "Riverside Lodge & Restaurant", "tourism": "guest_house"}}}, {"type": "Feature", "geometry": {"type": "Point", "coordinates": [87.0808482, 27.8101715]}, "properties": {"external_id": "osm:node/5215050620", "kind": "settlement", "name": "Sherlali", "name_ne": "शेर लाली", "tags": {"name": "शेर लाली", "name:en": "Sherlali", "name:ne": "शेर लाली", "place": "locality"}}}, {"type": "Feature", "geometry": {"type": "Point", "coordinates": [86.4725451, 27.8590363]}, "properties": {"external_id": "osm:node/5223422672", "kind": "settlement", "name": "Chukyima", "name_ne": "", "tags": {"name": "Chukyima", "place": "isolated_dwelling"}}}, {"type": "Feature", "geometry": {"type": "Point", "coordinates": [86.4726216, 27.8589759]}, "properties": {"external_id": "osm:node/5223422673", "kind": "tourism", "name": "", "name_ne": "", "tags": {"tourism": "camp_site"}}}, {"type": "Feature", "geometry": {"type": "Point", "coordinates": [86.4692903, 27.8632466]}, "properties": {"external_id": "osm:node/5223422674", "kind": "tourism", "name": "", "name_ne": "", "tags": {"tourism": "camp_site"}}}, {"type": "Feature", "geometry": {"type": "Point", "coordinates": [86.5201463, 27.8320673]}, "properties": {"external_id": "osm:node/5223535427", "kind": "tourism", "name": "Glacier Camp", "name_ne": "", "tags": {"name": "Glacier Camp", "tourism": "camp_site"}}}, {"type": "Feature", "geometry": {"type": "Point", "coordinates": [86.5527527, 27.8473663]}, "properties": {"external_id": "osm:node/5224183913", "kind": "tourism", "name": "Tashi Labtsa Camp", "name_ne": "", "tags": {"name": "Tashi Labtsa Camp", "tourism": "camp_site"}}}, {"type": "Feature", "geometry": {"type": "Point", "coordinates": [86.6033041, 27.825058]}, "properties": {"external_id": "osm:node/5224230327", "kind": "settlement", "name": "Thyangbo", "name_ne": "", "tags": {"name": "Thyangbo", "place": "hamlet"}}}, {"type": "Feature", "geometry": {"type": "Point", "coordinates": [86.8487946, 27.9996646]}, "properties": {"external_id": "osm:node/5225912921", "kind": "tourism", "name": "Everest Base Camp", "name_ne": "", "tags": {"name": "Everest Base Camp", "name:en": "Everest Base Camp", "tourism": "camp_site"}}}, {"type": "Feature", "geometry": {"type": "Point", "coordinates": [86.7162156, 27.7614546]}, "properties": {"external_id": "osm:node/5227560025", "kind": "tourism", "name": "Tashi Guest House", "name_ne": "", "tags": {"name:en": "Tashi Guest House", "tourism": "guest_house"}}}, {"type": "Feature", "geometry": {"type": "Point", "coordinates": [86.709842, 27.8051755]}, "properties": {"external_id": "osm:node/5227617621", "kind": "tourism", "name": "Valley View Lodge", "name_ne": "", "tags": {"name:en": "Valley View Lodge", "tourism": "guest_house"}}}, {"type": "Feature", "geometry": {"type": "Point", "coordinates": [86.7161736, 27.7614232]}, "properties": {"external_id": "osm:node/5234016822", "kind": "tourism", "name": "Himalayan Guest House", "name_ne": "", "tags": {"name:en": "Himalayan Guest House", "tourism": "guest_house"}}}, {"type": "Feature", "geometry": {"type": "Point", "coordinates": [86.7094312, 27.2632008]}, "properties": {"external_id": "osm:node/5283054825", "kind": "tourism", "name": "Kharpa Ishwari pokharel House", "name_ne": "", "tags": {"name:en": "Kharpa Ishwari pokharel House", "operator": "Ishwari pd . pokharel", "tourism": "guest_house"}}}, {"type": "Feature", "geometry": {"type": "Point", "coordinates": [86.8278499, 27.8903797]}, "properties": {"external_id": "osm:node/5289268322", "kind": "tourism", "name": "Moonlight Lodge", "name_ne": "", "tags": {"name:en": "Moonlight Lodge", "tourism": "guest_house"}}}, {"type": "Feature", "geometry": {"type": "Point", "coordinates": [86.5497241, 27.4018716]}, "properties": {"external_id": "osm:node/5448007735", "kind": "police", "name": "Patale Police Office", "name_ne": "", "tags": {"amenity": "police", "name:en": "Patale Police Office"}}}, {"type": "Feature", "geometry": {"type": "Point", "coordinates": [86.5498544, 27.4020485]}, "properties": {"external_id": "osm:node/5448009526", "kind": "tourism", "name": "Himal Darshal Hôtel", "name_ne": "", "tags": {"name:en": "Himal Darshal Hôtel", "tourism": "alpine_hut"}}}, {"type": "Feature", "geometry": {"type": "Point", "coordinates": [86.720332, 27.9407532]}, "properties": {"external_id": "osm:node/5491797412", "kind": "settlement", "name": "Dragnag", "name_ne": "ड्रागनाग", "tags": {"name": "ड्रागनाग", "name:en": "Dragnag", "name:ne": "ड्रागनाग", "place": "hamlet"}}}, {"type": "Feature", "geometry": {"type": "Point", "coordinates": [86.7299687, 27.8673308]}, "properties": {"external_id": "osm:node/5530636121", "kind": "tourism", "name": "Dole", "name_ne": "", "tags": {"name:en": "Dole", "tourism": "guest_house"}}}, {"type": "Feature", "geometry": {"type": "Point", "coordinates": [86.710201, 27.6047359]}, "properties": {"external_id": "osm:node/5549408522", "kind": "tourism", "name": "Namaste Hotel and Restaurant", "name_ne": "", "tags": {"name:en": "Namaste Hotel and Restaurant", "tourism": "guest_house"}}}, {"type": "Feature", "geometry": {"type": "Point", "coordinates": [86.5861054, 27.5037454]}, "properties": {"external_id": "osm:node/5549408523", "kind": "tourism", "name": "Sailendra Guesthouse", "name_ne": "", "tags": {"name:en": "Sailendra Guesthouse", "tourism": "guest_house"}}}, {"type": "Feature", "geometry": {"type": "Point", "coordinates": [86.6099067, 27.5914825]}, "properties": {"external_id": "osm:node/5549423221", "kind": "tourism", "name": "Sherpa Fast Food Lodge", "name_ne": "", "tags": {"name:en": "Sherpa Fast Food Lodge", "tourism": "guest_house"}}}, {"type": "Feature", "geometry": {"type": "Point", "coordinates": [86.7115351, 27.8049923]}, "properties": {"external_id": "osm:node/5549807723", "kind": "tourism", "name": "AD Friendship Lodge", "name_ne": "", "tags": {"name:en": "AD Friendship Lodge", "tourism": "guest_house"}}}, {"type": "Feature", "geometry": {"type": "Point", "coordinates": [86.6936844, 27.9533441]}, "properties": {"external_id": "osm:node/5556563142", "kind": "tourism", "name": "Thanka Inn and Restaurant and Gallery", "name_ne": "", "tags": {"name:en": "Thanka Inn and Restaurant and Gallery", "tourism": "guest_house"}}}, {"type": "Feature", "geometry": {"type": "Point", "coordinates": [86.7235758, 27.7690295]}, "properties": {"external_id": "osm:node/5563137422", "kind": "tourism", "name": "Alpine Valley", "name_ne": "", "tags": {"name:en": "Alpine Valley", "tourism": "guest_house"}}}, {"type": "Feature", "geometry": {"type": "Point", "coordinates": [86.7283687, 27.6918281]}, "properties": {"external_id": "osm:node/5591982322", "kind": "tourism", "name": "Yak Hotel and Restaurant", "name_ne": "", "tags": {"name:en": "Yak Hotel and Restaurant", "tourism": "guest_house"}}}, {"type": "Feature", "geometry": {"type": "Point", "coordinates": [86.8345061, 27.5118188]}, "properties": {"external_id": "osm:node/5608573522", "kind": "tourism", "name": "Aay Bung", "name_ne": "", "tags": {"name:en": "Aay Bung", "tourism": "alpine_hut"}}}, {"type": "Feature", "geometry": {"type": "Point", "coordinates": [86.8740978, 27.4691512]}, "properties": {"external_id": "osm:node/5608574421", "kind": "tourism", "name": "Mahakulung lodge and shop", "name_ne": "", "tags": {"name:en": "Mahakulung lodge and shop", "tourism": "alpine_hut"}}}, {"type": "Feature", "geometry": {"type": "Point", "coordinates": [86.7094143, 27.2707455]}, "properties": {"external_id": "osm:node/5631638021", "kind": "school", "name": "Shree sharada higher sec. School", "name_ne": "", "tags": {"amenity": "school", "name:en": "Shree sharada higher sec. School"}}}, {"type": "Feature", "geometry": {"type": "Point", "coordinates": [86.7110285, 27.8041972]}, "properties": {"external_id": "osm:node/5641827927", "kind": "tourism", "name": "Himalayan Lodge", "name_ne": "", "tags": {"name:en": "Himalayan Lodge", "tourism": "guest_house"}}}, {"type": "Feature", "geometry": {"type": "Point", "coordinates": [86.6041555, 27.5876758]}, "properties": {"external_id": "osm:node/5724815922", "kind": "tourism", "name": "Sunrise lodge and restaurant", "name_ne": "", "tags": {"name:en": "Sunrise lodge and restaurant", "operator": "Lhakpa Sherpa", "tourism": "guest_house"}}}, {"type": "Feature", "geometry": {"type": "Point", "coordinates": [86.5432502, 27.3006892]}, "properties": {"external_id": "osm:node/5742357822", "kind": "health", "name": "Rumjatar Hospital", "name_ne": "", "tags": {"amenity": "hospital", "name:en": "Rumjatar Hospital"}}}, {"type": "Feature", "geometry": {"type": "Point", "coordinates": [86.5023702, 27.3197909]}, "properties": {"external_id": "osm:node/5742358722", "kind": "tourism", "name": "Hotel Sherpa", "name_ne": "", "tags": {"name:en": "Hotel Sherpa", "tourism": "hotel"}}}, {"type": "Feature", "geometry": {"type": "Point", "coordinates": [86.9347668, 27.9089791]}, "properties": {"external_id": "osm:node/5786165781", "kind": "tourism", "name": "Island Peak High Camp", "name_ne": "", "tags": {"name": "Island Peak High Camp", "tourism": "camp_site"}}}, {"type": "Feature", "geometry": {"type": "Point", "coordinates": [86.5856399, 27.5035377]}, "properties": {"external_id": "osm:node/5813967059", "kind": "tourism", "name": "Adarsha", "name_ne": "", "tags": {"name:en": "Adarsha", "tourism": "hostel"}}}, {"type": "Feature", "geometry": {"type": "Point", "coordinates": [86.7154897, 27.8247527]}, "properties": {"external_id": "osm:node/5813967155", "kind": "tourism", "name": "Mountain Sherpa Guide Lodge", "name_ne": "", "tags": {"name:en": "Mountain Sherpa Guide Lodge", "tourism": "hostel"}}}, {"type": "Feature", "geometry": {"type": "Point", "coordinates": [86.7159057, 27.8200037]}, "properties": {"external_id": "osm:node/5813978857", "kind": "tourism", "name": "Alpine Lodge", "name_ne": "", "tags": {"name:en": "Alpine Lodge", "tourism": "hostel"}}}, {"type": "Feature", "geometry": {"type": "Point", "coordinates": [86.7704098, 27.8397093]}, "properties": {"external_id": "osm:node/5858520230", "kind": "settlement", "name": "Deboche", "name_ne": "", "tags": {"name": "Deboche", "place": "village"}}}, {"type": "Feature", "geometry": {"type": "Point", "coordinates": [86.7446834, 27.8518995]}, "properties": {"external_id": "osm:node/5861473755", "kind": "settlement", "name": "Phortse Tenga", "name_ne": "", "tags": {"name": "Phortse Tenga", "place": "hamlet"}}}, {"type": "Feature", "geometry": {"type": "Point", "coordinates": [86.7387637, 27.8296075]}, "properties": {"external_id": "osm:node/5864146463", "kind": "settlement", "name": "Lawi Schyasa", "name_ne": "लवी स्यासा", "tags": {"name": "लवी स्यासा", "name:en": "Lawi Schyasa", "name:ne": "लवी स्यासा", "place": "hamlet"}}}, {"type": "Feature", "geometry": {"type": "Point", "coordinates": [86.5846209, 27.5061841]}, "properties": {"external_id": "osm:node/5960665785", "kind": "police", "name": "जिल्ला प्रहरी कार्यालय सोलुखुम्बु", "name_ne": "", "tags": {"amenity": "police", "name:en": "जिल्ला प्रहरी कार्यालय सोलुखुम्बु"}}}, {"type": "Feature", "geometry": {"type": "Point", "coordinates": [87.0600629, 27.9925636]}, "properties": {"external_id": "osm:node/5971401504", "kind": "settlement", "name": "珠峰东坡大本营", "name_ne": "", "tags": {"name": "珠峰东坡大本营", "place": "locality"}}}, {"type": "Feature", "geometry": {"type": "Point", "coordinates": [87.089189, 27.9875021]}, "properties": {"external_id": "osm:node/5971401505", "kind": "tourism", "name": "", "name_ne": "", "tags": {"tourism": "camp_site"}}}, {"type": "Feature", "geometry": {"type": "Point", "coordinates": [87.0897657, 27.9872984]}, "properties": {"external_id": "osm:node/5971401506", "kind": "settlement", "name": "Pethang", "name_ne": "", "tags": {"name": "白当", "name:en": "Pethang", "place": "locality"}}}, {"type": "Feature", "geometry": {"type": "Point", "coordinates": [86.7284396, 27.6911533]}, "properties": {"external_id": "osm:node/5971434785", "kind": "tourism", "name": "Hotel everest eco", "name_ne": "", "tags": {"name:en": "Hotel everest eco", "tourism": "hostel"}}}, {"type": "Feature", "geometry": {"type": "Point", "coordinates": [86.5855989, 27.5026365]}, "properties": {"external_id": "osm:node/6006073986", "kind": "tourism", "name": "", "name_ne": "", "tags": {"tourism": "guest_house"}}}, {"type": "Feature", "geometry": {"type": "Point", "coordinates": [86.6475889, 27.8372002]}, "properties": {"external_id": "osm:node/6019522285", "kind": "tourism", "name": "Thame Teng Guesthouse & restaraunt", "name_ne": "", "tags": {"name:en": "Thame Teng Guesthouse & restaraunt", "tourism": "guest_house"}}}, {"type": "Feature", "geometry": {"type": "Point", "coordinates": [86.7732388, 27.9400617]}, "properties": {"external_id": "osm:node/6021176086", "kind": "tourism", "name": "Cholatse Guest House", "name_ne": "", "tags": {"name": "Cholatse Guest House", "name:en": "Cholatse Guest House", "tourism": "guest_house"}}}, {"type": "Feature", "geometry": {"type": "Point", "coordinates": [86.7729927, 27.9400055]}, "properties": {"external_id": "osm:node/6021176285", "kind": "tourism", "name": "Maison Sherpa", "name_ne": "", "tags": {"name:en": "Maison Sherpa", "tourism": "guest_house"}}}, {"type": "Feature", "geometry": {"type": "Point", "coordinates": [86.4849772, 27.8462753]}, "properties": {"external_id": "osm:node/6024730682", "kind": "tourism", "name": "", "name_ne": "", "tags": {"tourism": "camp_site"}}}, {"type": "Feature", "geometry": {"type": "Point", "coordinates": [86.7228958, 27.7730705]}, "properties": {"external_id": "osm:node/6046665806", "kind": "tourism", "name": "Rhododendron Lodge & Restaurant", "name_ne": "", "tags": {"amenity": "restaurant", "name": "Rhododendron Lodge & Restaurant", "tourism": "guest_house"}}}, {"type": "Feature", "geometry": {"type": "Point", "coordinates": [86.7311723, 27.823042]}, "properties": {"external_id": "osm:node/6048574143", "kind": "tourism", "name": "Ama Dablam View Lodge & Restaurant", "name_ne": "", "tags": {"amenity": "restaurant", "name": "Ama Dablam View Lodge & Restaurant", "tourism": "guest_house"}}}, {"type": "Feature", "geometry": {"type": "Point", "coordinates": [86.730342, 27.8254879]}, "properties": {"external_id": "osm:node/6048574144", "kind": "tourism", "name": "Sanasa Lodge & Restaurant", "name_ne": "", "tags": {"amenity": "restaurant", "name": "Sanasa Lodge & Restaurant", "tourism": "guest_house"}}}, {"type": "Feature", "geometry": {"type": "Point", "coordinates": [86.7232724, 27.7708874]}, "properties": {"external_id": "osm:node/6055645893", "kind": "tourism", "name": "Sherpa Lodge", "name_ne": "", "tags": {"name:en": "Sherpa Lodge", "tourism": "guest_house"}}}, {"type": "Feature", "geometry": {"type": "Point", "coordinates": [86.5471541, 27.5816925]}, "properties": {"external_id": "osm:node/6078675088", "kind": "tourism", "name": "Everest Lodge & Restaurant", "name_ne": "", "tags": {"name:en": "Everest Lodge & Restaurant", "tourism": "guest_house"}}}, {"type": "Feature", "geometry": {"type": "Point", "coordinates": [86.5469778, 27.5816924]}, "properties": {"external_id": "osm:node/6078675090", "kind": "school", "name": "Shree Junbesi Secondary School", "name_ne": "", "tags": {"amenity": "school", "name:en": "Shree Junbesi Secondary School"}}}, {"type": "Feature", "geometry": {"type": "Point", "coordinates": [86.8200131, 27.8528621]}, "properties": {"external_id": "osm:node/6078675694", "kind": "tourism", "name": "Ama Dablam Summit Lodge", "name_ne": "", "tags": {"name:en": "Ama Dablam Summit Lodge", "tourism": "guest_house"}}}, {"type": "Feature", "geometry": {"type": "Point", "coordinates": [86.5472958, 27.5815292]}, "properties": {"external_id": "osm:node/6078676685", "kind": "tourism", "name": "Sagarmatha Lodge & Restaurant", "name_ne": "", "tags": {"name:en": "Sagarmatha Lodge & Restaurant", "tourism": "guest_house"}}}, {"type": "Feature", "geometry": {"type": "Point", "coordinates": [86.7099477, 27.8050252]}, "properties": {"external_id": "osm:node/6078676687", "kind": "tourism", "name": "Hotel Namche", "name_ne": "", "tags": {"name:en": "Hotel Namche", "tourism": "guest_house"}}}, {"type": "Feature", "geometry": {"type": "Point", "coordinates": [86.6061066, 27.8241236]}, "properties": {"external_id": "osm:node/6078676691", "kind": "tourism", "name": "Phar-Chamo View Lodger", "name_ne": "", "tags": {"name:en": "Phar-Chamo View Lodger", "tourism": "guest_house"}}}, {"type": "Feature", "geometry": {"type": "Point", "coordinates": [86.6435555, 27.8297349]}, "properties": {"external_id": "osm:node/6078676692", "kind": "school", "name": "", "name_ne": "", "tags": {"amenity": "school"}}}, {"type": "Feature", "geometry": {"type": "Point", "coordinates": [86.8131552, 27.6632375]}, "properties": {"external_id": "osm:node/6092742985", "kind": "tourism", "name": "Lama Lodge", "name_ne": "", "tags": {"name:en": "Lama Lodge", "tourism": "guest_house"}}}, {"type": "Feature", "geometry": {"type": "Point", "coordinates": [86.6098434, 27.4870347]}, "properties": {"external_id": "osm:node/6135784994", "kind": "settlement", "name": "", "name_ne": "", "tags": {"place": "hamlet"}}}, {"type": "Feature", "geometry": {"type": "Point", "coordinates": [86.6770488, 27.5629313]}, "properties": {"external_id": "osm:node/6135785524", "kind": "settlement", "name": "Adderi", "name_ne": "अधेरी", "tags": {"name": "अधेरी", "name:en": "Adderi", "name:ne": "अधेरी", "place": "village"}}}, {"type": "Feature", "geometry": {"type": "Point", "coordinates": [86.7090792, 27.8045024]}, "properties": {"external_id": "osm:node/6142588466", "kind": "tourism", "name": "Yak Hotel & Restaurant", "name_ne": "", "tags": {"name": "Yak Hotel & Restaurant", "tourism": "guest_house"}}}, {"type": "Feature", "geometry": {"type": "Point", "coordinates": [86.5846801, 27.5126345]}, "properties": {"external_id": "osm:node/6148867185", "kind": "tourism", "name": "Mount Kailash Lodge", "name_ne": "", "tags": {"name:en": "Mount Kailash Lodge", "tourism": "guest_house"}}}, {"type": "Feature", "geometry": {"type": "Point", "coordinates": [87.0054908, 27.3731649]}, "properties": {"external_id": "osm:node/6176559385", "kind": "school", "name": "Chipchin Balsichan School", "name_ne": "", "tags": {"amenity": "school", "name:en": "Chipchin Balsichan School"}}}, {"type": "Feature", "geometry": {"type": "Point", "coordinates": [86.5350384, 27.387755]}, "properties": {"external_id": "osm:node/6176559785", "kind": "tourism", "name": "Magar Hotel and Lodge", "name_ne": "", "tags": {"name:en": "Magar Hotel and Lodge", "tourism": "guest_house"}}}, {"type": "Feature", "geometry": {"type": "Point", "coordinates": [86.5486224, 27.4087075]}, "properties": {"external_id": "osm:node/6178339190", "kind": "tourism", "name": "Himalayan Sherpa Lodge and Restaurant", "name_ne": "", "tags": {"name:en": "Himalayan Sherpa Lodge and Restaurant", "tourism": "guest_house"}}}, {"type": "Feature", "geometry": {"type": "Point", "coordinates": [86.5433935, 27.3944825]}, "properties": {"external_id": "osm:node/6178340687", "kind": "tourism", "name": "Nice View Lodge and Restaurant", "name_ne": "", "tags": {"name:en": "Nice View Lodge and Restaurant", "tourism": "guest_house"}}}, {"type": "Feature", "geometry": {"type": "Point", "coordinates": [86.7108744, 27.8047245]}, "properties": {"external_id": "osm:node/6342602990", "kind": "tourism", "name": "Family Lodge", "name_ne": "", "tags": {"name:en": "Family Lodge", "operator": "Ana Dawa Sherpa", "tourism": "guest_house"}}}, {"type": "Feature", "geometry": {"type": "Point", "coordinates": [86.7106494, 27.8046865]}, "properties": {"external_id": "osm:node/6342603098", "kind": "tourism", "name": "Hotel Sherpaland", "name_ne": "", "tags": {"name:en": "Hotel Sherpaland", "tourism": "guest_house"}}}, {"type": "Feature", "geometry": {"type": "Point", "coordinates": [86.7236496, 27.8238655]}, "properties": {"external_id": "osm:node/6384301685", "kind": "tourism", "name": "Khumjung Guest House", "name_ne": "", "tags": {"name:en": "Khumjung Guest House", "tourism": "guest_house"}}}, {"type": "Feature", "geometry": {"type": "Point", "coordinates": [86.5928131, 27.557297]}, "properties": {"external_id": "osm:node/6427718386", "kind": "tourism", "name": "Ferra fast food lodge and restaurant", "name_ne": "", "tags": {"name:en": "Ferra fast food lodge and restaurant", "tourism": "guest_house"}}}, {"type": "Feature", "geometry": {"type": "Point", "coordinates": [86.6035266, 27.5857992]}, "properties": {"external_id": "osm:node/6427746186", "kind": "school", "name": "", "name_ne": "", "tags": {"amenity": "school"}}}, {"type": "Feature", "geometry": {"type": "Point", "coordinates": [86.5971918, 27.5348522]}, "properties": {"external_id": "osm:node/6427746885", "kind": "tourism", "name": "Chiwang ABC lodge and restaurant", "name_ne": "", "tags": {"name:en": "Chiwang ABC lodge and restaurant", "tourism": "hotel"}}}, {"type": "Feature", "geometry": {"type": "Point", "coordinates": [86.7108942, 27.8054241]}, "properties": {"external_id": "osm:node/6452255985", "kind": "tourism", "name": "Lhasa Guest House", "name_ne": "", "tags": {"name:en": "Lhasa Guest House", "tourism": "guest_house"}}}, {"type": "Feature", "geometry": {"type": "Point", "coordinates": [86.73056, 27.6890709]}, "properties": {"external_id": "osm:node/6453466985", "kind": "tourism", "name": "Alpine Lodge", "name_ne": "", "tags": {"name:en": "Alpine Lodge", "tourism": "guest_house"}}}, {"type": "Feature", "geometry": {"type": "Point", "coordinates": [86.7941183, 27.8571193]}, "properties": {"external_id": "osm:node/6453467085", "kind": "tourism", "name": "Sonam Lodge", "name_ne": "", "tags": {"name:en": "Sonam Lodge", "tourism": "guest_house"}}}, {"type": "Feature", "geometry": {"type": "Point", "coordinates": [86.7480346, 27.3579992]}, "properties": {"external_id": "osm:node/6461637786", "kind": "tourism", "name": "Aainselukhatka Pahunaghar Hotel and Restaurant", "name_ne": "", "tags": {"name:en": "Aainselukhatka Pahunaghar Hotel and Restaurant", "tourism": "guest_house"}}}, {"type": "Feature", "geometry": {"type": "Point", "coordinates": [87.0807481, 27.8099939]}, "properties": {"external_id": "osm:node/6468145106", "kind": "tourism", "name": "", "name_ne": "", "tags": {"tourism": "camp_site"}}}, {"type": "Feature", "geometry": {"type": "Point", "coordinates": [86.7873791, 27.5005614]}, "properties": {"external_id": "osm:node/6520531685", "kind": "school", "name": "Lidhunga Primary School", "name_ne": "", "tags": {"amenity": "school", "name:en": "Lidhunga Primary School"}}}, {"type": "Feature", "geometry": {"type": "Point", "coordinates": [86.5784513, 27.4865487]}, "properties": {"external_id": "osm:node/6620661587", "kind": "tourism", "name": "Numa Hotel & Khaja Ghar", "name_ne": "", "tags": {"name:en": "Numa Hotel & Khaja Ghar", "operator": "Birkaji Rajbhandari", "tourism": "hotel"}}}, {"type": "Feature", "geometry": {"type": "Point", "coordinates": [86.7934913, 27.2286423]}, "properties": {"external_id": "osm:node/6645390049", "kind": "settlement", "name": "", "name_ne": "", "tags": {"place": "village"}}}, {"type": "Feature", "geometry": {"type": "Point", "coordinates": [86.7512328, 27.8471908]}, "properties": {"external_id": "osm:node/6837510585", "kind": "tourism", "name": "Tashi Friendship Lodge", "name_ne": "", "tags": {"name:en": "Tashi Friendship Lodge", "tourism": "guest_house"}}}, {"type": "Feature", "geometry": {"type": "Point", "coordinates": [86.8199792, 27.8936202]}, "properties": {"external_id": "osm:node/6853603088", "kind": "tourism", "name": "Himalayan Hotel", "name_ne": "", "tags": {"name": "Himalayan Lodge", "name:en": "Himalayan Hotel", "tourism": "guest_house"}}}, {"type": "Feature", "geometry": {"type": "Point", "coordinates": [86.6770242, 27.8234142]}, "properties": {"external_id": "osm:node/6865260085", "kind": "tourism", "name": "Mountain Resort", "name_ne": "", "tags": {"name:en": "Mountain Resort", "tourism": "guest_house"}}}, {"type": "Feature", "geometry": {"type": "Point", "coordinates": [86.7104774, 27.8051171]}, "properties": {"external_id": "osm:node/6865968785", "kind": "tourism", "name": "Footrest Lodge", "name_ne": "", "tags": {"name:en": "Footrest Lodge", "tourism": "guest_house"}}}, {"type": "Feature", "geometry": {"type": "Point", "coordinates": [86.5500987, 27.4024537]}, "properties": {"external_id": "osm:node/6875574486", "kind": "tourism", "name": "Ayush Hotel", "name_ne": "", "tags": {"name:en": "Ayush Hotel", "tourism": "hotel"}}}, {"type": "Feature", "geometry": {"type": "Point", "coordinates": [86.5873692, 27.5056162]}, "properties": {"external_id": "osm:node/6875574489", "kind": "tourism", "name": "Hotel Adawanda", "name_ne": "", "tags": {"name:en": "Hotel Adawanda", "tourism": "guest_house"}}}, {"type": "Feature", "geometry": {"type": "Point", "coordinates": [86.5597447, 27.4409097]}, "properties": {"external_id": "osm:node/6875591287", "kind": "tourism", "name": "", "name_ne": "", "tags": {"tourism": "guest_house"}}}, {"type": "Feature", "geometry": {"type": "Point", "coordinates": [86.5481614, 27.4047465]}, "properties": {"external_id": "osm:node/6875591389", "kind": "tourism", "name": "Himalaya Eco Home", "name_ne": "", "tags": {"name:en": "Himalaya Eco Home", "tourism": "hotel"}}}, {"type": "Feature", "geometry": {"type": "Point", "coordinates": [86.5596265, 27.44076]}, "properties": {"external_id": "osm:node/6875591390", "kind": "tourism", "name": "", "name_ne": "", "tags": {"tourism": "guest_house"}}}, {"type": "Feature", "geometry": {"type": "Point", "coordinates": [86.5843223, 27.5001696]}, "properties": {"external_id": "osm:node/6875591392", "kind": "tourism", "name": "", "name_ne": "", "tags": {"tourism": "hostel"}}}, {"type": "Feature", "geometry": {"type": "Point", "coordinates": [86.5886361, 27.5056666]}, "properties": {"external_id": "osm:node/6875591393", "kind": "tourism", "name": "", "name_ne": "", "tags": {"tourism": "guest_house"}}}, {"type": "Feature", "geometry": {"type": "Point", "coordinates": [86.5845664, 27.5139654]}, "properties": {"external_id": "osm:node/6885404286", "kind": "tourism", "name": "Kirat Hotel Lodge and Restaurant", "name_ne": "", "tags": {"name:en": "Kirat Hotel Lodge and Restaurant", "tourism": "guest_house"}}}, {"type": "Feature", "geometry": {"type": "Point", "coordinates": [86.584583, 27.513879]}, "properties": {"external_id": "osm:node/6885404287", "kind": "tourism", "name": "Hotel Sunshine", "name_ne": "", "tags": {"name:en": "Hotel Sunshine", "tourism": "guest_house"}}}, {"type": "Feature", "geometry": {"type": "Point", "coordinates": [86.5844963, 27.5138202]}, "properties": {"external_id": "osm:node/6885404288", "kind": "tourism", "name": "Rokding Hotel & Lodge", "name_ne": "", "tags": {"name:en": "Rokding Hotel & Lodge", "tourism": "guest_house"}}}, {"type": "Feature", "geometry": {"type": "Point", "coordinates": [86.5845809, 27.5137108]}, "properties": {"external_id": "osm:node/6885404289", "kind": "tourism", "name": "Namaste Hotel & Restaurant", "name_ne": "", "tags": {"name:en": "Namaste Hotel & Restaurant", "tourism": "guest_house"}}}, {"type": "Feature", "geometry": {"type": "Point", "coordinates": [86.5848185, 27.5136366]}, "properties": {"external_id": "osm:node/6885404290", "kind": "tourism", "name": "Sofiya Hotel & Lodge", "name_ne": "", "tags": {"name:en": "Sofiya Hotel & Lodge", "tourism": "guest_house"}}}, {"type": "Feature", "geometry": {"type": "Point", "coordinates": [86.5845762, 27.513588]}, "properties": {"external_id": "osm:node/6885404291", "kind": "tourism", "name": "Hotel Phaplu Lodge & Restaurant", "name_ne": "", "tags": {"name:en": "Hotel Phaplu Lodge & Restaurant", "tourism": "guest_house"}}}, {"type": "Feature", "geometry": {"type": "Point", "coordinates": [86.5847372, 27.5130537]}, "properties": {"external_id": "osm:node/6885404292", "kind": "tourism", "name": "Airport Hotel Lodge & Restaurant", "name_ne": "", "tags": {"name:en": "Airport Hotel Lodge & Restaurant", "tourism": "guest_house"}}}, {"type": "Feature", "geometry": {"type": "Point", "coordinates": [86.5848631, 27.5141808]}, "properties": {"external_id": "osm:node/6885406685", "kind": "tourism", "name": "Shangri-La Guesthouse", "name_ne": "", "tags": {"name:en": "Shangri-La Guesthouse", "tourism": "guest_house"}}}, {"type": "Feature", "geometry": {"type": "Point", "coordinates": [86.5847982, 27.5137166]}, "properties": {"external_id": "osm:node/6885406686", "kind": "tourism", "name": "Thamserku Lodge & Restaurant", "name_ne": "", "tags": {"name:en": "Thamserku Lodge & Restaurant", "tourism": "guest_house"}}}, {"type": "Feature", "geometry": {"type": "Point", "coordinates": [86.5951285, 27.5372578]}, "properties": {"external_id": "osm:node/6885413885", "kind": "tourism", "name": "Scenic Rock View Lodge & Restaurant", "name_ne": "", "tags": {"name:en": "Scenic Rock View Lodge & Restaurant", "tourism": "guest_house"}}}, {"type": "Feature", "geometry": {"type": "Point", "coordinates": [86.7079225, 27.6042447]}, "properties": {"external_id": "osm:node/6885413886", "kind": "tourism", "name": "Peaceful Lodge & Restaurant", "name_ne": "", "tags": {"name:en": "Peaceful Lodge & Restaurant", "tourism": "guest_house"}}}, {"type": "Feature", "geometry": {"type": "Point", "coordinates": [86.7139531, 27.6362775]}, "properties": {"external_id": "osm:node/6885417686", "kind": "tourism", "name": "Thamdanda Guest House", "name_ne": "", "tags": {"name:en": "Thamdanda Guest House", "tourism": "guest_house"}}}, {"type": "Feature", "geometry": {"type": "Point", "coordinates": [86.7139453, 27.6363978]}, "properties": {"external_id": "osm:node/6885418385", "kind": "tourism", "name": "Mountain View Lodge", "name_ne": "", "tags": {"name:en": "Mountain View Lodge", "operator": "Pemba Sherpa", "tourism": "guest_house"}}}, {"type": "Feature", "geometry": {"type": "Point", "coordinates": [86.7140741, 27.6526575]}, "properties": {"external_id": "osm:node/6885419885", "kind": "tourism", "name": "Shrestha Guest House & Restaurant", "name_ne": "", "tags": {"name:en": "Shrestha Guest House & Restaurant", "tourism": "guest_house"}}}, {"type": "Feature", "geometry": {"type": "Point", "coordinates": [86.5845168, 27.514093]}, "properties": {"external_id": "osm:node/6885419886", "kind": "tourism", "name": "Bijay & Bikash Hotel", "name_ne": "", "tags": {"name:en": "Bijay & Bikash Hotel", "tourism": "guest_house"}}}, {"type": "Feature", "geometry": {"type": "Point", "coordinates": [86.5845351, 27.5140407]}, "properties": {"external_id": "osm:node/6885419887", "kind": "tourism", "name": "Khumbila Hotel & Lodge", "name_ne": "", "tags": {"name:en": "Khumbila Hotel & Lodge", "tourism": "guest_house"}}}, {"type": "Feature", "geometry": {"type": "Point", "coordinates": [86.7105387, 27.8049576]}, "properties": {"external_id": "osm:node/6897688185", "kind": "tourism", "name": "Mountain Dreams", "name_ne": "", "tags": {"name:en": "Mountain Dreams", "tourism": "guest_house"}}}, {"type": "Feature", "geometry": {"type": "Point", "coordinates": [86.7876004, 27.8566608]}, "properties": {"external_id": "osm:node/6920139287", "kind": "tourism", "name": "Shyar Khumbu Beyul Lodge & Restaurant", "name_ne": "", "tags": {"name:en": "Shyar Khumbu Beyul Lodge & Restaurant", "tourism": "guest_house"}}}, {"type": "Feature", "geometry": {"type": "Point", "coordinates": [86.7110755, 27.8054029]}, "properties": {"external_id": "osm:node/6924446487", "kind": "tourism", "name": "Tamang Hotel", "name_ne": "", "tags": {"name:en": "Tamang Hotel", "tourism": "guest_house"}}}, {"type": "Feature", "geometry": {"type": "Point", "coordinates": [86.7109636, 27.8055463]}, "properties": {"external_id": "osm:node/6924470986", "kind": "tourism", "name": "Namche Bazaar Guest House & Restaurant", "name_ne": "", "tags": {"name:en": "Namche Bazaar Guest House & Restaurant", "tourism": "guest_house"}}}, {"type": "Feature", "geometry": {"type": "Point", "coordinates": [86.7114214, 27.8051294]}, "properties": {"external_id": "osm:node/6924470987", "kind": "tourism", "name": "Mt. Kailash Lodge & Restaurant", "name_ne": "", "tags": {"name:en": "Mt. Kailash Lodge & Restaurant", "tourism": "guest_house"}}}, {"type": "Feature", "geometry": {"type": "Point", "coordinates": [86.711656, 27.804929]}, "properties": {"external_id": "osm:node/6924473585", "kind": "tourism", "name": "Sakura Guest House", "name_ne": "", "tags": {"name:en": "Sakura Guest House", "tourism": "guest_house"}}}, {"type": "Feature", "geometry": {"type": "Point", "coordinates": [86.6941329, 27.9535983]}, "properties": {"external_id": "osm:node/6951834186", "kind": "tourism", "name": "Ngawang Friendship Lodge & Restaurant", "name_ne": "", "tags": {"name:en": "Ngawang Friendship Lodge & Restaurant", "operator": "Gajendra Rai", "tourism": "guest_house"}}}, {"type": "Feature", "geometry": {"type": "Point", "coordinates": [86.7315132, 27.8213832]}, "properties": {"external_id": "osm:node/6951834187", "kind": "tourism", "name": "Dream Garden Lodge & Restaurant", "name_ne": "", "tags": {"name:en": "Dream Garden Lodge & Restaurant", "operator": "Nawang Karsang & Mingma Doma Sherpa", "tourism": "guest_house"}}}, {"type": "Feature", "geometry": {"type": "Point", "coordinates": [86.5845231, 27.5153203]}, "properties": {"external_id": "osm:node/6951865985", "kind": "tourism", "name": "Hotel Dream Lodge & Restaurant", "name_ne": "", "tags": {"name:en": "Hotel Dream Lodge & Restaurant", "operator": "Sonam Sherpa", "tourism": "hotel"}}}, {"type": "Feature", "geometry": {"type": "Point", "coordinates": [86.6021647, 27.5826383]}, "properties": {"external_id": "osm:node/6957187985", "kind": "tourism", "name": "garden view lodge & restaurant", "name_ne": "", "tags": {"name:en": "garden view lodge & restaurant", "tourism": "guest_house"}}}, {"type": "Feature", "geometry": {"type": "Point", "coordinates": [86.5724086, 27.4450081]}, "properties": {"external_id": "osm:node/6959122188", "kind": "settlement", "name": "Salme Bazar", "name_ne": "", "tags": {"name": "Salme Bazar", "place": "hamlet"}}}, {"type": "Feature", "geometry": {"type": "Point", "coordinates": [86.7116029, 27.8049147]}, "properties": {"external_id": "osm:node/6978805685", "kind": "tourism", "name": "Sona Lodge", "name_ne": "", "tags": {"name:en": "Sona Lodge", "tourism": "guest_house"}}}, {"type": "Feature", "geometry": {"type": "Point", "coordinates": [86.7296594, 27.6893391]}, "properties": {"external_id": "osm:node/7003631085", "kind": "tourism", "name": "Dreamland Lodge", "name_ne": "", "tags": {"name:en": "Dreamland Lodge", "tourism": "guest_house"}}}, {"type": "Feature", "geometry": {"type": "Point", "coordinates": [86.7210042, 27.9412656]}, "properties": {"external_id": "osm:node/7014092590", "kind": "tourism", "name": "Tashi friendship lodge & restaurant", "name_ne": "", "tags": {"name:en": "Tashi friendship lodge & restaurant", "tourism": "guest_house"}}}, {"type": "Feature", "geometry": {"type": "Point", "coordinates": [86.5057309, 27.3218909]}, "properties": {"external_id": "osm:node/7021270289", "kind": "tourism", "name": "Green Hotel", "name_ne": "", "tags": {"name:en": "Green Hotel", "operator": "Sanjiv", "tourism": "hotel"}}}, {"type": "Feature", "geometry": {"type": "Point", "coordinates": [86.6492786, 27.8317147]}, "properties": {"external_id": "osm:node/7030686485", "kind": "tourism", "name": "Valley View Lodge", "name_ne": "", "tags": {"name:en": "Valley View Lodge", "tourism": "guest_house"}}}, {"type": "Feature", "geometry": {"type": "Point", "coordinates": [86.6480942, 27.8365307]}, "properties": {"external_id": "osm:node/7054808849", "kind": "tourism", "name": "Sonam Guest House and Restaurant", "name_ne": "", "tags": {"name": "Sonam Guest House and Restaurant", "tourism": "guest_house"}}}, {"type": "Feature", "geometry": {"type": "Point", "coordinates": [86.7198075, 27.8251086]}, "properties": {"external_id": "osm:node/7077420086", "kind": "tourism", "name": "Hill Top View Hotel & Restaurant", "name_ne": "", "tags": {"name:en": "Hill Top View Hotel & Restaurant", "tourism": "guest_house"}}}, {"type": "Feature", "geometry": {"type": "Point", "coordinates": [86.5806909, 27.4917222]}, "properties": {"external_id": "osm:node/7140574585", "kind": "tourism", "name": "Sakura guest house", "name_ne": "", "tags": {"name:en": "Sakura guest house", "tourism": "guest_house"}}}, {"type": "Feature", "geometry": {"type": "Point", "coordinates": [86.6528833, 27.8320571]}, "properties": {"external_id": "osm:node/8086699217", "kind": "tourism", "name": "Third pole lodge and restaurant", "name_ne": "", "tags": {"name:en": "Third pole lodge and restaurant", "tourism": "guest_house"}}}, {"type": "Feature", "geometry": {"type": "Point", "coordinates": [86.6359842, 27.4381897]}, "properties": {"external_id": "osm:node/8221119379", "kind": "town", "name": "Nele Bazar", "name_ne": "", "tags": {"name": "Nele Bazar", "place": "town"}}}, {"type": "Feature", "geometry": {"type": "Point", "coordinates": [86.844495, 27.6170174]}, "properties": {"external_id": "osm:node/8225569443", "kind": "settlement", "name": "Khola Kharka", "name_ne": "चोलेखर्क", "tags": {"name": "चोलेखर्क", "name:en": "Khola Kharka", "name:ne": "चोलेखर्क", "place": "isolated_dwelling"}}}, {"type": "Feature", "geometry": {"type": "Point", "coordinates": [86.8389224, 27.5817699]}, "properties": {"external_id": "osm:node/8225570267", "kind": "settlement", "name": "Cholem", "name_ne": "", "tags": {"name": "Cholem", "place": "isolated_dwelling"}}}, {"type": "Feature", "geometry": {"type": "Point", "coordinates": [86.7763603, 27.6417337]}, "properties": {"external_id": "osm:node/8225571364", "kind": "settlement", "name": "Thuli Kharka", "name_ne": "ठुली खर्क", "tags": {"name": "ठुली खर्क", "name:en": "Thuli Kharka", "name:ne": "ठुली खर्क", "place": "isolated_dwelling"}}}, {"type": "Feature", "geometry": {"type": "Point", "coordinates": [86.8031231, 27.6415172]}, "properties": {"external_id": "osm:node/8225571368", "kind": "settlement", "name": "Thaktok", "name_ne": "थाक टोक", "tags": {"name": "थाक टोक", "name:en": "Thaktok", "name:ne": "थाक टोक", "place": "isolated_dwelling"}}}, {"type": "Feature", "geometry": {"type": "Point", "coordinates": [87.0635495, 27.5453228]}, "properties": {"external_id": "osm:node/8235840983", "kind": "settlement", "name": "Khonguwa", "name_ne": "", "tags": {"name": "Khonguwa", "place": "village"}}}, {"type": "Feature", "geometry": {"type": "Point", "coordinates": [87.059778, 27.8556084]}, "properties": {"external_id": "osm:node/8365456320", "kind": "tourism", "name": "Swiss Base Camp", "name_ne": "", "tags": {"name:en": "Swiss Base Camp", "tourism": "camp_site"}}}, {"type": "Feature", "geometry": {"type": "Point", "coordinates": [86.5021114, 27.3171833]}, "properties": {"external_id": "osm:node/8420179717", "kind": "tourism", "name": "Ganga Bijaya hotel & lodge", "name_ne": "", "tags": {"name:en": "Ganga Bijaya hotel & lodge", "tourism": "guest_house"}}}, {"type": "Feature", "geometry": {"type": "Point", "coordinates": [86.8133533, 27.5646431]}, "properties": {"external_id": "osm:node/8526733117", "kind": "tourism", "name": "Chara Khor", "name_ne": "", "tags": {"name:en": "Chara Khor", "tourism": "guest_house"}}}, {"type": "Feature", "geometry": {"type": "Point", "coordinates": [86.5020698, 27.3170903]}, "properties": {"external_id": "osm:node/8563307817", "kind": "tourism", "name": "Gangabijaya hotel & lodge", "name_ne": "", "tags": {"name:en": "Gangabijaya hotel & lodge", "tourism": "guest_house"}}}, {"type": "Feature", "geometry": {"type": "Point", "coordinates": [86.5926293, 27.5144779]}, "properties": {"external_id": "osm:node/8566432417", "kind": "school", "name": "Phaplu Community School", "name_ne": "", "tags": {"amenity": "school", "name:en": "Phaplu Community School"}}}, {"type": "Feature", "geometry": {"type": "Point", "coordinates": [86.5060817, 27.3223748]}, "properties": {"external_id": "osm:node/8567221617", "kind": "tourism", "name": "Pathivara Guest House", "name_ne": "", "tags": {"name:en": "Pathivara Guest House", "tourism": "guest_house"}}}, {"type": "Feature", "geometry": {"type": "Point", "coordinates": [86.8315535, 27.5155283]}, "properties": {"external_id": "osm:node/8599096817", "kind": "tourism", "name": "Mahakulung hotel and lodge", "name_ne": "", "tags": {"name:en": "Mahakulung hotel and lodge", "tourism": "hotel"}}}, {"type": "Feature", "geometry": {"type": "Point", "coordinates": [86.9253258, 27.9857291]}, "properties": {"external_id": "osm:node/8692283570", "kind": "settlement", "name": "希拉里台阶", "name_ne": "", "tags": {"name": "希拉里台阶", "place": "locality"}}}, {"type": "Feature", "geometry": {"type": "Point", "coordinates": [86.5648026, 27.3516337]}, "properties": {"external_id": "osm:node/8812588587", "kind": "settlement", "name": "Gairhigaon", "name_ne": "", "tags": {"name": "Gairhigaon", "place": "village"}}}, {"type": "Feature", "geometry": {"type": "Point", "coordinates": [86.5302782, 27.4157764]}, "properties": {"external_id": "osm:node/8812605737", "kind": "settlement", "name": "Lakhop", "name_ne": "", "tags": {"name": "Lakhop", "place": "village"}}}, {"type": "Feature", "geometry": {"type": "Point", "coordinates": [86.5418819, 27.4351976]}, "properties": {"external_id": "osm:node/8812605738", "kind": "settlement", "name": "Kerung", "name_ne": "केरुङ", "tags": {"name": "केरुङ", "name:en": "Kerung", "name:ne": "केरुङ", "place": "village"}}}, {"type": "Feature", "geometry": {"type": "Point", "coordinates": [86.5848967, 27.4310103]}, "properties": {"external_id": "osm:node/8812605739", "kind": "settlement", "name": "Tingnasa", "name_ne": "टिंगनासा", "tags": {"name": "टिंगनासा", "name:en": "Tingnasa", "name:ne": "टिंगनासा", "place": "hamlet"}}}, {"type": "Feature", "geometry": {"type": "Point", "coordinates": [86.607529, 27.41565]}, "properties": {"external_id": "osm:node/8812605740", "kind": "settlement", "name": "Tingla", "name_ne": "", "tags": {"name": "Tingla", "place": "hamlet"}}}, {"type": "Feature", "geometry": {"type": "Point", "coordinates": [86.5603633, 27.4799359]}, "properties": {"external_id": "osm:node/8812605741", "kind": "settlement", "name": "khoria", "name_ne": "खोरिया", "tags": {"name": "खोरिया", "name:en": "khoria", "name:ne": "खोरिया", "place": "hamlet"}}}, {"type": "Feature", "geometry": {"type": "Point", "coordinates": [86.5867895, 27.4773137]}, "properties": {"external_id": "osm:node/8812605742", "kind": "settlement", "name": "Chhukyamu", "name_ne": "", "tags": {"name": "Chhukyamu", "place": "hamlet"}}}, {"type": "Feature", "geometry": {"type": "Point", "coordinates": [86.5720433, 27.4581303]}, "properties": {"external_id": "osm:node/8812605743", "kind": "settlement", "name": "Garma", "name_ne": "", "tags": {"name": "Garma", "place": "village"}}}, {"type": "Feature", "geometry": {"type": "Point", "coordinates": [86.6311645, 27.4346012]}, "properties": {"external_id": "osm:node/8862882918", "kind": "settlement", "name": "Thumse Danda", "name_ne": "ठुम्से डण्डा", "tags": {"name": "ठुम्से डण्डा", "name:en": "Thumse Danda", "name:ne": "ठुम्से डण्डा", "place": "locality"}}}, {"type": "Feature", "geometry": {"type": "Point", "coordinates": [86.723774, 27.9240065]}, "properties": {"external_id": "osm:node/8962356810", "kind": "settlement", "name": "", "name_ne": "", "tags": {"place": "isolated_dwelling"}}}, {"type": "Feature", "geometry": {"type": "Point", "coordinates": [86.7178199, 27.8112401]}, "properties": {"external_id": "osm:node/8974408543", "kind": "tourism", "name": "Everest Sherpa Resort", "name_ne": "", "tags": {"name": "Everest Sherpa Resort", "tourism": "guest_house"}}}, {"type": "Feature", "geometry": {"type": "Point", "coordinates": [86.6155045, 27.6313125]}, "properties": {"external_id": "osm:node/9034719017", "kind": "tourism", "name": "Numbur Guest House", "name_ne": "", "tags": {"name:en": "Numbur Guest House", "tourism": "guest_house"}}}, {"type": "Feature", "geometry": {"type": "Point", "coordinates": [86.4602192, 27.2118201]}, "properties": {"external_id": "osm:node/9039977389", "kind": "settlement", "name": "", "name_ne": "", "tags": {"place": "hamlet"}}}, {"type": "Feature", "geometry": {"type": "Point", "coordinates": [86.5315092, 27.2051172]}, "properties": {"external_id": "osm:node/9039977390", "kind": "settlement", "name": "", "name_ne": "", "tags": {"place": "hamlet"}}}, {"type": "Feature", "geometry": {"type": "Point", "coordinates": [86.7165928, 27.9031504]}, "properties": {"external_id": "osm:node/9215468317", "kind": "tourism", "name": "Lodge in Machermo", "name_ne": "", "tags": {"name:en": "Lodge in Machermo", "tourism": "guest_house"}}}, {"type": "Feature", "geometry": {"type": "Point", "coordinates": [86.9436386, 27.8007524]}, "properties": {"external_id": "osm:node/9293673017", "kind": "tourism", "name": "Seto Pokhari", "name_ne": "", "tags": {"name:en": "Seto Pokhari", "tourism": "camp_site"}}}, {"type": "Feature", "geometry": {"type": "Point", "coordinates": [86.4755023, 27.4421317]}, "properties": {"external_id": "osm:node/9585403217", "kind": "tourism", "name": "Himalayan Lama Hotel", "name_ne": "", "tags": {"name:en": "Himalayan Lama Hotel", "tourism": "hotel"}}}, {"type": "Feature", "geometry": {"type": "Point", "coordinates": [86.6115623, 27.6186842]}, "properties": {"external_id": "osm:node/9608322417", "kind": "settlement", "name": "Bhedigoth", "name_ne": "", "tags": {"name:en": "Bhedigoth", "place": "locality"}}}, {"type": "Feature", "geometry": {"type": "Point", "coordinates": [86.6112005, 27.6207631]}, "properties": {"external_id": "osm:node/9608324017", "kind": "settlement", "name": "Sarkaripati", "name_ne": "", "tags": {"name:en": "Sarkaripati", "place": "locality"}}}, {"type": "Feature", "geometry": {"type": "Point", "coordinates": [86.7057979, 27.8227692]}, "properties": {"external_id": "osm:node/9623421017", "kind": "tourism", "name": "Sherpa Rest House", "name_ne": "", "tags": {"name:en": "Sherpa Rest House", "tourism": "guest_house"}}}, {"type": "Feature", "geometry": {"type": "Point", "coordinates": [86.716088, 27.8217949]}, "properties": {"external_id": "osm:node/9623421117", "kind": "tourism", "name": "Sherpa Land Lodge & Restaurant", "name_ne": "", "tags": {"name:en": "Sherpa Land Lodge & Restaurant", "tourism": "guest_house"}}}, {"type": "Feature", "geometry": {"type": "Point", "coordinates": [86.7241842, 27.7715399]}, "properties": {"external_id": "osm:node/9644505017", "kind": "tourism", "name": "Monju View Point Lodge & Restaurant", "name_ne": "", "tags": {"name:en": "Monju View Point Lodge & Restaurant", "tourism": "guest_house"}}}, {"type": "Feature", "geometry": {"type": "Point", "coordinates": [86.7194484, 27.6721538]}, "properties": {"external_id": "osm:node/9644506017", "kind": "tourism", "name": "Summit Lodge & Restaurant", "name_ne": "सुम्मित लोज एंड रेस्टुर्यान्ट", "tags": {"name": "सुम्मित लोज एंड रेस्टुर्यान्ट", "name:en": "Summit Lodge & Restaurant", "name:ne": "सुम्मित लोज एंड रेस्टुर्यान्ट", "tourism": "guest_house"}}}, {"type": "Feature", "geometry": {"type": "Point", "coordinates": [86.6262365, 27.9195938]}, "properties": {"external_id": "osm:node/9679946617", "kind": "tourism", "name": "Arya guesthouse", "name_ne": "", "tags": {"name:en": "Arya guesthouse", "tourism": "guest_house"}}}, {"type": "Feature", "geometry": {"type": "Point", "coordinates": [86.5471238, 27.581776]}, "properties": {"external_id": "osm:node/9861542017", "kind": "tourism", "name": "Hotel Kunsal", "name_ne": "", "tags": {"name:en": "Hotel Kunsal", "tourism": "guest_house"}}}, {"type": "Feature", "geometry": {"type": "Point", "coordinates": [86.7300559, 27.6891583]}, "properties": {"external_id": "osm:node/10112942317", "kind": "tourism", "name": "", "name_ne": "", "tags": {"tourism": "guest_house"}}}, {"type": "Feature", "geometry": {"type": "Point", "coordinates": [86.9237581, 27.8581765]}, "properties": {"external_id": "osm:node/10159602690", "kind": "tourism", "name": "Amphu Laptsa La BC South 2", "name_ne": "", "tags": {"name": "Amphu Laptsa La BC South 2", "tourism": "camp_site"}}}, {"type": "Feature", "geometry": {"type": "Point", "coordinates": [86.8297316, 27.8922333]}, "properties": {"external_id": "osm:node/10200956817", "kind": "tourism", "name": "Royal Sisa Khola Lodge & Restaurant", "name_ne": "", "tags": {"name:en": "Royal Sisa Khola Lodge & Restaurant", "tourism": "guest_house"}}}, {"type": "Feature", "geometry": {"type": "Point", "coordinates": [86.5971088, 27.51499]}, "properties": {"external_id": "osm:node/10219947817", "kind": "tourism", "name": "Garikhasa", "name_ne": "", "tags": {"name:en": "Garikhasa", "tourism": "guest_house"}}}, {"type": "Feature", "geometry": {"type": "Point", "coordinates": [86.8285131, 27.8907187]}, "properties": {"external_id": "osm:node/10289618809", "kind": "tourism", "name": "Tashi Delek Lodge and Restaurant", "name_ne": "", "tags": {"name:en": "Tashi Delek Lodge and Restaurant", "tourism": "guest_house"}}}, {"type": "Feature", "geometry": {"type": "Point", "coordinates": [86.6372879, 27.3064522]}, "properties": {"external_id": "osm:node/10303856909", "kind": "police", "name": "Police station", "name_ne": "", "tags": {"amenity": "police", "name:en": "Police station"}}}, {"type": "Feature", "geometry": {"type": "Point", "coordinates": [86.6378948, 27.3109526]}, "properties": {"external_id": "osm:node/10305115390", "kind": "tourism", "name": "Shrestha Hotel", "name_ne": "श्रेष्ठ होटल", "tags": {"name": "Shrestha Hotel", "name:ne": "श्रेष्ठ होटल", "tourism": "hotel"}}}, {"type": "Feature", "geometry": {"type": "Point", "coordinates": [86.6735128, 27.3223218]}, "properties": {"external_id": "osm:node/10310505410", "kind": "school", "name": "Queveer School", "name_ne": "", "tags": {"amenity": "school", "name:en": "Queveer School"}}}, {"type": "Feature", "geometry": {"type": "Point", "coordinates": [86.4761304, 27.4416495]}, "properties": {"external_id": "osm:node/10566671110", "kind": "settlement", "name": "Jhapre", "name_ne": "", "tags": {"name:en": "Jhapre", "place": "hamlet"}}}, {"type": "Feature", "geometry": {"type": "Point", "coordinates": [86.5350573, 27.3875381]}, "properties": {"external_id": "osm:node/10566671111", "kind": "settlement", "name": "Dhap", "name_ne": "", "tags": {"name:en": "Dhap", "place": "hamlet"}}}, {"type": "Feature", "geometry": {"type": "Point", "coordinates": [86.4765631, 27.4419248]}, "properties": {"external_id": "osm:node/10566672609", "kind": "tourism", "name": "Panorama View Hotel", "name_ne": "", "tags": {"name:en": "Panorama View Hotel", "tourism": "guest_house"}}}, {"type": "Feature", "geometry": {"type": "Point", "coordinates": [86.711117, 27.8067396]}, "properties": {"external_id": "osm:node/10657608605", "kind": "tourism", "name": "Khumbtse Lodge", "name_ne": "", "tags": {"name:en": "Khumbtse Lodge", "tourism": "hostel"}}}, {"type": "Feature", "geometry": {"type": "Point", "coordinates": [86.7293092, 27.689674]}, "properties": {"external_id": "osm:node/10750458305", "kind": "tourism", "name": "Hikers Inn", "name_ne": "", "tags": {"name": "Hikers Inn", "tourism": "guest_house"}}}, {"type": "Feature", "geometry": {"type": "Point", "coordinates": [86.7289863, 27.6899829]}, "properties": {"external_id": "osm:node/10750458306", "kind": "tourism", "name": "Kongde View Lodge", "name_ne": "", "tags": {"name:en": "Kongde View Lodge", "tourism": "guest_house"}}}, {"type": "Feature", "geometry": {"type": "Point", "coordinates": [86.7311323, 27.6884601]}, "properties": {"external_id": "osm:node/10750463525", "kind": "tourism", "name": "Namaste Lodge", "name_ne": "", "tags": {"name": "Namaste Lodge", "tourism": "guest_house"}}}, {"type": "Feature", "geometry": {"type": "Point", "coordinates": [86.7121747, 27.7456509]}, "properties": {"external_id": "osm:node/10763425424", "kind": "tourism", "name": "Hotel Sherpa Phakding", "name_ne": "", "tags": {"name": "Hotel Sherpa Phakding", "tourism": "guest_house"}}}, {"type": "Feature", "geometry": {"type": "Point", "coordinates": [86.6521902, 27.8317966]}, "properties": {"external_id": "osm:node/10772437805", "kind": "tourism", "name": "Tibetan Guest House", "name_ne": "", "tags": {"name:en": "Tibetan Guest House", "tourism": "guest_house"}}}, {"type": "Feature", "geometry": {"type": "Point", "coordinates": [86.8780263, 27.7445108]}, "properties": {"external_id": "osm:node/10778307505", "kind": "tourism", "name": "Snowland Lodge & Restaurant Khare", "name_ne": "", "tags": {"name": "Snowland Lodge & Restaurant Khare", "name:en": "Snowland Lodge & Restaurant Khare", "tourism": "hotel"}}}, {"type": "Feature", "geometry": {"type": "Point", "coordinates": [86.7313412, 27.8662682]}, "properties": {"external_id": "osm:node/10787234501", "kind": "tourism", "name": "Dole View Point Lodge & Restaurant", "name_ne": "", "tags": {"name": "Dole View Point Lodge & Restaurant", "tourism": "guest_house"}}}, {"type": "Feature", "geometry": {"type": "Point", "coordinates": [86.7105883, 27.8049085]}, "properties": {"external_id": "osm:node/10840977505", "kind": "tourism", "name": "Namaste lodge", "name_ne": "", "tags": {"name:en": "Namaste lodge", "tourism": "guest_house"}}}, {"type": "Feature", "geometry": {"type": "Point", "coordinates": [86.7281207, 27.6901874]}, "properties": {"external_id": "osm:node/10841617811", "kind": "tourism", "name": "Hotel Norling Lodge & Restaurant", "name_ne": "", "tags": {"name": "Hotel Norling Lodge & Restaurant", "tourism": "guest_house"}}}, {"type": "Feature", "geometry": {"type": "Point", "coordinates": [86.7104463, 27.8047919]}, "properties": {"external_id": "osm:node/10851785305", "kind": "tourism", "name": "Thawa lodge", "name_ne": "", "tags": {"name:en": "Thawa lodge", "tourism": "guest_house"}}}, {"type": "Feature", "geometry": {"type": "Point", "coordinates": [86.652223, 27.832363]}, "properties": {"external_id": "osm:node/10851788405", "kind": "tourism", "name": "Paradise lodge and restaurant", "name_ne": "", "tags": {"name:en": "Paradise lodge and restaurant", "tourism": "guest_house"}}}, {"type": "Feature", "geometry": {"type": "Point", "coordinates": [86.7293503, 27.6895755]}, "properties": {"external_id": "osm:node/10851798805", "kind": "tourism", "name": "hikers inn", "name_ne": "", "tags": {"name:en": "hikers inn", "tourism": "guest_house"}}}, {"type": "Feature", "geometry": {"type": "Point", "coordinates": [86.7176967, 27.5711058]}, "properties": {"external_id": "osm:node/10858121353", "kind": "settlement", "name": "Leldum", "name_ne": "", "tags": {"name": "Leldum", "place": "hamlet"}}}, {"type": "Feature", "geometry": {"type": "Point", "coordinates": [86.7149677, 27.5613149]}, "properties": {"external_id": "osm:node/10858121354", "kind": "settlement", "name": "Hil", "name_ne": "", "tags": {"name": "Hil", "place": "hamlet"}}}, {"type": "Feature", "geometry": {"type": "Point", "coordinates": [86.7235694, 27.5481025]}, "properties": {"external_id": "osm:node/10858121355", "kind": "settlement", "name": "Lakhu", "name_ne": "", "tags": {"name": "Lakhu", "place": "hamlet"}}}, {"type": "Feature", "geometry": {"type": "Point", "coordinates": [86.7213825, 27.544239]}, "properties": {"external_id": "osm:node/10858121356", "kind": "settlement", "name": "Sakarnam", "name_ne": "", "tags": {"name": "Sakarnam", "place": "hamlet"}}}, {"type": "Feature", "geometry": {"type": "Point", "coordinates": [86.7060197, 27.543911]}, "properties": {"external_id": "osm:node/10858121357", "kind": "settlement", "name": "Bodu", "name_ne": "", "tags": {"name": "Bodu", "place": "hamlet"}}}, {"type": "Feature", "geometry": {"type": "Point", "coordinates": [86.7033772, 27.5401933]}, "properties": {"external_id": "osm:node/10858121358", "kind": "settlement", "name": "Yasuka", "name_ne": "", "tags": {"name": "Yasuka", "place": "hamlet"}}}, {"type": "Feature", "geometry": {"type": "Point", "coordinates": [86.6927025, 27.5288352]}, "properties": {"external_id": "osm:node/10858121359", "kind": "settlement", "name": "Damku", "name_ne": "", "tags": {"name": "Damku", "place": "hamlet"}}}, {"type": "Feature", "geometry": {"type": "Point", "coordinates": [86.6934633, 27.5198189]}, "properties": {"external_id": "osm:node/10858121360", "kind": "settlement", "name": "Basa", "name_ne": "", "tags": {"name": "Basa", "place": "hamlet"}}}, {"type": "Feature", "geometry": {"type": "Point", "coordinates": [86.709546, 27.5126751]}, "properties": {"external_id": "osm:node/10858121361", "kind": "settlement", "name": "Korla", "name_ne": "", "tags": {"name": "Korla", "place": "hamlet"}}}, {"type": "Feature", "geometry": {"type": "Point", "coordinates": [86.7142752, 27.518525]}, "properties": {"external_id": "osm:node/10858121362", "kind": "settlement", "name": "Budhubar", "name_ne": "", "tags": {"name": "Budhubar", "place": "hamlet"}}}, {"type": "Feature", "geometry": {"type": "Point", "coordinates": [86.7150269, 27.5258054]}, "properties": {"external_id": "osm:node/10858121363", "kind": "settlement", "name": "Kamaldada", "name_ne": "", "tags": {"name": "Kamaldada", "place": "village"}}}, {"type": "Feature", "geometry": {"type": "Point", "coordinates": [86.7196695, 27.5280652]}, "properties": {"external_id": "osm:node/10858121364", "kind": "settlement", "name": "Khanigau", "name_ne": "", "tags": {"name": "Khanigau", "place": "hamlet"}}}, {"type": "Feature", "geometry": {"type": "Point", "coordinates": [86.722804, 27.5269445]}, "properties": {"external_id": "osm:node/10858121365", "kind": "settlement", "name": "Tamakhani", "name_ne": "", "tags": {"name": "Tamakhani", "place": "hamlet"}}}, {"type": "Feature", "geometry": {"type": "Point", "coordinates": [86.719223, 27.5177231]}, "properties": {"external_id": "osm:node/10858121366", "kind": "settlement", "name": "Phapare", "name_ne": "", "tags": {"name": "Phapare", "place": "hamlet"}}}, {"type": "Feature", "geometry": {"type": "Point", "coordinates": [86.7372192, 27.5136592]}, "properties": {"external_id": "osm:node/10858121367", "kind": "settlement", "name": "Rocham", "name_ne": "", "tags": {"name": "Rocham", "place": "hamlet"}}}, {"type": "Feature", "geometry": {"type": "Point", "coordinates": [86.7436705, 27.5233543]}, "properties": {"external_id": "osm:node/10858121368", "kind": "settlement", "name": "Dihi", "name_ne": "", "tags": {"name": "Dihi", "place": "hamlet"}}}, {"type": "Feature", "geometry": {"type": "Point", "coordinates": [86.744527, 27.5333775]}, "properties": {"external_id": "osm:node/10858121369", "kind": "settlement", "name": "Hakula", "name_ne": "", "tags": {"name": "Hakula", "place": "hamlet"}}}, {"type": "Feature", "geometry": {"type": "Point", "coordinates": [86.7530558, 27.5460614]}, "properties": {"external_id": "osm:node/10858121370", "kind": "settlement", "name": "Solaban", "name_ne": "", "tags": {"name": "Solaban", "place": "hamlet"}}}, {"type": "Feature", "geometry": {"type": "Point", "coordinates": [86.7515797, 27.5397742]}, "properties": {"external_id": "osm:node/10858121371", "kind": "settlement", "name": "Taptel", "name_ne": "", "tags": {"name": "Taptel", "place": "hamlet"}}}, {"type": "Feature", "geometry": {"type": "Point", "coordinates": [86.7507961, 27.5292771]}, "properties": {"external_id": "osm:node/10858121372", "kind": "settlement", "name": "Danki", "name_ne": "", "tags": {"name": "Danki", "place": "hamlet"}}}, {"type": "Feature", "geometry": {"type": "Point", "coordinates": [86.7653753, 27.5570232]}, "properties": {"external_id": "osm:node/10858121379", "kind": "settlement", "name": "Phurche", "name_ne": "", "tags": {"name": "Phurche", "place": "hamlet"}}}, {"type": "Feature", "geometry": {"type": "Point", "coordinates": [86.7775398, 27.5604948]}, "properties": {"external_id": "osm:node/10858121380", "kind": "settlement", "name": "Juge", "name_ne": "", "tags": {"name": "Juge", "place": "hamlet"}}}, {"type": "Feature", "geometry": {"type": "Point", "coordinates": [86.7836266, 27.5471959]}, "properties": {"external_id": "osm:node/10858121381", "kind": "settlement", "name": "Talkharka", "name_ne": "", "tags": {"name": "Talkharka", "place": "isolated_dwelling"}}}, {"type": "Feature", "geometry": {"type": "Point", "coordinates": [86.774706, 27.5477472]}, "properties": {"external_id": "osm:node/10858121382", "kind": "settlement", "name": "Tintale", "name_ne": "", "tags": {"name": "Tintale", "place": "hamlet"}}}, {"type": "Feature", "geometry": {"type": "Point", "coordinates": [86.7760546, 27.5345985]}, "properties": {"external_id": "osm:node/10858121383", "kind": "settlement", "name": "Menkhu", "name_ne": "", "tags": {"name": "Menkhu", "place": "hamlet"}}}, {"type": "Feature", "geometry": {"type": "Point", "coordinates": [86.7717719, 27.5308171]}, "properties": {"external_id": "osm:node/10858121384", "kind": "settlement", "name": "Chepel", "name_ne": "", "tags": {"name": "Chepel", "place": "hamlet"}}}, {"type": "Feature", "geometry": {"type": "Point", "coordinates": [86.7672432, 27.5222335]}, "properties": {"external_id": "osm:node/10858121385", "kind": "settlement", "name": "Malbu", "name_ne": "", "tags": {"name": "Malbu", "place": "hamlet"}}}, {"type": "Feature", "geometry": {"type": "Point", "coordinates": [86.7615665, 27.5243885]}, "properties": {"external_id": "osm:node/10858121386", "kind": "settlement", "name": "Chemedu", "name_ne": "", "tags": {"name": "Chemedu", "place": "hamlet"}}}, {"type": "Feature", "geometry": {"type": "Point", "coordinates": [86.7626234, 27.5115452]}, "properties": {"external_id": "osm:node/10858121387", "kind": "settlement", "name": "Komdel", "name_ne": "", "tags": {"name": "Komdel", "place": "hamlet"}}}, {"type": "Feature", "geometry": {"type": "Point", "coordinates": [86.7709245, 27.5185477]}, "properties": {"external_id": "osm:node/10858121388", "kind": "settlement", "name": "Khopkharka", "name_ne": "", "tags": {"name": "Khopkharka", "place": "hamlet"}}}, {"type": "Feature", "geometry": {"type": "Point", "coordinates": [86.7759224, 27.5229078]}, "properties": {"external_id": "osm:node/10858121389", "kind": "settlement", "name": "Dhungepani", "name_ne": "", "tags": {"name": "Dhungepani", "place": "hamlet"}}}, {"type": "Feature", "geometry": {"type": "Point", "coordinates": [86.791791, 27.5071896]}, "properties": {"external_id": "osm:node/10858121391", "kind": "settlement", "name": "Bakhabilam", "name_ne": "", "tags": {"name": "Bakhabilam", "place": "hamlet"}}}, {"type": "Feature", "geometry": {"type": "Point", "coordinates": [86.7940872, 27.5165841]}, "properties": {"external_id": "osm:node/10858121392", "kind": "settlement", "name": "Lidhunga", "name_ne": "", "tags": {"name": "Lidhunga", "place": "hamlet"}}}, {"type": "Feature", "geometry": {"type": "Point", "coordinates": [86.7972491, 27.5058957]}, "properties": {"external_id": "osm:node/10858121393", "kind": "settlement", "name": "Sotan", "name_ne": "", "tags": {"name": "Sotan", "place": "hamlet"}}}, {"type": "Feature", "geometry": {"type": "Point", "coordinates": [86.8153911, 27.5052761]}, "properties": {"external_id": "osm:node/10858121394", "kind": "settlement", "name": "Chekma", "name_ne": "", "tags": {"name": "Chekma", "place": "hamlet"}}}, {"type": "Feature", "geometry": {"type": "Point", "coordinates": [86.8121563, 27.5101146]}, "properties": {"external_id": "osm:node/10858121395", "kind": "settlement", "name": "Patle", "name_ne": "", "tags": {"name": "Patle", "place": "hamlet"}}}, {"type": "Feature", "geometry": {"type": "Point", "coordinates": [86.8090127, 27.5205843]}, "properties": {"external_id": "osm:node/10858121396", "kind": "settlement", "name": "Chakladu", "name_ne": "", "tags": {"name": "Chakladu", "place": "hamlet"}}}, {"type": "Feature", "geometry": {"type": "Point", "coordinates": [86.8422077, 27.5222973]}, "properties": {"external_id": "osm:node/10858121397", "kind": "settlement", "name": "Pelman", "name_ne": "", "tags": {"name": "Pelman", "place": "hamlet"}}}, {"type": "Feature", "geometry": {"type": "Point", "coordinates": [86.8454516, 27.527719]}, "properties": {"external_id": "osm:node/10858121398", "kind": "settlement", "name": "Gijahokharka", "name_ne": "", "tags": {"name": "Gijahokharka", "place": "hamlet"}}}, {"type": "Feature", "geometry": {"type": "Point", "coordinates": [86.853215, 27.5270994]}, "properties": {"external_id": "osm:node/10858121399", "kind": "settlement", "name": "Papelun", "name_ne": "", "tags": {"name": "Papelun", "place": "hamlet"}}}, {"type": "Feature", "geometry": {"type": "Point", "coordinates": [86.8579897, 27.5511915]}, "properties": {"external_id": "osm:node/10858121400", "kind": "settlement", "name": "Baklukharka", "name_ne": "", "tags": {"name": "Baklukharka", "place": "hamlet"}}}, {"type": "Feature", "geometry": {"type": "Point", "coordinates": [86.8639672, 27.5474328]}, "properties": {"external_id": "osm:node/10858121401", "kind": "settlement", "name": "Sisnekharka", "name_ne": "", "tags": {"name": "Sisnekharka", "place": "isolated_dwelling"}}}, {"type": "Feature", "geometry": {"type": "Point", "coordinates": [86.8780634, 27.5455876]}, "properties": {"external_id": "osm:node/10858121402", "kind": "settlement", "name": "Phawakharka", "name_ne": "", "tags": {"name": "Phawakharka", "place": "hamlet"}}}, {"type": "Feature", "geometry": {"type": "Point", "coordinates": [86.8803961, 27.5605495]}, "properties": {"external_id": "osm:node/10858121403", "kind": "settlement", "name": "Lamchomkharka", "name_ne": "", "tags": {"name": "Lamchomkharka", "place": "hamlet"}}}, {"type": "Feature", "geometry": {"type": "Point", "coordinates": [86.8816991, 27.5680578]}, "properties": {"external_id": "osm:node/10858121404", "kind": "settlement", "name": "Muddikharka", "name_ne": "", "tags": {"name": "Muddikharka", "place": "hamlet"}}}, {"type": "Feature", "geometry": {"type": "Point", "coordinates": [86.8903191, 27.5607409]}, "properties": {"external_id": "osm:node/10858125605", "kind": "settlement", "name": "Sirumlagoth", "name_ne": "", "tags": {"name": "Sirumlagoth", "place": "hamlet"}}}, {"type": "Feature", "geometry": {"type": "Point", "coordinates": [86.884378, 27.5514557]}, "properties": {"external_id": "osm:node/10858125606", "kind": "settlement", "name": "Chhiwalakharka", "name_ne": "", "tags": {"name": "Chhiwalakharka", "place": "hamlet"}}}, {"type": "Feature", "geometry": {"type": "Point", "coordinates": [86.8778538, 27.5339425]}, "properties": {"external_id": "osm:node/10858125607", "kind": "settlement", "name": "Khardo", "name_ne": "", "tags": {"name": "Khardo", "place": "village"}}}, {"type": "Feature", "geometry": {"type": "Point", "coordinates": [86.8723684, 27.532685]}, "properties": {"external_id": "osm:node/10858125608", "kind": "settlement", "name": "Lokchesko", "name_ne": "", "tags": {"name": "Lokchesko", "place": "hamlet"}}}, {"type": "Feature", "geometry": {"type": "Point", "coordinates": [86.8680129, 27.5271085]}, "properties": {"external_id": "osm:node/10858125609", "kind": "settlement", "name": "Chheskam", "name_ne": "", "tags": {"name": "Chheskam", "place": "village"}}}, {"type": "Feature", "geometry": {"type": "Point", "coordinates": [86.8687601, 27.512748]}, "properties": {"external_id": "osm:node/10858125610", "kind": "settlement", "name": "Luchcham", "name_ne": "", "tags": {"name": "Luchcham", "place": "village"}}}, {"type": "Feature", "geometry": {"type": "Point", "coordinates": [86.8613794, 27.5091031]}, "properties": {"external_id": "osm:node/10858125611", "kind": "settlement", "name": "Tumau", "name_ne": "", "tags": {"name": "Tumau", "place": "village"}}}, {"type": "Feature", "geometry": {"type": "Point", "coordinates": [86.8827652, 27.5045836]}, "properties": {"external_id": "osm:node/10858125612", "kind": "settlement", "name": "Saddi", "name_ne": "", "tags": {"name": "Saddi", "place": "hamlet"}}}, {"type": "Feature", "geometry": {"type": "Point", "coordinates": [86.8885878, 27.5219693]}, "properties": {"external_id": "osm:node/10858125613", "kind": "settlement", "name": "Bodiri", "name_ne": "", "tags": {"name": "Bodiri", "place": "hamlet"}}}, {"type": "Feature", "geometry": {"type": "Point", "coordinates": [86.89349, 27.5268169]}, "properties": {"external_id": "osm:node/10858125614", "kind": "settlement", "name": "Mamirku", "name_ne": "", "tags": {"name": "Mamirku", "place": "hamlet"}}}, {"type": "Feature", "geometry": {"type": "Point", "coordinates": [86.9011077, 27.541715]}, "properties": {"external_id": "osm:node/10858125615", "kind": "settlement", "name": "Bokswar", "name_ne": "", "tags": {"name": "Bokswar", "place": "hamlet"}}}, {"type": "Feature", "geometry": {"type": "Point", "coordinates": [86.9075408, 27.5494967]}, "properties": {"external_id": "osm:node/10858125616", "kind": "settlement", "name": "Miklakharka", "name_ne": "", "tags": {"name": "Miklakharka", "place": "hamlet"}}}, {"type": "Feature", "geometry": {"type": "Point", "coordinates": [87.019787, 27.5052032]}, "properties": {"external_id": "osm:node/10858125617", "kind": "settlement", "name": "Paukhamtar", "name_ne": "", "tags": {"name": "Paukhamtar", "place": "isolated_dwelling"}}}, {"type": "Feature", "geometry": {"type": "Point", "coordinates": [87.0413597, 27.5043649]}, "properties": {"external_id": "osm:node/10858125618", "kind": "settlement", "name": "Chitre", "name_ne": "", "tags": {"name": "Chitre", "place": "hamlet"}}}, {"type": "Feature", "geometry": {"type": "Point", "coordinates": [87.0268807, 27.5584674]}, "properties": {"external_id": "osm:node/10858125619", "kind": "settlement", "name": "Chhonrakha", "name_ne": "", "tags": {"name": "Chhonrakha", "place": "isolated_dwelling"}}}, {"type": "Feature", "geometry": {"type": "Point", "coordinates": [87.0452095, 27.5483918]}, "properties": {"external_id": "osm:node/10858125620", "kind": "settlement", "name": "Devithan", "name_ne": "", "tags": {"name": "Devithan", "place": "isolated_dwelling"}}}, {"type": "Feature", "geometry": {"type": "Point", "coordinates": [87.0469726, 27.5407765]}, "properties": {"external_id": "osm:node/10858125621", "kind": "settlement", "name": "Sikidim", "name_ne": "", "tags": {"name": "Sikidim", "place": "hamlet"}}}, {"type": "Feature", "geometry": {"type": "Point", "coordinates": [87.0668733, 27.5334322]}, "properties": {"external_id": "osm:node/10858125622", "kind": "settlement", "name": "Betini", "name_ne": "", "tags": {"name": "Betini", "place": "hamlet"}}}, {"type": "Feature", "geometry": {"type": "Point", "coordinates": [87.0573421, 27.5045472]}, "properties": {"external_id": "osm:node/10858125623", "kind": "settlement", "name": "Sankhaduk", "name_ne": "", "tags": {"name": "Sankhaduk", "place": "hamlet"}}}, {"type": "Feature", "geometry": {"type": "Point", "coordinates": [87.0638845, 27.5040278]}, "properties": {"external_id": "osm:node/10858125624", "kind": "settlement", "name": "Makruk", "name_ne": "", "tags": {"name": "Makruk", "place": "hamlet"}}}, {"type": "Feature", "geometry": {"type": "Point", "coordinates": [87.0703176, 27.5035631]}, "properties": {"external_id": "osm:node/10858125625", "kind": "settlement", "name": "Pelunma", "name_ne": "", "tags": {"name": "Pelunma", "place": "hamlet"}}}, {"type": "Feature", "geometry": {"type": "Point", "coordinates": [87.0824183, 27.5080097]}, "properties": {"external_id": "osm:node/10858125626", "kind": "settlement", "name": "Bala", "name_ne": "", "tags": {"name": "Bala", "place": "village"}}}, {"type": "Feature", "geometry": {"type": "Point", "coordinates": [87.0839856, 27.5238464]}, "properties": {"external_id": "osm:node/10858125627", "kind": "settlement", "name": "Dankhila", "name_ne": "", "tags": {"name": "Dankhila", "place": "hamlet"}}}, {"type": "Feature", "geometry": {"type": "Point", "coordinates": [87.0935441, 27.5377968]}, "properties": {"external_id": "osm:node/10858125628", "kind": "settlement", "name": "Saptel", "name_ne": "", "tags": {"name": "Saptel", "place": "hamlet"}}}, {"type": "Feature", "geometry": {"type": "Point", "coordinates": [87.0997312, 27.5301792]}, "properties": {"external_id": "osm:node/10858125629", "kind": "settlement", "name": "Yachamkha", "name_ne": "", "tags": {"name": "Yachamkha", "place": "hamlet"}}}, {"type": "Feature", "geometry": {"type": "Point", "coordinates": [87.0988746, 27.5145795]}, "properties": {"external_id": "osm:node/10858125630", "kind": "settlement", "name": "Ghyankharka", "name_ne": "", "tags": {"name": "Ghyankharka", "place": "hamlet"}}}, {"type": "Feature", "geometry": {"type": "Point", "coordinates": [86.7503223, 27.8640795]}, "properties": {"external_id": "osm:node/10858199191", "kind": "settlement", "name": "Kohanar", "name_ne": "", "tags": {"name": "Kohanar", "place": "isolated_dwelling"}}}, {"type": "Feature", "geometry": {"type": "Point", "coordinates": [86.7405268, 27.8342286]}, "properties": {"external_id": "osm:node/10858199192", "kind": "settlement", "name": "Selawa", "name_ne": "", "tags": {"name": "Selawa", "place": "hamlet"}}}, {"type": "Feature", "geometry": {"type": "Point", "coordinates": [86.7096827, 27.7474185]}, "properties": {"external_id": "osm:node/10858199193", "kind": "settlement", "name": "Gumela", "name_ne": "", "tags": {"name": "Gumela", "place": "village"}}}, {"type": "Feature", "geometry": {"type": "Point", "coordinates": [86.7066393, 27.7378873]}, "properties": {"external_id": "osm:node/10858199194", "kind": "settlement", "name": "Sano Gumela", "name_ne": "", "tags": {"name": "Sano Gumela", "place": "hamlet"}}}, {"type": "Feature", "geometry": {"type": "Point", "coordinates": [86.7148765, 27.7101869]}, "properties": {"external_id": "osm:node/10858199195", "kind": "settlement", "name": "Nachipan", "name_ne": "", "tags": {"name": "Nachipan", "place": "hamlet"}}}, {"type": "Feature", "geometry": {"type": "Point", "coordinates": [86.70735, 27.7067243]}, "properties": {"external_id": "osm:node/10858199196", "kind": "settlement", "name": "Syanjma", "name_ne": "", "tags": {"name": "Syanjma", "place": "hamlet"}}}, {"type": "Feature", "geometry": {"type": "Point", "coordinates": [86.7002427, 27.6897122]}, "properties": {"external_id": "osm:node/10858199197", "kind": "settlement", "name": "Tate", "name_ne": "", "tags": {"name": "Tate", "place": "hamlet"}}}, {"type": "Feature", "geometry": {"type": "Point", "coordinates": [86.729966, 27.6790056]}, "properties": {"external_id": "osm:node/10858199198", "kind": "settlement", "name": "Bom", "name_ne": "", "tags": {"name": "Bom", "place": "hamlet"}}}, {"type": "Feature", "geometry": {"type": "Point", "coordinates": [86.7130906, 27.6795159]}, "properties": {"external_id": "osm:node/10858199199", "kind": "settlement", "name": "Nakchun", "name_ne": "", "tags": {"name": "Nakchun", "place": "hamlet"}}}, {"type": "Feature", "geometry": {"type": "Point", "coordinates": [86.7150223, 27.6716795]}, "properties": {"external_id": "osm:node/10858199200", "kind": "settlement", "name": "Surke", "name_ne": "", "tags": {"name": "Surke", "place": "hamlet"}}}, {"type": "Feature", "geometry": {"type": "Point", "coordinates": [86.7138515, 27.6524122]}, "properties": {"external_id": "osm:node/10858199201", "kind": "settlement", "name": "Chheubas", "name_ne": "", "tags": {"name": "Chheubas", "place": "hamlet"}}}, {"type": "Feature", "geometry": {"type": "Point", "coordinates": [86.7043431, 27.6181738]}, "properties": {"external_id": "osm:node/10858234612", "kind": "settlement", "name": "Bupsa", "name_ne": "", "tags": {"name": "Bupsa", "place": "hamlet"}}}, {"type": "Feature", "geometry": {"type": "Point", "coordinates": [86.7232459, 27.614734]}, "properties": {"external_id": "osm:node/10858234613", "kind": "settlement", "name": "Kharte", "name_ne": "", "tags": {"name": "Kharte", "place": "hamlet"}}}, {"type": "Feature", "geometry": {"type": "Point", "coordinates": [86.7201251, 27.6080686]}, "properties": {"external_id": "osm:node/10858234614", "kind": "settlement", "name": "Jaubari", "name_ne": "", "tags": {"name": "Jaubari", "place": "hamlet"}}}, {"type": "Feature", "geometry": {"type": "Point", "coordinates": [86.7301301, 27.6027199]}, "properties": {"external_id": "osm:node/10858234615", "kind": "settlement", "name": "Bhalukhop", "name_ne": "", "tags": {"name": "Bhalukhop", "place": "hamlet"}}}, {"type": "Feature", "geometry": {"type": "Point", "coordinates": [86.7192321, 27.6014624]}, "properties": {"external_id": "osm:node/10858234616", "kind": "settlement", "name": "Kharikhola", "name_ne": "", "tags": {"name": "Kharikhola", "place": "hamlet"}}}, {"type": "Feature", "geometry": {"type": "Point", "coordinates": [86.7076781, 27.6022278]}, "properties": {"external_id": "osm:node/10858234617", "kind": "settlement", "name": "Sikali", "name_ne": "", "tags": {"name": "Sikali", "place": "hamlet"}}}, {"type": "Feature", "geometry": {"type": "Point", "coordinates": [86.6901466, 27.5828375]}, "properties": {"external_id": "osm:node/10858234618", "kind": "settlement", "name": "Bumburi", "name_ne": "", "tags": {"name": "Bumburi", "place": "hamlet"}}}, {"type": "Feature", "geometry": {"type": "Point", "coordinates": [86.6818, 27.5811245]}, "properties": {"external_id": "osm:node/10858234619", "kind": "settlement", "name": "Hatemu", "name_ne": "", "tags": {"name": "Hatemu", "place": "village"}}}, {"type": "Feature", "geometry": {"type": "Point", "coordinates": [86.6655806, 27.5673835]}, "properties": {"external_id": "osm:node/10858234620", "kind": "settlement", "name": "Chhaga", "name_ne": "", "tags": {"name": "Chhaga", "place": "hamlet"}}}, {"type": "Feature", "geometry": {"type": "Point", "coordinates": [86.6837044, 27.5586542]}, "properties": {"external_id": "osm:node/10858234621", "kind": "settlement", "name": "Thuldhunga", "name_ne": "", "tags": {"name": "Thuldhunga", "place": "hamlet"}}}, {"type": "Feature", "geometry": {"type": "Point", "coordinates": [86.6937731, 27.5446035]}, "properties": {"external_id": "osm:node/10858234622", "kind": "settlement", "name": "Rapcha", "name_ne": "", "tags": {"name": "Rapcha", "place": "hamlet"}}}, {"type": "Feature", "geometry": {"type": "Point", "coordinates": [86.6978371, 27.5544627]}, "properties": {"external_id": "osm:node/10858234623", "kind": "settlement", "name": "Lapse", "name_ne": "", "tags": {"name": "Lapse", "place": "hamlet"}}}, {"type": "Feature", "geometry": {"type": "Point", "coordinates": [86.717724, 27.8113048]}, "properties": {"external_id": "osm:node/10875875505", "kind": "tourism", "name": "Sherpa Panorama Hotels", "name_ne": "", "tags": {"name": "Sherpa Panorama Hotels", "name:en": "Sherpa Panorama Hotels", "tourism": "guest_house"}}}, {"type": "Feature", "geometry": {"type": "Point", "coordinates": [86.4952598, 27.4416814]}, "properties": {"external_id": "osm:node/10902384751", "kind": "school", "name": "Khamding Lower Secondary School", "name_ne": "", "tags": {"amenity": "school", "name:en": "Khamding Lower Secondary School"}}}, {"type": "Feature", "geometry": {"type": "Point", "coordinates": [86.5013804, 27.4473923]}, "properties": {"external_id": "osm:node/10902386935", "kind": "health", "name": "Wongchhu Memorial Hospital", "name_ne": "", "tags": {"amenity": "hospital", "name:en": "Wongchhu Memorial Hospital"}}}, {"type": "Feature", "geometry": {"type": "Point", "coordinates": [86.544098, 27.5367888]}, "properties": {"external_id": "osm:node/10915473305", "kind": "school", "name": "Loading School", "name_ne": "", "tags": {"amenity": "school", "name:en": "Loading School"}}}, {"type": "Feature", "geometry": {"type": "Point", "coordinates": [86.5722591, 27.4720003]}, "properties": {"external_id": "osm:node/10915631105", "kind": "health", "name": "Solu Community Hospital", "name_ne": "", "tags": {"amenity": "hospital", "name:en": "Solu Community Hospital"}}}, {"type": "Feature", "geometry": {"type": "Point", "coordinates": [86.5720253, 27.4719263]}, "properties": {"external_id": "osm:node/10915641005", "kind": "health", "name": "Solu Community Hospital", "name_ne": "", "tags": {"amenity": "hospital", "name:en": "Solu Community Hospital"}}}, {"type": "Feature", "geometry": {"type": "Point", "coordinates": [86.7293012, 27.6896253]}, "properties": {"external_id": "osm:node/11179398137", "kind": "tourism", "name": "Hikers Inn", "name_ne": "", "tags": {"name:en": "Hikers Inn", "tourism": "guest_house"}}}, {"type": "Feature", "geometry": {"type": "Point", "coordinates": [86.8135759, 27.6633325]}, "properties": {"external_id": "osm:node/11254886432", "kind": "settlement", "name": "Kothe", "name_ne": "कोठे", "tags": {"name": "कोठे", "name:en": "Kothe", "name:ne": "कोठे", "place": "hamlet"}}}, {"type": "Feature", "geometry": {"type": "Point", "coordinates": [86.7309129, 27.688698]}, "properties": {"external_id": "osm:node/11259465786", "kind": "tourism", "name": "Lama Hotel", "name_ne": "", "tags": {"name": "Lama Hotel", "tourism": "guest_house"}}}, {"type": "Feature", "geometry": {"type": "Point", "coordinates": [86.7298185, 27.6875113]}, "properties": {"external_id": "osm:node/11263647237", "kind": "tourism", "name": "Everest Lodge", "name_ne": "", "tags": {"name:en": "Everest Lodge", "tourism": "guest_house"}}}, {"type": "Feature", "geometry": {"type": "Point", "coordinates": [86.7760855, 27.6042978]}, "properties": {"external_id": "osm:node/11276073336", "kind": "settlement", "name": "Ramailo Dada", "name_ne": "रमाइलो दादा", "tags": {"name": "Ramailo Dada", "name:en": "Ramailo Dada", "name:ne": "रमाइलो दादा", "place": "isolated_dwelling"}}}, {"type": "Feature", "geometry": {"type": "Point", "coordinates": [86.7762929, 27.6041764]}, "properties": {"external_id": "osm:node/11276092261", "kind": "tourism", "name": "Mera viiew lodge", "name_ne": "", "tags": {"name": "Mera viiew lodge", "name:en": "Mera viiew lodge", "tourism": "guest_house"}}}, {"type": "Feature", "geometry": {"type": "Point", "coordinates": [86.7964207, 27.6260389]}, "properties": {"external_id": "osm:node/11283909648", "kind": "tourism", "name": "Mera Riverside Lodge", "name_ne": "", "tags": {"name": "Mera Riverside Lodge", "name:en": "Mera Riverside Lodge", "tourism": "guest_house"}}}, {"type": "Feature", "geometry": {"type": "Point", "coordinates": [86.7970184, 27.6260928]}, "properties": {"external_id": "osm:node/11283909649", "kind": "settlement", "name": "Chatra Khola", "name_ne": "", "tags": {"name": "Chatra Khola", "name:en": "Chatra Khola", "place": "isolated_dwelling"}}}, {"type": "Feature", "geometry": {"type": "Point", "coordinates": [86.694345, 27.953892]}, "properties": {"external_id": "osm:node/11445668769", "kind": "health", "name": "Gokyo International Health Care Center", "name_ne": "", "tags": {"amenity": "clinic", "name:en": "Gokyo International Health Care Center"}}}, {"type": "Feature", "geometry": {"type": "Point", "coordinates": [86.7105236, 27.8050323]}, "properties": {"external_id": "osm:node/11621247169", "kind": "tourism", "name": "SHERPA HOME", "name_ne": "", "tags": {"name": "SHERPA HOME", "tourism": "guest_house"}}}, {"type": "Feature", "geometry": {"type": "Point", "coordinates": [86.7395538, 27.8299499]}, "properties": {"external_id": "osm:node/11662726613", "kind": "tourism", "name": "Lunch and room suryabinayak", "name_ne": "", "tags": {"name": "Lunch and room suryabinayak", "tourism": "guest_house"}}}, {"type": "Feature", "geometry": {"type": "Point", "coordinates": [86.7786242, 27.8451471]}, "properties": {"external_id": "osm:node/11708151010", "kind": "tourism", "name": "Hotel Good Luck", "name_ne": "", "tags": {"name": "Hotel Good Luck", "tourism": "guest_house"}}}, {"type": "Feature", "geometry": {"type": "Point", "coordinates": [86.7390015, 27.8298744]}, "properties": {"external_id": "osm:node/11708160789", "kind": "tourism", "name": "Green Valley lodge and restaurant", "name_ne": "", "tags": {"name": "Green Valley lodge and restaurant", "tourism": "guest_house"}}}, {"type": "Feature", "geometry": {"type": "Point", "coordinates": [86.7921092, 27.8563759]}, "properties": {"external_id": "osm:node/11708164483", "kind": "school", "name": "Um Hong Gil School", "name_ne": "", "tags": {"amenity": "school", "name": "Um Hong Gil School"}}}, {"type": "Feature", "geometry": {"type": "Point", "coordinates": [86.810302, 27.9484305]}, "properties": {"external_id": "osm:node/11716248132", "kind": "tourism", "name": "Hôtel Mother Earth", "name_ne": "", "tags": {"name": "Hôtel Mother Earth", "tourism": "guest_house"}}}, {"type": "Feature", "geometry": {"type": "Point", "coordinates": [86.8105544, 27.9488851]}, "properties": {"external_id": "osm:node/11716260629", "kind": "tourism", "name": "Himalayan Eco Resort", "name_ne": "", "tags": {"name": "Himalayan Eco Resort", "tourism": "guest_house"}}}, {"type": "Feature", "geometry": {"type": "Point", "coordinates": [86.8055823, 27.9234671]}, "properties": {"external_id": "osm:node/11716287918", "kind": "tourism", "name": "Yak Lodge & Restaurant", "name_ne": "", "tags": {"name": "Yak Lodge & Restaurant", "tourism": "guest_house"}}}, {"type": "Feature", "geometry": {"type": "Point", "coordinates": [86.8052495, 27.9237556]}, "properties": {"external_id": "osm:node/11716293400", "kind": "tourism", "name": "Kalapathar Lodge", "name_ne": "", "tags": {"name": "Kalapathar Lodge", "tourism": "guest_house"}}}, {"type": "Feature", "geometry": {"type": "Point", "coordinates": [86.8103957, 27.9479309]}, "properties": {"external_id": "osm:node/11716294328", "kind": "tourism", "name": "New EBC Guest House", "name_ne": "", "tags": {"name": "New EBC Guest House", "tourism": "guest_house"}}}, {"type": "Feature", "geometry": {"type": "Point", "coordinates": [86.793966, 27.8573316]}, "properties": {"external_id": "osm:node/11733948386", "kind": "tourism", "name": "Lumo Yeti", "name_ne": "", "tags": {"name": "Lumo Yeti", "tourism": "guest_house"}}}, {"type": "Feature", "geometry": {"type": "Point", "coordinates": [86.7938158, 27.8572731]}, "properties": {"external_id": "osm:node/11733951956", "kind": "tourism", "name": "Panorama Lodge", "name_ne": "", "tags": {"name": "Panorama Lodge", "tourism": "guest_house"}}}, {"type": "Feature", "geometry": {"type": "Point", "coordinates": [86.7209489, 27.8227326]}, "properties": {"external_id": "osm:node/11738138850", "kind": "tourism", "name": "Kulung guest house", "name_ne": "", "tags": {"name": "Kulung guest house", "tourism": "guest_house"}}}, {"type": "Feature", "geometry": {"type": "Point", "coordinates": [86.7166084, 27.8218042]}, "properties": {"external_id": "osm:node/11738156525", "kind": "tourism", "name": "Hidden village", "name_ne": "", "tags": {"name": "Hidden village", "tourism": "guest_house"}}}, {"type": "Feature", "geometry": {"type": "Point", "coordinates": [86.7121316, 27.9151304]}, "properties": {"external_id": "osm:node/11738165182", "kind": "tourism", "name": "", "name_ne": "", "tags": {"tourism": "guest_house"}}}, {"type": "Feature", "geometry": {"type": "Point", "coordinates": [86.7159021, 27.8212761]}, "properties": {"external_id": "osm:node/11738165578", "kind": "tourism", "name": "Stupa inn", "name_ne": "", "tags": {"name": "Stupa inn", "tourism": "guest_house"}}}, {"type": "Feature", "geometry": {"type": "Point", "coordinates": [86.7193031, 27.8227566]}, "properties": {"external_id": "osm:node/11738183441", "kind": "tourism", "name": "Dream Everest", "name_ne": "", "tags": {"name": "Dream Everest", "tourism": "guest_house"}}}, {"type": "Feature", "geometry": {"type": "Point", "coordinates": [86.7168875, 27.8218494]}, "properties": {"external_id": "osm:node/11738187509", "kind": "tourism", "name": "Lagarden", "name_ne": "", "tags": {"name": "Lagarden", "tourism": "guest_house"}}}, {"type": "Feature", "geometry": {"type": "Point", "coordinates": [86.7161036, 27.9036204]}, "properties": {"external_id": "osm:node/11738190562", "kind": "tourism", "name": "Sherpa-Land", "name_ne": "", "tags": {"name": "Sherpa-Land", "tourism": "guest_house"}}}, {"type": "Feature", "geometry": {"type": "Point", "coordinates": [86.7428159, 27.8474597]}, "properties": {"external_id": "osm:node/11738191517", "kind": "tourism", "name": "Dreamland", "name_ne": "", "tags": {"name": "Dreamland", "tourism": "guest_house"}}}, {"type": "Feature", "geometry": {"type": "Point", "coordinates": [86.7234879, 27.7705715]}, "properties": {"external_id": "osm:node/11738196741", "kind": "tourism", "name": "Thamsherku View Point", "name_ne": "", "tags": {"name": "Thamsherku View Point", "tourism": "guest_house"}}}, {"type": "Feature", "geometry": {"type": "Point", "coordinates": [86.7245166, 27.6144716]}, "properties": {"external_id": "osm:node/11747750870", "kind": "tourism", "name": "Summit Hotel & Lodge", "name_ne": "", "tags": {"name:en": "Summit Hotel & Lodge", "tourism": "guest_house"}}}, {"type": "Feature", "geometry": {"type": "Point", "coordinates": [86.7918177, 27.6188501]}, "properties": {"external_id": "osm:node/11760913070", "kind": "tourism", "name": "Gurase Dada Valley View 4G Hotel", "name_ne": "", "tags": {"name:en": "Gurase Dada Valley View 4G Hotel", "tourism": "guest_house"}}}, {"type": "Feature", "geometry": {"type": "Point", "coordinates": [86.7613366, 27.5836518]}, "properties": {"external_id": "osm:node/11760913169", "kind": "tourism", "name": "Everest Summit Lodge & Restaurant", "name_ne": "", "tags": {"name:en": "Everest Summit Lodge & Restaurant", "tourism": "guest_house"}}}, {"type": "Feature", "geometry": {"type": "Point", "coordinates": [86.7685964, 27.6001599]}, "properties": {"external_id": "osm:node/11760913170", "kind": "tourism", "name": "Nginsho Valley Lodge & Restaurant", "name_ne": "", "tags": {"name:en": "Nginsho Valley Lodge & Restaurant", "tourism": "guest_house"}}}, {"type": "Feature", "geometry": {"type": "Point", "coordinates": [86.7758465, 27.6043145]}, "properties": {"external_id": "osm:node/11760913269", "kind": "tourism", "name": "Valley View Lodge", "name_ne": "", "tags": {"name:en": "Valley View Lodge", "tourism": "guest_house"}}}, {"type": "Feature", "geometry": {"type": "Point", "coordinates": [86.7970946, 27.6260432]}, "properties": {"external_id": "osm:node/11760913469", "kind": "tourism", "name": "Mera Riverside Lodge", "name_ne": "", "tags": {"name:en": "Mera Riverside Lodge", "tourism": "hostel"}}}, {"type": "Feature", "geometry": {"type": "Point", "coordinates": [86.7427053, 27.857176]}, "properties": {"external_id": "osm:node/11778622314", "kind": "hydropower", "name": "", "name_ne": "", "tags": {"power": "generator"}}}, {"type": "Feature", "geometry": {"type": "Point", "coordinates": [86.8104176, 27.9479207]}, "properties": {"external_id": "osm:node/11786794670", "kind": "tourism", "name": "New EBC", "name_ne": "", "tags": {"name:en": "New EBC", "tourism": "guest_house"}}}, {"type": "Feature", "geometry": {"type": "Point", "coordinates": [86.8335682, 27.7325955]}, "properties": {"external_id": "osm:node/11787107769", "kind": "tourism", "name": "Mera Guest House Thangnak", "name_ne": "", "tags": {"name:en": "Mera Guest House Thangnak", "tourism": "guest_house"}}}, {"type": "Feature", "geometry": {"type": "Point", "coordinates": [86.7951905, 27.6212757]}, "properties": {"external_id": "osm:node/11787112771", "kind": "tourism", "name": "Last 4G Danda Hotel & Lodge", "name_ne": "", "tags": {"name:en": "Last 4G Danda Hotel & Lodge", "tourism": "guest_house"}}}, {"type": "Feature", "geometry": {"type": "Point", "coordinates": [86.8347908, 27.7330511]}, "properties": {"external_id": "osm:node/11787124971", "kind": "tourism", "name": "Sina Guest House & Restaurant", "name_ne": "", "tags": {"name:en": "Sina Guest House & Restaurant", "tourism": "guest_house"}}}, {"type": "Feature", "geometry": {"type": "Point", "coordinates": [86.8899441, 27.7388534]}, "properties": {"external_id": "osm:node/11787127770", "kind": "tourism", "name": "Mera Peak Base Camp", "name_ne": "", "tags": {"name": "Mera Peak Base Camp", "name:en": "Mera Peak Base Camp", "tourism": "camp_site"}}}, {"type": "Feature", "geometry": {"type": "Point", "coordinates": [86.7933339, 27.8561403]}, "properties": {"external_id": "osm:node/11789868069", "kind": "tourism", "name": "Mountain view lodge Pangboche", "name_ne": "", "tags": {"name:en": "Mountain view lodge Pangboche", "tourism": "guest_house"}}}, {"type": "Feature", "geometry": {"type": "Point", "coordinates": [86.5104816, 27.5755765]}, "properties": {"external_id": "osm:node/11804683769", "kind": "tourism", "name": "Green View Hotel and Restaurant", "name_ne": "", "tags": {"name:en": "Green View Hotel and Restaurant", "tourism": "guest_house"}}}, {"type": "Feature", "geometry": {"type": "Point", "coordinates": [86.7098748, 27.8035674]}, "properties": {"external_id": "osm:node/11816197545", "kind": "hydropower", "name": "", "name_ne": "", "tags": {"power": "generator"}}}, {"type": "Feature", "geometry": {"type": "Point", "coordinates": [86.7099301, 27.8036556]}, "properties": {"external_id": "osm:node/11816197546", "kind": "hydropower", "name": "", "name_ne": "", "tags": {"power": "generator"}}}, {"type": "Feature", "geometry": {"type": "Point", "coordinates": [86.7099747, 27.8037324]}, "properties": {"external_id": "osm:node/11816197547", "kind": "hydropower", "name": "", "name_ne": "", "tags": {"power": "generator"}}}, {"type": "Feature", "geometry": {"type": "Point", "coordinates": [86.7100168, 27.8038125]}, "properties": {"external_id": "osm:node/11816197548", "kind": "hydropower", "name": "", "name_ne": "", "tags": {"power": "generator"}}}, {"type": "Feature", "geometry": {"type": "Point", "coordinates": [86.7100581, 27.8038839]}, "properties": {"external_id": "osm:node/11816197549", "kind": "hydropower", "name": "", "name_ne": "", "tags": {"power": "generator"}}}, {"type": "Feature", "geometry": {"type": "Point", "coordinates": [86.7155988, 27.9028824]}, "properties": {"external_id": "osm:node/11847275665", "kind": "settlement", "name": "Macchermo", "name_ne": "", "tags": {"name": "Macchermo", "place": "hamlet"}}}, {"type": "Feature", "geometry": {"type": "Point", "coordinates": [86.8055133, 27.9237135]}, "properties": {"external_id": "osm:node/11847375107", "kind": "settlement", "name": "Thukla", "name_ne": "दुघ्ला", "tags": {"name": "दुघ्ला", "name:en": "Thukla", "name:ne": "दुघ्ला", "place": "hamlet"}}}, {"type": "Feature", "geometry": {"type": "Point", "coordinates": [86.6486889, 27.8312726]}, "properties": {"external_id": "osm:node/11949617771", "kind": "tourism", "name": "Thame Tara Lodge", "name_ne": "", "tags": {"name:en": "Thame Tara Lodge", "tourism": "guest_house"}}}, {"type": "Feature", "geometry": {"type": "Point", "coordinates": [86.9290243, 27.9823396]}, "properties": {"external_id": "osm:node/11956009420", "kind": "settlement", "name": "The Balcony", "name_ne": "", "tags": {"name": "阳台", "name:en": "The Balcony", "place": "locality"}}}, {"type": "Feature", "geometry": {"type": "Point", "coordinates": [86.9193624, 28.082274]}, "properties": {"external_id": "osm:node/11956078353", "kind": "tourism", "name": "Intermediate Camp", "name_ne": "", "tags": {"name": "中间营地", "name:en": "Intermediate Camp", "tourism": "camp_site"}}}, {"type": "Feature", "geometry": {"type": "Point", "coordinates": [86.9321909, 27.9990239]}, "properties": {"external_id": "osm:node/11956078759", "kind": "tourism", "name": "Camp 3N North ridge", "name_ne": "", "tags": {"name": "三号营地", "name:en": "Camp 3N North ridge", "tourism": "camp_site"}}}, {"type": "Feature", "geometry": {"type": "Point", "coordinates": [86.7905062, 27.4478719]}, "properties": {"external_id": "osm:node/11977437859", "kind": "health", "name": "Chitre Community Health Unit", "name_ne": "", "tags": {"amenity": "clinic", "name": "Chitre Community Health Unit", "operator": "government"}}}, {"type": "Feature", "geometry": {"type": "Point", "coordinates": [86.7902166, 27.4517754]}, "properties": {"external_id": "osm:node/11977445807", "kind": "school", "name": "Shree Deepjyoti Basic School", "name_ne": "", "tags": {"amenity": "school", "name": "Shree Deepjyoti Basic School", "operator": "government"}}}, {"type": "Feature", "geometry": {"type": "Point", "coordinates": [86.7790747, 27.4899423]}, "properties": {"external_id": "osm:node/11977459760", "kind": "health", "name": "Sotang Hospital", "name_ne": "", "tags": {"amenity": "hospital", "name": "Sotang Hospital", "operator": "government"}}}, {"type": "Feature", "geometry": {"type": "Point", "coordinates": [86.8208541, 27.4727215]}, "properties": {"external_id": "osm:node/11977459761", "kind": "school", "name": "Shree Jana Chetana Basic School", "name_ne": "", "tags": {"amenity": "school", "name": "Shree Jana Chetana Basic School", "operator": "government"}}}, {"type": "Feature", "geometry": {"type": "Point", "coordinates": [86.770108, 27.5204713]}, "properties": {"external_id": "osm:node/11977463820", "kind": "health", "name": "Khockhorka Basic Health Center", "name_ne": "", "tags": {"amenity": "clinic", "name": "Khockhorka Basic Health Center", "operator": "government"}}}, {"type": "Feature", "geometry": {"type": "Point", "coordinates": [86.8206865, 27.4891571]}, "properties": {"external_id": "osm:node/11977490673", "kind": "health", "name": "Basic Health Care Center", "name_ne": "", "tags": {"amenity": "clinic", "name": "Basic Health Care Center", "operator": "government"}}}, {"type": "Feature", "geometry": {"type": "Point", "coordinates": [86.8065365, 27.4642433]}, "properties": {"external_id": "osm:node/11977490852", "kind": "school", "name": "Shree Pathibhara Basic School", "name_ne": "", "tags": {"amenity": "school", "name": "Shree Pathibhara Basic School", "operator": "government"}}}, {"type": "Feature", "geometry": {"type": "Point", "coordinates": [86.8028712, 27.4717672]}, "properties": {"external_id": "osm:node/11977506201", "kind": "health", "name": "Thulu Vaccination Center", "name_ne": "", "tags": {"amenity": "clinic", "name": "Thulu Vaccination Center", "operator": "government"}}}, {"type": "Feature", "geometry": {"type": "Point", "coordinates": [86.7526965, 27.4833846]}, "properties": {"external_id": "osm:node/11977506233", "kind": "school", "name": "Shree Sotang Basic School", "name_ne": "", "tags": {"amenity": "school", "name": "Shree Sotang Basic School", "operator": "government"}}}, {"type": "Feature", "geometry": {"type": "Point", "coordinates": [86.7471912, 27.4960012]}, "properties": {"external_id": "osm:node/11977513244", "kind": "health", "name": "Pabai Health Post", "name_ne": "", "tags": {"amenity": "clinic", "name": "Pabai Health Post", "operator": "government"}}}, {"type": "Feature", "geometry": {"type": "Point", "coordinates": [86.7581601, 27.4792918]}, "properties": {"external_id": "osm:node/11977513936", "kind": "school", "name": "Shree Toshkham Basic School", "name_ne": "", "tags": {"amenity": "school", "name": "Shree Toshkham Basic School", "operator": "government"}}}, {"type": "Feature", "geometry": {"type": "Point", "coordinates": [86.7624503, 27.5121181]}, "properties": {"external_id": "osm:node/11977517157", "kind": "school", "name": "Shree Madan Basic School", "name_ne": "", "tags": {"amenity": "school", "name": "Shree Madan Basic School", "operator": "government"}}}, {"type": "Feature", "geometry": {"type": "Point", "coordinates": [86.8213181, 27.4886872]}, "properties": {"external_id": "osm:node/11977517198", "kind": "school", "name": "Shree Hunga Secondary School", "name_ne": "", "tags": {"amenity": "school", "name": "Shree Hunga Secondary School", "operator": "government"}}}, {"type": "Feature", "geometry": {"type": "Point", "coordinates": [86.7978019, 27.4779996]}, "properties": {"external_id": "osm:node/11977517199", "kind": "school", "name": "Shree Panchakanya Basic School", "name_ne": "", "tags": {"amenity": "school", "name": "Shree Panchakanya Basic School"}}}, {"type": "Feature", "geometry": {"type": "Point", "coordinates": [86.7520997, 27.4834179]}, "properties": {"external_id": "osm:node/11977517736", "kind": "health", "name": "Basic Health Service Center", "name_ne": "", "tags": {"amenity": "clinic", "name": "Basic Health Service Center", "operator": "government"}}}, {"type": "Feature", "geometry": {"type": "Point", "coordinates": [86.7710924, 27.4881863]}, "properties": {"external_id": "osm:node/11977532506", "kind": "school", "name": "Shree Sotang Secondary School", "name_ne": "", "tags": {"amenity": "school", "name": "Shree Sotang Secondary School", "operator": "government"}}}, {"type": "Feature", "geometry": {"type": "Point", "coordinates": [86.7872541, 27.5004764]}, "properties": {"external_id": "osm:node/11977534096", "kind": "school", "name": "Shree Lidhunga Basic School", "name_ne": "", "tags": {"amenity": "school", "name": "Shree Lidhunga Basic School", "operator": "government"}}}, {"type": "Feature", "geometry": {"type": "Point", "coordinates": [86.807154, 27.4803221]}, "properties": {"external_id": "osm:node/11977534437", "kind": "school", "name": "Shree Janajagriti Basic School", "name_ne": "", "tags": {"amenity": "school", "name": "Shree Janajagriti Basic School", "operator": "government"}}}, {"type": "Feature", "geometry": {"type": "Point", "coordinates": [86.7612849, 27.4939241]}, "properties": {"external_id": "osm:node/11977538917", "kind": "school", "name": "Shree Narkel Basic School", "name_ne": "", "tags": {"amenity": "school", "name": "Shree Narkel Basic School", "operator": "government"}}}, {"type": "Feature", "geometry": {"type": "Point", "coordinates": [86.7813639, 27.4863791]}, "properties": {"external_id": "osm:node/11977539065", "kind": "school", "name": "Shree Basuki Basic School", "name_ne": "", "tags": {"amenity": "school", "name": "Shree Basuki Basic School", "operator": "government"}}}, {"type": "Feature", "geometry": {"type": "Point", "coordinates": [86.7795253, 27.4983007]}, "properties": {"external_id": "osm:node/11977539585", "kind": "school", "name": "Shree Himalayan Basic School", "name_ne": "", "tags": {"amenity": "school", "name": "Shree Himalayan Basic School"}}}, {"type": "Feature", "geometry": {"type": "Point", "coordinates": [86.7751855, 27.4902373]}, "properties": {"external_id": "osm:node/11977539762", "kind": "school", "name": "Shree Birendra Jyoti Secondary School", "name_ne": "", "tags": {"amenity": "school", "name": "Shree Birendra Jyoti Secondary School", "operator": "government"}}}, {"type": "Feature", "geometry": {"type": "Point", "coordinates": [86.7290716, 27.4708617]}, "properties": {"external_id": "osm:node/11977540294", "kind": "school", "name": "Shree Pipalbot Basic School", "name_ne": "", "tags": {"amenity": "school", "name": "Shree Pipalbot Basic School", "operator": "government"}}}, {"type": "Feature", "geometry": {"type": "Point", "coordinates": [86.7392707, 27.4725835]}, "properties": {"external_id": "osm:node/11977540295", "kind": "school", "name": "Shree Hulu Secondary School", "name_ne": "", "tags": {"amenity": "school", "name": "Shree Hulu Secondary School", "operator": "government"}}}, {"type": "Feature", "geometry": {"type": "Point", "coordinates": [86.7471765, 27.4963034]}, "properties": {"external_id": "osm:node/11977540296", "kind": "school", "name": "Shree Basuki Basic School, Pabai", "name_ne": "", "tags": {"amenity": "school", "name": "Shree Basuki Basic School, Pabai", "operator": "government"}}}, {"type": "Feature", "geometry": {"type": "Point", "coordinates": [86.7705479, 27.4891738]}, "properties": {"external_id": "osm:node/11977541005", "kind": "school", "name": "Shree Dharma Peak EBS", "name_ne": "", "tags": {"amenity": "school", "name": "Shree Dharma Peak EBS", "operator": "private"}}}, {"type": "Feature", "geometry": {"type": "Point", "coordinates": [86.7398165, 27.4656546]}, "properties": {"external_id": "osm:node/11977541186", "kind": "school", "name": "Shree Barbot Basic School", "name_ne": "", "tags": {"amenity": "school", "name": "Shree Barbot Basic School", "operator": "government"}}}, {"type": "Feature", "geometry": {"type": "Point", "coordinates": [86.8146046, 27.8797017]}, "properties": {"external_id": "osm:node/12161640448", "kind": "settlement", "name": "Churo", "name_ne": "", "tags": {"name": "Churo", "place": "hamlet"}}}, {"type": "Feature", "geometry": {"type": "Point", "coordinates": [86.6155769, 27.9356661]}, "properties": {"external_id": "osm:node/12206592041", "kind": "settlement", "name": "Hāuche", "name_ne": "", "tags": {"name": "Hāuche", "place": "hamlet"}}}, {"type": "Feature", "geometry": {"type": "Point", "coordinates": [86.6170429, 27.9375026]}, "properties": {"external_id": "osm:node/12206592042", "kind": "settlement", "name": "Thokchambo", "name_ne": "", "tags": {"name": "Thokchambo", "place": "hamlet"}}}, {"type": "Feature", "geometry": {"type": "Point", "coordinates": [86.6069604, 27.9423181]}, "properties": {"external_id": "osm:node/12206592043", "kind": "settlement", "name": "Chulung Marsang", "name_ne": "", "tags": {"name": "Chuluṅ Marsāṅ", "name:en": "Chulung Marsang", "place": "hamlet"}}}, {"type": "Feature", "geometry": {"type": "Point", "coordinates": [86.6322628, 27.9027271]}, "properties": {"external_id": "osm:node/12206592044", "kind": "settlement", "name": "Gomo", "name_ne": "", "tags": {"name": "Gomo", "place": "hamlet"}}}, {"type": "Feature", "geometry": {"type": "Point", "coordinates": [86.7305889, 27.6889387]}, "properties": {"external_id": "osm:node/12395325301", "kind": "tourism", "name": "", "name_ne": "", "tags": {"tourism": "hostel"}}}, {"type": "Feature", "geometry": {"type": "Point", "coordinates": [86.7102447, 27.7567496]}, "properties": {"external_id": "osm:node/12395663501", "kind": "tourism", "name": "", "name_ne": "", "tags": {"tourism": "hostel"}}}, {"type": "Feature", "geometry": {"type": "Point", "coordinates": [86.4515792, 27.5465665]}, "properties": {"external_id": "osm:node/12670144135", "kind": "tourism", "name": "Numbur View Hotel & Lodge", "name_ne": "", "tags": {"name": "Numbur View Hotel & Lodge", "tourism": "guest_house"}}}, {"type": "Feature", "geometry": {"type": "Point", "coordinates": [86.733458, 27.2511671]}, "properties": {"external_id": "osm:node/12675989152", "kind": "settlement", "name": "Health Post", "name_ne": "", "tags": {"name": "Health Post", "place": "hamlet"}}}, {"type": "Feature", "geometry": {"type": "Point", "coordinates": [86.7377174, 27.2534528]}, "properties": {"external_id": "osm:node/12675989153", "kind": "settlement", "name": "Numthala Bagale", "name_ne": "", "tags": {"name": "Numthala Bagale", "place": "hamlet"}}}, {"type": "Feature", "geometry": {"type": "Point", "coordinates": [86.7444569, 27.2581016]}, "properties": {"external_id": "osm:node/12676032198", "kind": "settlement", "name": "Nunthala Bhanjyang", "name_ne": "", "tags": {"name": "Nunthala Bhanjyang", "place": "hamlet"}}}, {"type": "Feature", "geometry": {"type": "Point", "coordinates": [86.7168404, 27.2434985]}, "properties": {"external_id": "osm:node/12676038136", "kind": "settlement", "name": "Ctevt Area", "name_ne": "", "tags": {"name": "Ctevt Area", "place": "hamlet"}}}, {"type": "Feature", "geometry": {"type": "Point", "coordinates": [86.6890884, 27.2334093]}, "properties": {"external_id": "osm:node/12676096270", "kind": "settlement", "name": "Bijule", "name_ne": "", "tags": {"name": "Bijule", "place": "hamlet"}}}, {"type": "Feature", "geometry": {"type": "Point", "coordinates": [86.6636782, 27.2113744]}, "properties": {"external_id": "osm:node/12676129200", "kind": "settlement", "name": "Nagi", "name_ne": "", "tags": {"name": "Nagi", "place": "hamlet"}}}, {"type": "Feature", "geometry": {"type": "Point", "coordinates": [86.6677361, 27.2243407]}, "properties": {"external_id": "osm:node/12676136684", "kind": "settlement", "name": "Arkhale", "name_ne": "", "tags": {"name": "Arkhale", "place": "hamlet"}}}, {"type": "Feature", "geometry": {"type": "Point", "coordinates": [86.5863557, 27.5139529]}, "properties": {"external_id": "osm:node/12736838300", "kind": "tourism", "name": "Hotel peaceful", "name_ne": "", "tags": {"name": "Hotel peaceful", "tourism": "hotel"}}}, {"type": "Feature", "geometry": {"type": "Point", "coordinates": [86.7178766, 27.8237579]}, "properties": {"external_id": "osm:node/12757421801", "kind": "tourism", "name": "Hôtel Sherpa Altitude", "name_ne": "", "tags": {"name": "Hôtel Sherpa Altitude", "tourism": "guest_house"}}}, {"type": "Feature", "geometry": {"type": "Point", "coordinates": [86.8271582, 27.8895873]}, "properties": {"external_id": "osm:node/12768001702", "kind": "tourism", "name": "The Mountain Heritage Inn", "name_ne": "", "tags": {"name": "The Mountain Heritage Inn", "tourism": "guest_house"}}}, {"type": "Feature", "geometry": {"type": "Point", "coordinates": [86.8488755, 27.9983698]}, "properties": {"external_id": "osm:node/12771599701", "kind": "tourism", "name": "Asian Trekking", "name_ne": "", "tags": {"name": "Asian Trekking", "tourism": "camp_site"}}}, {"type": "Feature", "geometry": {"type": "Point", "coordinates": [86.8136353, 27.6632257]}, "properties": {"external_id": "osm:node/12775560601", "kind": "tourism", "name": "Himalayan Lodge", "name_ne": "", "tags": {"name": "Himalayan Lodge", "tourism": "guest_house"}}}, {"type": "Feature", "geometry": {"type": "Point", "coordinates": [86.7928537, 27.8562916]}, "properties": {"external_id": "osm:node/12778119911", "kind": "tourism", "name": "Beyul Alpine Cottage", "name_ne": "", "tags": {"name": "Beyul Alpine Cottage", "tourism": "guest_house"}}}, {"type": "Feature", "geometry": {"type": "Point", "coordinates": [86.569334, 27.4993475]}, "properties": {"external_id": "osm:node/12783493037", "kind": "settlement", "name": "", "name_ne": "", "tags": {"place": "hamlet"}}}, {"type": "Feature", "geometry": {"type": "Point", "coordinates": [86.8102482, 27.9481955]}, "properties": {"external_id": "osm:node/12785675590", "kind": "tourism", "name": "Hotel peak xv (15)", "name_ne": "", "tags": {"name": "Hotel peak xv (15)", "tourism": "guest_house"}}}, {"type": "Feature", "geometry": {"type": "Point", "coordinates": [86.8102298, 27.948058]}, "properties": {"external_id": "osm:node/12785696941", "kind": "tourism", "name": "Altitude Home", "name_ne": "", "tags": {"name": "Altitude Home", "tourism": "guest_house"}}}, {"type": "Feature", "geometry": {"type": "Point", "coordinates": [86.8098477, 27.9486018]}, "properties": {"external_id": "osm:node/12785696942", "kind": "tourism", "name": "Above the Cloud Lodge & Restaurant", "name_ne": "", "tags": {"name": "Above the Cloud Lodge & Restaurant", "tourism": "guest_house"}}}, {"type": "Feature", "geometry": {"type": "Point", "coordinates": [86.8099412, 27.9488488]}, "properties": {"external_id": "osm:node/12785696943", "kind": "tourism", "name": "Oxygen Altitude Restaurant & Home", "name_ne": "", "tags": {"name": "Oxygen Altitude Restaurant & Home", "tourism": "guest_house"}}}, {"type": "Feature", "geometry": {"type": "Point", "coordinates": [86.8099734, 27.9480371]}, "properties": {"external_id": "osm:node/12785706850", "kind": "tourism", "name": "Hotel National Park", "name_ne": "", "tags": {"name": "Hotel National Park", "tourism": "guest_house"}}}, {"type": "Feature", "geometry": {"type": "Point", "coordinates": [86.6968085, 27.5958985]}, "properties": {"external_id": "osm:node/12790954301", "kind": "tourism", "name": "Khaling hotel and logde", "name_ne": "", "tags": {"name": "Khaling hotel and logde", "tourism": "guest_house"}}}, {"type": "Feature", "geometry": {"type": "Point", "coordinates": [86.7086798, 27.8041919]}, "properties": {"external_id": "osm:node/12794072201", "kind": "tourism", "name": "Hotel Everest", "name_ne": "", "tags": {"name": "Hotel Everest", "tourism": "guest_house"}}}, {"type": "Feature", "geometry": {"type": "Point", "coordinates": [86.8052128, 27.8678769]}, "properties": {"external_id": "osm:node/12794095222", "kind": "tourism", "name": "Sadhana", "name_ne": "", "tags": {"name": "Sadhana", "tourism": "guest_house"}}}, {"type": "Feature", "geometry": {"type": "Point", "coordinates": [86.8046839, 27.8676812]}, "properties": {"external_id": "osm:node/12794112219", "kind": "tourism", "name": "Mountain summit lodge and restaurant", "name_ne": "", "tags": {"name": "Mountain summit lodge and restaurant", "tourism": "guest_house"}}}, {"type": "Feature", "geometry": {"type": "Point", "coordinates": [86.8119479, 27.8707966]}, "properties": {"external_id": "osm:node/12794122244", "kind": "tourism", "name": "Sunrise Guest House Orsho", "name_ne": "", "tags": {"name": "Sunrise Guest House Orsho", "tourism": "guest_house"}}}, {"type": "Feature", "geometry": {"type": "Point", "coordinates": [86.8289728, 27.9808564]}, "properties": {"external_id": "osm:node/12794888215", "kind": "tourism", "name": "Snowland Highest Inn", "name_ne": "", "tags": {"name": "Snowland Highest Inn", "name:en": "Snowland Highest Inn", "tourism": "guest_house"}}}, {"type": "Feature", "geometry": {"type": "Point", "coordinates": [86.8290943, 27.9807785]}, "properties": {"external_id": "osm:node/12794895934", "kind": "tourism", "name": "Kalapathar Lodge & Restaurant", "name_ne": "", "tags": {"name": "Kalapathar Lodge & Restaurant", "name:en": "Kalapathar Lodge & Restaurant", "tourism": "guest_house"}}}, {"type": "Feature", "geometry": {"type": "Point", "coordinates": [86.7123588, 27.8051908]}, "properties": {"external_id": "osm:node/12797546416", "kind": "tourism", "name": "Namche Terrace", "name_ne": "", "tags": {"name": "Namche Terrace", "tourism": "guest_house"}}}, {"type": "Feature", "geometry": {"type": "Point", "coordinates": [86.7116492, 27.8041772]}, "properties": {"external_id": "osm:node/12801774023", "kind": "health", "name": "Um Hong Gil Namche Community Hospital", "name_ne": "", "tags": {"amenity": "hospital", "name": "Um Hong Gil Namche Community Hospital"}}}, {"type": "Feature", "geometry": {"type": "Point", "coordinates": [86.7307116, 27.6898199]}, "properties": {"external_id": "osm:node/12803973916", "kind": "tourism", "name": "Everest eco lodge & restaurant", "name_ne": "", "tags": {"name": "Everest eco lodge & restaurant", "tourism": "guest_house"}}}, {"type": "Feature", "geometry": {"type": "Point", "coordinates": [86.8098778, 27.9485268]}, "properties": {"external_id": "osm:node/12813606802", "kind": "tourism", "name": "Above the Cloud Lodge & Restaurant", "name_ne": "", "tags": {"name": "Above the Cloud Lodge & Restaurant", "tourism": "guest_house"}}}, {"type": "Feature", "geometry": {"type": "Point", "coordinates": [86.7208556, 27.9407705]}, "properties": {"external_id": "osm:node/12813607702", "kind": "tourism", "name": "Khumbi-La", "name_ne": "", "tags": {"name": "Khumbi-La", "tourism": "guest_house"}}}, {"type": "Feature", "geometry": {"type": "Point", "coordinates": [86.7116663, 27.7503417]}, "properties": {"external_id": "osm:node/12818815601", "kind": "tourism", "name": "Sonam Guest House", "name_ne": "", "tags": {"name": "Sonam Guest House", "tourism": "guest_house"}}}, {"type": "Feature", "geometry": {"type": "Point", "coordinates": [86.5071749, 27.3051154]}, "properties": {"external_id": "osm:node/12824907501", "kind": "police", "name": "Check post", "name_ne": "", "tags": {"amenity": "police", "name": "Check post"}}}, {"type": "Feature", "geometry": {"type": "Point", "coordinates": [86.6030115, 27.3143916]}, "properties": {"external_id": "osm:node/13127309212", "kind": "settlement", "name": "Chisankhugadhi", "name_ne": "चिशंखुगढी", "tags": {"name": "चिशंखुगढी", "name:en": "Chisankhugadhi", "name:ne": "चिशंखुगढी", "place": "village"}}}, {"type": "Feature", "geometry": {"type": "Point", "coordinates": [86.9723794, 27.2055248]}, "properties": {"external_id": "osm:node/13136677423", "kind": "settlement", "name": "Tyamke Maiyum", "name_ne": "टेम्केमैयुङ", "tags": {"name": "टेम्केमैयुङ", "name:en": "Tyamke Maiyum", "name:ne": "टेम्केमैयुङ", "place": "village"}}}, {"type": "Feature", "geometry": {"type": "Point", "coordinates": [87.0709837, 27.4136692]}, "properties": {"external_id": "osm:node/13136677425", "kind": "settlement", "name": "Salpasilichho", "name_ne": "साल्पासिलिछो", "tags": {"name": "साल्पासिलिछो", "name:en": "Salpasilichho", "name:ne": "साल्पासिलिछो", "place": "village"}}}, {"type": "Feature", "geometry": {"type": "Point", "coordinates": [86.71692, 27.699407]}, "properties": {"external_id": "osm:node/13152168049", "kind": "town", "name": "Khumbu Pasang Lhamu", "name_ne": "खुम्बु पासाङल्हामु", "tags": {"name": "खुम्बु पासाङल्हामु", "name:en": "Khumbu Pasang Lhamu", "name:ne": "खुम्बु पासाङल्हामु", "place": "town"}}}, {"type": "Feature", "geometry": {"type": "Point", "coordinates": [86.7735451, 27.4894123]}, "properties": {"external_id": "osm:node/13152168051", "kind": "settlement", "name": "Sotang", "name_ne": "सोताङ", "tags": {"name": "सोताङ", "name:en": "Sotang", "name:ne": "सोताङ", "place": "village"}}}, {"type": "Feature", "geometry": {"type": "Point", "coordinates": [86.6660805, 27.4337176]}, "properties": {"external_id": "osm:node/13152168052", "kind": "settlement", "name": "Thulung Dudhkoshi", "name_ne": "थुलुङ दुधकोशी", "tags": {"name": "थुलुङ दुधकोशी", "name:en": "Thulung Dudhkoshi", "name:ne": "थुलुङ दुधकोशी", "place": "village"}}}, {"type": "Feature", "geometry": {"type": "Point", "coordinates": [86.6400039, 27.3543206]}, "properties": {"external_id": "osm:node/13152168054", "kind": "settlement", "name": "Nechasalyan", "name_ne": "नेचासल्यान", "tags": {"name": "नेचासल्यान", "name:en": "Nechasalyan", "name:ne": "नेचासल्यान", "place": "village"}}}, {"type": "Feature", "geometry": {"type": "Point", "coordinates": [86.6893182, 27.5225725]}, "properties": {"external_id": "osm:node/13152168055", "kind": "settlement", "name": "Mapya Dudhkoshi", "name_ne": "माप्य दुधकोशी", "tags": {"name": "माप्य दुधकोशी", "name:en": "Mapya Dudhkoshi", "name:ne": "माप्य दुधकोशी", "place": "village"}}}, {"type": "Feature", "geometry": {"type": "Point", "coordinates": [86.8209578, 27.3243323]}, "properties": {"external_id": "osm:node/13154634548", "kind": "settlement", "name": "Kepilasagadhi", "name_ne": "केपिलासगढी", "tags": {"name": "केपिलासगढी", "name:en": "Kepilasagadhi", "name:ne": "केपिलासगढी", "place": "village"}}}, {"type": "Feature", "geometry": {"type": "Point", "coordinates": [86.8156249, 27.3242103]}, "properties": {"external_id": "osm:node/13154634549", "kind": "settlement", "name": "Baksila", "name_ne": "बाक्सिला", "tags": {"name": "बाक्सिला", "name:en": "Baksila", "name:ne": "बाक्सिला", "place": "hamlet"}}}, {"type": "Feature", "geometry": {"type": "Point", "coordinates": [86.7909174, 27.2203282]}, "properties": {"external_id": "osm:node/13154634550", "kind": "settlement", "name": "Diktel Rupakot Majhuwagadhi", "name_ne": "दिक्तेल रुपाकोट मझुवागढी", "tags": {"name": "दिक्तेल रुपाकोट मझुवागढी", "name:en": "Diktel Rupakot Majhuwagadhi", "name:ne": "दिक्तेल रुपाकोट मझुवागढी", "place": "hamlet"}}}, {"type": "Feature", "geometry": {"type": "Point", "coordinates": [86.7202008, 27.2899096]}, "properties": {"external_id": "osm:node/13154634556", "kind": "settlement", "name": "Rawa Besi", "name_ne": "रावा बेसी", "tags": {"name": "रावा बेसी", "name:en": "Rawa Besi", "name:ne": "रावा बेसी", "place": "village"}}}, {"type": "Feature", "geometry": {"type": "Point", "coordinates": [86.7486855, 27.3606005]}, "properties": {"external_id": "osm:node/13154634557", "kind": "settlement", "name": "Aiselukharka", "name_ne": "ऐसेलुखर्क", "tags": {"name": "ऐसेलुखर्क", "name:en": "Aiselukharka", "name:ne": "ऐसेलुखर्क", "place": "village"}}}, {"type": "Feature", "geometry": {"type": "Point", "coordinates": [86.5181797, 28.0948053]}, "properties": {"external_id": "osm:node/13185281435", "kind": "settlement", "name": "沙隆", "name_ne": "", "tags": {"name": "沙隆", "place": "locality"}}}, {"type": "Feature", "geometry": {"type": "Point", "coordinates": [86.7509989, 27.8464533]}, "properties": {"external_id": "osm:node/13252099601", "kind": "tourism", "name": "Sherpa Village Lodge & Restaurant", "name_ne": "", "tags": {"name:en": "Sherpa Village Lodge & Restaurant", "tourism": "guest_house"}}}, {"type": "Feature", "geometry": {"type": "Point", "coordinates": [86.7292874, 27.6892356]}, "properties": {"external_id": "osm:node/13264842601", "kind": "tourism", "name": "North Face Comfort Inn", "name_ne": "", "tags": {"name": "North Face Comfort Inn", "tourism": "guest_house"}}}, {"type": "Feature", "geometry": {"type": "Point", "coordinates": [86.7218617, 27.7760263]}, "properties": {"external_id": "osm:node/13266930602", "kind": "tourism", "name": "Panorama Lodge & Restaurant", "name_ne": "", "tags": {"name": "Panorama Lodge & Restaurant", "tourism": "guest_house"}}}, {"type": "Feature", "geometry": {"type": "Point", "coordinates": [86.7106224, 27.8037795]}, "properties": {"external_id": "osm:node/13266936001", "kind": "tourism", "name": "Magar Hotel & Khaja Ghar", "name_ne": "", "tags": {"name": "Magar Hotel & Khaja Ghar", "tourism": "guest_house"}}}, {"type": "Feature", "geometry": {"type": "Point", "coordinates": [86.7106097, 27.8037431]}, "properties": {"external_id": "osm:node/13267188301", "kind": "tourism", "name": "Hotel 8848", "name_ne": "", "tags": {"name": "Hotel 8848", "tourism": "guest_house"}}}, {"type": "Feature", "geometry": {"type": "Point", "coordinates": [86.7450712, 27.8324199]}, "properties": {"external_id": "osm:node/13272210401", "kind": "tourism", "name": "Zambala Lodge & Restaurant", "name_ne": "", "tags": {"name": "Zambala Lodge & Restaurant", "tourism": "guest_house"}}}, {"type": "Feature", "geometry": {"type": "Point", "coordinates": [86.5859114, 27.5135806]}, "properties": {"external_id": "osm:node/13276833901", "kind": "tourism", "name": "Kyirmu Lodge", "name_ne": "", "tags": {"name:en": "Kyirmu Lodge", "tourism": "alpine_hut"}}}, {"type": "Feature", "geometry": {"type": "Point", "coordinates": [86.5097113, 27.410604]}, "properties": {"external_id": "osm:node/13279507001", "kind": "tourism", "name": "Mountain view lodge", "name_ne": "", "tags": {"name": "Mountain view lodge", "tourism": "alpine_hut"}}}, {"type": "Feature", "geometry": {"type": "Point", "coordinates": [86.4843291, 27.4345058]}, "properties": {"external_id": "osm:node/13279507101", "kind": "tourism", "name": "Number view Lama Hotel", "name_ne": "", "tags": {"name": "Number view Lama Hotel", "tourism": "alpine_hut"}}}, {"type": "Feature", "geometry": {"type": "Point", "coordinates": [86.4836384, 27.4354922]}, "properties": {"external_id": "osm:node/13279507201", "kind": "tourism", "name": "Guesthouse", "name_ne": "", "tags": {"name": "Guesthouse", "tourism": "alpine_hut"}}}, {"type": "Feature", "geometry": {"type": "Point", "coordinates": [86.4832763, 27.4352345]}, "properties": {"external_id": "osm:node/13279507301", "kind": "tourism", "name": "Pikey lodge", "name_ne": "", "tags": {"name": "Pikey lodge", "tourism": "alpine_hut"}}}, {"type": "Feature", "geometry": {"type": "Point", "coordinates": [86.4780211, 27.4401439]}, "properties": {"external_id": "osm:node/13279507401", "kind": "tourism", "name": "Mountain view hotel", "name_ne": "", "tags": {"name": "Mountain view hotel", "tourism": "alpine_hut"}}}, {"type": "Feature", "geometry": {"type": "Point", "coordinates": [86.4767321, 27.4416605]}, "properties": {"external_id": "osm:node/13279507501", "kind": "tourism", "name": "Everest view point", "name_ne": "", "tags": {"name": "Everest view point", "tourism": "alpine_hut"}}}, {"type": "Feature", "geometry": {"type": "Point", "coordinates": [86.50963, 27.4106243]}, "properties": {"external_id": "osm:node/13284820801", "kind": "tourism", "name": "Moutain view lodge & restaurant", "name_ne": "", "tags": {"name": "Moutain view lodge & restaurant", "tourism": "guest_house"}}}, {"type": "Feature", "geometry": {"type": "Point", "coordinates": [86.8284746, 27.8920383]}, "properties": {"external_id": "osm:node/13285010901", "kind": "tourism", "name": "Hotel Good Luck", "name_ne": "", "tags": {"name": "Hotel Good Luck", "tourism": "guest_house"}}}, {"type": "Feature", "geometry": {"type": "Point", "coordinates": [86.8296273, 27.8922562]}, "properties": {"external_id": "osm:node/13286996201", "kind": "health", "name": "The Mountain Medical Institute", "name_ne": "", "tags": {"amenity": "clinic", "name:en": "The Mountain Medical Institute"}}}, {"type": "Feature", "geometry": {"type": "Point", "coordinates": [86.8051577, 27.8678732]}, "properties": {"external_id": "osm:node/13286996302", "kind": "tourism", "name": "Pasang Lodge & Restaurant", "name_ne": "Pasang Lodge & Restaurant", "tags": {"name": "Pasang Lodge & Restaurant", "name:en": "Pasang Lodge & Restaurant", "name:ne": "Pasang Lodge & Restaurant", "tourism": "guest_house"}}}, {"type": "Feature", "geometry": {"type": "Point", "coordinates": [86.5860388, 27.5034009]}, "properties": {"external_id": "osm:node/13299754688", "kind": "town", "name": "Salleri", "name_ne": "सल्लेरी", "tags": {"name": "सल्लेरी", "name:en": "Salleri", "name:ne": "सल्लेरी", "place": "town"}}}, {"type": "Feature", "geometry": {"type": "Point", "coordinates": [86.8721094, 27.9047019]}, "properties": {"external_id": "osm:node/13316256549", "kind": "tourism", "name": "Namaste Lodge", "name_ne": "", "tags": {"name": "Namaste Lodge", "tourism": "guest_house"}}}, {"type": "Feature", "geometry": {"type": "Point", "coordinates": [86.8713078, 27.9042552]}, "properties": {"external_id": "osm:node/13316264946", "kind": "tourism", "name": "Khangri Resort", "name_ne": "", "tags": {"name": "Khangri Resort", "tourism": "guest_house"}}}, {"type": "Feature", "geometry": {"type": "Point", "coordinates": [86.8723385, 27.9048987]}, "properties": {"external_id": "osm:node/13316271869", "kind": "tourism", "name": "Sunrise lodge", "name_ne": "", "tags": {"name": "Sunrise lodge", "tourism": "guest_house"}}}, {"type": "Feature", "geometry": {"type": "Point", "coordinates": [86.7714294, 27.8400906]}, "properties": {"external_id": "osm:node/13316274758", "kind": "tourism", "name": "Bivouac Spot", "name_ne": "", "tags": {"name": "Bivouac Spot", "tourism": "camp_site"}}}, {"type": "Feature", "geometry": {"type": "Point", "coordinates": [86.8719078, 27.9047875]}, "properties": {"external_id": "osm:node/13316290381", "kind": "tourism", "name": "Panorama Lodge", "name_ne": "", "tags": {"name": "Panorama Lodge", "tourism": "guest_house"}}}, {"type": "Feature", "geometry": {"type": "Point", "coordinates": [86.8718353, 27.9048881]}, "properties": {"external_id": "osm:node/13316306870", "kind": "tourism", "name": "Mahakulung Hotel", "name_ne": "महाकुलुङ‌ होटल", "tags": {"name": "महाकुलुङ‌ होटल", "name:en": "Mahakulung Hotel", "name:ne": "महाकुलुङ‌ होटल", "tourism": "guest_house"}}}, {"type": "Feature", "geometry": {"type": "Point", "coordinates": [86.8708796, 27.9043893]}, "properties": {"external_id": "osm:node/13316312299", "kind": "tourism", "name": "Chukhung Resort", "name_ne": "", "tags": {"name": "Chukhung Resort", "tourism": "guest_house"}}}, {"type": "Feature", "geometry": {"type": "Point", "coordinates": [86.8708043, 27.9046281]}, "properties": {"external_id": "osm:node/13316313668", "kind": "tourism", "name": "Yakland", "name_ne": "", "tags": {"name": "Yakland", "tourism": "guest_house"}}}, {"type": "Feature", "geometry": {"type": "Point", "coordinates": [86.8429937, 27.8398065]}, "properties": {"external_id": "osm:node/13353897160", "kind": "tourism", "name": "Yak Camp", "name_ne": "", "tags": {"name": "Yak Camp", "tourism": "camp_site"}}}, {"type": "Feature", "geometry": {"type": "Point", "coordinates": [86.8544885, 27.8565956]}, "properties": {"external_id": "osm:node/13353897506", "kind": "tourism", "name": "Camp 2", "name_ne": "", "tags": {"name": "Camp 2", "tourism": "camp_site"}}}, {"type": "Feature", "geometry": {"type": "Point", "coordinates": [86.8568593, 27.8588336]}, "properties": {"external_id": "osm:node/13353897535", "kind": "tourism", "name": "Camp 2.9", "name_ne": "", "tags": {"name": "Camp 2.9", "tourism": "camp_site"}}}, {"type": "Feature", "geometry": {"type": "Point", "coordinates": [86.8575035, 27.8597]}, "properties": {"external_id": "osm:node/13357969032", "kind": "tourism", "name": "Camp 3", "name_ne": "", "tags": {"name": "Camp 3", "tourism": "camp_site"}}}, {"type": "Feature", "geometry": {"type": "Point", "coordinates": [86.550637, 27.4036629]}, "properties": {"external_id": "osm:node/13429912701", "kind": "tourism", "name": "P.F.C Kitchen and Lodge", "name_ne": "", "tags": {"name": "P.F.C Kitchen and Lodge", "tourism": "hotel"}}}, {"type": "Feature", "geometry": {"type": "Point", "coordinates": [86.6367044, 27.9047675]}, "properties": {"external_id": "osm:node/13508231162", "kind": "tourism", "name": "Lungden view lodge & restaurant", "name_ne": "", "tags": {"name:en": "Lungden view lodge & restaurant", "tourism": "guest_house"}}}, {"type": "Feature", "geometry": {"type": "Point", "coordinates": [86.6153965, 27.6329446]}, "properties": {"external_id": "osm:node/13565964401", "kind": "tourism", "name": "Everest View Point", "name_ne": "", "tags": {"name": "Everest View Point", "tourism": "guest_house"}}}, {"type": "Feature", "geometry": {"type": "Point", "coordinates": [86.612815, 27.6110152]}, "properties": {"external_id": "osm:node/13583015010", "kind": "settlement", "name": "Kerungpati", "name_ne": "", "tags": {"name": "Kerungpati", "place": "locality"}}}, {"type": "Feature", "geometry": {"type": "Point", "coordinates": [86.6086552, 27.6527108]}, "properties": {"external_id": "osm:node/13583015866", "kind": "settlement", "name": "Jamlay khola", "name_ne": "", "tags": {"name": "Jamlay khola", "place": "locality"}}}, {"type": "Feature", "geometry": {"type": "Point", "coordinates": [86.5961307, 27.6620611]}, "properties": {"external_id": "osm:node/13583016141", "kind": "settlement", "name": "Sanobeni Height", "name_ne": "", "tags": {"name": "Sanobeni Height", "place": "locality"}}}, {"type": "Feature", "geometry": {"type": "Point", "coordinates": [86.6456139, 27.5880793]}, "properties": {"external_id": "osm:node/13583603640", "kind": "tourism", "name": "Water Garden Guest House", "name_ne": "", "tags": {"name": "Water Garden Guest House", "tourism": "guest_house"}}}, {"type": "Feature", "geometry": {"type": "Point", "coordinates": [86.6151752, 27.633016]}, "properties": {"external_id": "osm:node/13583616224", "kind": "settlement", "name": "Kamodanda", "name_ne": "", "tags": {"name": "Kamodanda", "place": "locality"}}}, {"type": "Feature", "geometry": {"type": "Point", "coordinates": [86.7306159, 27.6415282]}, "properties": {"external_id": "osm:node/13588616918", "kind": "tourism", "name": "Mountain Sherpa Lodge&Restaurant", "name_ne": "", "tags": {"name": "Mountain Sherpa Lodge&Restaurant", "tourism": "guest_house"}}}, {"type": "Feature", "geometry": {"type": "Point", "coordinates": [86.7169493, 27.6961929]}, "properties": {"external_id": "osm:node/13588710679", "kind": "tourism", "name": "Himalayan Friends Homestay", "name_ne": "", "tags": {"name": "Himalayan Friends Homestay", "tourism": "guest_house"}}}, {"type": "Feature", "geometry": {"type": "Point", "coordinates": [86.8132634, 27.95785]}, "properties": {"external_id": "osm:node/13598458385", "kind": "tourism", "name": "8000 Inn", "name_ne": "", "tags": {"name": "8000 Inn", "tourism": "guest_house"}}}, {"type": "Feature", "geometry": {"type": "Point", "coordinates": [86.8658441, 27.545848]}, "properties": {"external_id": "osm:node/13599797068", "kind": "settlement", "name": "Juktusko", "name_ne": "", "tags": {"name": "Juktusko", "place": "locality"}}}, {"type": "Feature", "geometry": {"type": "Point", "coordinates": [86.8674803, 27.5564445]}, "properties": {"external_id": "osm:node/13599797069", "kind": "settlement", "name": "Sumnimakom", "name_ne": "", "tags": {"name": "Sumnimakom", "place": "locality"}}}, {"type": "Feature", "geometry": {"type": "Point", "coordinates": [86.8672275, 27.5654571]}, "properties": {"external_id": "osm:node/13599797071", "kind": "settlement", "name": "Paruhangkom", "name_ne": "", "tags": {"name": "Paruhangkom", "place": "locality"}}}, {"type": "Feature", "geometry": {"type": "Point", "coordinates": [86.8619281, 27.5742918]}, "properties": {"external_id": "osm:node/13599797076", "kind": "settlement", "name": "Taime", "name_ne": "", "tags": {"name": "Taime", "place": "locality"}}}, {"type": "Feature", "geometry": {"type": "Point", "coordinates": [86.8555351, 27.581738]}, "properties": {"external_id": "osm:node/13599797077", "kind": "settlement", "name": "Cholkom", "name_ne": "", "tags": {"name": "Cholkom", "place": "locality"}}}, {"type": "Feature", "geometry": {"type": "Point", "coordinates": [86.8572932, 27.590736]}, "properties": {"external_id": "osm:node/13599797083", "kind": "settlement", "name": "Jharkharka", "name_ne": "", "tags": {"name": "Jharkharka", "place": "locality"}}}, {"type": "Feature", "geometry": {"type": "Point", "coordinates": [86.9192764, 27.2679208]}, "properties": {"external_id": "osm:node/13604571110", "kind": "settlement", "name": "Tinthumki", "name_ne": "", "tags": {"name": "Tinthumki", "place": "locality"}}}, {"type": "Feature", "geometry": {"type": "Point", "coordinates": [86.9355158, 27.26714]}, "properties": {"external_id": "osm:node/13604571118", "kind": "settlement", "name": "Dhodre", "name_ne": "", "tags": {"name": "Dhodre", "place": "village"}}}, {"type": "Feature", "geometry": {"type": "Point", "coordinates": [86.9462031, 27.2655307]}, "properties": {"external_id": "osm:node/13604571130", "kind": "tourism", "name": "Chhimalung Goth Stay", "name_ne": "", "tags": {"name": "Chhimalung Goth Stay", "tourism": "guest_house"}}}, {"type": "Feature", "geometry": {"type": "Point", "coordinates": [86.9483958, 27.3368852]}, "properties": {"external_id": "osm:node/13604571661", "kind": "settlement", "name": "Hekule", "name_ne": "", "tags": {"name": "Hekule", "place": "locality"}}}, {"type": "Feature", "geometry": {"type": "Point", "coordinates": [86.9254739, 27.3714958]}, "properties": {"external_id": "osm:node/13604572115", "kind": "settlement", "name": "Laure", "name_ne": "", "tags": {"name": "Laure", "place": "locality"}}}, {"type": "Feature", "geometry": {"type": "Point", "coordinates": [86.9334, 27.4454994]}, "properties": {"external_id": "osm:node/13604573356", "kind": "settlement", "name": "Nokchho Park", "name_ne": "", "tags": {"name": "Nokchho Park", "place": "locality"}}}, {"type": "Feature", "geometry": {"type": "Point", "coordinates": [86.9339401, 27.4391097]}, "properties": {"external_id": "osm:node/13604573362", "kind": "settlement", "name": "Marubazzar", "name_ne": "", "tags": {"name": "Marubazzar", "place": "locality"}}}, {"type": "Feature", "geometry": {"type": "Point", "coordinates": [86.9246321, 27.4407891]}, "properties": {"external_id": "osm:node/13604573441", "kind": "settlement", "name": "Kuluponkho", "name_ne": "", "tags": {"name": "Kuluponkho", "place": "locality"}}}, {"type": "Feature", "geometry": {"type": "Point", "coordinates": [86.8952368, 27.4581794]}, "properties": {"external_id": "osm:node/13604573612", "kind": "tourism", "name": "Gomba Lodge&Restaurant", "name_ne": "", "tags": {"name": "Gomba Lodge&Restaurant", "tourism": "guest_house"}}}, {"type": "Feature", "geometry": {"type": "Point", "coordinates": [86.535077, 27.3877814]}, "properties": {"external_id": "osm:node/13622631801", "kind": "tourism", "name": "Magar Hotel Dhap", "name_ne": "", "tags": {"name": "Magar Hotel Dhap", "tourism": "guest_house"}}}, {"type": "Feature", "geometry": {"type": "Point", "coordinates": [86.4757149, 27.4419564]}, "properties": {"external_id": "osm:node/13624671801", "kind": "tourism", "name": "Himalayan Lama Hotel", "name_ne": "", "tags": {"name": "Himalayan Lama Hotel", "tourism": "guest_house"}}}, {"type": "Feature", "geometry": {"type": "Point", "coordinates": [86.5476743, 27.3998325]}, "properties": {"external_id": "osm:node/13786550601", "kind": "police", "name": "Check post", "name_ne": "", "tags": {"amenity": "police", "name": "Check post"}}}, {"type": "Feature", "geometry": {"type": "Point", "coordinates": [86.7229508, 27.9420969]}, "properties": {"external_id": "osm:node/13838239003", "kind": "tourism", "name": "", "name_ne": "", "tags": {"tourism": "camp_site"}}}, {"type": "Feature", "geometry": {"type": "Point", "coordinates": [86.6911874, 27.9666266]}, "properties": {"external_id": "osm:node/13838239004", "kind": "tourism", "name": "", "name_ne": "", "tags": {"tourism": "camp_site"}}}, {"type": "Feature", "geometry": {"type": "Point", "coordinates": [86.7225312, 27.7801185]}, "properties": {"external_id": "osm:node/13842134501", "kind": "tourism", "name": "", "name_ne": "", "tags": {"tourism": "camp_site"}}}, {"type": "Feature", "geometry": {"type": "Point", "coordinates": [86.7183381, 27.6919437]}, "properties": {"external_id": "osm:node/13844023101", "kind": "tourism", "name": "Highland lodge", "name_ne": "", "tags": {"name": "Highland lodge", "tourism": "guest_house"}}}, {"type": "Feature", "geometry": {"type": "Point", "coordinates": [86.8256301, 27.8548203]}, "properties": {"external_id": "osm:way/36479489", "kind": "tourism", "name": "Ama Dablam Base Camp", "name_ne": "", "tags": {"name": "Base Camp Amadablam", "name:en": "Ama Dablam Base Camp", "tourism": "camp_site"}}}, {"type": "Feature", "geometry": {"type": "Point", "coordinates": [86.7047237, 27.8237967]}, "properties": {"external_id": "osm:way/45019553", "kind": "health", "name": "Hillary Hospital", "name_ne": "", "tags": {"amenity": "hospital", "name": "Hillary Hospital"}}}, {"type": "Feature", "geometry": {"type": "Point", "coordinates": [86.728999, 27.6860461]}, "properties": {"external_id": "osm:way/45291435", "kind": "tourism", "name": "Hotel Villa Sherpani", "name_ne": "", "tags": {"name": "Hotel Villa Sherpani", "tourism": "guest_house"}}}, {"type": "Feature", "geometry": {"type": "Point", "coordinates": [86.7163204, 27.8207459]}, "properties": {"external_id": "osm:way/238183561", "kind": "school", "name": "Khumjung Secondary School", "name_ne": "", "tags": {"amenity": "school", "name": "Khumjung Secondary School"}}}, {"type": "Feature", "geometry": {"type": "Point", "coordinates": [86.7298597, 27.689098]}, "properties": {"external_id": "osm:way/249739198", "kind": "tourism", "name": "Khumbhu Resort", "name_ne": "", "tags": {"name": "Khumbhu Resort", "tourism": "guest_house"}}}, {"type": "Feature", "geometry": {"type": "Point", "coordinates": [86.7313822, 27.6870576]}, "properties": {"external_id": "osm:way/249739221", "kind": "tourism", "name": "Buddha Lodge", "name_ne": "", "tags": {"name": "Buddha Lodge", "tourism": "guest_house"}}}, {"type": "Feature", "geometry": {"type": "Point", "coordinates": [86.7309908, 27.687278]}, "properties": {"external_id": "osm:way/249739223", "kind": "tourism", "name": "Lukla Numbur Hotel", "name_ne": "", "tags": {"name": "Lukla Numbur Hotel", "tourism": "guest_house"}}}, {"type": "Feature", "geometry": {"type": "Point", "coordinates": [86.7320813, 27.6871158]}, "properties": {"external_id": "osm:way/249739310", "kind": "tourism", "name": "Hotel Sherpa", "name_ne": "", "tags": {"name": "Hotel Sherpa", "tourism": "guest_house"}}}, {"type": "Feature", "geometry": {"type": "Point", "coordinates": [86.7315795, 27.6868501]}, "properties": {"external_id": "osm:way/249739311", "kind": "tourism", "name": "Everest Mountain Home Lukla Airport", "name_ne": "", "tags": {"amenity": "restaurant", "name": "Everest Mountain Home Lukla Airport", "tourism": "guest_house"}}}, {"type": "Feature", "geometry": {"type": "Point", "coordinates": [86.7312552, 27.6882722]}, "properties": {"external_id": "osm:way/249739328", "kind": "tourism", "name": "Paradise Lodge and Restaurant", "name_ne": "", "tags": {"name": "Paradise Lodge and Restaurant", "tourism": "guest_house"}}}, {"type": "Feature", "geometry": {"type": "Point", "coordinates": [86.7327199, 27.6866189]}, "properties": {"external_id": "osm:way/249739337", "kind": "tourism", "name": "Tara Lodge", "name_ne": "", "tags": {"name": "Tara Lodge", "tourism": "guest_house"}}}, {"type": "Feature", "geometry": {"type": "Point", "coordinates": [86.7318341, 27.6869043]}, "properties": {"external_id": "osm:way/249740406", "kind": "tourism", "name": "Everest Summit Lodge", "name_ne": "", "tags": {"name": "Everest Summit Lodge", "tourism": "guest_house"}}}, {"type": "Feature", "geometry": {"type": "Point", "coordinates": [86.8280623, 27.8906622]}, "properties": {"external_id": "osm:way/251433677", "kind": "tourism", "name": "Khumbu Resort", "name_ne": "", "tags": {"amenity": "restaurant", "name": "Khumbu Resort", "tourism": "guest_house"}}}, {"type": "Feature", "geometry": {"type": "Point", "coordinates": [86.7005287, 27.6038672]}, "properties": {"external_id": "osm:way/289100107", "kind": "tourism", "name": "Hill Top Guest House & Restaurant", "name_ne": "", "tags": {"name:en": "Hill Top Guest House & Restaurant", "operator": "Padam Ranamagar", "tourism": "guest_house"}}}, {"type": "Feature", "geometry": {"type": "Point", "coordinates": [86.7110062, 27.8045228]}, "properties": {"external_id": "osm:way/300645628", "kind": "tourism", "name": "Ama-Dablam Lodge", "name_ne": "", "tags": {"name": "Ama-Dablam Lodge", "tourism": "guest_house"}}}, {"type": "Feature", "geometry": {"type": "Point", "coordinates": [86.7108623, 27.8036849]}, "properties": {"external_id": "osm:way/300645629", "kind": "tourism", "name": "Hotel Hill-ten", "name_ne": "", "tags": {"name": "Hotel Hill-ten", "tourism": "guest_house"}}}, {"type": "Feature", "geometry": {"type": "Point", "coordinates": [86.711422, 27.8048061]}, "properties": {"external_id": "osm:way/300645632", "kind": "tourism", "name": "Hotel Camp de Base", "name_ne": "", "tags": {"name": "Hotel Camp de Base", "tourism": "guest_house"}}}, {"type": "Feature", "geometry": {"type": "Point", "coordinates": [86.7093485, 27.8054016]}, "properties": {"external_id": "osm:way/300645638", "kind": "tourism", "name": "Alpine Lodge Cafe and Grill", "name_ne": "", "tags": {"amenity": "cafe", "name": "Alpine Lodge Cafe and Grill", "tourism": "guest_house"}}}, {"type": "Feature", "geometry": {"type": "Point", "coordinates": [86.7112107, 27.8060439]}, "properties": {"external_id": "osm:way/300645648", "kind": "tourism", "name": "Khumbu Resort", "name_ne": "", "tags": {"name:en": "Khumbu Resort", "tourism": "guest_house"}}}, {"type": "Feature", "geometry": {"type": "Point", "coordinates": [86.7127679, 27.8047507]}, "properties": {"external_id": "osm:way/300645654", "kind": "tourism", "name": "Yeti Mountain Home", "name_ne": "", "tags": {"amenity": "restaurant", "name": "Yeti Mountain Home", "tourism": "guest_house"}}}, {"type": "Feature", "geometry": {"type": "Point", "coordinates": [86.7099972, 27.8043437]}, "properties": {"external_id": "osm:way/300645655", "kind": "tourism", "name": "Comfort Inn", "name_ne": "", "tags": {"name": "Comfort Inn", "tourism": "guest_house"}}}, {"type": "Feature", "geometry": {"type": "Point", "coordinates": [86.7091719, 27.8054054]}, "properties": {"external_id": "osm:way/300645656", "kind": "tourism", "name": "Zamling Guesthouse", "name_ne": "", "tags": {"amenity": "restaurant", "name": "Zamling Guesthouse", "tourism": "guest_house"}}}, {"type": "Feature", "geometry": {"type": "Point", "coordinates": [86.7110938, 27.8052905]}, "properties": {"external_id": "osm:way/300645715", "kind": "tourism", "name": "Hotel Tibet", "name_ne": "", "tags": {"name": "Hotel Tibet", "tourism": "guest_house"}}}, {"type": "Feature", "geometry": {"type": "Point", "coordinates": [86.7117425, 27.7433573]}, "properties": {"external_id": "osm:way/304427036", "kind": "tourism", "name": "Mountain Resort", "name_ne": "", "tags": {"name": "Mountain Resort", "tourism": "guest_house"}}}, {"type": "Feature", "geometry": {"type": "Point", "coordinates": [86.7123745, 27.7398037]}, "properties": {"external_id": "osm:way/304427041", "kind": "tourism", "name": "Kalapatar Lodge & Restaurant", "name_ne": "", "tags": {"amenity": "restaurant", "name": "Kalapatar Lodge & Restaurant", "tourism": "guest_house"}}}, {"type": "Feature", "geometry": {"type": "Point", "coordinates": [86.7124338, 27.7394128]}, "properties": {"external_id": "osm:way/304427046", "kind": "tourism", "name": "Four Season Lodge & Restaurant", "name_ne": "", "tags": {"amenity": "restaurant", "name": "Four Season Lodge & Restaurant", "tourism": "guest_house"}}}, {"type": "Feature", "geometry": {"type": "Point", "coordinates": [86.7121813, 27.739439]}, "properties": {"external_id": "osm:way/304427057", "kind": "tourism", "name": "Tashi Ta Gey", "name_ne": "", "tags": {"amenity": "restaurant", "name": "Tashi Ta Gey", "tourism": "guest_house"}}}, {"type": "Feature", "geometry": {"type": "Point", "coordinates": [86.5608624, 27.2070008]}, "properties": {"external_id": "osm:way/311684062", "kind": "school", "name": "Shree Laxmi higher secondary school", "name_ne": "", "tags": {"amenity": "school", "name": "Shree Laxmi higher secondary school"}}}, {"type": "Feature", "geometry": {"type": "Point", "coordinates": [86.5490856, 27.2051646]}, "properties": {"external_id": "osm:way/311699836", "kind": "school", "name": "Kalika devisthan lower secondary school badherea", "name_ne": "", "tags": {"amenity": "school", "name": "Kalika devisthan lower secondary school badherea"}}}, {"type": "Feature", "geometry": {"type": "Point", "coordinates": [86.7133436, 27.8046065]}, "properties": {"external_id": "osm:way/312775875", "kind": "tourism", "name": "", "name_ne": "", "tags": {"tourism": "camp_site"}}}, {"type": "Feature", "geometry": {"type": "Point", "coordinates": [86.7112431, 27.8017838]}, "properties": {"external_id": "osm:way/312775877", "kind": "tourism", "name": "Hotel Tibetane Restaurant", "name_ne": "", "tags": {"amenity": "restaurant", "name": "Hotel Tibetane Restaurant", "tourism": "guest_house"}}}, {"type": "Feature", "geometry": {"type": "Point", "coordinates": [86.7094951, 27.8049676]}, "properties": {"external_id": "osm:way/312775879", "kind": "tourism", "name": "", "name_ne": "", "tags": {"amenity": "restaurant", "tourism": "guest_house"}}}, {"type": "Feature", "geometry": {"type": "Point", "coordinates": [86.7114938, 27.8057123]}, "properties": {"external_id": "osm:way/312775888", "kind": "tourism", "name": "home away from home", "name_ne": "", "tags": {"amenity": "restaurant", "name": "home away from home", "tourism": "guest_house"}}}, {"type": "Feature", "geometry": {"type": "Point", "coordinates": [86.7092346, 27.8047745]}, "properties": {"external_id": "osm:way/312775908", "kind": "tourism", "name": "Hotel Snowland", "name_ne": "", "tags": {"name": "Hotel Snowland", "tourism": "guest_house"}}}, {"type": "Feature", "geometry": {"type": "Point", "coordinates": [86.7110902, 27.805106]}, "properties": {"external_id": "osm:way/312775910", "kind": "tourism", "name": "Hotel Camp de Base", "name_ne": "", "tags": {"name": "Hotel Camp de Base", "tourism": "guest_house"}}}, {"type": "Feature", "geometry": {"type": "Point", "coordinates": [86.7089633, 27.8042517]}, "properties": {"external_id": "osm:way/312775918", "kind": "tourism", "name": "Pumori Guesthouse", "name_ne": "", "tags": {"name:en": "Pumori Guesthouse", "operator": "Pemba Gyaltsen Sherpa & Chhing Doma Sherpa", "tourism": "guest_house"}}}, {"type": "Feature", "geometry": {"type": "Point", "coordinates": [86.7131902, 27.8052224]}, "properties": {"external_id": "osm:way/312775929", "kind": "tourism", "name": "Danfe Lodge & restaurant", "name_ne": "", "tags": {"amenity": "tourism", "name": "Danfe Lodge & restaurant", "tourism": "guest_house"}}}, {"type": "Feature", "geometry": {"type": "Point", "coordinates": [86.7134804, 27.8053114]}, "properties": {"external_id": "osm:way/312775932", "kind": "tourism", "name": "Mustang Guest House and Restaurant", "name_ne": "", "tags": {"amenity": "restaurant", "name": "Mustang Guest House and Restaurant", "tourism": "guest_house"}}}, {"type": "Feature", "geometry": {"type": "Point", "coordinates": [86.709503, 27.8056893]}, "properties": {"external_id": "osm:way/312775933", "kind": "tourism", "name": "Mountain View Lodge", "name_ne": "", "tags": {"amenity": "restaurant", "name": "Mountain View Lodge", "tourism": "guest_house"}}}, {"type": "Feature", "geometry": {"type": "Point", "coordinates": [86.7111722, 27.804702]}, "properties": {"external_id": "osm:way/312775935", "kind": "tourism", "name": "Green Tara Hotel", "name_ne": "", "tags": {"name": "Green Tara Hotel", "tourism": "guest_house"}}}, {"type": "Feature", "geometry": {"type": "Point", "coordinates": [86.7108061, 27.8046581]}, "properties": {"external_id": "osm:way/312775943", "kind": "tourism", "name": "Thamersku View Lodge and Restaurant", "name_ne": "", "tags": {"amenity": "restaurant", "name": "Thamersku View Lodge and Restaurant", "tourism": "guest_house"}}}, {"type": "Feature", "geometry": {"type": "Point", "coordinates": [86.708731, 27.8044661]}, "properties": {"external_id": "osm:way/312775961", "kind": "tourism", "name": "Nirvana Home", "name_ne": "", "tags": {"name": "Nirvana Home", "tourism": "guest_house"}}}, {"type": "Feature", "geometry": {"type": "Point", "coordinates": [86.7092763, 27.8045151]}, "properties": {"external_id": "osm:way/312775968", "kind": "tourism", "name": "Sun Site Lodge", "name_ne": "", "tags": {"name": "Sun Site Lodge", "tourism": "guest_house"}}}, {"type": "Feature", "geometry": {"type": "Point", "coordinates": [86.709006, 27.804634]}, "properties": {"external_id": "osm:way/312775977", "kind": "tourism", "name": "Hotel Norling", "name_ne": "", "tags": {"name": "Hotel Norling", "tourism": "guest_house"}}}, {"type": "Feature", "geometry": {"type": "Point", "coordinates": [86.7116458, 27.8057985]}, "properties": {"external_id": "osm:way/312775979", "kind": "tourism", "name": "Moonlight Lodge and Restaurant", "name_ne": "", "tags": {"amenity": "restaurant", "name": "Moonlight Lodge and Restaurant", "tourism": "guest_house"}}}, {"type": "Feature", "geometry": {"type": "Point", "coordinates": [86.7134242, 27.8047555]}, "properties": {"external_id": "osm:way/312775988", "kind": "tourism", "name": "Hill Top Lodge & Restaurant", "name_ne": "", "tags": {"name:en": "Hill Top Lodge & Restaurant", "tourism": "guest_house"}}}, {"type": "Feature", "geometry": {"type": "Point", "coordinates": [86.713049, 27.8052547]}, "properties": {"external_id": "osm:way/312775990", "kind": "tourism", "name": "Home Away from Home", "name_ne": "", "tags": {"name": "Home Away from Home", "tourism": "guest_house"}}}, {"type": "Feature", "geometry": {"type": "Point", "coordinates": [86.7121297, 27.8042042]}, "properties": {"external_id": "osm:way/312775998", "kind": "tourism", "name": "Panorama Lodge", "name_ne": "", "tags": {"name": "Panorama Lodge", "tourism": "guest_house"}}}, {"type": "Feature", "geometry": {"type": "Point", "coordinates": [86.5858754, 27.515368]}, "properties": {"external_id": "osm:way/312966050", "kind": "health", "name": "Phaplu Hospital", "name_ne": "", "tags": {"amenity": "hospital", "name": "Solukhumbu District Hospital", "name:en": "Phaplu Hospital"}}}, {"type": "Feature", "geometry": {"type": "Point", "coordinates": [86.6469119, 27.5892785]}, "properties": {"external_id": "osm:way/313133130", "kind": "tourism", "name": "Danfe Lodge & Restaurant", "name_ne": "", "tags": {"name:en": "Danfe Lodge & Restaurant", "tourism": "guest_house"}}}, {"type": "Feature", "geometry": {"type": "Point", "coordinates": [86.6424504, 27.5875471]}, "properties": {"external_id": "osm:way/313133135", "kind": "tourism", "name": "Mountain Sherpa Lodge and Restaurant", "name_ne": "", "tags": {"name": "Mountain Sherpa Lodge and Restaurant", "tourism": "guest_house"}}}, {"type": "Feature", "geometry": {"type": "Point", "coordinates": [86.6043253, 27.5874601]}, "properties": {"external_id": "osm:way/313133174", "kind": "tourism", "name": "Center Sherpa Lodge", "name_ne": "", "tags": {"name:en": "Center Sherpa Lodge", "tourism": "guest_house"}}}, {"type": "Feature", "geometry": {"type": "Point", "coordinates": [86.6447016, 27.5881043]}, "properties": {"external_id": "osm:way/313133175", "kind": "tourism", "name": "Tiny Guest House", "name_ne": "", "tags": {"name:en": "Tiny Guest House", "tourism": "guest_house"}}}, {"type": "Feature", "geometry": {"type": "Point", "coordinates": [86.6208412, 27.5936686]}, "properties": {"external_id": "osm:way/313133176", "kind": "tourism", "name": "Panorama Guest House", "name_ne": "", "tags": {"name": "Panorama Guest House", "tourism": "guest_house"}}}, {"type": "Feature", "geometry": {"type": "Point", "coordinates": [86.6174919, 27.5923564]}, "properties": {"external_id": "osm:way/313133178", "kind": "tourism", "name": "Hiltop Guest House", "name_ne": "", "tags": {"name:en": "Hiltop Guest House", "tourism": "guest_house"}}}, {"type": "Feature", "geometry": {"type": "Point", "coordinates": [86.6467162, 27.5891116]}, "properties": {"external_id": "osm:way/313133184", "kind": "tourism", "name": "Hotel Everest", "name_ne": "", "tags": {"name:en": "Hotel Everest", "tourism": "guest_house"}}}, {"type": "Feature", "geometry": {"type": "Point", "coordinates": [86.646814, 27.588679]}, "properties": {"external_id": "osm:way/313133187", "kind": "tourism", "name": "Sherpa Guest House and Restaurant", "name_ne": "", "tags": {"name": "Sherpa Guest House and Restaurant", "tourism": "guest_house"}}}, {"type": "Feature", "geometry": {"type": "Point", "coordinates": [86.6039864, 27.5874914]}, "properties": {"external_id": "osm:way/313133190", "kind": "tourism", "name": "Numbur View Cheese Factory Lodge and Restaurant", "name_ne": "", "tags": {"name:en": "Numbur View Cheese Factory Lodge and Restaurant", "tourism": "guest_house"}}}, {"type": "Feature", "geometry": {"type": "Point", "coordinates": [86.6459785, 27.5883972]}, "properties": {"external_id": "osm:way/313133191", "kind": "tourism", "name": "Hotel Nuning", "name_ne": "", "tags": {"name": "Hotel Nuning", "tourism": "guest_house"}}}, {"type": "Feature", "geometry": {"type": "Point", "coordinates": [86.6466856, 27.5884833]}, "properties": {"external_id": "osm:way/313133195", "kind": "tourism", "name": "Thamserku Guest House", "name_ne": "", "tags": {"name:en": "Thamserku Guest House", "tourism": "guest_house"}}}, {"type": "Feature", "geometry": {"type": "Point", "coordinates": [86.647106, 27.5894478]}, "properties": {"external_id": "osm:way/313133199", "kind": "tourism", "name": "Rai Guest House", "name_ne": "", "tags": {"name:en": "Rai Guest House", "tourism": "guest_house"}}}, {"type": "Feature", "geometry": {"type": "Point", "coordinates": [86.6465819, 27.5888828]}, "properties": {"external_id": "osm:way/313133202", "kind": "tourism", "name": "", "name_ne": "", "tags": {"tourism": "guest_house"}}}, {"type": "Feature", "geometry": {"type": "Point", "coordinates": [86.6451378, 27.588262]}, "properties": {"external_id": "osm:way/313133205", "kind": "tourism", "name": "Shangrila Guest House", "name_ne": "", "tags": {"name": "Shangrila Guest House", "tourism": "guest_house"}}}, {"type": "Feature", "geometry": {"type": "Point", "coordinates": [86.6470192, 27.5889643]}, "properties": {"external_id": "osm:way/313133218", "kind": "tourism", "name": "Himalayan Trekker Lodge & Restaurant", "name_ne": "", "tags": {"name:en": "Himalayan Trekker Lodge & Restaurant", "tourism": "guest_house"}}}, {"type": "Feature", "geometry": {"type": "Point", "coordinates": [86.6444159, 27.588091]}, "properties": {"external_id": "osm:way/313133220", "kind": "tourism", "name": "Tasi Hotel & Lodge", "name_ne": "", "tags": {"name": "Tasi Hotel & Lodge", "tourism": "guest_house"}}}, {"type": "Feature", "geometry": {"type": "Point", "coordinates": [86.5498211, 27.2169498]}, "properties": {"external_id": "osm:way/313329463", "kind": "school", "name": "Dudh koshi lower secondary school", "name_ne": "", "tags": {"amenity": "school", "name": "Dudh koshi lower secondary school"}}}, {"type": "Feature", "geometry": {"type": "Point", "coordinates": [86.6650022, 27.5898512]}, "properties": {"external_id": "osm:way/314075949", "kind": "tourism", "name": "Bejoy Lodge and Retail Shop", "name_ne": "", "tags": {"name:en": "Bejoy Lodge and Retail Shop", "tourism": "guest_house"}}}, {"type": "Feature", "geometry": {"type": "Point", "coordinates": [86.7123879, 27.6045958]}, "properties": {"external_id": "osm:way/314160665", "kind": "tourism", "name": "Boudha Lodge and Restaurant", "name_ne": "", "tags": {"name": "Boudha Lodge and Restaurant", "tourism": "guest_house"}}}, {"type": "Feature", "geometry": {"type": "Point", "coordinates": [86.7133321, 27.6045676]}, "properties": {"external_id": "osm:way/314160666", "kind": "tourism", "name": "Bimala Lodge&Restaurant", "name_ne": "", "tags": {"name:en": "Bimala Lodge&Restaurant", "tourism": "guest_house"}}}, {"type": "Feature", "geometry": {"type": "Point", "coordinates": [86.7132936, 27.6046674]}, "properties": {"external_id": "osm:way/314160676", "kind": "tourism", "name": "Blue Haven Lodge and Restaurant", "name_ne": "", "tags": {"name": "Blue Haven Lodge and Restaurant", "tourism": "guest_house"}}}, {"type": "Feature", "geometry": {"type": "Point", "coordinates": [86.7454207, 27.5870276]}, "properties": {"external_id": "osm:way/314160697", "kind": "tourism", "name": "Himalayan Trekkers Lodge", "name_ne": "", "tags": {"name": "Himalayan Trekkers Lodge", "name:en": "Himalayan Trekkers Lodge", "tourism": "guest_house"}}}, {"type": "Feature", "geometry": {"type": "Point", "coordinates": [86.5726766, 27.4445892]}, "properties": {"external_id": "osm:way/314460957", "kind": "bridge", "name": "Salme -Tingla Bridge", "name_ne": "", "tags": {"highway": "primary", "name": "Salme -Tingla Bridge"}}}, {"type": "Feature", "geometry": {"type": "Point", "coordinates": [86.718571, 27.6934727]}, "properties": {"external_id": "osm:way/314882350", "kind": "tourism", "name": "Everest Guest House", "name_ne": "", "tags": {"name": "Everest Guest House", "tourism": "guest_house"}}}, {"type": "Feature", "geometry": {"type": "Point", "coordinates": [86.5856041, 27.5141227]}, "properties": {"external_id": "osm:way/314882351", "kind": "tourism", "name": "Shangri La Guest House", "name_ne": "", "tags": {"name": "Shangri La Guest House", "tourism": "guest_house"}}}, {"type": "Feature", "geometry": {"type": "Point", "coordinates": [86.6941443, 27.9532856]}, "properties": {"external_id": "osm:way/315445329", "kind": "tourism", "name": "", "name_ne": "", "tags": {"tourism": "guest_house"}}}, {"type": "Feature", "geometry": {"type": "Point", "coordinates": [86.8722749, 27.9045615]}, "properties": {"external_id": "osm:way/316033105", "kind": "tourism", "name": "", "name_ne": "", "tags": {"tourism": "camp_site"}}}, {"type": "Feature", "geometry": {"type": "Point", "coordinates": [86.8198595, 27.8946615]}, "properties": {"external_id": "osm:way/316033170", "kind": "tourism", "name": "Mount Kailash Lodge", "name_ne": "", "tags": {"amenity": "restaurant", "name": "Mount Kailash Lodge", "tourism": "guest_house"}}}, {"type": "Feature", "geometry": {"type": "Point", "coordinates": [86.8284192, 27.8909517]}, "properties": {"external_id": "osm:way/316033175", "kind": "tourism", "name": "Hotel Summit", "name_ne": "", "tags": {"name": "Hotel Summit", "tourism": "guest_house"}}}, {"type": "Feature", "geometry": {"type": "Point", "coordinates": [86.7173435, 27.7033827]}, "properties": {"external_id": "osm:way/319214644", "kind": "tourism", "name": "", "name_ne": "", "tags": {"amenity": "restaurant", "tourism": "guest_house"}}}, {"type": "Feature", "geometry": {"type": "Point", "coordinates": [86.7176486, 27.7036249]}, "properties": {"external_id": "osm:way/319358883", "kind": "tourism", "name": "Khumbila Guest House", "name_ne": "", "tags": {"amenity": "restaurant", "name": "Khumbila Guest House", "tourism": "guest_house"}}}, {"type": "Feature", "geometry": {"type": "Point", "coordinates": [86.717832, 27.7040565]}, "properties": {"external_id": "osm:way/319359225", "kind": "tourism", "name": "Sherpa Road House", "name_ne": "", "tags": {"name": "Sherpa Road House", "tourism": "guest_house"}}}, {"type": "Feature", "geometry": {"type": "Point", "coordinates": [86.7179898, 27.7041393]}, "properties": {"external_id": "osm:way/319359271", "kind": "tourism", "name": "Norbu Linkha Guest House & Restaurant", "name_ne": "", "tags": {"name:en": "Norbu Linkha Guest House & Restaurant", "tourism": "guest_house"}}}, {"type": "Feature", "geometry": {"type": "Point", "coordinates": [86.7164576, 27.706411]}, "properties": {"external_id": "osm:way/319359800", "kind": "tourism", "name": "Valley view Lodge & Restaurant", "name_ne": "", "tags": {"amenity": "restaurant", "name": "Valley view Lodge & Restaurant", "tourism": "guest_house"}}}, {"type": "Feature", "geometry": {"type": "Point", "coordinates": [86.7137394, 27.7618072]}, "properties": {"external_id": "osm:way/319362134", "kind": "tourism", "name": "Benkar Guest House", "name_ne": "", "tags": {"name": "Benkar Guest House", "tourism": "guest_house"}}}, {"type": "Feature", "geometry": {"type": "Point", "coordinates": [86.7144038, 27.7105121]}, "properties": {"external_id": "osm:way/319364661", "kind": "tourism", "name": "Apple Garden lodge & restaurant", "name_ne": "", "tags": {"amenity": "restaurant", "name": "Apple Garden lodge & restaurant", "tourism": "guest_house"}}}, {"type": "Feature", "geometry": {"type": "Point", "coordinates": [86.7145554, 27.7097063]}, "properties": {"external_id": "osm:way/319364680", "kind": "government", "name": "Municipality House Khumbu Pasanglhamu Rural Municipality", "name_ne": "", "tags": {"amenity": "townhall", "name": "Municipality House Khumbu Pasanglhamu Rural Municipality"}}}, {"type": "Feature", "geometry": {"type": "Point", "coordinates": [86.7156948, 27.7085468]}, "properties": {"external_id": "osm:way/319364833", "kind": "tourism", "name": "Alpine Guesthouse", "name_ne": "", "tags": {"amenity": "restaurant", "name": "Alpine Guesthouse", "tourism": "guest_house"}}}, {"type": "Feature", "geometry": {"type": "Point", "coordinates": [86.7166847, 27.6976297]}, "properties": {"external_id": "osm:way/319365517", "kind": "tourism", "name": "", "name_ne": "", "tags": {"tourism": "guest_house"}}}, {"type": "Feature", "geometry": {"type": "Point", "coordinates": [86.717031, 27.6971005]}, "properties": {"external_id": "osm:way/319365540", "kind": "tourism", "name": "Stupa Home Stay", "name_ne": "", "tags": {"name:en": "Stupa Home Stay", "tourism": "guest_house"}}}, {"type": "Feature", "geometry": {"type": "Point", "coordinates": [86.712458, 27.7401226]}, "properties": {"external_id": "osm:way/319367616", "kind": "tourism", "name": "Trekkers Lodge", "name_ne": "", "tags": {"name": "Trekkers Lodge", "tourism": "guest_house"}}}, {"type": "Feature", "geometry": {"type": "Point", "coordinates": [86.7128328, 27.7407252]}, "properties": {"external_id": "osm:way/319367688", "kind": "tourism", "name": "Samjhana Guesthouse", "name_ne": "", "tags": {"name": "Samjhana Guesthouse", "tourism": "guest_house"}}}, {"type": "Feature", "geometry": {"type": "Point", "coordinates": [86.7122577, 27.7500864]}, "properties": {"external_id": "osm:way/319369475", "kind": "health", "name": "Himalaya Sherpa Hospital", "name_ne": "", "tags": {"amenity": "hospital", "name": "Himalaya Sherpa Hospital"}}}, {"type": "Feature", "geometry": {"type": "Point", "coordinates": [86.7106236, 27.7514332]}, "properties": {"external_id": "osm:way/319369994", "kind": "tourism", "name": "Riverview Lodge & Restaurant", "name_ne": "", "tags": {"amenity": "restaurant", "name": "Riverview Lodge & Restaurant", "tourism": "guest_house"}}}, {"type": "Feature", "geometry": {"type": "Point", "coordinates": [86.7104309, 27.7529035]}, "properties": {"external_id": "osm:way/319370377", "kind": "tourism", "name": "Family Lodge and Restaurant", "name_ne": "", "tags": {"amenity": "restaurant", "name": "Family Lodge and Restaurant", "tourism": "guest_house"}}}, {"type": "Feature", "geometry": {"type": "Point", "coordinates": [86.7105985, 27.7527412]}, "properties": {"external_id": "osm:way/319370476", "kind": "tourism", "name": "Wilderness Lodge & Restaurant", "name_ne": "", "tags": {"amenity": "restaurant", "name": "Wilderness Lodge & Restaurant", "tourism": "guest_house"}}}, {"type": "Feature", "geometry": {"type": "Point", "coordinates": [86.7103211, 27.7542688]}, "properties": {"external_id": "osm:way/319370559", "kind": "tourism", "name": "Magar Kitchen Home", "name_ne": "मगर भान्सा घर", "tags": {"name": "Magar Kitchen Home", "name:ne": "मगर भान्सा घर", "tourism": "guest_house"}}}, {"type": "Feature", "geometry": {"type": "Point", "coordinates": [86.7103297, 27.7544074]}, "properties": {"external_id": "osm:way/319370616", "kind": "tourism", "name": "Karma Friendship Lodge and Restaurant", "name_ne": "", "tags": {"amenity": "restaurant", "name": "Karma Friendship Lodge and Restaurant", "tourism": "guest_house"}}}, {"type": "Feature", "geometry": {"type": "Point", "coordinates": [86.7154425, 27.7613925]}, "properties": {"external_id": "osm:way/319371264", "kind": "tourism", "name": "Mera lodge & restaurant", "name_ne": "", "tags": {"amenity": "restaurant", "name": "Mera lodge & restaurant", "tourism": "guest_house"}}}, {"type": "Feature", "geometry": {"type": "Point", "coordinates": [86.7161298, 27.7614927]}, "properties": {"external_id": "osm:way/319371366", "kind": "tourism", "name": "Himalayan Guesthouse and Restaurant", "name_ne": "", "tags": {"amenity": "restaurant", "name": "Himalayan Guesthouse and Restaurant", "operator": "Lemi Sherpa", "tourism": "guest_house"}}}, {"type": "Feature", "geometry": {"type": "Point", "coordinates": [86.7165544, 27.761836]}, "properties": {"external_id": "osm:way/319371420", "kind": "tourism", "name": "Solokhumbu Himalayan Lodge", "name_ne": "", "tags": {"name": "Solokhumbu Himalayan Lodge", "tourism": "guest_house"}}}, {"type": "Feature", "geometry": {"type": "Point", "coordinates": [86.7168607, 27.7617388]}, "properties": {"external_id": "osm:way/319371466", "kind": "tourism", "name": "Tashi Guesthouse", "name_ne": "", "tags": {"name": "Tashi Guesthouse", "tourism": "guest_house"}}}, {"type": "Feature", "geometry": {"type": "Point", "coordinates": [86.7158189, 27.8219379]}, "properties": {"external_id": "osm:way/319375086", "kind": "tourism", "name": "Amadablam View Lodge", "name_ne": "", "tags": {"name": "Amadablam View Lodge", "tourism": "guest_house"}}}, {"type": "Feature", "geometry": {"type": "Point", "coordinates": [86.7204686, 27.8228746]}, "properties": {"external_id": "osm:way/319378288", "kind": "tourism", "name": "Everest Bakery Lodge", "name_ne": "", "tags": {"name": "Everest Bakery Lodge", "tourism": "guest_house"}}}, {"type": "Feature", "geometry": {"type": "Point", "coordinates": [86.7217218, 27.8233084]}, "properties": {"external_id": "osm:way/319378915", "kind": "tourism", "name": "Mandala Lodge&Restaurant", "name_ne": "", "tags": {"name": "Mandala Lodge&Restaurant", "tourism": "guest_house"}}}, {"type": "Feature", "geometry": {"type": "Point", "coordinates": [86.7174862, 27.8251193]}, "properties": {"external_id": "osm:way/319379549", "kind": "tourism", "name": "Valley View Lodge", "name_ne": "", "tags": {"name": "Valley View Lodge", "tourism": "guest_house"}}}, {"type": "Feature", "geometry": {"type": "Point", "coordinates": [86.7217897, 27.7761263]}, "properties": {"external_id": "osm:way/319382480", "kind": "tourism", "name": "Tawa Green Land Lodge & Restaurant", "name_ne": "", "tags": {"amenity": "restaurant", "name": "Tawa Green Land Lodge & Restaurant", "tourism": "guest_house"}}}, {"type": "Feature", "geometry": {"type": "Point", "coordinates": [86.7119115, 27.7362467]}, "properties": {"external_id": "osm:way/319382924", "kind": "tourism", "name": "International Trekkers Guesthouse", "name_ne": "", "tags": {"name": "International Trekkers Guesthouse", "tourism": "guest_house"}}}, {"type": "Feature", "geometry": {"type": "Point", "coordinates": [86.7144306, 27.726414]}, "properties": {"external_id": "osm:way/319383397", "kind": "tourism", "name": "Kongde View Lodge & Restaurant", "name_ne": "", "tags": {"amenity": "restaurant", "name": "Kongde View Lodge & Restaurant", "tourism": "guest_house"}}}, {"type": "Feature", "geometry": {"type": "Point", "coordinates": [86.7142579, 27.7264066]}, "properties": {"external_id": "osm:way/319383481", "kind": "tourism", "name": "Lama lodge Restaurant", "name_ne": "", "tags": {"amenity": "restaurant", "name": "Lama lodge Restaurant", "tourism": "guest_house"}}}, {"type": "Feature", "geometry": {"type": "Point", "coordinates": [86.7172721, 27.7025655]}, "properties": {"external_id": "osm:way/319503948", "kind": "tourism", "name": "Everest trekkers lodge restaurant", "name_ne": "", "tags": {"amenity": "restaurant", "name": "Everest trekkers lodge restaurant", "tourism": "guest_house"}}}, {"type": "Feature", "geometry": {"type": "Point", "coordinates": [86.7188062, 27.7045304]}, "properties": {"external_id": "osm:way/319503974", "kind": "tourism", "name": "Niru Hotel", "name_ne": "", "tags": {"amenity": "restaurant", "name": "Niru Hotel", "tourism": "guest_house"}}}, {"type": "Feature", "geometry": {"type": "Point", "coordinates": [86.7138719, 27.7184095]}, "properties": {"external_id": "osm:way/319504109", "kind": "tourism", "name": "Sherpa's View Point Lodge & Restaurant", "name_ne": "", "tags": {"amenity": "restaurant", "name": "Sherpa's View Point Lodge & Restaurant", "tourism": "guest_house"}}}, {"type": "Feature", "geometry": {"type": "Point", "coordinates": [86.7133891, 27.7185773]}, "properties": {"external_id": "osm:way/319504153", "kind": "tourism", "name": "Windhorse Lodge Restaurant & Bakery", "name_ne": "", "tags": {"amenity": "restaurant", "name": "Windhorse Lodge Restaurant & Bakery", "tourism": "guest_house"}}}, {"type": "Feature", "geometry": {"type": "Point", "coordinates": [86.7137073, 27.7187931]}, "properties": {"external_id": "osm:way/319504181", "kind": "tourism", "name": "Everest Sumiter Lodge & restaurant", "name_ne": "", "tags": {"amenity": "restaurant", "name": "Everest Sumiter Lodge & restaurant", "tourism": "guest_house"}}}, {"type": "Feature", "geometry": {"type": "Point", "coordinates": [86.7142115, 27.7232096]}, "properties": {"external_id": "osm:way/319504734", "kind": "tourism", "name": "International Khumbu Cafe and Restaurant", "name_ne": "", "tags": {"amenity": "restaurant", "name": "International Khumbu Cafe and Restaurant", "tourism": "guest_house"}}}, {"type": "Feature", "geometry": {"type": "Point", "coordinates": [86.7142663, 27.711058]}, "properties": {"external_id": "osm:way/319515915", "kind": "tourism", "name": "Sherpa Guesthouse", "name_ne": "शेर्पा गेस्ट हाउस", "tags": {"name": "शेर्पा गेस्ट हाउस", "name:en": "Sherpa Guesthouse", "name:ne": "शेर्पा गेस्ट हाउस", "tourism": "guest_house"}}}, {"type": "Feature", "geometry": {"type": "Point", "coordinates": [86.7125091, 27.739697]}, "properties": {"external_id": "osm:way/319517887", "kind": "tourism", "name": "Everest Guesthouse & Restaurant", "name_ne": "", "tags": {"amenity": "restaurant", "name": "Everest Guesthouse & Restaurant", "tourism": "guest_house"}}}, {"type": "Feature", "geometry": {"type": "Point", "coordinates": [86.7133578, 27.7289237]}, "properties": {"external_id": "osm:way/319518072", "kind": "tourism", "name": "Mustang Lodge & Restaurant", "name_ne": "", "tags": {"amenity": "restaurant", "name": "Mustang Lodge & Restaurant", "tourism": "guest_house"}}}, {"type": "Feature", "geometry": {"type": "Point", "coordinates": [86.7146691, 27.7255446]}, "properties": {"external_id": "osm:way/319519006", "kind": "tourism", "name": "Garden View Lodge Restaurant", "name_ne": "", "tags": {"amenity": "restaurant", "name": "Garden View Lodge Restaurant", "tourism": "guest_house"}}}, {"type": "Feature", "geometry": {"type": "Point", "coordinates": [86.7176353, 27.7038467]}, "properties": {"external_id": "osm:way/319522811", "kind": "tourism", "name": "Sherpa Home & Kitchen Lodge & Restaurant", "name_ne": "", "tags": {"amenity": "restaurant", "name": "Sherpa Home and Kitchen lodge and Restaurant", "name:en": "Sherpa Home & Kitchen Lodge & Restaurant", "tourism": "guest_house"}}}, {"type": "Feature", "geometry": {"type": "Point", "coordinates": [86.7141429, 27.7228664]}, "properties": {"external_id": "osm:way/319523491", "kind": "tourism", "name": "Eco Lodge and Restaurant", "name_ne": "", "tags": {"amenity": "restaurant", "name": "Eco Lodge and Restaurant", "tourism": "guest_house"}}}, {"type": "Feature", "geometry": {"type": "Point", "coordinates": [86.7144841, 27.7238665]}, "properties": {"external_id": "osm:way/319523535", "kind": "tourism", "name": "Yak Guesthouse and Restaurant", "name_ne": "", "tags": {"amenity": "restaurant", "name": "Yak Guesthouse and Restaurant", "tourism": "guest_house"}}}, {"type": "Feature", "geometry": {"type": "Point", "coordinates": [86.7145144, 27.7246036]}, "properties": {"external_id": "osm:way/319523875", "kind": "tourism", "name": "Chhomolongma Garden Garden Lodge and Restaurant", "name_ne": "", "tags": {"amenity": "restaurant", "name": "Chhomolongma Garden Garden Lodge and Restaurant", "tourism": "guest_house"}}}, {"type": "Feature", "geometry": {"type": "Point", "coordinates": [86.7173915, 27.7057026]}, "properties": {"external_id": "osm:way/319525008", "kind": "tourism", "name": "Khumbu Friendship Lodge & Restaurant", "name_ne": "", "tags": {"amenity": "restaurant", "name": "Khumbu Friendship Lodge & Restaurant", "tourism": "guest_house"}}}, {"type": "Feature", "geometry": {"type": "Point", "coordinates": [86.5471778, 27.5840602]}, "properties": {"external_id": "osm:way/340657137", "kind": "tourism", "name": "Noryang Hotel", "name_ne": "", "tags": {"name": "Noryang Hotel", "tourism": "guest_house"}}}, {"type": "Feature", "geometry": {"type": "Point", "coordinates": [86.5466069, 27.5811059]}, "properties": {"external_id": "osm:way/340657161", "kind": "tourism", "name": "Apple Garden Guest House", "name_ne": "", "tags": {"name:en": "Apple Garden Guest House", "tourism": "guest_house"}}}, {"type": "Feature", "geometry": {"type": "Point", "coordinates": [86.5453988, 27.5789891]}, "properties": {"external_id": "osm:way/340657171", "kind": "tourism", "name": "Jumbesi Home Stay", "name_ne": "", "tags": {"name": "Namaste Lodge", "name:en": "Jumbesi Home Stay", "tourism": "guest_house"}}}, {"type": "Feature", "geometry": {"type": "Point", "coordinates": [86.5467653, 27.5834278]}, "properties": {"external_id": "osm:way/340660721", "kind": "tourism", "name": "Zambala Guest House", "name_ne": "", "tags": {"name:en": "Zambala Guest House", "tourism": "guest_house"}}}, {"type": "Feature", "geometry": {"type": "Point", "coordinates": [86.8614247, 27.3593258]}, "properties": {"external_id": "osm:way/340876170", "kind": "school", "name": "Sungdel Government School", "name_ne": "", "tags": {"amenity": "school", "name": "Sungdel Government School"}}}, {"type": "Feature", "geometry": {"type": "Point", "coordinates": [86.4914751, 27.5429516]}, "properties": {"external_id": "osm:way/340887898", "kind": "tourism", "name": "Pikey Everest Lodge an Restaurant", "name_ne": "", "tags": {"name:en": "Pikey Everest Lodge an Restaurant", "tourism": "guest_house"}}}, {"type": "Feature", "geometry": {"type": "Point", "coordinates": [86.8504141, 27.5028606]}, "properties": {"external_id": "osm:way/341101321", "kind": "school", "name": "", "name_ne": "", "tags": {"amenity": "school"}}}, {"type": "Feature", "geometry": {"type": "Point", "coordinates": [86.709189, 27.8052013]}, "properties": {"external_id": "osm:way/341314576", "kind": "tourism", "name": "Sagarmatha Lodge", "name_ne": "", "tags": {"amenity": "restaurant", "name": "Sagarmatha Lodge", "tourism": "guest_house"}}}, {"type": "Feature", "geometry": {"type": "Point", "coordinates": [86.638016, 27.8855119]}, "properties": {"external_id": "osm:way/341561474", "kind": "tourism", "name": "Riverside Lodge&Restaurant", "name_ne": "", "tags": {"name:en": "Riverside Lodge&Restaurant", "tourism": "guest_house"}}}, {"type": "Feature", "geometry": {"type": "Point", "coordinates": [86.6411279, 27.8697622]}, "properties": {"external_id": "osm:way/341561524", "kind": "tourism", "name": "Tarnga Guest House", "name_ne": "", "tags": {"name:en": "Tarnga Guest House", "tourism": "guest_house"}}}, {"type": "Feature", "geometry": {"type": "Point", "coordinates": [86.6256695, 27.9192388]}, "properties": {"external_id": "osm:way/341561527", "kind": "tourism", "name": "Arya Guest House", "name_ne": "", "tags": {"name": "Arya Guest House", "tourism": "guest_house"}}}, {"type": "Feature", "geometry": {"type": "Point", "coordinates": [86.6499155, 27.832076]}, "properties": {"external_id": "osm:way/341564941", "kind": "tourism", "name": "Everest Summiter Lodge", "name_ne": "", "tags": {"name": "Everest Summiter Lodge", "tourism": "guest_house"}}}, {"type": "Feature", "geometry": {"type": "Point", "coordinates": [86.6361305, 27.9069682]}, "properties": {"external_id": "osm:way/341568319", "kind": "tourism", "name": "Lungden Guest House", "name_ne": "", "tags": {"name": "Lungden Guest House", "tourism": "guest_house"}}}, {"type": "Feature", "geometry": {"type": "Point", "coordinates": [86.6365329, 27.9055598]}, "properties": {"external_id": "osm:way/341568326", "kind": "tourism", "name": "Lungden View Lodge & Restaurant", "name_ne": "", "tags": {"name": "Lungden View Lodge & Restaurant", "tourism": "guest_house"}}}, {"type": "Feature", "geometry": {"type": "Point", "coordinates": [86.6374109, 27.8894557]}, "properties": {"external_id": "osm:way/341568331", "kind": "tourism", "name": "Namaste Lodge", "name_ne": "", "tags": {"name": "Namaste Lodge", "tourism": "guest_house"}}}, {"type": "Feature", "geometry": {"type": "Point", "coordinates": [86.6504269, 27.8312579]}, "properties": {"external_id": "osm:way/341675625", "kind": "tourism", "name": "Thame View Lodge", "name_ne": "", "tags": {"name": "Thame View Lodge", "tourism": "guest_house"}}}, {"type": "Feature", "geometry": {"type": "Point", "coordinates": [86.6517518, 27.8328282]}, "properties": {"external_id": "osm:way/341675647", "kind": "tourism", "name": "Himalayan Sherpa Lodge and Restaurant", "name_ne": "", "tags": {"name": "Himalayan Sherpa Lodge and Restaurant", "tourism": "guest_house"}}}, {"type": "Feature", "geometry": {"type": "Point", "coordinates": [86.6435915, 27.8300863]}, "properties": {"external_id": "osm:way/341711097", "kind": "tourism", "name": "Tashi Delek Lodge, Restaurant and Bakery", "name_ne": "", "tags": {"name:en": "Tashi Delek Lodge, Restaurant and Bakery", "operator": "Yangi Sherpa", "tourism": "guest_house"}}}, {"type": "Feature", "geometry": {"type": "Point", "coordinates": [86.6668662, 27.8274781]}, "properties": {"external_id": "osm:way/341714767", "kind": "tourism", "name": "Everest Lodge and Restaurant", "name_ne": "", "tags": {"name": "Everest Lodge and Restaurant", "tourism": "guest_house"}}}, {"type": "Feature", "geometry": {"type": "Point", "coordinates": [86.5467577, 27.5827623]}, "properties": {"external_id": "osm:way/341891566", "kind": "tourism", "name": "Sherpa Home Stay", "name_ne": "", "tags": {"name:en": "Sherpa Home Stay", "tourism": "guest_house"}}}, {"type": "Feature", "geometry": {"type": "Point", "coordinates": [86.546532, 27.5818591]}, "properties": {"external_id": "osm:way/341891605", "kind": "tourism", "name": "Ang Chhokpa’s Lodge & Restaurant", "name_ne": "", "tags": {"name:en": "Ang Chhokpa’s Lodge & Restaurant", "tourism": "guest_house"}}}, {"type": "Feature", "geometry": {"type": "Point", "coordinates": [86.5462059, 27.5817746]}, "properties": {"external_id": "osm:way/341891607", "kind": "tourism", "name": "Ang Domi Lodge", "name_ne": "", "tags": {"name:en": "Ang Domi Lodge", "tourism": "guest_house"}}}, {"type": "Feature", "geometry": {"type": "Point", "coordinates": [86.5468791, 27.5819041]}, "properties": {"external_id": "osm:way/341891611", "kind": "tourism", "name": "J.B. Lodge & Restaurant", "name_ne": "", "tags": {"name:en": "J.B. Lodge & Restaurant", "tourism": "guest_house"}}}, {"type": "Feature", "geometry": {"type": "Point", "coordinates": [86.5463034, 27.5807999]}, "properties": {"external_id": "osm:way/341891614", "kind": "tourism", "name": "Sherpa Guide Lodge & Restaurant", "name_ne": "", "tags": {"name:en": "Sherpa Guide Lodge & Restaurant", "operator": "Ang. Chhoti Sherpa", "tourism": "guest_house"}}}, {"type": "Feature", "geometry": {"type": "Point", "coordinates": [86.7206307, 27.6964945]}, "properties": {"external_id": "osm:way/342218433", "kind": "school", "name": "Chaurikharka school", "name_ne": "", "tags": {"amenity": "school", "name": "Chaurikharka school"}}}, {"type": "Feature", "geometry": {"type": "Point", "coordinates": [86.717783, 27.6947286]}, "properties": {"external_id": "osm:way/342221234", "kind": "tourism", "name": "Tourist Lodge&Restaurant", "name_ne": "", "tags": {"name": "Tourist Lodge&Restaurant", "tourism": "guest_house"}}}, {"type": "Feature", "geometry": {"type": "Point", "coordinates": [86.7185738, 27.6942741]}, "properties": {"external_id": "osm:way/342221238", "kind": "tourism", "name": "", "name_ne": "", "tags": {"tourism": "guest_house"}}}, {"type": "Feature", "geometry": {"type": "Point", "coordinates": [86.7204269, 27.7003706]}, "properties": {"external_id": "osm:way/342224110", "kind": "tourism", "name": "kirat tea shop", "name_ne": "", "tags": {"amenity": "restaurant", "name": "kirat tea shop", "tourism": "guest_house"}}}, {"type": "Feature", "geometry": {"type": "Point", "coordinates": [86.7201391, 27.7005805]}, "properties": {"external_id": "osm:way/342224112", "kind": "tourism", "name": "kakula sherpa guest house & restaurant", "name_ne": "", "tags": {"amenity": "restaurant", "name": "kakula sherpa guest house & restaurant", "tourism": "guest_house"}}}, {"type": "Feature", "geometry": {"type": "Point", "coordinates": [86.7169014, 27.696683]}, "properties": {"external_id": "osm:way/342224136", "kind": "tourism", "name": "Buddha Lodge&Restaurant", "name_ne": "", "tags": {"name": "Buddha Lodge&Restaurant", "tourism": "guest_house"}}}, {"type": "Feature", "geometry": {"type": "Point", "coordinates": [86.5466009, 27.535089]}, "properties": {"external_id": "osm:way/342326547", "kind": "school", "name": "", "name_ne": "", "tags": {"amenity": "school"}}}, {"type": "Feature", "geometry": {"type": "Point", "coordinates": [86.513673, 27.5766756]}, "properties": {"external_id": "osm:way/342386289", "kind": "tourism", "name": "Shanti Chetra Lodge", "name_ne": "", "tags": {"name": "Shanti Chetra Lodge", "tourism": "guest_house"}}}, {"type": "Feature", "geometry": {"type": "Point", "coordinates": [86.4873116, 27.5725117]}, "properties": {"external_id": "osm:way/342386326", "kind": "tourism", "name": "Himalaya lodge Dolma kuharica", "name_ne": "", "tags": {"name": "Himalaya Lodge", "name:en": "Himalaya lodge Dolma kuharica", "tourism": "guest_house"}}}, {"type": "Feature", "geometry": {"type": "Point", "coordinates": [86.4862951, 27.5720082]}, "properties": {"external_id": "osm:way/342386328", "kind": "tourism", "name": "Hotel Numbur View Lodge & Sherpa Restaurant", "name_ne": "", "tags": {"name": "Numbur View", "name:en": "Hotel Numbur View Lodge & Sherpa Restaurant", "tourism": "guest_house"}}}, {"type": "Feature", "geometry": {"type": "Point", "coordinates": [86.4643128, 27.5267526]}, "properties": {"external_id": "osm:way/342609704", "kind": "tourism", "name": "Hotel Mountain View Lodge & Restaurant", "name_ne": "", "tags": {"name": "Hotel Mountain View Lodge & Restaurant", "operator": "Tendi Sherpa", "tourism": "alpine_hut"}}}, {"type": "Feature", "geometry": {"type": "Point", "coordinates": [86.6225442, 27.5941268]}, "properties": {"external_id": "osm:way/342665265", "kind": "tourism", "name": "Takassindu Resort", "name_ne": "", "tags": {"name:en": "Takassindu Resort", "tourism": "guest_house"}}}, {"type": "Feature", "geometry": {"type": "Point", "coordinates": [86.6330412, 27.5873881]}, "properties": {"external_id": "osm:way/342665738", "kind": "tourism", "name": "", "name_ne": "", "tags": {"tourism": "guest_house"}}}, {"type": "Feature", "geometry": {"type": "Point", "coordinates": [86.6092761, 27.5909122]}, "properties": {"external_id": "osm:way/342898859", "kind": "tourism", "name": "Quite view", "name_ne": "", "tags": {"name": "Quite view", "tourism": "guest_house"}}}, {"type": "Feature", "geometry": {"type": "Point", "coordinates": [86.4550401, 27.5782327]}, "properties": {"external_id": "osm:way/343027407", "kind": "tourism", "name": "Maya Sherpa", "name_ne": "", "tags": {"name": "Maya Sherpa", "tourism": "guest_house"}}}, {"type": "Feature", "geometry": {"type": "Point", "coordinates": [86.5701418, 27.4813822]}, "properties": {"external_id": "osm:way/343046807", "kind": "hydropower", "name": "Salleri Chyalsa Power House", "name_ne": "", "tags": {"name": "Salleri Chyalsa Power House", "operator": "Salleri Chyalsa Hydro Electric Company", "power": "generator"}}}, {"type": "Feature", "geometry": {"type": "Point", "coordinates": [86.4980416, 27.3190653]}, "properties": {"external_id": "osm:way/343372350", "kind": "school", "name": "Sagarmatha Janata Ucha Ma. Vi./Okhaldhunga Campus", "name_ne": "", "tags": {"amenity": "school", "name": "Sagarmatha Janata Ucha Ma. Vi./Okhaldhunga Campus"}}}, {"type": "Feature", "geometry": {"type": "Point", "coordinates": [86.5088806, 27.4399335]}, "properties": {"external_id": "osm:way/343482696", "kind": "school", "name": "", "name_ne": "", "tags": {"amenity": "school"}}}, {"type": "Feature", "geometry": {"type": "Point", "coordinates": [86.7181504, 27.7040362]}, "properties": {"external_id": "osm:way/343641575", "kind": "tourism", "name": "Cheplung Guesthouse & Restaurant", "name_ne": "", "tags": {"amenity": "restaurant", "name": "Cheplung Guesthouse & Restaurant", "tourism": "guest_house"}}}, {"type": "Feature", "geometry": {"type": "Point", "coordinates": [86.71515, 27.7186423]}, "properties": {"external_id": "osm:way/343643274", "kind": "tourism", "name": "Mt. Kusum Garden Restaurant and Lodge", "name_ne": "", "tags": {"amenity": "restaurant", "name": "Mt. Kusum Garden Restaurant and Lodge", "tourism": "guest_house"}}}, {"type": "Feature", "geometry": {"type": "Point", "coordinates": [86.7156596, 27.9031265]}, "properties": {"external_id": "osm:way/343647139", "kind": "tourism", "name": "Yeti Lodge", "name_ne": "", "tags": {"amenity": "restaurant", "name:en": "Yeti Lodge", "tourism": "guest_house"}}}, {"type": "Feature", "geometry": {"type": "Point", "coordinates": [86.716779, 27.668662]}, "properties": {"external_id": "osm:way/343714859", "kind": "tourism", "name": "Khumbula View Lodge", "name_ne": "", "tags": {"name": "Khumbula View Lodge", "tourism": "guest_house"}}}, {"type": "Feature", "geometry": {"type": "Point", "coordinates": [86.7198953, 27.6712577]}, "properties": {"external_id": "osm:way/343717915", "kind": "tourism", "name": "Everest Trail Lodge Yak & Yeti Cafe Home", "name_ne": "", "tags": {"name:en": "Everest Trail Lodge Yak & Yeti Cafe Home", "operator": "Pemba Dorji Sherpa", "tourism": "guest_house"}}}, {"type": "Feature", "geometry": {"type": "Point", "coordinates": [86.68431, 27.5968434]}, "properties": {"external_id": "osm:way/343855139", "kind": "tourism", "name": "Dudkhoshi Guest House & Restaurant", "name_ne": "", "tags": {"name:en": "Dudkhoshi Guest House & Restaurant", "tourism": "guest_house"}}}, {"type": "Feature", "geometry": {"type": "Point", "coordinates": [86.6819033, 27.5962607]}, "properties": {"external_id": "osm:way/343855198", "kind": "tourism", "name": "Hotel Sumnima", "name_ne": "", "tags": {"name:en": "Hotel Sumnima", "tourism": "guest_house"}}}, {"type": "Feature", "geometry": {"type": "Point", "coordinates": [86.6872738, 27.599233]}, "properties": {"external_id": "osm:way/343855278", "kind": "tourism", "name": "Green Bamboo Lodge", "name_ne": "", "tags": {"name": "Green Bamboo Lodge", "tourism": "guest_house"}}}, {"type": "Feature", "geometry": {"type": "Point", "coordinates": [86.7123728, 27.9159589]}, "properties": {"external_id": "osm:way/343881562", "kind": "tourism", "name": "Cozy Inn", "name_ne": "", "tags": {"name": "Cozy Inn", "tourism": "guest_house"}}}, {"type": "Feature", "geometry": {"type": "Point", "coordinates": [86.7161725, 27.9033927]}, "properties": {"external_id": "osm:way/343881563", "kind": "tourism", "name": "Dawa Friendship Lodge & Restaurant", "name_ne": "", "tags": {"amenity": "restaurant", "name:en": "Dawa Friendship Lodge & Restaurant", "tourism": "guest_house"}}}, {"type": "Feature", "geometry": {"type": "Point", "coordinates": [86.7118731, 27.9053086]}, "properties": {"external_id": "osm:way/343881569", "kind": "health", "name": "Machermo Rescue Post & Porter Shelter", "name_ne": "", "tags": {"amenity": "clinic", "name": "Machermo Rescue Post & Porter Shelter", "operator": "IPPG"}}}, {"type": "Feature", "geometry": {"type": "Point", "coordinates": [86.7159089, 27.9018729]}, "properties": {"external_id": "osm:way/343881573", "kind": "tourism", "name": "Peaceful Lodge & Restaurant", "name_ne": "", "tags": {"amenity": "restaurant", "name": "Peaceful Lodge & Restaurant", "tourism": "guest_house"}}}, {"type": "Feature", "geometry": {"type": "Point", "coordinates": [86.716879, 27.901661]}, "properties": {"external_id": "osm:way/343881576", "kind": "tourism", "name": "Himalayan Lodge", "name_ne": "", "tags": {"amenity": "restaurant", "name": "Himalayan Lodge", "operator": "Mingma Diki Sherpa", "tourism": "guest_house"}}}, {"type": "Feature", "geometry": {"type": "Point", "coordinates": [86.718406, 27.8925031]}, "properties": {"external_id": "osm:way/343884291", "kind": "tourism", "name": "Hhangtegeview Lodge & Restaurant", "name_ne": "", "tags": {"amenity": "restaurant", "name": "Hhangtegeview Lodge & Restaurant", "tourism": "guest_house"}}}, {"type": "Feature", "geometry": {"type": "Point", "coordinates": [86.7313287, 27.8671648]}, "properties": {"external_id": "osm:way/343884306", "kind": "tourism", "name": "Alpine Cottage Dole", "name_ne": "", "tags": {"amenity": "restaurant", "name": "Alpine Cottage", "name:en": "Alpine Cottage Dole", "operator": "Lhakpa Diki Sherpa", "tourism": "guest_house"}}}, {"type": "Feature", "geometry": {"type": "Point", "coordinates": [86.7305105, 27.8681046]}, "properties": {"external_id": "osm:way/343884309", "kind": "tourism", "name": "Dole Resort", "name_ne": "", "tags": {"amenity": "restaurant", "name": "Dole Resort", "tourism": "guest_house"}}}, {"type": "Feature", "geometry": {"type": "Point", "coordinates": [86.7298516, 27.8679083]}, "properties": {"external_id": "osm:way/343884310", "kind": "tourism", "name": "Yeti Inn", "name_ne": "", "tags": {"amenity": "restaurant", "name": "Yeti Inn", "tourism": "guest_house"}}}, {"type": "Feature", "geometry": {"type": "Point", "coordinates": [86.7307937, 27.8666879]}, "properties": {"external_id": "osm:way/343884311", "kind": "tourism", "name": "Namaste Lodge", "name_ne": "", "tags": {"amenity": "restaurant", "name": "Namaste Lodge", "tourism": "guest_house"}}}, {"type": "Feature", "geometry": {"type": "Point", "coordinates": [86.7316053, 27.8665855]}, "properties": {"external_id": "osm:way/343884314", "kind": "tourism", "name": "Norling Lodge & Restaurant", "name_ne": "", "tags": {"amenity": "restaurant", "name": "Norling Lodge & Restaurant", "tourism": "guest_house"}}}, {"type": "Feature", "geometry": {"type": "Point", "coordinates": [86.7141989, 27.7230307]}, "properties": {"external_id": "osm:way/343915569", "kind": "tourism", "name": "Himalayan Sherpa Lodge and Restaurant", "name_ne": "", "tags": {"amenity": "restaurant", "name": "Himalayan Sherpa Lodge and Restaurant", "tourism": "guest_house"}}}, {"type": "Feature", "geometry": {"type": "Point", "coordinates": [86.7220668, 27.6841604]}, "properties": {"external_id": "osm:way/343917015", "kind": "tourism", "name": "", "name_ne": "", "tags": {"tourism": "guest_house"}}}, {"type": "Feature", "geometry": {"type": "Point", "coordinates": [86.7191322, 27.6893436]}, "properties": {"external_id": "osm:way/343923224", "kind": "tourism", "name": "Ang Dorje Guest House", "name_ne": "", "tags": {"name": "Ang Dorje Guest House", "tourism": "guest_house"}}}, {"type": "Feature", "geometry": {"type": "Point", "coordinates": [86.7188067, 27.6174428]}, "properties": {"external_id": "osm:way/343968593", "kind": "tourism", "name": "Shim Lodge & Hotel", "name_ne": "", "tags": {"name": "Shim Lodge & Hotel", "tourism": "guest_house"}}}, {"type": "Feature", "geometry": {"type": "Point", "coordinates": [86.7146571, 27.6138461]}, "properties": {"external_id": "osm:way/343970969", "kind": "tourism", "name": "Bupsa Guest House", "name_ne": "", "tags": {"name:en": "Bupsa Guest House", "tourism": "guest_house"}}}, {"type": "Feature", "geometry": {"type": "Point", "coordinates": [86.71568, 27.6106483]}, "properties": {"external_id": "osm:way/343976864", "kind": "tourism", "name": "", "name_ne": "", "tags": {"highway": "path", "tourism": "guest_house"}}}, {"type": "Feature", "geometry": {"type": "Point", "coordinates": [86.7115381, 27.6331152]}, "properties": {"external_id": "osm:way/343979770", "kind": "tourism", "name": "Sonam Lodge & Restaurant", "name_ne": "", "tags": {"name": "Sonam Lodge & Restaurant", "tourism": "guest_house"}}}, {"type": "Feature", "geometry": {"type": "Point", "coordinates": [86.7179524, 27.6251806]}, "properties": {"external_id": "osm:way/343979772", "kind": "tourism", "name": "Chamling Lodge", "name_ne": "", "tags": {"name": "Chamling Lodge", "tourism": "guest_house"}}}, {"type": "Feature", "geometry": {"type": "Point", "coordinates": [86.7120053, 27.6305804]}, "properties": {"external_id": "osm:way/343979773", "kind": "tourism", "name": "Kare Hotel", "name_ne": "", "tags": {"name:en": "Kare Hotel", "tourism": "guest_house"}}}, {"type": "Feature", "geometry": {"type": "Point", "coordinates": [86.7113294, 27.6329798]}, "properties": {"external_id": "osm:way/343979774", "kind": "tourism", "name": "Kharila pass", "name_ne": "", "tags": {"name:en": "Kharila pass", "tourism": "guest_house"}}}, {"type": "Feature", "geometry": {"type": "Point", "coordinates": [86.7184793, 27.608021]}, "properties": {"external_id": "osm:way/343981652", "kind": "tourism", "name": "", "name_ne": "", "tags": {"tourism": "guest_house"}}}, {"type": "Feature", "geometry": {"type": "Point", "coordinates": [86.7244366, 27.6464]}, "properties": {"external_id": "osm:way/343985700", "kind": "tourism", "name": "Everest Guesthouse", "name_ne": "", "tags": {"name:en": "Everest Guesthouse", "tourism": "guest_house"}}}, {"type": "Feature", "geometry": {"type": "Point", "coordinates": [86.9857171, 27.232371]}, "properties": {"external_id": "osm:way/344365520", "kind": "bridge", "name": "", "name_ne": "", "tags": {"highway": "primary"}}}, {"type": "Feature", "geometry": {"type": "Point", "coordinates": [86.9503446, 27.223047]}, "properties": {"external_id": "osm:way/344365523", "kind": "bridge", "name": "", "name_ne": "", "tags": {"highway": "secondary"}}}, {"type": "Feature", "geometry": {"type": "Point", "coordinates": [86.6797239, 27.8215988]}, "properties": {"external_id": "osm:way/344447316", "kind": "tourism", "name": "Maya Lodge & Restaurant", "name_ne": "", "tags": {"name": "Maya Lodge & Restaurant", "tourism": "guest_house"}}}, {"type": "Feature", "geometry": {"type": "Point", "coordinates": [86.7116979, 27.8056384]}, "properties": {"external_id": "osm:way/344631381", "kind": "hydropower", "name": "", "name_ne": "", "tags": {"power": "generator"}}}, {"type": "Feature", "geometry": {"type": "Point", "coordinates": [86.7182524, 27.65218]}, "properties": {"external_id": "osm:way/344699455", "kind": "tourism", "name": "Laliguras Lodge", "name_ne": "", "tags": {"name": "Laliguras Lodge", "tourism": "guest_house"}}}, {"type": "Feature", "geometry": {"type": "Point", "coordinates": [86.6940999, 27.9543188]}, "properties": {"external_id": "osm:way/344731668", "kind": "tourism", "name": "Fitzroy Inn Gokyo 4800m.", "name_ne": "", "tags": {"name:en": "Fitzroy Inn Gokyo 4800m.", "tourism": "guest_house"}}}, {"type": "Feature", "geometry": {"type": "Point", "coordinates": [86.6944287, 27.9540675]}, "properties": {"external_id": "osm:way/344731673", "kind": "tourism", "name": "Gokyo Namaste Lodge and Restaurant", "name_ne": "", "tags": {"name:en": "Gokyo Namaste Lodge and Restaurant", "tourism": "guest_house"}}}, {"type": "Feature", "geometry": {"type": "Point", "coordinates": [86.7210909, 27.8229282]}, "properties": {"external_id": "osm:way/344862500", "kind": "tourism", "name": "Eco Lodge and Restaurant", "name_ne": "", "tags": {"name": "Eco Lodge and Restaurant", "tourism": "guest_house"}}}, {"type": "Feature", "geometry": {"type": "Point", "coordinates": [86.7106915, 27.7997054]}, "properties": {"external_id": "osm:way/344931638", "kind": "police", "name": "Sargamatha National Park Entry", "name_ne": "", "tags": {"amenity": "police", "name": "Sargamatha National Park Entry"}}}, {"type": "Feature", "geometry": {"type": "Point", "coordinates": [86.8498287, 27.5023012]}, "properties": {"external_id": "osm:way/345387264", "kind": "tourism", "name": "Namaste Lodge Restaurant", "name_ne": "", "tags": {"name": "Namaste Lodge Restaurant", "tourism": "guest_house"}}}, {"type": "Feature", "geometry": {"type": "Point", "coordinates": [86.7126224, 27.7401257]}, "properties": {"external_id": "osm:way/345405877", "kind": "tourism", "name": "Namaste Lodge Restaurant & Bar", "name_ne": "", "tags": {"amenity": "restaurant", "name": "Namaste Lodge Restaurant & Bar", "tourism": "guest_house"}}}, {"type": "Feature", "geometry": {"type": "Point", "coordinates": [86.7213842, 27.8232778]}, "properties": {"external_id": "osm:way/345466326", "kind": "tourism", "name": "Everest Summiter Lodge", "name_ne": "", "tags": {"name": "Everest Summiter Lodge", "tourism": "guest_house"}}}, {"type": "Feature", "geometry": {"type": "Point", "coordinates": [86.7199739, 27.8226337]}, "properties": {"external_id": "osm:way/345466395", "kind": "tourism", "name": "Sun Shine View Lodge & Restaurant", "name_ne": "", "tags": {"name": "Sun Shine View Lodge & Restaurant", "tourism": "guest_house"}}}, {"type": "Feature", "geometry": {"type": "Point", "coordinates": [86.7194076, 27.7637221]}, "properties": {"external_id": "osm:way/345801371", "kind": "tourism", "name": "Mount Everest Restaurant and Lodge", "name_ne": "", "tags": {"amenity": "restaurant", "name": "Mount Everest Restaurant and Lodge", "tourism": "guest_house"}}}, {"type": "Feature", "geometry": {"type": "Point", "coordinates": [86.8940205, 27.4583568]}, "properties": {"external_id": "osm:way/346081200", "kind": "tourism", "name": "Kusang Guest House", "name_ne": "", "tags": {"name": "Kusang Guest House", "tourism": "guest_house"}}}, {"type": "Feature", "geometry": {"type": "Point", "coordinates": [86.855766, 27.2261441]}, "properties": {"external_id": "osm:way/346377076", "kind": "bridge", "name": "", "name_ne": "", "tags": {"highway": "primary"}}}, {"type": "Feature", "geometry": {"type": "Point", "coordinates": [86.7145424, 27.7163589]}, "properties": {"external_id": "osm:way/346552308", "kind": "tourism", "name": "everest kitchen & restaurant", "name_ne": "", "tags": {"amenity": "restaurant", "name": "everest kitchen & restaurant", "tourism": "guest_house"}}}, {"type": "Feature", "geometry": {"type": "Point", "coordinates": [86.7144801, 27.72432]}, "properties": {"external_id": "osm:way/346552311", "kind": "tourism", "name": "Everest Lodge and Restaurant", "name_ne": "", "tags": {"amenity": "restaurant", "name": "Everest Lodge and Restaurant", "tourism": "guest_house"}}}, {"type": "Feature", "geometry": {"type": "Point", "coordinates": [86.527055, 27.3508287]}, "properties": {"external_id": "osm:way/349628289", "kind": "bridge", "name": "", "name_ne": "", "tags": {"highway": "primary"}}}, {"type": "Feature", "geometry": {"type": "Point", "coordinates": [86.6955034, 27.6027325]}, "properties": {"external_id": "osm:way/349910675", "kind": "tourism", "name": "Quiet View Lodge", "name_ne": "", "tags": {"name": "Quiet View Lodge", "tourism": "guest_house"}}}, {"type": "Feature", "geometry": {"type": "Point", "coordinates": [86.7453936, 27.586847]}, "properties": {"external_id": "osm:way/349910962", "kind": "tourism", "name": "Hotel Pangom Inn", "name_ne": "", "tags": {"name:en": "Hotel Pangom Inn", "tourism": "guest_house"}}}, {"type": "Feature", "geometry": {"type": "Point", "coordinates": [86.7595887, 27.6711675]}, "properties": {"external_id": "osm:way/462340079", "kind": "tourism", "name": "Chutanga Lodge", "name_ne": "", "tags": {"name": "Chutanga Lodge", "tourism": "guest_house"}}}, {"type": "Feature", "geometry": {"type": "Point", "coordinates": [86.7760549, 27.64164]}, "properties": {"external_id": "osm:way/462340085", "kind": "tourism", "name": "Thuli Kharka Lodge", "name_ne": "", "tags": {"name": "Thuli Kharka Lodge", "tourism": "guest_house"}}}, {"type": "Feature", "geometry": {"type": "Point", "coordinates": [86.7694413, 27.5833789]}, "properties": {"external_id": "osm:way/462340090", "kind": "tourism", "name": "Namaste Lodge", "name_ne": "", "tags": {"name": "Namaste Lodge", "tourism": "guest_house"}}}, {"type": "Feature", "geometry": {"type": "Point", "coordinates": [86.9286313, 27.9023367]}, "properties": {"external_id": "osm:way/494843641", "kind": "tourism", "name": "Island Peak Base Camp", "name_ne": "", "tags": {"name": "Island Peak Base Camp", "tourism": "camp_site"}}}, {"type": "Feature", "geometry": {"type": "Point", "coordinates": [86.7270796, 27.8939435]}, "properties": {"external_id": "osm:way/496939378", "kind": "tourism", "name": "Nima Friendship", "name_ne": "", "tags": {"name": "Nima Friendship", "tourism": "guest_house"}}}, {"type": "Feature", "geometry": {"type": "Point", "coordinates": [86.4590737, 27.6806559]}, "properties": {"external_id": "osm:way/500576362", "kind": "school", "name": "Himalaya Pra V", "name_ne": "", "tags": {"amenity": "school", "name": "Himalaya Pra V"}}}, {"type": "Feature", "geometry": {"type": "Point", "coordinates": [86.731423, 27.6868742]}, "properties": {"external_id": "osm:way/502494466", "kind": "tourism", "name": "Everest Mountain Home & Kitchen Lukla", "name_ne": "", "tags": {"amenity": "restaurant", "name": "Everest Mountain Home & Kitchen Lukla", "tourism": "guest_house"}}}, {"type": "Feature", "geometry": {"type": "Point", "coordinates": [86.531979, 27.289798]}, "properties": {"external_id": "osm:way/509583450", "kind": "school", "name": "Raktamala Pra V", "name_ne": "", "tags": {"amenity": "school", "name": "Raktamala Pra V"}}}, {"type": "Feature", "geometry": {"type": "Point", "coordinates": [86.5222281, 27.3055062]}, "properties": {"external_id": "osm:way/509583935", "kind": "school", "name": "Lamiswati Pra V", "name_ne": "", "tags": {"amenity": "school", "name": "Lamiswati Pra V"}}}, {"type": "Feature", "geometry": {"type": "Point", "coordinates": [86.5374853, 27.2782169]}, "properties": {"external_id": "osm:way/509584266", "kind": "school", "name": "Bal Bikash Pra V", "name_ne": "", "tags": {"amenity": "school", "name": "Bal Bikash Pra V"}}}, {"type": "Feature", "geometry": {"type": "Point", "coordinates": [86.5222071, 27.2232054]}, "properties": {"external_id": "osm:way/509586385", "kind": "school", "name": "Shree Silawati Pra V", "name_ne": "", "tags": {"amenity": "school", "name": "Shree Silawati Pra V"}}}, {"type": "Feature", "geometry": {"type": "Point", "coordinates": [86.5022164, 27.2271193]}, "properties": {"external_id": "osm:way/509586777", "kind": "school", "name": "Krisepu Pra V Waksa", "name_ne": "", "tags": {"amenity": "school", "name": "Krisepu Pra V Waksa"}}}, {"type": "Feature", "geometry": {"type": "Point", "coordinates": [86.5181736, 27.2402315]}, "properties": {"external_id": "osm:way/509586957", "kind": "school", "name": "Shree Mahakali Pra V", "name_ne": "", "tags": {"amenity": "school", "name": "Shree Mahakali Pra V"}}}, {"type": "Feature", "geometry": {"type": "Point", "coordinates": [86.5244733, 27.2016641]}, "properties": {"external_id": "osm:way/509591153", "kind": "school", "name": "Shree pancha kanya Pra V", "name_ne": "", "tags": {"amenity": "school", "name": "Shree pancha kanya Pra V"}}}, {"type": "Feature", "geometry": {"type": "Point", "coordinates": [86.5149982, 27.2246699]}, "properties": {"external_id": "osm:way/509591584", "kind": "school", "name": "Manakamana Ma V", "name_ne": "", "tags": {"amenity": "school", "name": "Manakamana Ma V"}}}, {"type": "Feature", "geometry": {"type": "Point", "coordinates": [86.5354442, 27.3428661]}, "properties": {"external_id": "osm:way/509598684", "kind": "school", "name": "Kalikadevi Pra V", "name_ne": "", "tags": {"amenity": "school", "name": "Kalikadevi Pra V"}}}, {"type": "Feature", "geometry": {"type": "Point", "coordinates": [86.5254034, 27.3186098]}, "properties": {"external_id": "osm:way/509598837", "kind": "school", "name": "Shree Singhadevi Pra. Vi.", "name_ne": "", "tags": {"amenity": "school", "name": "Shree Singhadevi Pra. Vi."}}}, {"type": "Feature", "geometry": {"type": "Point", "coordinates": [86.4698341, 27.335331]}, "properties": {"external_id": "osm:way/509599507", "kind": "school", "name": "Ganesh Ma Vi", "name_ne": "", "tags": {"amenity": "school", "name": "Ganesh Ma Vi"}}}, {"type": "Feature", "geometry": {"type": "Point", "coordinates": [86.496448, 27.3341108]}, "properties": {"external_id": "osm:way/509599868", "kind": "school", "name": "Gramodaya Pra Vi", "name_ne": "", "tags": {"amenity": "school", "name": "Gramodaya Pra Vi"}}}, {"type": "Feature", "geometry": {"type": "Point", "coordinates": [86.4552381, 27.291255]}, "properties": {"external_id": "osm:way/509727353", "kind": "school", "name": "Kalika Ma V", "name_ne": "", "tags": {"amenity": "school", "name": "Kalika Ma V"}}}, {"type": "Feature", "geometry": {"type": "Point", "coordinates": [86.4735255, 27.2884288]}, "properties": {"external_id": "osm:way/509727885", "kind": "school", "name": "Shree Punnyamata U Ma V", "name_ne": "", "tags": {"amenity": "school", "name": "Shree Punnyamata U Ma V"}}}, {"type": "Feature", "geometry": {"type": "Point", "coordinates": [86.4716209, 27.2839538]}, "properties": {"external_id": "osm:way/509728415", "kind": "school", "name": "Shree Thani Pra V", "name_ne": "", "tags": {"amenity": "school", "name": "Shree Thani Pra V"}}}, {"type": "Feature", "geometry": {"type": "Point", "coordinates": [86.594936, 27.2703224]}, "properties": {"external_id": "osm:way/509728607", "kind": "school", "name": "Maheswari Ma Vi", "name_ne": "", "tags": {"amenity": "school", "name": "Maheswari Ma Vi"}}}, {"type": "Feature", "geometry": {"type": "Point", "coordinates": [86.637547, 27.2671388]}, "properties": {"external_id": "osm:way/509728716", "kind": "school", "name": "Bal Kalyan Pra Vi", "name_ne": "", "tags": {"amenity": "school", "name": "Bal Kalyan Pra Vi"}}}, {"type": "Feature", "geometry": {"type": "Point", "coordinates": [86.6107491, 27.2762307]}, "properties": {"external_id": "osm:way/509729300", "kind": "school", "name": "Jaalpa Pra Vi", "name_ne": "", "tags": {"amenity": "school", "name": "Jaalpa Pra Vi"}}}, {"type": "Feature", "geometry": {"type": "Point", "coordinates": [86.6172895, 27.2705409]}, "properties": {"external_id": "osm:way/509729560", "kind": "school", "name": "Chatra Pragati Ma Vi", "name_ne": "", "tags": {"amenity": "school", "name": "Chatra Pragati Ma Vi"}}}, {"type": "Feature", "geometry": {"type": "Point", "coordinates": [86.6053386, 27.2659379]}, "properties": {"external_id": "osm:way/509730032", "kind": "school", "name": "Panchha kanya Pra Vi", "name_ne": "", "tags": {"amenity": "school", "name": "Panchha kanya Pra Vi"}}}, {"type": "Feature", "geometry": {"type": "Point", "coordinates": [86.6285987, 27.2660605]}, "properties": {"external_id": "osm:way/509730489", "kind": "school", "name": "Nava Prativa Pra Vi", "name_ne": "", "tags": {"amenity": "school", "name": "Nava Prativa Pra Vi"}}}, {"type": "Feature", "geometry": {"type": "Point", "coordinates": [86.5899827, 27.2765796]}, "properties": {"external_id": "osm:way/509730634", "kind": "school", "name": "Tej Maya Rai Pra Vi", "name_ne": "", "tags": {"amenity": "school", "name": "Tej Maya Rai Pra Vi"}}}, {"type": "Feature", "geometry": {"type": "Point", "coordinates": [86.6231159, 27.2748319]}, "properties": {"external_id": "osm:way/509730673", "kind": "school", "name": "Siddhidevi Pra Vi", "name_ne": "", "tags": {"amenity": "school", "name": "Siddhidevi Pra Vi"}}}, {"type": "Feature", "geometry": {"type": "Point", "coordinates": [86.5060441, 27.3557253]}, "properties": {"external_id": "osm:way/509733424", "kind": "school", "name": "Shree Ratna Pra Vi", "name_ne": "", "tags": {"amenity": "school", "name": "Shree Ratna Pra Vi"}}}, {"type": "Feature", "geometry": {"type": "Point", "coordinates": [86.511229, 27.3459142]}, "properties": {"external_id": "osm:way/509734614", "kind": "school", "name": "Samyukta Pra Vi", "name_ne": "", "tags": {"amenity": "school", "name": "Samyukta Pra Vi"}}}, {"type": "Feature", "geometry": {"type": "Point", "coordinates": [86.48162, 27.3898111]}, "properties": {"external_id": "osm:way/509735311", "kind": "school", "name": "Shree Sherpa Samudayik Pra Vi", "name_ne": "", "tags": {"amenity": "school", "name": "Shree Sherpa Samudayik Pra Vi"}}}, {"type": "Feature", "geometry": {"type": "Point", "coordinates": [86.6329515, 27.2943233]}, "properties": {"external_id": "osm:way/509741446", "kind": "school", "name": "Jalpa Pra V", "name_ne": "", "tags": {"amenity": "school", "name": "Jalpa Pra V"}}}, {"type": "Feature", "geometry": {"type": "Point", "coordinates": [86.6208631, 27.2960738]}, "properties": {"external_id": "osm:way/509742673", "kind": "school", "name": "Raktamala Pra V", "name_ne": "", "tags": {"amenity": "school", "name": "Raktamala Pra V"}}}, {"type": "Feature", "geometry": {"type": "Point", "coordinates": [86.6369196, 27.3004217]}, "properties": {"external_id": "osm:way/509742767", "kind": "school", "name": "Kalika Pra Vi", "name_ne": "", "tags": {"amenity": "school", "name": "Kalika Pra Vi"}}}, {"type": "Feature", "geometry": {"type": "Point", "coordinates": [86.5143934, 27.3975439]}, "properties": {"external_id": "osm:way/509805185", "kind": "school", "name": "Shree Jantarkhani Ma Vi", "name_ne": "", "tags": {"amenity": "school", "name": "Shree Jantarkhani Ma Vi"}}}, {"type": "Feature", "geometry": {"type": "Point", "coordinates": [86.5207567, 27.3736397]}, "properties": {"external_id": "osm:way/509805523", "kind": "school", "name": "Changesthan Pra Vi", "name_ne": "", "tags": {"amenity": "school", "name": "Changesthan Pra Vi"}}}, {"type": "Feature", "geometry": {"type": "Point", "coordinates": [86.4612346, 27.4064818]}, "properties": {"external_id": "osm:way/509805734", "kind": "school", "name": "Tharling Gumba Pra Vi", "name_ne": "", "tags": {"amenity": "school", "name": "Tharling Gumba Pra Vi"}}}, {"type": "Feature", "geometry": {"type": "Point", "coordinates": [86.4879978, 27.3064873]}, "properties": {"external_id": "osm:way/509806305", "kind": "school", "name": "Shree Bar Banjyang Pra V", "name_ne": "", "tags": {"amenity": "school", "name": "Shree Bar Banjyang Pra V"}}}, {"type": "Feature", "geometry": {"type": "Point", "coordinates": [86.4540642, 27.3066828]}, "properties": {"external_id": "osm:way/509806598", "kind": "school", "name": "Shree Chanchaladevi Pra V", "name_ne": "", "tags": {"amenity": "school", "name": "Shree Chanchaladevi Pra V"}}}, {"type": "Feature", "geometry": {"type": "Point", "coordinates": [86.4651937, 27.3080889]}, "properties": {"external_id": "osm:way/509808040", "kind": "school", "name": "Shree kunta Ma V", "name_ne": "", "tags": {"amenity": "school", "name": "Shree kunta Ma V"}}}, {"type": "Feature", "geometry": {"type": "Point", "coordinates": [86.4604207, 27.2558922]}, "properties": {"external_id": "osm:way/509825033", "kind": "school", "name": "Shree Dhuseni Pra.V", "name_ne": "", "tags": {"amenity": "school", "name": "Shree Dhuseni Pra.V"}}}, {"type": "Feature", "geometry": {"type": "Point", "coordinates": [86.4784558, 27.230966]}, "properties": {"external_id": "osm:way/509826859", "kind": "school", "name": "Shree Thulo Jhure Pra V", "name_ne": "", "tags": {"amenity": "school", "name": "Shree Thulo Jhure Pra V"}}}, {"type": "Feature", "geometry": {"type": "Point", "coordinates": [86.5075954, 27.2538808]}, "properties": {"external_id": "osm:way/509827337", "kind": "school", "name": "Kalika Ni Ma V", "name_ne": "", "tags": {"amenity": "school", "name": "Kalika Ni Ma V"}}}, {"type": "Feature", "geometry": {"type": "Point", "coordinates": [86.488528, 27.2514553]}, "properties": {"external_id": "osm:way/509827825", "kind": "school", "name": "Shri Bhimsensthan Ma V", "name_ne": "", "tags": {"amenity": "school", "name": "Shri Bhimsensthan Ma V"}}}, {"type": "Feature", "geometry": {"type": "Point", "coordinates": [86.6728521, 27.3210615]}, "properties": {"external_id": "osm:way/509842232", "kind": "school", "name": "Kuibhir Uchaa Ma Vi", "name_ne": "", "tags": {"amenity": "school", "name": "Kuibhir Uchaa Ma Vi"}}}, {"type": "Feature", "geometry": {"type": "Point", "coordinates": [86.6693556, 27.3375772]}, "properties": {"external_id": "osm:way/509843311", "kind": "school", "name": "Shree Bhumesthan Pra Vi", "name_ne": "", "tags": {"amenity": "school", "name": "Shree Bhumesthan Pra Vi"}}}, {"type": "Feature", "geometry": {"type": "Point", "coordinates": [86.6400879, 27.3232399]}, "properties": {"external_id": "osm:way/509843790", "kind": "school", "name": "Bhotechap Pra Vi", "name_ne": "", "tags": {"amenity": "school", "name": "Bhotechap Pra Vi"}}}, {"type": "Feature", "geometry": {"type": "Point", "coordinates": [86.4515254, 27.3352471]}, "properties": {"external_id": "osm:way/510061287", "kind": "school", "name": "Sri Jalakanya Pra Vi", "name_ne": "", "tags": {"amenity": "school", "name": "Sri Jalakanya Pra Vi"}}}, {"type": "Feature", "geometry": {"type": "Point", "coordinates": [86.4760856, 27.3273886]}, "properties": {"external_id": "osm:way/510062475", "kind": "school", "name": "Sri Singhdevi Pra Vi", "name_ne": "", "tags": {"amenity": "school", "name": "Sri Singhdevi Pra Vi"}}}, {"type": "Feature", "geometry": {"type": "Point", "coordinates": [86.465435, 27.2489172]}, "properties": {"external_id": "osm:way/510105024", "kind": "school", "name": "Devi Pra V", "name_ne": "", "tags": {"amenity": "school", "name": "Devi Pra V"}}}, {"type": "Feature", "geometry": {"type": "Point", "coordinates": [86.5859095, 27.2921832]}, "properties": {"external_id": "osm:way/510108455", "kind": "school", "name": "Bhumisthan Pra V", "name_ne": "", "tags": {"amenity": "school", "name": "Bhumisthan Pra V"}}}, {"type": "Feature", "geometry": {"type": "Point", "coordinates": [86.5759033, 27.2967642]}, "properties": {"external_id": "osm:way/510114560", "kind": "school", "name": "Mamkha Uccha Ma V", "name_ne": "", "tags": {"amenity": "school", "name": "Mamkha Uccha Ma V"}}}, {"type": "Feature", "geometry": {"type": "Point", "coordinates": [86.5547911, 27.3557824]}, "properties": {"external_id": "osm:way/510115841", "kind": "school", "name": "Kalika Pra V", "name_ne": "", "tags": {"amenity": "school", "name": "Kalika Pra V"}}}, {"type": "Feature", "geometry": {"type": "Point", "coordinates": [86.5577498, 27.3187973]}, "properties": {"external_id": "osm:way/510116588", "kind": "school", "name": "Baseri Pra V", "name_ne": "", "tags": {"amenity": "school", "name": "Baseri Pra V"}}}, {"type": "Feature", "geometry": {"type": "Point", "coordinates": [86.4678564, 27.2297558]}, "properties": {"external_id": "osm:way/510131434", "kind": "school", "name": "Shree Dhimile Ni Ma Vi", "name_ne": "", "tags": {"amenity": "school", "name": "Shree Dhimile Ni Ma Vi"}}}, {"type": "Feature", "geometry": {"type": "Point", "coordinates": [86.5268038, 27.2496789]}, "properties": {"external_id": "osm:way/510132309", "kind": "school", "name": "Mahankali Pra Vi", "name_ne": "", "tags": {"amenity": "school", "name": "Mahankali Pra Vi"}}}, {"type": "Feature", "geometry": {"type": "Point", "coordinates": [86.5489229, 27.2378696]}, "properties": {"external_id": "osm:way/510134376", "kind": "school", "name": "Janjyoti Panchawoti Pra Vi", "name_ne": "", "tags": {"amenity": "school", "name": "Janjyoti Panchawoti Pra Vi"}}}, {"type": "Feature", "geometry": {"type": "Point", "coordinates": [86.5378421, 27.2180177]}, "properties": {"external_id": "osm:way/510134848", "kind": "school", "name": "Mangala Pra V", "name_ne": "", "tags": {"amenity": "school", "name": "Mangala Pra V"}}}, {"type": "Feature", "geometry": {"type": "Point", "coordinates": [86.539438, 27.2356583]}, "properties": {"external_id": "osm:way/510135355", "kind": "school", "name": "Kalika Ma V", "name_ne": "", "tags": {"amenity": "school", "name": "Kalika Ma V"}}}, {"type": "Feature", "geometry": {"type": "Point", "coordinates": [86.5102251, 27.2999612]}, "properties": {"external_id": "osm:way/510149673", "kind": "school", "name": "Shree Antarrastriya Yuvabarsha Pra V", "name_ne": "", "tags": {"amenity": "school", "name": "Shree Antarrastriya Yuvabarsha Pra V"}}}, {"type": "Feature", "geometry": {"type": "Point", "coordinates": [86.6435064, 27.3069304]}, "properties": {"external_id": "osm:way/510352909", "kind": "school", "name": "Udaya Pra Vi", "name_ne": "", "tags": {"amenity": "school", "name": "Udaya Pra Vi"}}}, {"type": "Feature", "geometry": {"type": "Point", "coordinates": [86.6505596, 27.2991801]}, "properties": {"external_id": "osm:way/510353200", "kind": "school", "name": "Bijya Pra Vi", "name_ne": "", "tags": {"amenity": "school", "name": "Bijya Pra Vi"}}}, {"type": "Feature", "geometry": {"type": "Point", "coordinates": [86.6560211, 27.304361]}, "properties": {"external_id": "osm:way/510353343", "kind": "school", "name": "Shree kalika Ni Ma Vi", "name_ne": "", "tags": {"amenity": "school", "name": "Shree kalika Ni Ma Vi"}}}, {"type": "Feature", "geometry": {"type": "Point", "coordinates": [86.6408277, 27.3111061]}, "properties": {"external_id": "osm:way/510353704", "kind": "school", "name": "Saraswati Ucha Ma V", "name_ne": "", "tags": {"amenity": "school", "name": "Saraswati Ucha Ma V"}}}, {"type": "Feature", "geometry": {"type": "Point", "coordinates": [86.4705884, 27.3960851]}, "properties": {"external_id": "osm:way/510355470", "kind": "school", "name": "Janajyoti Pra Vi", "name_ne": "", "tags": {"amenity": "school", "name": "Janajyoti Pra Vi"}}}, {"type": "Feature", "geometry": {"type": "Point", "coordinates": [86.6037785, 27.3311272]}, "properties": {"external_id": "osm:way/510401456", "kind": "school", "name": "Kalika Ni Ma V", "name_ne": "", "tags": {"amenity": "school", "name": "Kalika Ni Ma V"}}}, {"type": "Feature", "geometry": {"type": "Point", "coordinates": [86.581663, 27.324669]}, "properties": {"external_id": "osm:way/510404105", "kind": "school", "name": "Singhadevi Ni Ma V", "name_ne": "", "tags": {"amenity": "school", "name": "Singhadevi Ni Ma V"}}}, {"type": "Feature", "geometry": {"type": "Point", "coordinates": [86.5925454, 27.3156633]}, "properties": {"external_id": "osm:way/510404667", "kind": "school", "name": "Chetan Pra V", "name_ne": "", "tags": {"amenity": "school", "name": "Chetan Pra V"}}}, {"type": "Feature", "geometry": {"type": "Point", "coordinates": [86.5986065, 27.3021634]}, "properties": {"external_id": "osm:way/510405052", "kind": "school", "name": "Indramala Pra V", "name_ne": "", "tags": {"amenity": "school", "name": "Indramala Pra V"}}}, {"type": "Feature", "geometry": {"type": "Point", "coordinates": [86.6062554, 27.3226561]}, "properties": {"external_id": "osm:way/510405685", "kind": "school", "name": "Chhahare Pra V koirala Gaun", "name_ne": "", "tags": {"amenity": "school", "name": "Chhahare Pra V koirala Gaun"}}}, {"type": "Feature", "geometry": {"type": "Point", "coordinates": [86.5463944, 27.3030311]}, "properties": {"external_id": "osm:way/510411275", "kind": "school", "name": "Rumjatar Uccha Ma V", "name_ne": "", "tags": {"amenity": "school", "name": "Rumjatar Uccha Ma V"}}}, {"type": "Feature", "geometry": {"type": "Point", "coordinates": [86.4854037, 27.291478]}, "properties": {"external_id": "osm:way/510412562", "kind": "school", "name": "Shree Champadevi Ma V", "name_ne": "", "tags": {"amenity": "school", "name": "Shree Champadevi Ma V"}}}, {"type": "Feature", "geometry": {"type": "Point", "coordinates": [86.5066656, 27.2836277]}, "properties": {"external_id": "osm:way/510413083", "kind": "school", "name": "Shree Shideswori Pra V", "name_ne": "", "tags": {"amenity": "school", "name": "Shree Shideswori Pra V"}}}, {"type": "Feature", "geometry": {"type": "Point", "coordinates": [86.4866774, 27.288498]}, "properties": {"external_id": "osm:way/510413441", "kind": "school", "name": "Shri kalika Pra V", "name_ne": "", "tags": {"amenity": "school", "name": "Shri kalika Pra V"}}}, {"type": "Feature", "geometry": {"type": "Point", "coordinates": [86.6237335, 27.3351792]}, "properties": {"external_id": "osm:way/510413937", "kind": "school", "name": "Siddhdevi Pra V", "name_ne": "", "tags": {"amenity": "school", "name": "Siddhdevi Pra V"}}}, {"type": "Feature", "geometry": {"type": "Point", "coordinates": [86.6239291, 27.3216832]}, "properties": {"external_id": "osm:way/510414739", "kind": "school", "name": "Januka Pra V", "name_ne": "", "tags": {"amenity": "school", "name": "Januka Pra V"}}}, {"type": "Feature", "geometry": {"type": "Point", "coordinates": [86.6104473, 27.3074261]}, "properties": {"external_id": "osm:way/510415277", "kind": "school", "name": "Kushmanda Pra V", "name_ne": "", "tags": {"amenity": "school", "name": "Kushmanda Pra V"}}}, {"type": "Feature", "geometry": {"type": "Point", "coordinates": [86.5631875, 27.2493631]}, "properties": {"external_id": "osm:way/510436186", "kind": "school", "name": "Tin Piple Ni Ma Vi", "name_ne": "", "tags": {"amenity": "school", "name": "Tin Piple Ni Ma Vi"}}}, {"type": "Feature", "geometry": {"type": "Point", "coordinates": [86.5831185, 27.2325003]}, "properties": {"external_id": "osm:way/510437701", "kind": "school", "name": "Dudh koshi Pra Vi", "name_ne": "", "tags": {"amenity": "school", "name": "Dudh koshi Pra Vi"}}}, {"type": "Feature", "geometry": {"type": "Point", "coordinates": [86.5732117, 27.2481281]}, "properties": {"external_id": "osm:way/510438340", "kind": "school", "name": "Nepal Bharman Bharsa Namuna Pra Vi.", "name_ne": "", "tags": {"amenity": "school", "name": "Nepal Bharman Bharsa Namuna Pra Vi."}}}, {"type": "Feature", "geometry": {"type": "Point", "coordinates": [86.5973627, 27.2509593]}, "properties": {"external_id": "osm:way/510438993", "kind": "school", "name": "Sapta Kanya Ni Ma Vi", "name_ne": "", "tags": {"amenity": "school", "name": "Sapta Kanya Ni Ma Vi"}}}, {"type": "Feature", "geometry": {"type": "Point", "coordinates": [86.571975, 27.2550133]}, "properties": {"external_id": "osm:way/510452786", "kind": "school", "name": "Himalya Uchaa Ma Vi", "name_ne": "", "tags": {"amenity": "school", "name": "Himalya Uchaa Ma Vi"}}}, {"type": "Feature", "geometry": {"type": "Point", "coordinates": [86.5344229, 27.2617063]}, "properties": {"external_id": "osm:way/510453236", "kind": "school", "name": "Januka Pra Vi", "name_ne": "", "tags": {"amenity": "school", "name": "Januka Pra Vi"}}}, {"type": "Feature", "geometry": {"type": "Point", "coordinates": [86.5785545, 27.2697171]}, "properties": {"external_id": "osm:way/510453879", "kind": "school", "name": "Kalika Ni Ma Vi", "name_ne": "", "tags": {"amenity": "school", "name": "Kalika Ni Ma Vi"}}}, {"type": "Feature", "geometry": {"type": "Point", "coordinates": [86.5674853, 27.2669621]}, "properties": {"external_id": "osm:way/510456572", "kind": "school", "name": "Kalika Pra Vi", "name_ne": "", "tags": {"amenity": "school", "name": "Kalika Pra Vi"}}}, {"type": "Feature", "geometry": {"type": "Point", "coordinates": [86.5450453, 27.261375]}, "properties": {"external_id": "osm:way/510617631", "kind": "school", "name": "Kadeni Ma Vi", "name_ne": "", "tags": {"amenity": "school", "name": "Kadeni Ma Vi"}}}, {"type": "Feature", "geometry": {"type": "Point", "coordinates": [86.48442, 27.2028397]}, "properties": {"external_id": "osm:way/510618947", "kind": "school", "name": "Shree Janahit Pra V", "name_ne": "", "tags": {"amenity": "school", "name": "Shree Janahit Pra V"}}}, {"type": "Feature", "geometry": {"type": "Point", "coordinates": [86.4801294, 27.2131868]}, "properties": {"external_id": "osm:way/510620165", "kind": "school", "name": "Janaki Pra V", "name_ne": "", "tags": {"amenity": "school", "name": "Janaki Pra V"}}}, {"type": "Feature", "geometry": {"type": "Point", "coordinates": [86.5038675, 27.2025934]}, "properties": {"external_id": "osm:way/510623369", "kind": "school", "name": "Janakalyan Ni.Ma V", "name_ne": "", "tags": {"amenity": "school", "name": "Janakalyan Ni.Ma V"}}}, {"type": "Feature", "geometry": {"type": "Point", "coordinates": [86.4724358, 27.8592175]}, "properties": {"external_id": "osm:way/539870135", "kind": "tourism", "name": "Chukima Tea Shop", "name_ne": "", "tags": {"name": "Chukima Tea Shop", "tourism": "alpine_hut"}}}, {"type": "Feature", "geometry": {"type": "Point", "coordinates": [86.4693643, 27.8630685]}, "properties": {"external_id": "osm:way/539870137", "kind": "tourism", "name": "", "name_ne": "", "tags": {"tourism": "guest_house"}}}, {"type": "Feature", "geometry": {"type": "Point", "coordinates": [86.6015776, 27.8251256]}, "properties": {"external_id": "osm:way/539950951", "kind": "tourism", "name": "Tashi Lapcha Pass Lodge and Restaurant", "name_ne": "", "tags": {"name": "Tashi Lapcha Pass Lodge & Restaurant", "name:en": "Tashi Lapcha Pass Lodge and Restaurant", "tourism": "guest_house"}}}, {"type": "Feature", "geometry": {"type": "Point", "coordinates": [86.7112895, 27.804787]}, "properties": {"external_id": "osm:way/539956608", "kind": "tourism", "name": "The Green Tara Hotel", "name_ne": "", "tags": {"name": "The Green Tara Hotel", "tourism": "guest_house"}}}, {"type": "Feature", "geometry": {"type": "Point", "coordinates": [86.6488835, 27.8310433]}, "properties": {"external_id": "osm:way/539956618", "kind": "tourism", "name": "Sunshine Lodge Thame", "name_ne": "", "tags": {"name": "Sunshine Lodge Thame", "tourism": "guest_house"}}}, {"type": "Feature", "geometry": {"type": "Point", "coordinates": [86.7235087, 27.816706]}, "properties": {"external_id": "osm:way/539960397", "kind": "tourism", "name": "Hotel Everest View", "name_ne": "", "tags": {"name": "Hotel Everest View", "tourism": "guest_house"}}}, {"type": "Feature", "geometry": {"type": "Point", "coordinates": [86.7303333, 27.825579]}, "properties": {"external_id": "osm:way/539960403", "kind": "tourism", "name": "Sonam Friendship Lodge", "name_ne": "", "tags": {"amenity": "restaurant", "name": "Sonam Friendship Lodge", "tourism": "guest_house"}}}, {"type": "Feature", "geometry": {"type": "Point", "coordinates": [86.7169863, 27.762049]}, "properties": {"external_id": "osm:way/539969404", "kind": "tourism", "name": "Sunshine Lodge & restaurant", "name_ne": "", "tags": {"amenity": "restaurant", "name": "Sunshine Lodge & restaurant", "tourism": "guest_house"}}}, {"type": "Feature", "geometry": {"type": "Point", "coordinates": [86.7230178, 27.7658136]}, "properties": {"external_id": "osm:way/539969408", "kind": "tourism", "name": "Chumoa Lodge and Restaurant", "name_ne": "", "tags": {"amenity": "restaurant", "name": "Chumoa Lodge and Restaurant", "tourism": "guest_house"}}}, {"type": "Feature", "geometry": {"type": "Point", "coordinates": [86.7229021, 27.7652886]}, "properties": {"external_id": "osm:way/539969411", "kind": "tourism", "name": "Hotel Sherpa", "name_ne": "", "tags": {"name": "Hotel Sherpa", "tourism": "guest_house"}}}, {"type": "Feature", "geometry": {"type": "Point", "coordinates": [86.7235682, 27.7689928]}, "properties": {"external_id": "osm:way/539969419", "kind": "tourism", "name": "Alpine Valley Lodge and Restaurant", "name_ne": "", "tags": {"amenity": "restaurant", "name": "Alpine Valley Lodge and Restaurant", "tourism": "guest_house"}}}, {"type": "Feature", "geometry": {"type": "Point", "coordinates": [86.7229349, 27.767959]}, "properties": {"external_id": "osm:way/539969421", "kind": "tourism", "name": "Chumoa Guesthouse and Restaurant", "name_ne": "", "tags": {"amenity": "restaurant", "name": "Chumoa Guesthouse and Restaurant", "tourism": "guest_house"}}}, {"type": "Feature", "geometry": {"type": "Point", "coordinates": [86.7232661, 27.7671203]}, "properties": {"external_id": "osm:way/539969424", "kind": "tourism", "name": "Solokhumbu Lodge & Restaurant", "name_ne": "कर्म मैत्री लज र रेस्टुरेन्ट", "tags": {"amenity": "restaurant", "name": "Solokhumbu Lodge & Restaurant", "name:ne": "कर्म मैत्री लज र रेस्टुरेन्ट", "tourism": "guest_house"}}}, {"type": "Feature", "geometry": {"type": "Point", "coordinates": [86.72229, 27.7726656]}, "properties": {"external_id": "osm:way/539969429", "kind": "tourism", "name": "Yeti Mountain Home", "name_ne": "", "tags": {"name": "Yeti Mountain Home", "tourism": "guest_house"}}}, {"type": "Feature", "geometry": {"type": "Point", "coordinates": [86.7235286, 27.7710234]}, "properties": {"external_id": "osm:way/539969432", "kind": "tourism", "name": "Monju Guesthouse", "name_ne": "", "tags": {"name": "Monju Guesthouse", "tourism": "guest_house"}}}, {"type": "Feature", "geometry": {"type": "Point", "coordinates": [86.7232664, 27.7709225]}, "properties": {"external_id": "osm:way/539969435", "kind": "tourism", "name": "Sherpa Lodge & Restaurant", "name_ne": "", "tags": {"amenity": "restaurant", "name": "Sherpa Lodge & Restaurant", "tourism": "guest_house"}}}, {"type": "Feature", "geometry": {"type": "Point", "coordinates": [86.7233175, 27.7712299]}, "properties": {"external_id": "osm:way/539969439", "kind": "tourism", "name": "Hotel Mini Tibet", "name_ne": "", "tags": {"name": "Hotel Mini Tibet", "tourism": "guest_house"}}}, {"type": "Feature", "geometry": {"type": "Point", "coordinates": [86.7230199, 27.7715645]}, "properties": {"external_id": "osm:way/539969440", "kind": "tourism", "name": "Top Hill Lodge & Restaurant", "name_ne": "", "tags": {"amenity": "restaurant", "name": "Top Hill Lodge & Restaurant", "tourism": "guest_house"}}}, {"type": "Feature", "geometry": {"type": "Point", "coordinates": [86.7231782, 27.7719927]}, "properties": {"external_id": "osm:way/539969445", "kind": "tourism", "name": "Manju Budha Lodge & Restaurant", "name_ne": "", "tags": {"amenity": "restaurant", "name": "Manju Budha Lodge & Restaurant", "tourism": "guest_house"}}}, {"type": "Feature", "geometry": {"type": "Point", "coordinates": [86.7225456, 27.7735408]}, "properties": {"external_id": "osm:way/539969450", "kind": "tourism", "name": "Everest Pilgrim Lodge", "name_ne": "", "tags": {"amenity": "restaurant", "name": "Everest Pilgrim Lodge", "tourism": "guest_house"}}}, {"type": "Feature", "geometry": {"type": "Point", "coordinates": [86.7221469, 27.7736706]}, "properties": {"external_id": "osm:way/539969454", "kind": "police", "name": "Sargamatha National Park Entry", "name_ne": "", "tags": {"amenity": "police", "name": "Sargamatha National Park Entry", "tourism": "information"}}}, {"type": "Feature", "geometry": {"type": "Point", "coordinates": [86.5734521, 27.4452925]}, "properties": {"external_id": "osm:way/574661833", "kind": "hydropower", "name": "Upper Solu Hydro Electric Power(23.5 MW) House", "name_ne": "", "tags": {"name": "Upper Solu Hydro Electric Power(23.5 MW) House", "operator": "Upper Solu Hydro Electric Company Limited", "power": "generator"}}}, {"type": "Feature", "geometry": {"type": "Point", "coordinates": [86.6481734, 27.5877289]}, "properties": {"external_id": "osm:way/579018217", "kind": "school", "name": "Computer Class", "name_ne": "", "tags": {"amenity": "school", "name": "Computer Class"}}}, {"type": "Feature", "geometry": {"type": "Point", "coordinates": [86.7490871, 27.8465827]}, "properties": {"external_id": "osm:way/619955439", "kind": "tourism", "name": "Khumbu Restaurant and Lodge", "name_ne": "", "tags": {"name": "Khumbu Restaurant and Lodge", "tourism": "guest_house"}}}, {"type": "Feature", "geometry": {"type": "Point", "coordinates": [86.7505264, 27.847831]}, "properties": {"external_id": "osm:way/619955475", "kind": "tourism", "name": "Thamserku View Lodge", "name_ne": "", "tags": {"name:en": "Thamserku View Lodge", "tourism": "guest_house"}}}, {"type": "Feature", "geometry": {"type": "Point", "coordinates": [86.7510549, 27.8479305]}, "properties": {"external_id": "osm:way/619955484", "kind": "tourism", "name": "Peaceful Lodge", "name_ne": "", "tags": {"amenity": "restaurant", "name": "Peaceful Lodge", "tourism": "guest_house"}}}, {"type": "Feature", "geometry": {"type": "Point", "coordinates": [86.7700208, 27.8396074]}, "properties": {"external_id": "osm:way/619979600", "kind": "tourism", "name": "Rivendell Lodge", "name_ne": "", "tags": {"amenity": "restaurant", "name": "Rivendell Lodge", "tourism": "guest_house"}}}, {"type": "Feature", "geometry": {"type": "Point", "coordinates": [86.7890856, 27.8570426]}, "properties": {"external_id": "osm:way/619993419", "kind": "tourism", "name": "Makalu Restaurant and Lodge", "name_ne": "", "tags": {"name": "Makalu Restaurant and Lodge", "tourism": "guest_house"}}}, {"type": "Feature", "geometry": {"type": "Point", "coordinates": [86.7886486, 27.8572651]}, "properties": {"external_id": "osm:way/619993421", "kind": "tourism", "name": "Gomba Lodge", "name_ne": "", "tags": {"name": "Gomba Lodge", "tourism": "guest_house"}}}, {"type": "Feature", "geometry": {"type": "Point", "coordinates": [86.7884266, 27.8574056]}, "properties": {"external_id": "osm:way/619993422", "kind": "tourism", "name": "Treckers Holiday inn", "name_ne": "", "tags": {"name:en": "Treckers Holiday inn", "tourism": "guest_house"}}}, {"type": "Feature", "geometry": {"type": "Point", "coordinates": [86.7872439, 27.856516]}, "properties": {"external_id": "osm:way/619993433", "kind": "tourism", "name": "Himalayan Lodge", "name_ne": "", "tags": {"amenity": "restaurant", "name": "Himalayan Lodge", "tourism": "guest_house"}}}, {"type": "Feature", "geometry": {"type": "Point", "coordinates": [86.7904066, 27.8542736]}, "properties": {"external_id": "osm:way/619993575", "kind": "tourism", "name": "Highland Sherpa Resort", "name_ne": "", "tags": {"amenity": "restaurant", "name": "Highland Sherpa Resort", "tourism": "guest_house"}}}, {"type": "Feature", "geometry": {"type": "Point", "coordinates": [86.7900378, 27.8542577]}, "properties": {"external_id": "osm:way/619993579", "kind": "tourism", "name": "Three Sister Lodge", "name_ne": "", "tags": {"name": "Three Sister Lodge", "tourism": "guest_house"}}}, {"type": "Feature", "geometry": {"type": "Point", "coordinates": [86.8059979, 27.867742]}, "properties": {"external_id": "osm:way/620014650", "kind": "tourism", "name": "Trekkers Loge & Restaurant", "name_ne": "", "tags": {"amenity": "restaurant", "name": "Trekkers Loge & Restaurant", "tourism": "guest_house"}}}, {"type": "Feature", "geometry": {"type": "Point", "coordinates": [86.7314745, 27.8213995]}, "properties": {"external_id": "osm:way/620032233", "kind": "tourism", "name": "Dream Garden Lodge", "name_ne": "", "tags": {"amenity": "restaurant", "name": "Dream Garden Lodge", "tourism": "guest_house"}}}, {"type": "Feature", "geometry": {"type": "Point", "coordinates": [86.7311794, 27.8219678]}, "properties": {"external_id": "osm:way/620032235", "kind": "tourism", "name": "Three Sisters Lodge", "name_ne": "", "tags": {"amenity": "restaurant", "name": "Three Sisters Lodge", "tourism": "guest_house"}}}, {"type": "Feature", "geometry": {"type": "Point", "coordinates": [86.7425964, 27.8473936]}, "properties": {"external_id": "osm:way/620391593", "kind": "tourism", "name": "Phortse Tenga Guest House", "name_ne": "", "tags": {"amenity": "restaurant", "name": "Phortse Tenga Guest House", "tourism": "guest_house"}}}, {"type": "Feature", "geometry": {"type": "Point", "coordinates": [86.735985, 27.8393912]}, "properties": {"external_id": "osm:way/620391619", "kind": "tourism", "name": "Bouddha Lodge & Restaurant", "name_ne": "", "tags": {"amenity": "restaurant", "name": "Bouddha Lodge & Restaurant", "tourism": "guest_house"}}}, {"type": "Feature", "geometry": {"type": "Point", "coordinates": [86.7357053, 27.8396223]}, "properties": {"external_id": "osm:way/620391623", "kind": "tourism", "name": "Snow Land View Lodge & Restaurant", "name_ne": "", "tags": {"amenity": "restaurant", "name": "Snow Land View Lodge & Restaurant", "tourism": "guest_house"}}}, {"type": "Feature", "geometry": {"type": "Point", "coordinates": [86.7356599, 27.8393206]}, "properties": {"external_id": "osm:way/620391629", "kind": "tourism", "name": "Mountain View Lodge & Restaurant", "name_ne": "", "tags": {"amenity": "restaurant", "name": "Mountain View Lodge & Restaurant", "tourism": "guest_house"}}}, {"type": "Feature", "geometry": {"type": "Point", "coordinates": [86.7360975, 27.8394445]}, "properties": {"external_id": "osm:way/620391630", "kind": "tourism", "name": "Hill Top Lodge & Restaurant", "name_ne": "", "tags": {"amenity": "restaurant", "name": "Hill Top Lodge & Restaurant", "tourism": "guest_house"}}}, {"type": "Feature", "geometry": {"type": "Point", "coordinates": [86.7363977, 27.8394023]}, "properties": {"external_id": "osm:way/620391631", "kind": "tourism", "name": "Viewpoint Lodge", "name_ne": "", "tags": {"amenity": "restaurant", "name": "Viewpoint Lodge", "tourism": "guest_house"}}}, {"type": "Feature", "geometry": {"type": "Point", "coordinates": [86.722155, 27.7783571]}, "properties": {"external_id": "osm:way/620696721", "kind": "tourism", "name": "Tibet Lodge and Restaurant", "name_ne": "", "tags": {"amenity": "restaurant", "name": "Tibet Lodge and Restaurant", "tourism": "guest_house"}}}, {"type": "Feature", "geometry": {"type": "Point", "coordinates": [86.721937, 27.7781839]}, "properties": {"external_id": "osm:way/620696724", "kind": "tourism", "name": "Everest Guest House Lodge & Restaurant", "name_ne": "", "tags": {"amenity": "restaurant", "name": "Everest Guest House Lodge & Restaurant", "tourism": "guest_house"}}}, {"type": "Feature", "geometry": {"type": "Point", "coordinates": [86.722383, 27.7788366]}, "properties": {"external_id": "osm:way/620696732", "kind": "tourism", "name": "Buddha Lodge", "name_ne": "", "tags": {"amenity": "restaurant", "name": "Buddha Lodge", "tourism": "guest_house"}}}, {"type": "Feature", "geometry": {"type": "Point", "coordinates": [86.7107217, 27.7516493]}, "properties": {"external_id": "osm:way/642225686", "kind": "hydropower", "name": "Hydro generator", "name_ne": "", "tags": {"name": "Hydro generator", "power": "generator"}}}, {"type": "Feature", "geometry": {"type": "Point", "coordinates": [86.7104111, 27.754029]}, "properties": {"external_id": "osm:way/642225687", "kind": "tourism", "name": "Sandesh Lodge", "name_ne": "", "tags": {"name": "Sandesh Lodge", "tourism": "guest_house"}}}, {"type": "Feature", "geometry": {"type": "Point", "coordinates": [86.7235444, 27.7661436]}, "properties": {"external_id": "osm:way/642225690", "kind": "tourism", "name": "Lopsang Friendship Lodge and Restaurant", "name_ne": "", "tags": {"amenity": "restaurant", "name": "Lopsang Friendship Lodge and Restaurant", "tourism": "guest_house"}}}, {"type": "Feature", "geometry": {"type": "Point", "coordinates": [86.7354705, 27.8391577]}, "properties": {"external_id": "osm:way/642521285", "kind": "tourism", "name": "Hotel Sewa & Shopping Center", "name_ne": "", "tags": {"name": "Hotel Sewa & Shopping Center", "tourism": "guest_house"}}}, {"type": "Feature", "geometry": {"type": "Point", "coordinates": [86.731093, 27.8665048]}, "properties": {"external_id": "osm:way/642521290", "kind": "tourism", "name": "Thamersku View Lodge & Restaurant", "name_ne": "", "tags": {"amenity": "restaurant", "name": "Thamersku View Lodge & Restaurant", "tourism": "guest_house"}}}, {"type": "Feature", "geometry": {"type": "Point", "coordinates": [86.7309985, 27.8666672]}, "properties": {"external_id": "osm:way/642521292", "kind": "tourism", "name": "Himalayan Lodge", "name_ne": "", "tags": {"amenity": "restaurant", "name": "Himalayan Lodge", "tourism": "guest_house"}}}, {"type": "Feature", "geometry": {"type": "Point", "coordinates": [86.8288289, 27.8909507]}, "properties": {"external_id": "osm:way/752713840", "kind": "tourism", "name": "Hotel Countryside", "name_ne": "", "tags": {"name": "Hotel Countryside", "tourism": "guest_house"}}}, {"type": "Feature", "geometry": {"type": "Point", "coordinates": [86.6937997, 27.9540956]}, "properties": {"external_id": "osm:way/753105658", "kind": "tourism", "name": "Himalayan Eco Resort", "name_ne": "", "tags": {"name": "Himalayan Eco Resort", "tourism": "guest_house"}}}, {"type": "Feature", "geometry": {"type": "Point", "coordinates": [86.5705714, 27.4798179]}, "properties": {"external_id": "osm:way/764965568", "kind": "hydropower", "name": "Upper Solu Hydro Electric Company Limited 23.5 MW", "name_ne": "", "tags": {"name": "Upper Solu Hydro Electric Company Limited 23.5 MW", "plant:output:electricity": "23.5 MW", "power": "plant"}}}, {"type": "Feature", "geometry": {"type": "Point", "coordinates": [86.7949079, 27.2133232]}, "properties": {"external_id": "osm:way/787081514", "kind": "health", "name": "Khotang District Hospital", "name_ne": "", "tags": {"amenity": "hospital", "name": "Khotang District Hospital"}}}, {"type": "Feature", "geometry": {"type": "Point", "coordinates": [86.608883, 27.4442189]}, "properties": {"external_id": "osm:way/827600046", "kind": "school", "name": "Syakarsing School", "name_ne": "", "tags": {"amenity": "school", "name": "Syakarsing School", "operator": "Government"}}}, {"type": "Feature", "geometry": {"type": "Point", "coordinates": [86.6314598, 27.4333008]}, "properties": {"external_id": "osm:way/827600576", "kind": "school", "name": "Him Shikhar Carene Ustinov School", "name_ne": "", "tags": {"amenity": "school", "name": "Him Shikhar Carene Ustinov School"}}}, {"type": "Feature", "geometry": {"type": "Point", "coordinates": [86.8447652, 27.6168793]}, "properties": {"external_id": "osm:way/884502389", "kind": "tourism", "name": "New Mera Panch Pokhari Restaurant Lodge", "name_ne": "", "tags": {"name": "New Mera Panch Pokhari Restaurant Lodge", "tourism": "guest_house"}}}, {"type": "Feature", "geometry": {"type": "Point", "coordinates": [86.803567, 27.6415061]}, "properties": {"external_id": "osm:way/884502415", "kind": "tourism", "name": "Himalayan Lodge & Cafe with Bakery", "name_ne": "", "tags": {"name": "Himalayan Lodge & Cafe with Bakery", "tourism": "guest_house"}}}, {"type": "Feature", "geometry": {"type": "Point", "coordinates": [86.8032381, 27.6417173]}, "properties": {"external_id": "osm:way/884502416", "kind": "tourism", "name": "Mera View Lodge & Restaurant", "name_ne": "", "tags": {"name:en": "Mera View Lodge & Restaurant", "tourism": "guest_house"}}}, {"type": "Feature", "geometry": {"type": "Point", "coordinates": [86.503329, 27.3370832]}, "properties": {"external_id": "osm:way/916484300", "kind": "bridge", "name": "", "name_ne": "", "tags": {"highway": "tertiary"}}}, {"type": "Feature", "geometry": {"type": "Point", "coordinates": [86.8154924, 27.5463219]}, "properties": {"external_id": "osm:way/950180202", "kind": "tourism", "name": "Himalayan Lodge - Kiraule", "name_ne": "", "tags": {"name": "Himalayan Lodge - Kiraule", "tourism": "alpine_hut"}}}, {"type": "Feature", "geometry": {"type": "Point", "coordinates": [86.6101992, 27.4187976]}, "properties": {"external_id": "osm:way/958207219", "kind": "bridge", "name": "", "name_ne": "", "tags": {"highway": "tertiary"}}}, {"type": "Feature", "geometry": {"type": "Point", "coordinates": [86.655221, 27.2675719]}, "properties": {"external_id": "osm:way/958866805", "kind": "bridge", "name": "", "name_ne": "", "tags": {"highway": "tertiary"}}}, {"type": "Feature", "geometry": {"type": "Point", "coordinates": [86.5749705, 27.444904]}, "properties": {"external_id": "osm:way/959554571", "kind": "dam", "name": "Lower Solu 82MW", "name_ne": "", "tags": {"name": "Lower Solu 82MW", "operator": "Lower Solu Essel Energy", "waterway": "dam"}}}, {"type": "Feature", "geometry": {"type": "Point", "coordinates": [86.6022568, 27.387698]}, "properties": {"external_id": "osm:way/959726955", "kind": "bridge", "name": "", "name_ne": "", "tags": {"highway": "tertiary"}}}, {"type": "Feature", "geometry": {"type": "Point", "coordinates": [86.7858815, 27.855149]}, "properties": {"external_id": "osm:way/969736370", "kind": "tourism", "name": "Holiday Inn", "name_ne": "", "tags": {"name": "Holiday Inn", "tourism": "guest_house"}}}, {"type": "Feature", "geometry": {"type": "Point", "coordinates": [86.718465, 27.8227903]}, "properties": {"external_id": "osm:way/969799617", "kind": "tourism", "name": "Buddha Lodge&Restaurant", "name_ne": "", "tags": {"name": "Buddha Lodge&Restaurant", "tourism": "guest_house"}}}, {"type": "Feature", "geometry": {"type": "Point", "coordinates": [86.8545857, 27.221427]}, "properties": {"external_id": "osm:way/1034505985", "kind": "school", "name": "", "name_ne": "", "tags": {"amenity": "school"}}}, {"type": "Feature", "geometry": {"type": "Point", "coordinates": [86.7732835, 27.9387055]}, "properties": {"external_id": "osm:way/1046161119", "kind": "tourism", "name": "Himalayan View Lodge & Restaurant", "name_ne": "", "tags": {"name": "Himalayan View Lodge", "name:en": "Himalayan View Lodge & Restaurant", "operator": "Kunsang Sherpa", "tourism": "guest_house"}}}, {"type": "Feature", "geometry": {"type": "Point", "coordinates": [86.7223293, 27.8235422]}, "properties": {"external_id": "osm:way/1049371251", "kind": "tourism", "name": "Danfe Lodge & Restaurant", "name_ne": "", "tags": {"name": "Danfe Lodge & Restaurant", "tourism": "guest_house"}}}, {"type": "Feature", "geometry": {"type": "Point", "coordinates": [86.7102737, 27.8059688]}, "properties": {"external_id": "osm:way/1050011479", "kind": "tourism", "name": "Himalayan culture home", "name_ne": "", "tags": {"name": "Himalayan culture home", "tourism": "guest_house"}}}, {"type": "Feature", "geometry": {"type": "Point", "coordinates": [86.7198019, 27.6879695]}, "properties": {"external_id": "osm:way/1052253928", "kind": "tourism", "name": "Trek Stay Lodge", "name_ne": "", "tags": {"name": "Trek Stay Lodge", "tourism": "guest_house"}}}, {"type": "Feature", "geometry": {"type": "Point", "coordinates": [86.7315654, 27.6884101]}, "properties": {"external_id": "osm:way/1052359699", "kind": "tourism", "name": "The Nest at Lukla", "name_ne": "", "tags": {"name:en": "The Nest at Lukla", "tourism": "guest_house"}}}, {"type": "Feature", "geometry": {"type": "Point", "coordinates": [86.7760297, 27.641937]}, "properties": {"external_id": "osm:way/1052421122", "kind": "tourism", "name": "AD friendship lodge", "name_ne": "", "tags": {"name": "AD friendship lodge", "tourism": "guest_house"}}}, {"type": "Feature", "geometry": {"type": "Point", "coordinates": [86.7162295, 27.6132257]}, "properties": {"external_id": "osm:way/1052723877", "kind": "tourism", "name": "Tara Lodge", "name_ne": "", "tags": {"name": "Tara Lodge", "name:en": "Tara Lodge", "tourism": "guest_house"}}}, {"type": "Feature", "geometry": {"type": "Point", "coordinates": [86.7146844, 27.6140187]}, "properties": {"external_id": "osm:way/1052723879", "kind": "tourism", "name": "Everest Guest Houe", "name_ne": "", "tags": {"name": "Everest Guest Houe", "tourism": "guest_house"}}}, {"type": "Feature", "geometry": {"type": "Point", "coordinates": [86.7149129, 27.6141477]}, "properties": {"external_id": "osm:way/1052723882", "kind": "tourism", "name": "Hotel Yellow Top", "name_ne": "", "tags": {"name": "Hotel Yellow Top", "tourism": "guest_house"}}}, {"type": "Feature", "geometry": {"type": "Point", "coordinates": [86.7150016, 27.6142287]}, "properties": {"external_id": "osm:way/1052723883", "kind": "tourism", "name": "Hotel International", "name_ne": "", "tags": {"name:en": "Hotel International", "tourism": "guest_house"}}}, {"type": "Feature", "geometry": {"type": "Point", "coordinates": [86.7316378, 27.6407559]}, "properties": {"external_id": "osm:way/1052723909", "kind": "tourism", "name": "Dreamland Lodge&Restaurant Payia", "name_ne": "", "tags": {"name": "Dreamland Lodge&Restaurant Payia", "tourism": "guest_house"}}}, {"type": "Feature", "geometry": {"type": "Point", "coordinates": [86.7314239, 27.6412763]}, "properties": {"external_id": "osm:way/1052723911", "kind": "tourism", "name": "Apple Pie Lodge", "name_ne": "", "tags": {"name:en": "Apple Pie Lodge", "tourism": "guest_house"}}}, {"type": "Feature", "geometry": {"type": "Point", "coordinates": [86.7303835, 27.6418519]}, "properties": {"external_id": "osm:way/1052723914", "kind": "tourism", "name": "Trekkers Lodge and Restaurant", "name_ne": "", "tags": {"name:en": "Trekkers Lodge and Restaurant", "tourism": "guest_house"}}}, {"type": "Feature", "geometry": {"type": "Point", "coordinates": [86.7249091, 27.6460833]}, "properties": {"external_id": "osm:way/1052723922", "kind": "tourism", "name": "Third Eye Lodge", "name_ne": "", "tags": {"name": "Third Eye Lodge", "tourism": "guest_house"}}}, {"type": "Feature", "geometry": {"type": "Point", "coordinates": [86.7164972, 27.658688]}, "properties": {"external_id": "osm:way/1052723940", "kind": "tourism", "name": "Khumbu View Lodge & Restaurant", "name_ne": "खुम्बु भीयिउ लोज", "tags": {"name": "खुम्बु भीयिउ लोज", "name:en": "Khumbu View Lodge & Restaurant", "name:ne": "खुम्बु भीयिउ लोज", "tourism": "guest_house"}}}, {"type": "Feature", "geometry": {"type": "Point", "coordinates": [86.6852617, 27.597162]}, "properties": {"external_id": "osm:way/1053655071", "kind": "tourism", "name": "Gorkhali Lodge and Restaurant", "name_ne": "", "tags": {"name": "Gorkhali Lodge and Restaurant", "tourism": "guest_house"}}}, {"type": "Feature", "geometry": {"type": "Point", "coordinates": [86.6876904, 27.60039]}, "properties": {"external_id": "osm:way/1053655082", "kind": "tourism", "name": "Jubing Guest House Lodge and Restaurant", "name_ne": "", "tags": {"name:en": "Jubing Guest House Lodge and Restaurant", "tourism": "guest_house"}}}, {"type": "Feature", "geometry": {"type": "Point", "coordinates": [86.9248142, 27.4407207]}, "properties": {"external_id": "osm:way/1057675802", "kind": "tourism", "name": "", "name_ne": "", "tags": {"tourism": "guest_house"}}}, {"type": "Feature", "geometry": {"type": "Point", "coordinates": [86.7908961, 27.232286]}, "properties": {"external_id": "osm:way/1086031541", "kind": "school", "name": "Shree Janajagriti Secondary School", "name_ne": "", "tags": {"amenity": "school", "name": "Shree Janajagriti Secondary School", "operator": "Shubham foundation"}}}, {"type": "Feature", "geometry": {"type": "Point", "coordinates": [86.6938193, 27.9532102]}, "properties": {"external_id": "osm:way/1123104488", "kind": "tourism", "name": "Mountain View Lodge", "name_ne": "", "tags": {"name": "Gokyo Lake side", "name:en": "Mountain View Lodge", "tourism": "guest_house"}}}, {"type": "Feature", "geometry": {"type": "Point", "coordinates": [86.6503766, 27.8318868]}, "properties": {"external_id": "osm:way/1124266549", "kind": "tourism", "name": "Cho-oyu lodge &restaurant", "name_ne": "", "tags": {"name": "Cho-oyu lodge &restaurant", "tourism": "guest_house"}}}, {"type": "Feature", "geometry": {"type": "Point", "coordinates": [86.6497164, 27.8311259]}, "properties": {"external_id": "osm:way/1124266552", "kind": "tourism", "name": "Hotel Yak", "name_ne": "", "tags": {"name": "Hotel Yak Thame", "name:en": "Hotel Yak", "tourism": "guest_house"}}}, {"type": "Feature", "geometry": {"type": "Point", "coordinates": [86.7441029, 27.8505205]}, "properties": {"external_id": "osm:way/1154685314", "kind": "tourism", "name": "River Resort", "name_ne": "", "tags": {"name": "River Resort", "tourism": "guest_house"}}}, {"type": "Feature", "geometry": {"type": "Point", "coordinates": [86.6770092, 27.594315]}, "properties": {"external_id": "osm:way/1154696876", "kind": "tourism", "name": "Hotel Doan & Lodge", "name_ne": "", "tags": {"name": "Hotel Doan & Lodge", "tourism": "guest_house"}}}, {"type": "Feature", "geometry": {"type": "Point", "coordinates": [86.8141241, 27.6641962]}, "properties": {"external_id": "osm:way/1154698947", "kind": "police", "name": "", "name_ne": "", "tags": {"amenity": "police"}}}, {"type": "Feature", "geometry": {"type": "Point", "coordinates": [86.8128115, 27.6629431]}, "properties": {"external_id": "osm:way/1154698961", "kind": "tourism", "name": "Namaste Lodge", "name_ne": "", "tags": {"name": "Namaste Lodge", "name:en": "Namaste Lodge", "tourism": "guest_house"}}}, {"type": "Feature", "geometry": {"type": "Point", "coordinates": [86.8192218, 27.697534]}, "properties": {"external_id": "osm:way/1154698970", "kind": "tourism", "name": "3 sister hotel & lodge", "name_ne": "", "tags": {"name": "3 sister hotel & lodge", "tourism": "guest_house"}}}, {"type": "Feature", "geometry": {"type": "Point", "coordinates": [86.8190917, 27.6975401]}, "properties": {"external_id": "osm:way/1154698971", "kind": "tourism", "name": "Kulung Hotel Lodge", "name_ne": "", "tags": {"name:en": "Kulung Hotel Lodge", "tourism": "guest_house"}}}, {"type": "Feature", "geometry": {"type": "Point", "coordinates": [86.8338031, 27.7326973]}, "properties": {"external_id": "osm:way/1154698976", "kind": "tourism", "name": "Oxygen Lodge", "name_ne": "", "tags": {"name:en": "Oxygen Lodge", "tourism": "guest_house"}}}, {"type": "Feature", "geometry": {"type": "Point", "coordinates": [86.8294538, 27.9812907]}, "properties": {"external_id": "osm:way/1240253801", "kind": "tourism", "name": "Everest Inn", "name_ne": "", "tags": {"name": "Everest Inn", "name:en": "Everest Inn", "tourism": "guest_house"}}}, {"type": "Feature", "geometry": {"type": "Point", "coordinates": [86.8291734, 27.9806924]}, "properties": {"external_id": "osm:way/1240253808", "kind": "tourism", "name": "Buddha Lodge And Restaurant", "name_ne": "", "tags": {"name": "Buddha Lodge And Restaurant", "tourism": "guest_house"}}}, {"type": "Feature", "geometry": {"type": "Point", "coordinates": [86.7865131, 27.8560858]}, "properties": {"external_id": "osm:way/1268084278", "kind": "tourism", "name": "Peaceful Lodge", "name_ne": "", "tags": {"name": "Peaceful Lunch Point", "name:en": "Peaceful Lodge", "tourism": "guest_house"}}}, {"type": "Feature", "geometry": {"type": "Point", "coordinates": [86.7960993, 27.4933323]}, "properties": {"external_id": "osm:way/1291988767", "kind": "school", "name": "Shree Bakhapalam Secondary School", "name_ne": "", "tags": {"amenity": "school", "name": "Shree Bakhapalam Secondary School", "operator": "government"}}}, {"type": "Feature", "geometry": {"type": "Point", "coordinates": [86.767442, 27.5282386]}, "properties": {"external_id": "osm:way/1291992152", "kind": "school", "name": "Shree Chepel Basic School", "name_ne": "", "tags": {"amenity": "school", "name": "Shree Chepel Basic School", "operator": "government"}}}, {"type": "Feature", "geometry": {"type": "Point", "coordinates": [86.6000337, 27.5898992]}, "properties": {"external_id": "osm:way/1317619567", "kind": "hydropower", "name": "Dudhkunda Power House 12MW", "name_ne": "", "tags": {"name": "Dudhkunda Power House 12MW", "operator": "Everest Hydropower Company Limited", "plant:output:electricity": "12 MW", "power": "plant"}}}, {"type": "Feature", "geometry": {"type": "Point", "coordinates": [86.7516017, 27.8470085]}, "properties": {"external_id": "osm:way/1351992509", "kind": "tourism", "name": "Valley View Lodge", "name_ne": "", "tags": {"name": "Valley View Lodge", "tourism": "guest_house"}}}, {"type": "Feature", "geometry": {"type": "Point", "coordinates": [86.459181, 27.6735805]}, "properties": {"external_id": "osm:way/1370060601", "kind": "hydropower", "name": "Likhu 2", "name_ne": "", "tags": {"name": "Likhu 2", "plant:output:electricity": "55 MW", "power": "plant"}}}, {"type": "Feature", "geometry": {"type": "Point", "coordinates": [86.9812473, 27.2264483]}, "properties": {"external_id": "osm:way/1380062891", "kind": "bridge", "name": "NH03", "name_ne": "", "tags": {"highway": "primary", "name": "NH03"}}}, {"type": "Feature", "geometry": {"type": "Point", "coordinates": [87.0300116, 27.2128089]}, "properties": {"external_id": "osm:way/1380065956", "kind": "bridge", "name": "", "name_ne": "", "tags": {"highway": "primary"}}}, {"type": "Feature", "geometry": {"type": "Point", "coordinates": [86.8203415, 27.8938755]}, "properties": {"external_id": "osm:way/1436399410", "kind": "health", "name": "Pheriche Aid Post - Himalayan Rescue Association", "name_ne": "", "tags": {"name": "Pheriche Aid Post - Himalayan Rescue Association", "operator": "Himalayan Rescue Association Nepal"}}}, {"type": "Feature", "geometry": {"type": "Point", "coordinates": [86.8513382, 27.8527762]}, "properties": {"external_id": "osm:way/1456070595", "kind": "tourism", "name": "Camp 1", "name_ne": "", "tags": {"name": "Camp 1", "tourism": "camp_site"}}}, {"type": "Feature", "geometry": {"type": "Point", "coordinates": [86.4912468, 27.5428449]}, "properties": {"external_id": "osm:way/1480303376", "kind": "tourism", "name": "", "name_ne": "", "tags": {"tourism": "guest_house"}}}, {"type": "Feature", "geometry": {"type": "Point", "coordinates": [86.5104143, 27.5773257]}, "properties": {"external_id": "osm:way/1480303394", "kind": "tourism", "name": "Tashi Deleg Lodge", "name_ne": "", "tags": {"name": "Tashi Deleg Lodge", "tourism": "guest_house"}}}, {"type": "Feature", "geometry": {"type": "Point", "coordinates": [86.5461686, 27.5800155]}, "properties": {"external_id": "osm:way/1480352424", "kind": "police", "name": "", "name_ne": "", "tags": {"amenity": "police"}}}, {"type": "Feature", "geometry": {"type": "Point", "coordinates": [86.5928935, 27.6698696]}, "properties": {"external_id": "osm:way/1480453216", "kind": "tourism", "name": "Dudhkunda Inn", "name_ne": "", "tags": {"name": "Dudhkunda Inn", "tourism": "guest_house"}}}, {"type": "Feature", "geometry": {"type": "Point", "coordinates": [86.5898914, 27.675959]}, "properties": {"external_id": "osm:way/1480453217", "kind": "tourism", "name": "Numbur Guest House", "name_ne": "", "tags": {"name": "Numbur Guest House", "tourism": "guest_house"}}}, {"type": "Feature", "geometry": {"type": "Point", "coordinates": [86.7914477, 27.9429007]}, "properties": {"external_id": "osm:way/1482937723", "kind": "tourism", "name": "Lobuche High Camp", "name_ne": "", "tags": {"name": "Lobuche High Camp", "tourism": "camp_site"}}}, {"type": "Feature", "geometry": {"type": "Point", "coordinates": [86.7650074, 27.6599687]}, "properties": {"external_id": "osm:way/1483056631", "kind": "tourism", "name": "Sherpa Home and Fast Food Restaurant", "name_ne": "", "tags": {"name": "Sherpa Home and Fast Food Restaurant", "tourism": "guest_house"}}}, {"type": "Feature", "geometry": {"type": "Point", "coordinates": [86.886577, 27.7180392]}, "properties": {"external_id": "osm:way/1483068072", "kind": "tourism", "name": "Mera Peak High Camp", "name_ne": "", "tags": {"name": "Mera Peak High Camp", "name:en": "Mera Peak High Camp", "tourism": "camp_site"}}}, {"type": "Feature", "geometry": {"type": "Point", "coordinates": [86.8700052, 27.7389202]}, "properties": {"external_id": "osm:way/1483068090", "kind": "tourism", "name": "Pachpokhari hotel and lodge", "name_ne": "", "tags": {"name": "Pachpokhari hotel and lodge", "tourism": "guest_house"}}}, {"type": "Feature", "geometry": {"type": "Point", "coordinates": [86.4910285, 27.5421144]}, "properties": {"external_id": "osm:relation/20234117", "kind": "tourism", "name": "peakey yak lodge& restaurant", "name_ne": "", "tags": {"name": "peakey yak lodge& restaurant", "tourism": "guest_house"}}}, {"type": "Feature", "geometry": {"type": "Point", "coordinates": [86.4686109, 27.5740762]}, "properties": {"external_id": "osm:relation/20234118", "kind": "tourism", "name": "Tashi Delek Restaurant&Lodge", "name_ne": "", "tags": {"name:en": "Tashi Delek Restaurant&Lodge", "tourism": "guest_house"}}}, {"type": "Feature", "geometry": {"type": "Point", "coordinates": [86.457012, 27.5778022]}, "properties": {"external_id": "osm:relation/20234119", "kind": "tourism", "name": "Dakchu Lodge", "name_ne": "", "tags": {"name": "Dakchu Lodge", "tourism": "guest_house"}}}, {"type": "Feature", "geometry": {"type": "Point", "coordinates": [86.4570656, 27.5775862]}, "properties": {"external_id": "osm:relation/20234120", "kind": "tourism", "name": "Maya Tamang Lodge And Restaurant", "name_ne": "", "tags": {"name:en": "Maya Tamang Lodge And Restaurant", "tourism": "guest_house"}}}, {"type": "Feature", "geometry": {"type": "Point", "coordinates": [86.4560871, 27.5779927]}, "properties": {"external_id": "osm:relation/20234121", "kind": "tourism", "name": "Sonam Guest House", "name_ne": "", "tags": {"name": "Sonam Guest House", "tourism": "guest_house"}}}, {"type": "Feature", "geometry": {"type": "Point", "coordinates": [86.4542796, 27.5782536]}, "properties": {"external_id": "osm:relation/20234122", "kind": "tourism", "name": "Chhepal Sherpa Lodge", "name_ne": "", "tags": {"name": "Chhepal Sherpa Lodge", "tourism": "guest_house"}}}, {"type": "Feature", "geometry": {"type": "Point", "coordinates": [86.54679, 27.5814867]}, "properties": {"external_id": "osm:relation/20235545", "kind": "tourism", "name": "Jumbesi Valley Guesthouse", "name_ne": "", "tags": {"name:en": "Jumbesi Valley Guesthouse", "tourism": "guest_house"}}}, {"type": "Feature", "geometry": {"type": "Point", "coordinates": [86.724632, 27.6459369]}, "properties": {"external_id": "osm:relation/20249261", "kind": "tourism", "name": "Hotel Everest Restaurant&Bar", "name_ne": "", "tags": {"name:en": "Hotel Everest Restaurant&Bar", "tourism": "guest_house"}}}, {"type": "Feature", "geometry": {"type": "Point", "coordinates": [86.7293527, 27.6434724]}, "properties": {"external_id": "osm:relation/20249262", "kind": "school", "name": "", "name_ne": "", "tags": {"amenity": "school"}}}, {"type": "Feature", "geometry": {"type": "Point", "coordinates": [86.7310338, 27.6416104]}, "properties": {"external_id": "osm:relation/20249263", "kind": "tourism", "name": "Beehive Lodge & Restaurant", "name_ne": "", "tags": {"name": "Beehive Lodge & Restaurant", "name:en": "Beehive Lodge & Restaurant", "operator": "Ganga Ram Rai", "tourism": "guest_house"}}}, {"type": "Feature", "geometry": {"type": "Point", "coordinates": [86.7150358, 27.6140148]}, "properties": {"external_id": "osm:relation/20249268", "kind": "tourism", "name": "Kwangde View Lodge", "name_ne": "", "tags": {"name:en": "Kwangde View Lodge", "tourism": "guest_house"}}}, {"type": "Feature", "geometry": {"type": "Point", "coordinates": [86.700688, 27.60379]}, "properties": {"external_id": "osm:relation/20249269", "kind": "tourism", "name": "Kharikola Guest House", "name_ne": "", "tags": {"name": "Kharikola Guest House", "tourism": "guest_house"}}}, {"type": "Feature", "geometry": {"type": "Point", "coordinates": [86.6369433, 27.9052267]}, "properties": {"external_id": "osm:relation/20258717", "kind": "tourism", "name": "Renjo Pass Support Lodge & Restaurant", "name_ne": "", "tags": {"name:en": "Renjo Pass Support Lodge & Restaurant", "tourism": "guest_house"}}}, {"type": "Feature", "geometry": {"type": "Point", "coordinates": [86.6368514, 27.9038813]}, "properties": {"external_id": "osm:relation/20258718", "kind": "tourism", "name": "Three Passes Guest House", "name_ne": "", "tags": {"name:en": "Three Passes Guest House", "tourism": "guest_house"}}}, {"type": "Feature", "geometry": {"type": "Point", "coordinates": [86.6369193, 27.9029938]}, "properties": {"external_id": "osm:relation/20258719", "kind": "tourism", "name": "Khongde View Lodge", "name_ne": "", "tags": {"name": "Khongde View Lodge", "tourism": "guest_house"}}}, {"type": "Feature", "geometry": {"type": "Point", "coordinates": [86.7152404, 27.9033957]}, "properties": {"external_id": "osm:relation/20260377", "kind": "tourism", "name": "Machermo Lodge & Bakery", "name_ne": "", "tags": {"name": "Machermo Lodge & Bakery", "name:en": "Machermo Lodge & Bakery", "power": "Solar Energy", "tourism": "guest_house"}}}, {"type": "Feature", "geometry": {"type": "Point", "coordinates": [86.7862794, 27.8541754]}, "properties": {"external_id": "osm:relation/20260725", "kind": "tourism", "name": "360 View Lodge", "name_ne": "", "tags": {"name": "360 View Lodge", "tourism": "guest_house"}}}, {"type": "Feature", "geometry": {"type": "Point", "coordinates": [86.8281728, 27.9802704]}, "properties": {"external_id": "osm:relation/20260726", "kind": "tourism", "name": "Himalaya Lodge", "name_ne": "हिमालय लज", "tags": {"name": "हिमालय लज", "name:en": "Himalaya Lodge", "name:ne": "हिमालय लज", "tourism": "guest_house"}}}, {"type": "Feature", "geometry": {"type": "Point", "coordinates": [86.6939084, 27.9533819]}, "properties": {"external_id": "osm:relation/20260727", "kind": "tourism", "name": "Lake side", "name_ne": "", "tags": {"name": "Lake side", "tourism": "guest_house"}}}, {"type": "Feature", "geometry": {"type": "Point", "coordinates": [86.751504, 27.8486897]}, "properties": {"external_id": "osm:relation/20261363", "kind": "tourism", "name": "Khumbu Restaurant and Lodge", "name_ne": "", "tags": {"name": "Khumbu Restaurant and Lodge", "tourism": "guest_house"}}}, {"type": "Feature", "geometry": {"type": "Point", "coordinates": [86.7507222, 27.8459984]}, "properties": {"external_id": "osm:relation/20261364", "kind": "tourism", "name": "Little Sherpa Lodge", "name_ne": "", "tags": {"name:en": "Little Sherpa Lodge", "tourism": "guest_house"}}}, {"type": "Feature", "geometry": {"type": "Point", "coordinates": [86.8028281, 27.6415683]}, "properties": {"external_id": "osm:relation/20262400", "kind": "tourism", "name": "Mera Alpine Lodge & Restaurant", "name_ne": "", "tags": {"name": "Mera Alpine Lodge & Restaurant", "tourism": "guest_house"}}}, {"type": "Feature", "geometry": {"type": "Point", "coordinates": [86.8763408, 27.7447694]}, "properties": {"external_id": "osm:relation/20262504", "kind": "tourism", "name": "Refuge Mera", "name_ne": "", "tags": {"name": "Refuge Mera", "name:en": "Refuge Mera", "tourism": "guest_house"}}}, {"type": "Feature", "geometry": {"type": "Point", "coordinates": [86.7324756, 27.6849242]}, "properties": {"external_id": "osm:relation/20262604", "kind": "health", "name": "Lukla Hospital", "name_ne": "लुक्ला अस्पताल", "tags": {"amenity": "hospital", "name": "लुक्ला अस्पताल", "name:en": "Lukla Hospital", "name:ne": "लुक्ला अस्पताल"}}}, {"type": "Feature", "geometry": {"type": "Point", "coordinates": [86.8443368, 27.6172616]}, "properties": {"external_id": "osm:relation/20262613", "kind": "tourism", "name": "New Clean Panch Pokhari Culture Hum Lodge & Restaurant", "name_ne": "", "tags": {"name": "New Clean Panch Pokhari Culture Hum Lodge & Restaurant", "tourism": "guest_house"}}}, {"type": "Feature", "geometry": {"type": "Point", "coordinates": [86.8960548, 27.4581877]}, "properties": {"external_id": "osm:relation/20268171", "kind": "tourism", "name": "Sanam Lodge", "name_ne": "", "tags": {"name": "Sanam Lodge", "tourism": "alpine_hut"}}}, {"type": "Feature", "geometry": {"type": "Point", "coordinates": [86.8798214, 27.4692204]}, "properties": {"external_id": "osm:relation/20268172", "kind": "school", "name": "", "name_ne": "", "tags": {"amenity": "school"}}}, {"type": "Feature", "geometry": {"type": "Point", "coordinates": [86.8495316, 27.5023307]}, "properties": {"external_id": "osm:relation/20268173", "kind": "tourism", "name": "Sunrise Hotel & Guest House", "name_ne": "", "tags": {"name": "Sunrise Hotel & Guest House", "tourism": "guest_house"}}}], "attribution": "© OpenStreetMap contributors, ODbL 1.0"}