{"type": "FeatureCollection", "features": [{"type": "Feature", "geometry": {"type": "Point", "coordinates": [84.538429, 27.90423]}, "properties": {"external_id": "osm:node/268669741", "kind": "town", "name": "Aabu khaireni Bazar", "name_ne": "आबूखैरेनी बजार", "tags": {"name": "आबूखैरेनी बजार", "name:en": "Aabu khaireni Bazar", "name:ne": "आबूखैरेनी बजार", "place": "town"}}}, {"type": "Feature", "geometry": {"type": "Point", "coordinates": [84.4096781, 27.9631254]}, "properties": {"external_id": "osm:node/268669853", "kind": "town", "name": "Dumre", "name_ne": "डुम्रे", "tags": {"name": "डुम्रे", "name:en": "Dumre", "name:ne": "डुम्रे", "place": "town"}}}, {"type": "Feature", "geometry": {"type": "Point", "coordinates": [84.2693537, 27.9767129]}, "properties": {"external_id": "osm:node/279339377", "kind": "town", "name": "Vyas (Damauli)", "name_ne": "व्यास (दमौली)", "tags": {"name": "दमौली", "name:en": "Vyas (Damauli)", "name:ne": "व्यास (दमौली)", "place": "town"}}}, {"type": "Feature", "geometry": {"type": "Point", "coordinates": [84.376144, 28.231316]}, "properties": {"external_id": "osm:node/293621413", "kind": "town", "name": "Besisahar", "name_ne": "बेसीसहर", "tags": {"name": "Besisahar", "name:ne": "बेसीसहर", "place": "town", "population": "15442"}}}, {"type": "Feature", "geometry": {"type": "Point", "coordinates": [84.3576238, 28.2809801]}, "properties": {"external_id": "osm:node/293621489", "kind": "settlement", "name": "Khudi", "name_ne": "", "tags": {"name": "Khudi", "place": "village"}}}, {"type": "Feature", "geometry": {"type": "Point", "coordinates": [84.3715961, 28.2903142]}, "properties": {"external_id": "osm:node/293642180", "kind": "settlement", "name": "Bhulbhule", "name_ne": "", "tags": {"name": "Bhulbhule", "name:en": "Bhulbhule", "place": "village"}}}, {"type": "Feature", "geometry": {"type": "Point", "coordinates": [84.406303, 28.343073]}, "properties": {"external_id": "osm:node/293647006", "kind": "settlement", "name": "Bahundanda", "name_ne": "", "tags": {"name": "Bahundanda", "place": "village"}}}, {"type": "Feature", "geometry": {"type": "Point", "coordinates": [84.4020508, 28.3872662]}, "properties": {"external_id": "osm:node/295020323", "kind": "settlement", "name": "Syange", "name_ne": "", "tags": {"name": "Syange", "place": "village"}}}, {"type": "Feature", "geometry": {"type": "Point", "coordinates": [84.3737267, 28.4686207]}, "properties": {"external_id": "osm:node/295022597", "kind": "settlement", "name": "Tal", "name_ne": "", "tags": {"name": "Tal", "place": "village"}}}, {"type": "Feature", "geometry": {"type": "Point", "coordinates": [84.3730352, 28.4582541]}, "properties": {"external_id": "osm:node/295022598", "kind": "settlement", "name": "Tal Phedi", "name_ne": "", "tags": {"name": "Tal Phedi", "place": "isolated_dwelling"}}}, {"type": "Feature", "geometry": {"type": "Point", "coordinates": [84.406494, 28.413029]}, "properties": {"external_id": "osm:node/295022614", "kind": "settlement", "name": "Jagat", "name_ne": "", "tags": {"name": "Jagat", "name:en": "Jagat", "place": "village"}}}, {"type": "Feature", "geometry": {"type": "Point", "coordinates": [84.2884104, 28.5482794]}, "properties": {"external_id": "osm:node/295044641", "kind": "settlement", "name": "Thanchok", "name_ne": "", "tags": {"name": "Thanchok", "place": "village"}}}, {"type": "Feature", "geometry": {"type": "Point", "coordinates": [84.3049152, 28.5271087]}, "properties": {"external_id": "osm:node/295044644", "kind": "settlement", "name": "Timang", "name_ne": "", "tags": {"name": "Timang", "place": "village"}}}, {"type": "Feature", "geometry": {"type": "Point", "coordinates": [84.3250238, 28.5330586]}, "properties": {"external_id": "osm:node/295044647", "kind": "settlement", "name": "Danagyu", "name_ne": "", "tags": {"name": "Danagyu", "place": "village"}}}, {"type": "Feature", "geometry": {"type": "Point", "coordinates": [84.339585, 28.5334946]}, "properties": {"external_id": "osm:node/295044653", "kind": "settlement", "name": "Bagarchhāp", "name_ne": "", "tags": {"name": "Bagarchhāp", "place": "village"}}}, {"type": "Feature", "geometry": {"type": "Point", "coordinates": [84.3583825, 28.5189984]}, "properties": {"external_id": "osm:node/295044655", "kind": "settlement", "name": "Dharapani", "name_ne": "", "tags": {"name": "Dharapani", "place": "village"}}}, {"type": "Feature", "geometry": {"type": "Point", "coordinates": [84.3590449, 28.5062688]}, "properties": {"external_id": "osm:node/295044680", "kind": "settlement", "name": "Karte", "name_ne": "", "tags": {"name": "Karte", "place": "hamlet"}}}, {"type": "Feature", "geometry": {"type": "Point", "coordinates": [84.3612458, 28.4993098]}, "properties": {"external_id": "osm:node/295044712", "kind": "settlement", "name": "Khorte", "name_ne": "", "tags": {"name": "Khorte", "place": "hamlet"}}}, {"type": "Feature", "geometry": {"type": "Point", "coordinates": [84.2264574, 28.5566578]}, "properties": {"external_id": "osm:node/295052440", "kind": "settlement", "name": "Thaleku", "name_ne": "", "tags": {"name": "Thaleku", "place": "hamlet"}}}, {"type": "Feature", "geometry": {"type": "Point", "coordinates": [84.2423535, 28.5507325]}, "properties": {"external_id": "osm:node/295052442", "kind": "settlement", "name": "Chame", "name_ne": "", "tags": {"name": "Chame", "place": "village"}}}, {"type": "Feature", "geometry": {"type": "Point", "coordinates": [84.4066959, 27.9380224]}, "properties": {"external_id": "osm:node/316985037", "kind": "settlement", "name": "Bandipur", "name_ne": "", "tags": {"name": "Bandipur", "place": "village"}}}, {"type": "Feature", "geometry": {"type": "Point", "coordinates": [84.4622678, 28.0343132]}, "properties": {"external_id": "osm:node/847654459", "kind": "settlement", "name": "Turture", "name_ne": "टर्टुरे", "tags": {"name": "Turture", "name:ne": "टर्टुरे", "place": "village"}}}, {"type": "Feature", "geometry": {"type": "Point", "coordinates": [84.3582715, 28.2810894]}, "properties": {"external_id": "osm:node/850628338", "kind": "tourism", "name": "Khudi", "name_ne": "", "tags": {"name": "Khudi", "tourism": "guest_house"}}}, {"type": "Feature", "geometry": {"type": "Point", "coordinates": [84.3713523, 28.2934154]}, "properties": {"external_id": "osm:node/852540807", "kind": "tourism", "name": "", "name_ne": "", "tags": {"tourism": "guest_house"}}}, {"type": "Feature", "geometry": {"type": "Point", "coordinates": [84.3996581, 28.3094006]}, "properties": {"external_id": "osm:node/852541101", "kind": "settlement", "name": "Nadi Bazar", "name_ne": "", "tags": {"name": "Nadi Bazar", "place": "hamlet"}}}, {"type": "Feature", "geometry": {"type": "Point", "coordinates": [84.3018922, 28.5442936]}, "properties": {"external_id": "osm:node/852873689", "kind": "tourism", "name": "Lata Marang", "name_ne": "", "tags": {"name": "Lata Marang", "tourism": "guest_house"}}}, {"type": "Feature", "geometry": {"type": "Point", "coordinates": [84.2414701, 28.5526445]}, "properties": {"external_id": "osm:node/852891584", "kind": "tourism", "name": "", "name_ne": "", "tags": {"tourism": "guest_house"}}}, {"type": "Feature", "geometry": {"type": "Point", "coordinates": [84.3044287, 28.5273044]}, "properties": {"external_id": "osm:node/852891616", "kind": "tourism", "name": "Starwood", "name_ne": "", "tags": {"name": "Starwood", "tourism": "guest_house"}}}, {"type": "Feature", "geometry": {"type": "Point", "coordinates": [84.3359872, 28.5380869]}, "properties": {"external_id": "osm:node/858011355", "kind": "settlement", "name": "Ghimlung", "name_ne": "", "tags": {"name": "Ghimlung", "place": "hamlet"}}}, {"type": "Feature", "geometry": {"type": "Point", "coordinates": [84.3375959, 28.54006]}, "properties": {"external_id": "osm:node/858011357", "kind": "settlement", "name": "Tachai", "name_ne": "", "tags": {"name": "Tachai", "place": "hamlet"}}}, {"type": "Feature", "geometry": {"type": "Point", "coordinates": [84.3365137, 28.5368217]}, "properties": {"external_id": "osm:node/858011359", "kind": "settlement", "name": "Nasku", "name_ne": "", "tags": {"name": "Nasku", "place": "hamlet"}}}, {"type": "Feature", "geometry": {"type": "Point", "coordinates": [84.3020691, 28.5433669]}, "properties": {"external_id": "osm:node/858011363", "kind": "settlement", "name": "Lata Marang", "name_ne": "", "tags": {"name": "Lata Marang", "place": "hamlet"}}}, {"type": "Feature", "geometry": {"type": "Point", "coordinates": [84.3783852, 28.446153]}, "properties": {"external_id": "osm:node/858263912", "kind": "settlement", "name": "Sattale", "name_ne": "", "tags": {"name": "Sattale", "place": "hamlet"}}}, {"type": "Feature", "geometry": {"type": "Point", "coordinates": [84.3541346, 28.5271966]}, "properties": {"external_id": "osm:node/858263917", "kind": "settlement", "name": "Thoche", "name_ne": "", "tags": {"name": "Thoche", "place": "hamlet"}}}, {"type": "Feature", "geometry": {"type": "Point", "coordinates": [84.3808556, 28.5448168]}, "properties": {"external_id": "osm:node/1046595043", "kind": "tourism", "name": "Hotel Tilche", "name_ne": "", "tags": {"name": "Hotel Tilche", "tourism": "alpine_hut"}}}, {"type": "Feature", "geometry": {"type": "Point", "coordinates": [84.4029187, 28.3818568]}, "properties": {"external_id": "osm:node/1046597491", "kind": "settlement", "name": "Ghermu", "name_ne": "", "tags": {"name": "Ghermu", "place": "village"}}}, {"type": "Feature", "geometry": {"type": "Point", "coordinates": [84.4712935, 28.6338416]}, "properties": {"external_id": "osm:node/1046599081", "kind": "settlement", "name": "Bimthang", "name_ne": "", "tags": {"name": "Bimthang", "place": "isolated_dwelling"}}}, {"type": "Feature", "geometry": {"type": "Point", "coordinates": [84.5837196, 28.6589539]}, "properties": {"external_id": "osm:node/1046601392", "kind": "tourism", "name": "", "name_ne": "", "tags": {"tourism": "camp_site"}}}, {"type": "Feature", "geometry": {"type": "Point", "coordinates": [84.6440443, 28.5846748]}, "properties": {"external_id": "osm:node/1078765424", "kind": "settlement", "name": "Samagaon", "name_ne": "सामागाउ‌‍‍‍", "tags": {"name": "सामागाउ‌‍‍‍", "name:en": "Samagaon", "name:ne": "सामागाउ‌‍‍‍", "place": "village"}}}, {"type": "Feature", "geometry": {"type": "Point", "coordinates": [84.6245424, 28.6578808]}, "properties": {"external_id": "osm:node/1078765716", "kind": "settlement", "name": "Larke Bazar", "name_ne": "लोक बजार", "tags": {"name": "लोक बजार", "name:en": "Larke Bazar", "place": "hamlet"}}}, {"type": "Feature", "geometry": {"type": "Point", "coordinates": [84.5844323, 28.6589247]}, "properties": {"external_id": "osm:node/1078765884", "kind": "settlement", "name": "Larke Phedi (Dharmasala)", "name_ne": "", "tags": {"name": "Larke Phedi (Dharmasala)", "place": "locality"}}}, {"type": "Feature", "geometry": {"type": "Point", "coordinates": [84.4032308, 28.568389]}, "properties": {"external_id": "osm:node/1078766017", "kind": "settlement", "name": "Gho", "name_ne": "", "tags": {"name": "Gho", "place": "village"}}}, {"type": "Feature", "geometry": {"type": "Point", "coordinates": [84.3811861, 28.5451853]}, "properties": {"external_id": "osm:node/1078766251", "kind": "settlement", "name": "Tilche", "name_ne": "", "tags": {"name": "Tilche", "place": "village"}}}, {"type": "Feature", "geometry": {"type": "Point", "coordinates": [84.4035901, 28.3341477]}, "properties": {"external_id": "osm:node/1298141553", "kind": "settlement", "name": "Lampata", "name_ne": "", "tags": {"name": "Lampata", "place": "hamlet"}}}, {"type": "Feature", "geometry": {"type": "Point", "coordinates": [84.4056379, 27.9370747]}, "properties": {"external_id": "osm:node/1322265314", "kind": "tourism", "name": "Khadgami Guest House", "name_ne": "", "tags": {"name": "Khadgami Guest House", "tourism": "guest_house"}}}, {"type": "Feature", "geometry": {"type": "Point", "coordinates": [84.4046057, 27.9367644]}, "properties": {"external_id": "osm:node/1322306939", "kind": "school", "name": "Shree Bhanu Ma V", "name_ne": "", "tags": {"amenity": "school", "name": "Shree Bhanu Ma V"}}}, {"type": "Feature", "geometry": {"type": "Point", "coordinates": [84.4078539, 27.9387165]}, "properties": {"external_id": "osm:node/1322411417", "kind": "school", "name": "", "name_ne": "", "tags": {"amenity": "school"}}}, {"type": "Feature", "geometry": {"type": "Point", "coordinates": [84.4058772, 27.9407117]}, "properties": {"external_id": "osm:node/1329314640", "kind": "tourism", "name": "Green Park Resort", "name_ne": "", "tags": {"name": "Green Park Resort", "tourism": "hotel"}}}, {"type": "Feature", "geometry": {"type": "Point", "coordinates": [84.4218417, 27.9529236]}, "properties": {"external_id": "osm:node/1329323822", "kind": "settlement", "name": "Bimalnagar", "name_ne": "", "tags": {"name": "Bimalnagar", "place": "village"}}}, {"type": "Feature", "geometry": {"type": "Point", "coordinates": [84.4237143, 27.9530559]}, "properties": {"external_id": "osm:node/1329326254", "kind": "tourism", "name": "", "name_ne": "", "tags": {"tourism": "hotel"}}}, {"type": "Feature", "geometry": {"type": "Point", "coordinates": [84.363818, 27.9468823]}, "properties": {"external_id": "osm:node/1329331034", "kind": "settlement", "name": "Ramkot", "name_ne": "", "tags": {"name": "Ramkot", "place": "village", "tourism": "yes"}}}, {"type": "Feature", "geometry": {"type": "Point", "coordinates": [84.3477879, 27.9468457]}, "properties": {"external_id": "osm:node/1329338820", "kind": "settlement", "name": "Kulumg", "name_ne": "", "tags": {"name": "Kulumg", "place": "village"}}}, {"type": "Feature", "geometry": {"type": "Point", "coordinates": [84.343781, 27.926256]}, "properties": {"external_id": "osm:node/1329346046", "kind": "settlement", "name": "Keshavtar", "name_ne": "", "tags": {"name": "Keshavtar", "place": "village"}}}, {"type": "Feature", "geometry": {"type": "Point", "coordinates": [84.2372952, 28.6554334]}, "properties": {"external_id": "osm:node/1332448699", "kind": "settlement", "name": "Meta", "name_ne": "", "tags": {"name": "Meta", "place": "village"}}}, {"type": "Feature", "geometry": {"type": "Point", "coordinates": [84.2958576, 28.5430569]}, "properties": {"external_id": "osm:node/1334350029", "kind": "settlement", "name": "Kurung", "name_ne": "", "tags": {"name": "Kurung", "place": "village"}}}, {"type": "Feature", "geometry": {"type": "Point", "coordinates": [84.3869957, 28.2993096]}, "properties": {"external_id": "osm:node/1355676829", "kind": "tourism", "name": "Peace and Love Hotel", "name_ne": "", "tags": {"name": "Peace and Love Hotel", "tourism": "hotel"}}}, {"type": "Feature", "geometry": {"type": "Point", "coordinates": [84.6251035, 27.9959634]}, "properties": {"external_id": "osm:node/1461362183", "kind": "tourism", "name": "Hotel Gorkha Bisauni", "name_ne": "", "tags": {"name": "Hotel Gorkha Bisauni", "tourism": "hotel"}}}, {"type": "Feature", "geometry": {"type": "Point", "coordinates": [84.2447708, 28.5500233]}, "properties": {"external_id": "osm:node/1549107538", "kind": "tourism", "name": "Hotel Manasulu View", "name_ne": "", "tags": {"name": "Hotel Manasulu View", "tourism": "hotel"}}}, {"type": "Feature", "geometry": {"type": "Point", "coordinates": [84.2419992, 28.5522708]}, "properties": {"external_id": "osm:node/1549107550", "kind": "tourism", "name": "Tibet Hotel", "name_ne": "", "tags": {"name": "Tibet Hotel", "tourism": "hotel"}}}, {"type": "Feature", "geometry": {"type": "Point", "coordinates": [84.2887777, 28.5452328]}, "properties": {"external_id": "osm:node/1549117967", "kind": "tourism", "name": "Manaslu Hotel", "name_ne": "", "tags": {"name": "Manaslu Hotel", "tourism": "hotel"}}}, {"type": "Feature", "geometry": {"type": "Point", "coordinates": [84.4062987, 28.3962783]}, "properties": {"external_id": "osm:node/1551705921", "kind": "tourism", "name": "Hikers Guesthouse", "name_ne": "", "tags": {"name": "Hikers Guesthouse", "tourism": "guest_house"}}}, {"type": "Feature", "geometry": {"type": "Point", "coordinates": [84.406406, 28.3961862]}, "properties": {"external_id": "osm:node/1551705924", "kind": "tourism", "name": "Boomerang Hotel", "name_ne": "", "tags": {"name": "Boomerang Hotel", "tourism": "hotel"}}}, {"type": "Feature", "geometry": {"type": "Point", "coordinates": [84.4028566, 28.3819217]}, "properties": {"external_id": "osm:node/1551705935", "kind": "tourism", "name": "Sabina Guesthouse", "name_ne": "", "tags": {"name": "Sabina Guesthouse", "tourism": "guest_house"}}}, {"type": "Feature", "geometry": {"type": "Point", "coordinates": [84.4062209, 28.39671]}, "properties": {"external_id": "osm:node/1551705936", "kind": "tourism", "name": "Mongolian Guesthouse", "name_ne": "", "tags": {"name": "Mongolian Guesthouse", "tourism": "guest_house"}}}, {"type": "Feature", "geometry": {"type": "Point", "coordinates": [84.37416, 28.469041]}, "properties": {"external_id": "osm:node/1551717475", "kind": "tourism", "name": "Tilicho Hotel", "name_ne": "", "tags": {"name": "Tilicho Hotel", "tourism": "hotel"}}}, {"type": "Feature", "geometry": {"type": "Point", "coordinates": [84.3066512, 28.5259367]}, "properties": {"external_id": "osm:node/1551728657", "kind": "tourism", "name": "Namala Hotel", "name_ne": "", "tags": {"name": "Namala Hotel", "tourism": "hotel"}}}, {"type": "Feature", "geometry": {"type": "Point", "coordinates": [84.3049344, 28.5272086]}, "properties": {"external_id": "osm:node/1551728663", "kind": "tourism", "name": "Hotel Royal Garden", "name_ne": "", "tags": {"name": "Hotel Royal Garden", "tourism": "hotel"}}}, {"type": "Feature", "geometry": {"type": "Point", "coordinates": [84.3060269, 28.5264093]}, "properties": {"external_id": "osm:node/1551728665", "kind": "tourism", "name": "Prasanna Hotel", "name_ne": "", "tags": {"name": "Prasanna Hotel", "tourism": "hotel"}}}, {"type": "Feature", "geometry": {"type": "Point", "coordinates": [84.5296803, 28.0692468]}, "properties": {"external_id": "osm:node/1617044401", "kind": "health", "name": "Amppipal", "name_ne": "", "tags": {"amenity": "hospital", "name": "Amppipal"}}}, {"type": "Feature", "geometry": {"type": "Point", "coordinates": [84.543739, 28.06925]}, "properties": {"external_id": "osm:node/1617990127", "kind": "settlement", "name": "Amppipal", "name_ne": "", "tags": {"name": "Amppipal", "place": "village"}}}, {"type": "Feature", "geometry": {"type": "Point", "coordinates": [84.5409876, 28.0733974]}, "properties": {"external_id": "osm:node/1683952396", "kind": "school", "name": "primary/boarding", "name_ne": "", "tags": {"amenity": "school", "name": "primary/boarding"}}}, {"type": "Feature", "geometry": {"type": "Point", "coordinates": [84.5404517, 28.0691463]}, "properties": {"external_id": "osm:node/1683952415", "kind": "school", "name": "Shree Janata Uccha Ma V", "name_ne": "", "tags": {"amenity": "school", "name": "Shree Janata Uccha Ma V"}}}, {"type": "Feature", "geometry": {"type": "Point", "coordinates": [84.5383794, 28.0698417]}, "properties": {"external_id": "osm:node/1683952418", "kind": "school", "name": "primary", "name_ne": "", "tags": {"amenity": "school", "name": "primary"}}}, {"type": "Feature", "geometry": {"type": "Point", "coordinates": [84.4775581, 28.0559385]}, "properties": {"external_id": "osm:node/1686153402", "kind": "settlement", "name": "Chepe Ghat", "name_ne": "", "tags": {"name": "Chepe Ghat", "place": "hamlet"}}}, {"type": "Feature", "geometry": {"type": "Point", "coordinates": [84.3937368, 28.3023618]}, "properties": {"external_id": "osm:node/1742495826", "kind": "settlement", "name": "Ngadi Lamjung", "name_ne": "", "tags": {"name": "Ngadi Lamjung", "place": "hamlet"}}}, {"type": "Feature", "geometry": {"type": "Point", "coordinates": [84.431168, 28.176794]}, "properties": {"external_id": "osm:node/1742495827", "kind": "settlement", "name": "Udipur", "name_ne": "", "tags": {"name": "Udipur", "place": "hamlet"}}}, {"type": "Feature", "geometry": {"type": "Point", "coordinates": [84.3837538, 28.2177279]}, "properties": {"external_id": "osm:node/1742495828", "kind": "settlement", "name": "Ranikuwa", "name_ne": "", "tags": {"name": "Ranikuwa", "place": "hamlet"}}}, {"type": "Feature", "geometry": {"type": "Point", "coordinates": [84.4068072, 28.3403855]}, "properties": {"external_id": "osm:node/1742495832", "kind": "tourism", "name": "Hotel Manasulu & Restaurant", "name_ne": "", "tags": {"name": "Hotel Manasulu & Restaurant", "tourism": "hotel"}}}, {"type": "Feature", "geometry": {"type": "Point", "coordinates": [84.4330509, 28.1359981]}, "properties": {"external_id": "osm:node/1742495833", "kind": "settlement", "name": "siudibar", "name_ne": "", "tags": {"name": "siudibar", "place": "village"}}}, {"type": "Feature", "geometry": {"type": "Point", "coordinates": [84.4050084, 28.3729718]}, "properties": {"external_id": "osm:node/1742579527", "kind": "settlement", "name": "", "name_ne": "", "tags": {"place": "hamlet"}}}, {"type": "Feature", "geometry": {"type": "Point", "coordinates": [84.2589292, 28.5524233]}, "properties": {"external_id": "osm:node/1743137877", "kind": "police", "name": "ACAP Tourist Check Post", "name_ne": "", "tags": {"amenity": "police", "name": "ACAP Tourist Check Post"}}}, {"type": "Feature", "geometry": {"type": "Point", "coordinates": [84.358821, 28.5179135]}, "properties": {"external_id": "osm:node/1743137935", "kind": "hydropower", "name": "", "name_ne": "", "tags": {"power": "generator"}}}, {"type": "Feature", "geometry": {"type": "Point", "coordinates": [84.3112868, 28.5264181]}, "properties": {"external_id": "osm:node/1743138107", "kind": "hydropower", "name": "Syalque Micro Hydro Project", "name_ne": "", "tags": {"name": "Syalque Micro Hydro Project", "power": "generator"}}}, {"type": "Feature", "geometry": {"type": "Point", "coordinates": [84.6288315, 28.0436781]}, "properties": {"external_id": "osm:node/1782445078", "kind": "settlement", "name": "Naya Sagu", "name_ne": "", "tags": {"name": "Naya Sagu", "place": "village"}}}, {"type": "Feature", "geometry": {"type": "Point", "coordinates": [84.6519898, 28.0638585]}, "properties": {"external_id": "osm:node/1782445085", "kind": "tourism", "name": "", "name_ne": "", "tags": {"tourism": "camp_site"}}}, {"type": "Feature", "geometry": {"type": "Point", "coordinates": [84.3807859, 28.5446809]}, "properties": {"external_id": "osm:node/1782646676", "kind": "tourism", "name": "Hotel Tilche", "name_ne": "", "tags": {"name": "Hotel Tilche", "tourism": "camp_site"}}}, {"type": "Feature", "geometry": {"type": "Point", "coordinates": [84.6415296, 28.5874482]}, "properties": {"external_id": "osm:node/1782646677", "kind": "tourism", "name": "Mount Manaslu Lodge", "name_ne": "", "tags": {"name": "Mount Manaslu Lodge", "tourism": "guest_house"}}}, {"type": "Feature", "geometry": {"type": "Point", "coordinates": [84.4709881, 28.6338023]}, "properties": {"external_id": "osm:node/1782647062", "kind": "tourism", "name": "", "name_ne": "", "tags": {"tourism": "guest_house"}}}, {"type": "Feature", "geometry": {"type": "Point", "coordinates": [84.6341365, 28.6508662]}, "properties": {"external_id": "osm:node/1834249142", "kind": "settlement", "name": "Samdo", "name_ne": "साम्दो", "tags": {"name": "साम्दो", "name:en": "Samdo", "place": "village"}}}, {"type": "Feature", "geometry": {"type": "Point", "coordinates": [84.2687118, 28.177171]}, "properties": {"external_id": "osm:node/1871926456", "kind": "settlement", "name": "Shyauli Bazaar", "name_ne": "", "tags": {"name": "Shyauli Bazaar", "place": "hamlet"}}}, {"type": "Feature", "geometry": {"type": "Point", "coordinates": [84.2214297, 28.1595445]}, "properties": {"external_id": "osm:node/1871926457", "kind": "settlement", "name": "Karputar", "name_ne": "", "tags": {"name": "Kharputar", "name:en": "Karputar", "place": "village"}}}, {"type": "Feature", "geometry": {"type": "Point", "coordinates": [84.308049, 27.9351092]}, "properties": {"external_id": "osm:node/2258773934", "kind": "settlement", "name": "", "name_ne": "", "tags": {"place": "village"}}}, {"type": "Feature", "geometry": {"type": "Point", "coordinates": [84.3335679, 27.9248403]}, "properties": {"external_id": "osm:node/2258816346", "kind": "settlement", "name": "", "name_ne": "", "tags": {"place": "hamlet"}}}, {"type": "Feature", "geometry": {"type": "Point", "coordinates": [84.3137464, 27.9436367]}, "properties": {"external_id": "osm:node/2258820065", "kind": "settlement", "name": "", "name_ne": "", "tags": {"place": "hamlet"}}}, {"type": "Feature", "geometry": {"type": "Point", "coordinates": [84.3095193, 27.9519439]}, "properties": {"external_id": "osm:node/2258821795", "kind": "settlement", "name": "", "name_ne": "", "tags": {"place": "hamlet"}}}, {"type": "Feature", "geometry": {"type": "Point", "coordinates": [84.3122819, 27.9492099]}, "properties": {"external_id": "osm:node/2258821805", "kind": "settlement", "name": "", "name_ne": "", "tags": {"place": "hamlet"}}}, {"type": "Feature", "geometry": {"type": "Point", "coordinates": [84.2597077, 28.0551168]}, "properties": {"external_id": "osm:node/2423181557", "kind": "settlement", "name": "", "name_ne": "", "tags": {"place": "hamlet"}}}, {"type": "Feature", "geometry": {"type": "Point", "coordinates": [84.5376592, 27.9000873]}, "properties": {"external_id": "osm:node/2459077722", "kind": "police", "name": "Area Police station Aabhukhaireni", "name_ne": "", "tags": {"amenity": "police", "name": "Area Police station Aabhukhaireni"}}}, {"type": "Feature", "geometry": {"type": "Point", "coordinates": [84.5308581, 27.9095694]}, "properties": {"external_id": "osm:node/2459077734", "kind": "health", "name": "Health Post", "name_ne": "", "tags": {"amenity": "hospital", "name": "Health Post"}}}, {"type": "Feature", "geometry": {"type": "Point", "coordinates": [84.541842, 28.106272]}, "properties": {"external_id": "osm:node/2459134787", "kind": "settlement", "name": "Peace Innovation Lab", "name_ne": "", "tags": {"name": "Peace Innovation Lab", "place": "locality"}}}, {"type": "Feature", "geometry": {"type": "Point", "coordinates": [84.3723708, 28.2370964]}, "properties": {"external_id": "osm:node/2503838503", "kind": "settlement", "name": "Manange Chautara", "name_ne": "", "tags": {"name": "Manange Chautara", "place": "village"}}}, {"type": "Feature", "geometry": {"type": "Point", "coordinates": [84.3085318, 28.2508866]}, "properties": {"external_id": "osm:node/2533069380", "kind": "settlement", "name": "Ghaleshing", "name_ne": "", "tags": {"name": "Ghaleshing", "place": "village"}}}, {"type": "Feature", "geometry": {"type": "Point", "coordinates": [84.3069372, 28.2519219]}, "properties": {"external_id": "osm:node/2533075553", "kind": "settlement", "name": "Namgyu", "name_ne": "", "tags": {"name": "Namgyu", "place": "village"}}}, {"type": "Feature", "geometry": {"type": "Point", "coordinates": [84.3002616, 28.239066]}, "properties": {"external_id": "osm:node/2533076783", "kind": "settlement", "name": "Pondri", "name_ne": "", "tags": {"name": "Pondri", "place": "village"}}}, {"type": "Feature", "geometry": {"type": "Point", "coordinates": [84.2972371, 28.2499545]}, "properties": {"external_id": "osm:node/2533078915", "kind": "settlement", "name": "Nayagaun", "name_ne": "", "tags": {"name": "Nayagaun", "place": "village"}}}, {"type": "Feature", "geometry": {"type": "Point", "coordinates": [84.2915485, 28.2492919]}, "properties": {"external_id": "osm:node/2533079107", "kind": "settlement", "name": "Toljung", "name_ne": "", "tags": {"name": "Toljung", "place": "village"}}}, {"type": "Feature", "geometry": {"type": "Point", "coordinates": [84.3662976, 28.2103818]}, "properties": {"external_id": "osm:node/2583556462", "kind": "settlement", "name": "Gaunshahar", "name_ne": "", "tags": {"name": "Gaunshahar", "place": "village"}}}, {"type": "Feature", "geometry": {"type": "Point", "coordinates": [84.4597725, 28.1897429]}, "properties": {"external_id": "osm:node/2586917214", "kind": "school", "name": "shree laxmi secondaray school", "name_ne": "", "tags": {"amenity": "school", "name": "shree laxmi secondaray school"}}}, {"type": "Feature", "geometry": {"type": "Point", "coordinates": [84.4069432, 28.4134798]}, "properties": {"external_id": "osm:node/2772174643", "kind": "tourism", "name": "mont blanc", "name_ne": "", "tags": {"name": "mont blanc", "tourism": "guest_house"}}}, {"type": "Feature", "geometry": {"type": "Point", "coordinates": [84.3474446, 28.528946]}, "properties": {"external_id": "osm:node/2774724973", "kind": "settlement", "name": "Odar", "name_ne": "", "tags": {"name": "Odar", "place": "village"}}}, {"type": "Feature", "geometry": {"type": "Point", "coordinates": [84.2446328, 28.5500421]}, "properties": {"external_id": "osm:node/2805405541", "kind": "tourism", "name": "Trekkers Holiday Holtel", "name_ne": "", "tags": {"name": "Trekkers Holiday Holtel", "tourism": "hotel"}}}, {"type": "Feature", "geometry": {"type": "Point", "coordinates": [84.4045617, 27.9399474]}, "properties": {"external_id": "osm:node/2851960550", "kind": "tourism", "name": "Mountain Ridge Bandipur", "name_ne": "", "tags": {"name": "Mountain Ridge Bandipur", "tourism": "hotel"}}}, {"type": "Feature", "geometry": {"type": "Point", "coordinates": [84.404446, 27.9374017]}, "properties": {"external_id": "osm:node/2878158505", "kind": "tourism", "name": "Milan Guest House", "name_ne": "", "tags": {"name": "Milan Guest House", "tourism": "guest_house"}}}, {"type": "Feature", "geometry": {"type": "Point", "coordinates": [84.6279988, 27.9949532]}, "properties": {"external_id": "osm:node/2912554272", "kind": "health", "name": "Gorkha District Hospital", "name_ne": "", "tags": {"amenity": "hospital", "name": "Gorkha District Hospital"}}}, {"type": "Feature", "geometry": {"type": "Point", "coordinates": [84.3712244, 28.4797036]}, "properties": {"external_id": "osm:node/2967572591", "kind": "settlement", "name": "Sirantal", "name_ne": "", "tags": {"name": "Sirantal", "place": "locality"}}}, {"type": "Feature", "geometry": {"type": "Point", "coordinates": [84.3773672, 28.2315444]}, "properties": {"external_id": "osm:node/3121926024", "kind": "health", "name": "Apson Piya Medical Hall", "name_ne": "", "tags": {"amenity": "clinic", "name": "Apson Piya Medical Hall"}}}, {"type": "Feature", "geometry": {"type": "Point", "coordinates": [84.3782181, 28.2259716]}, "properties": {"external_id": "osm:node/3121926133", "kind": "tourism", "name": "Hotel Jomsom", "name_ne": "", "tags": {"name": "Hotel Jomsom", "tourism": "guest_house"}}}, {"type": "Feature", "geometry": {"type": "Point", "coordinates": [84.3779097, 28.2269665]}, "properties": {"external_id": "osm:node/3121926148", "kind": "health", "name": "Lamjung Eye Care Centre", "name_ne": "", "tags": {"amenity": "clinic", "name": "Lamjung Eye Care Centre"}}}, {"type": "Feature", "geometry": {"type": "Point", "coordinates": [84.3772767, 28.2310998]}, "properties": {"external_id": "osm:node/3121926154", "kind": "health", "name": "Medical Hall", "name_ne": "", "tags": {"amenity": "clinic", "name": "Medical Hall"}}}, {"type": "Feature", "geometry": {"type": "Point", "coordinates": [84.3795067, 28.2281393]}, "properties": {"external_id": "osm:node/3121926175", "kind": "government", "name": "Sabhagriha", "name_ne": "", "tags": {"amenity": "townhall", "name": "Sabhagriha"}}}, {"type": "Feature", "geometry": {"type": "Point", "coordinates": [84.3785885, 28.2278934]}, "properties": {"external_id": "osm:node/3122024868", "kind": "police", "name": "District Police Office", "name_ne": "जिल्ला प्रहरी कार्यालय", "tags": {"amenity": "police", "name": "जिल्ला प्रहरी कार्यालय", "name:en": "District Police Office", "name:ne": "जिल्ला प्रहरी कार्यालय", "operator": "Nepal Government"}}}, {"type": "Feature", "geometry": {"type": "Point", "coordinates": [84.3157614, 28.2457314]}, "properties": {"external_id": "osm:node/3122581508", "kind": "health", "name": "Baglungpani Health Post", "name_ne": "", "tags": {"amenity": "hospital", "name": "Baglungpani Health Post"}}}, {"type": "Feature", "geometry": {"type": "Point", "coordinates": [84.3504395, 28.2306126]}, "properties": {"external_id": "osm:node/3122581509", "kind": "settlement", "name": "Bimda Besi", "name_ne": "", "tags": {"name": "Bimda Besi", "place": "hamlet"}}}, {"type": "Feature", "geometry": {"type": "Point", "coordinates": [84.3585096, 28.2313734]}, "properties": {"external_id": "osm:node/3122581510", "kind": "settlement", "name": "Bimda Village", "name_ne": "", "tags": {"name": "Bimda Village", "place": "village"}}}, {"type": "Feature", "geometry": {"type": "Point", "coordinates": [84.3662838, 28.2266938]}, "properties": {"external_id": "osm:node/3122581511", "kind": "settlement", "name": "Duethok", "name_ne": "", "tags": {"name": "Duethok", "place": "village"}}}, {"type": "Feature", "geometry": {"type": "Point", "coordinates": [84.3153722, 28.2459774]}, "properties": {"external_id": "osm:node/3122581515", "kind": "settlement", "name": "Kapur Gaun", "name_ne": "", "tags": {"name": "Kapur Gaun", "place": "village"}}}, {"type": "Feature", "geometry": {"type": "Point", "coordinates": [84.3147256, 28.2468911]}, "properties": {"external_id": "osm:node/3122581516", "kind": "school", "name": "Primary School", "name_ne": "", "tags": {"amenity": "school", "name": "Primary School"}}}, {"type": "Feature", "geometry": {"type": "Point", "coordinates": [84.3473553, 28.2438619]}, "properties": {"external_id": "osm:node/3122581518", "kind": "settlement", "name": "Puma", "name_ne": "", "tags": {"name": "Puma", "place": "hamlet"}}}, {"type": "Feature", "geometry": {"type": "Point", "coordinates": [84.3038995, 28.2849943]}, "properties": {"external_id": "osm:node/3122759026", "kind": "settlement", "name": "Naayun (Nayan)", "name_ne": "", "tags": {"name": "Naayun (Nayan)", "place": "village"}}}, {"type": "Feature", "geometry": {"type": "Point", "coordinates": [84.3037991, 28.2854842]}, "properties": {"external_id": "osm:node/3122761131", "kind": "school", "name": "Shree Gram Kalyan Lower Secondary School", "name_ne": "", "tags": {"amenity": "school", "name": "Shree Gram Kalyan Lower Secondary School"}}}, {"type": "Feature", "geometry": {"type": "Point", "coordinates": [84.3313306, 28.2372797]}, "properties": {"external_id": "osm:node/3123502002", "kind": "settlement", "name": "Baglungpani", "name_ne": "", "tags": {"name": "Baglungpani", "place": "hamlet"}}}, {"type": "Feature", "geometry": {"type": "Point", "coordinates": [84.3094047, 28.2770304]}, "properties": {"external_id": "osm:node/3123510821", "kind": "settlement", "name": "Ghale Gaon", "name_ne": "", "tags": {"name": "Ghalegau", "name:en": "Ghale Gaon", "place": "village"}}}, {"type": "Feature", "geometry": {"type": "Point", "coordinates": [84.3776095, 28.2339242]}, "properties": {"external_id": "osm:node/3123595017", "kind": "settlement", "name": "Satbise", "name_ne": "", "tags": {"name": "Satbise", "place": "locality"}}}, {"type": "Feature", "geometry": {"type": "Point", "coordinates": [84.3787467, 28.2255679]}, "properties": {"external_id": "osm:node/3123595027", "kind": "settlement", "name": "Sera Faat", "name_ne": "सेराफाँट", "tags": {"name": "Sera Faat", "name:en": "Sera Faat", "name:ne": "सेराफाँट", "place": "hamlet"}}}, {"type": "Feature", "geometry": {"type": "Point", "coordinates": [84.3878159, 28.2313496]}, "properties": {"external_id": "osm:node/3123595045", "kind": "settlement", "name": "Bajakhet", "name_ne": "", "tags": {"name": "Bajakhet", "place": "hamlet"}}}, {"type": "Feature", "geometry": {"type": "Point", "coordinates": [84.3834063, 28.2525875]}, "properties": {"external_id": "osm:node/3123694578", "kind": "settlement", "name": "", "name_ne": "", "tags": {"place": "village"}}}, {"type": "Feature", "geometry": {"type": "Point", "coordinates": [84.3949291, 28.2040565]}, "properties": {"external_id": "osm:node/3123694618", "kind": "settlement", "name": "Bhakunde", "name_ne": "", "tags": {"name": "Bhakunde", "place": "village"}}}, {"type": "Feature", "geometry": {"type": "Point", "coordinates": [84.3935746, 28.2044773]}, "properties": {"external_id": "osm:node/3123694624", "kind": "school", "name": "Shri Manakamana English Boarding School", "name_ne": "", "tags": {"amenity": "school", "name": "Shri Manakamana English Boarding School"}}}, {"type": "Feature", "geometry": {"type": "Point", "coordinates": [84.3907708, 28.1902126]}, "properties": {"external_id": "osm:node/3123694626", "kind": "settlement", "name": "Naruwal Magar Village", "name_ne": "", "tags": {"name": "Naruwal Magar Village", "place": "hamlet"}}}, {"type": "Feature", "geometry": {"type": "Point", "coordinates": [84.3802225, 28.1803266]}, "properties": {"external_id": "osm:node/3123743130", "kind": "settlement", "name": "Chisapaani", "name_ne": "", "tags": {"name": "Chisapaani", "place": "village"}}}, {"type": "Feature", "geometry": {"type": "Point", "coordinates": [84.439857, 28.148336]}, "properties": {"external_id": "osm:node/3123743132", "kind": "settlement", "name": "Bhotewodar", "name_ne": "", "tags": {"name": "Bhotewodar", "place": "village"}}}, {"type": "Feature", "geometry": {"type": "Point", "coordinates": [84.4111275, 28.1280713]}, "properties": {"external_id": "osm:node/3123743144", "kind": "settlement", "name": "Sundar Bazar", "name_ne": "", "tags": {"name": "Sundar Bazar", "place": "village"}}}, {"type": "Feature", "geometry": {"type": "Point", "coordinates": [84.4382822, 28.139964]}, "properties": {"external_id": "osm:node/3123743150", "kind": "health", "name": "", "name_ne": "", "tags": {"amenity": "hospital"}}}, {"type": "Feature", "geometry": {"type": "Point", "coordinates": [84.4309462, 28.1127549]}, "properties": {"external_id": "osm:node/3123743223", "kind": "settlement", "name": "Paudi Bazar", "name_ne": "", "tags": {"name": "Paudi Bazar", "place": "village"}}}, {"type": "Feature", "geometry": {"type": "Point", "coordinates": [84.4039562, 28.1971875]}, "properties": {"external_id": "osm:node/3123743252", "kind": "settlement", "name": "Gairi", "name_ne": "", "tags": {"name": "Gairi", "place": "hamlet"}}}, {"type": "Feature", "geometry": {"type": "Point", "coordinates": [84.2650937, 28.3092414]}, "properties": {"external_id": "osm:node/3123793582", "kind": "tourism", "name": "Hotel Annapurna", "name_ne": "", "tags": {"name": "Hotel Annapurna", "tourism": "hotel"}}}, {"type": "Feature", "geometry": {"type": "Point", "coordinates": [84.245567, 28.121367]}, "properties": {"external_id": "osm:node/3144947772", "kind": "settlement", "name": "Samibhanjyang", "name_ne": "", "tags": {"name": "Samibhanjyang", "place": "village"}}}, {"type": "Feature", "geometry": {"type": "Point", "coordinates": [84.3993026, 28.3095273]}, "properties": {"external_id": "osm:node/3172291389", "kind": "tourism", "name": "Hikers Lodge", "name_ne": "", "tags": {"name": "Hikers Lodge", "tourism": "guest_house"}}}, {"type": "Feature", "geometry": {"type": "Point", "coordinates": [84.3998122, 28.3099234]}, "properties": {"external_id": "osm:node/3172291390", "kind": "tourism", "name": "Kamal Lodge", "name_ne": "", "tags": {"name": "Kamal Lodge", "tourism": "guest_house"}}}, {"type": "Feature", "geometry": {"type": "Point", "coordinates": [84.3999894, 28.3099355]}, "properties": {"external_id": "osm:node/3172291391", "kind": "tourism", "name": "Mina Lodge", "name_ne": "", "tags": {"name": "Mina Lodge", "tourism": "guest_house"}}}, {"type": "Feature", "geometry": {"type": "Point", "coordinates": [84.4061974, 28.4142126]}, "properties": {"external_id": "osm:node/3172294587", "kind": "tourism", "name": "", "name_ne": "", "tags": {"tourism": "camp_site"}}}, {"type": "Feature", "geometry": {"type": "Point", "coordinates": [84.3730799, 28.2366953]}, "properties": {"external_id": "osm:node/3172294592", "kind": "tourism", "name": "Hotel Super View Guest House & Roof Top Restaurant", "name_ne": "", "tags": {"name": "Superview", "name:en": "Hotel Super View Guest House & Roof Top Restaurant", "operator": "Umesh Neupane", "tourism": "hotel"}}}, {"type": "Feature", "geometry": {"type": "Point", "coordinates": [84.3763853, 28.2920986]}, "properties": {"external_id": "osm:node/3172294593", "kind": "tourism", "name": "Waterfront", "name_ne": "", "tags": {"name": "Waterfront", "tourism": "guest_house"}}}, {"type": "Feature", "geometry": {"type": "Point", "coordinates": [84.354132, 28.5247445]}, "properties": {"external_id": "osm:node/3174982039", "kind": "tourism", "name": "Dafne Hotel", "name_ne": "", "tags": {"name": "Dafne Hotel", "tourism": "hotel"}}}, {"type": "Feature", "geometry": {"type": "Point", "coordinates": [84.3393164, 28.5336596]}, "properties": {"external_id": "osm:node/3174982040", "kind": "tourism", "name": "Eco Holiday home", "name_ne": "", "tags": {"name": "Eco Holiday home", "tourism": "hotel"}}}, {"type": "Feature", "geometry": {"type": "Point", "coordinates": [84.4034217, 28.3789938]}, "properties": {"external_id": "osm:node/3174982041", "kind": "tourism", "name": "Fishtail", "name_ne": "", "tags": {"name": "Fishtail", "tourism": "guest_house"}}}, {"type": "Feature", "geometry": {"type": "Point", "coordinates": [84.4069375, 28.3393138]}, "properties": {"external_id": "osm:node/3174982042", "kind": "tourism", "name": "Hotel Kalka", "name_ne": "", "tags": {"name": "Hotel Kalka", "tourism": "hotel"}}}, {"type": "Feature", "geometry": {"type": "Point", "coordinates": [84.3576614, 28.5201153]}, "properties": {"external_id": "osm:node/3174982043", "kind": "tourism", "name": "Hotel", "name_ne": "", "tags": {"name": "Hotel", "tourism": "hotel"}}}, {"type": "Feature", "geometry": {"type": "Point", "coordinates": [84.3543119, 28.5245663]}, "properties": {"external_id": "osm:node/3174982044", "kind": "tourism", "name": "Kingfisher", "name_ne": "", "tags": {"name": "Kingfisher", "tourism": "guest_house"}}}, {"type": "Feature", "geometry": {"type": "Point", "coordinates": [84.374125, 28.469408]}, "properties": {"external_id": "osm:node/3174982046", "kind": "tourism", "name": "Manaslu Guesthaouse", "name_ne": "", "tags": {"name": "Manaslu Guesthaouse", "tourism": "guest_house"}}}, {"type": "Feature", "geometry": {"type": "Point", "coordinates": [84.3402584, 28.5337344]}, "properties": {"external_id": "osm:node/3174982048", "kind": "tourism", "name": "Marsyangdi Lodge", "name_ne": "", "tags": {"name": "Marsyangdi Hotel", "name:en": "Marsyangdi Lodge", "tourism": "hotel"}}}, {"type": "Feature", "geometry": {"type": "Point", "coordinates": [84.322139, 28.5316626]}, "properties": {"external_id": "osm:node/3174982049", "kind": "tourism", "name": "Motherland Hotel", "name_ne": "", "tags": {"name": "Motherland Hotel", "tourism": "guest_house"}}}, {"type": "Feature", "geometry": {"type": "Point", "coordinates": [84.3198595, 28.5312151]}, "properties": {"external_id": "osm:node/3174982050", "kind": "tourism", "name": "Mt Kailash", "name_ne": "", "tags": {"name": "Mt Kailash", "tourism": "hotel"}}}, {"type": "Feature", "geometry": {"type": "Point", "coordinates": [84.3234197, 28.5322054]}, "properties": {"external_id": "osm:node/3174982051", "kind": "tourism", "name": "New Himalayan Guest House", "name_ne": "", "tags": {"name": "New Himalayan Guest House", "tourism": "guest_house"}}}, {"type": "Feature", "geometry": {"type": "Point", "coordinates": [84.3226449, 28.5319449]}, "properties": {"external_id": "osm:node/3174982052", "kind": "tourism", "name": "Hotel Manaslu", "name_ne": "", "tags": {"name": "Hotel Manaslu", "tourism": "guest_house"}}}, {"type": "Feature", "geometry": {"type": "Point", "coordinates": [84.3400011, 28.5336377]}, "properties": {"external_id": "osm:node/3174982053", "kind": "tourism", "name": "Pasang", "name_ne": "", "tags": {"name": "Pasang", "tourism": "guest_house"}}}, {"type": "Feature", "geometry": {"type": "Point", "coordinates": [84.3215594, 28.531825]}, "properties": {"external_id": "osm:node/3174982055", "kind": "tourism", "name": "Peacefull Guest House", "name_ne": "", "tags": {"name": "Peacefull Guest House", "tourism": "guest_house"}}}, {"type": "Feature", "geometry": {"type": "Point", "coordinates": [84.3196322, 28.5310674]}, "properties": {"external_id": "osm:node/3174982056", "kind": "tourism", "name": "Potala", "name_ne": "", "tags": {"name": "Potala", "tourism": "hotel"}}}, {"type": "Feature", "geometry": {"type": "Point", "coordinates": [84.3732006, 28.4669047]}, "properties": {"external_id": "osm:node/3174984249", "kind": "tourism", "name": "Father and son guest house", "name_ne": "", "tags": {"name:en": "Father and son guest house", "tourism": "guest_house"}}}, {"type": "Feature", "geometry": {"type": "Point", "coordinates": [84.373271, 28.467212]}, "properties": {"external_id": "osm:node/3174984252", "kind": "tourism", "name": "", "name_ne": "", "tags": {"tourism": "guest_house"}}}, {"type": "Feature", "geometry": {"type": "Point", "coordinates": [84.373257, 28.4675105]}, "properties": {"external_id": "osm:node/3174984254", "kind": "tourism", "name": "", "name_ne": "", "tags": {"tourism": "guest_house"}}}, {"type": "Feature", "geometry": {"type": "Point", "coordinates": [84.373467, 28.4680465]}, "properties": {"external_id": "osm:node/3174984257", "kind": "tourism", "name": "", "name_ne": "", "tags": {"tourism": "guest_house"}}}, {"type": "Feature", "geometry": {"type": "Point", "coordinates": [84.3736762, 28.4683032]}, "properties": {"external_id": "osm:node/3174984258", "kind": "tourism", "name": "", "name_ne": "", "tags": {"tourism": "guest_house"}}}, {"type": "Feature", "geometry": {"type": "Point", "coordinates": [84.3404298, 28.5338103]}, "properties": {"external_id": "osm:node/3174984403", "kind": "tourism", "name": "", "name_ne": "", "tags": {"tourism": "hotel"}}}, {"type": "Feature", "geometry": {"type": "Point", "coordinates": [84.3539174, 28.5251808]}, "properties": {"external_id": "osm:node/3174984416", "kind": "tourism", "name": "3 Sister Guesthouse", "name_ne": "", "tags": {"name": "3 Sister Guesthouse", "tourism": "guest_house"}}}, {"type": "Feature", "geometry": {"type": "Point", "coordinates": [84.4048157, 28.3836212]}, "properties": {"external_id": "osm:node/3197075142", "kind": "tourism", "name": "Rainbow Hotel", "name_ne": "", "tags": {"name": "Rainbow Hotel", "tourism": "hotel"}}}, {"type": "Feature", "geometry": {"type": "Point", "coordinates": [84.3731587, 28.4674761]}, "properties": {"external_id": "osm:node/3197075753", "kind": "tourism", "name": "Throngla Hotel", "name_ne": "", "tags": {"name": "Throngla Hotel", "tourism": "hotel"}}}, {"type": "Feature", "geometry": {"type": "Point", "coordinates": [84.3032841, 28.290554]}, "properties": {"external_id": "osm:node/3349531564", "kind": "settlement", "name": "Ghanpokhara Village", "name_ne": "", "tags": {"name": "Ghanpokhara Village", "place": "village"}}}, {"type": "Feature", "geometry": {"type": "Point", "coordinates": [84.3411942, 28.5318071]}, "properties": {"external_id": "osm:node/3478008095", "kind": "settlement", "name": "", "name_ne": "", "tags": {"place": "hamlet"}}}, {"type": "Feature", "geometry": {"type": "Point", "coordinates": [84.4403816, 28.1456525]}, "properties": {"external_id": "osm:node/3478032876", "kind": "school", "name": "Shri Vakti Namuna Higher Secondary School", "name_ne": "", "tags": {"amenity": "school", "name": "Shri Vakti Namuna Higher Secondary School"}}}, {"type": "Feature", "geometry": {"type": "Point", "coordinates": [84.4116846, 28.3968272]}, "properties": {"external_id": "osm:node/3478222784", "kind": "settlement", "name": "Tallo Chipla", "name_ne": "", "tags": {"name": "Tallo Chipla", "place": "village"}}}, {"type": "Feature", "geometry": {"type": "Point", "coordinates": [84.4121891, 28.3983184]}, "properties": {"external_id": "osm:node/3478222785", "kind": "settlement", "name": "Tallo Chipla", "name_ne": "", "tags": {"name": "Tallo Chipla", "place": "village"}}}, {"type": "Feature", "geometry": {"type": "Point", "coordinates": [84.4152519, 28.4116578]}, "properties": {"external_id": "osm:node/3478247118", "kind": "settlement", "name": "Uppalo Chipla", "name_ne": "", "tags": {"name": "Uppalo Chipla", "place": "village"}}}, {"type": "Feature", "geometry": {"type": "Point", "coordinates": [84.4152841, 28.4137149]}, "properties": {"external_id": "osm:node/3478247119", "kind": "settlement", "name": "Uppalo Chipla", "name_ne": "", "tags": {"name": "Uppalo Chipla", "place": "village"}}}, {"type": "Feature", "geometry": {"type": "Point", "coordinates": [84.4036702, 28.4061561]}, "properties": {"external_id": "osm:node/3478247121", "kind": "settlement", "name": "", "name_ne": "", "tags": {"place": "village"}}}, {"type": "Feature", "geometry": {"type": "Point", "coordinates": [84.4032893, 28.404415]}, "properties": {"external_id": "osm:node/3478247122", "kind": "settlement", "name": "", "name_ne": "", "tags": {"place": "village"}}}, {"type": "Feature", "geometry": {"type": "Point", "coordinates": [84.2774319, 27.9129759]}, "properties": {"external_id": "osm:node/3478647863", "kind": "settlement", "name": "", "name_ne": "", "tags": {"place": "hamlet"}}}, {"type": "Feature", "geometry": {"type": "Point", "coordinates": [84.274554, 27.9163238]}, "properties": {"external_id": "osm:node/3478647865", "kind": "settlement", "name": "", "name_ne": "", "tags": {"place": "hamlet"}}}, {"type": "Feature", "geometry": {"type": "Point", "coordinates": [84.2526621, 27.9128923]}, "properties": {"external_id": "osm:node/3479076890", "kind": "settlement", "name": "", "name_ne": "", "tags": {"place": "isolated_dwelling"}}}, {"type": "Feature", "geometry": {"type": "Point", "coordinates": [84.2615707, 27.9129224]}, "properties": {"external_id": "osm:node/3479076892", "kind": "settlement", "name": "", "name_ne": "", "tags": {"place": "isolated_dwelling"}}}, {"type": "Feature", "geometry": {"type": "Point", "coordinates": [84.2528445, 27.9152949]}, "properties": {"external_id": "osm:node/3479078097", "kind": "settlement", "name": "", "name_ne": "", "tags": {"place": "isolated_dwelling"}}}, {"type": "Feature", "geometry": {"type": "Point", "coordinates": [84.339059, 28.3351892]}, "properties": {"external_id": "osm:node/3479533126", "kind": "settlement", "name": "", "name_ne": "", "tags": {"place": "hamlet"}}}, {"type": "Feature", "geometry": {"type": "Point", "coordinates": [84.3452711, 28.2293661]}, "properties": {"external_id": "osm:node/3479539743", "kind": "settlement", "name": "", "name_ne": "", "tags": {"place": "hamlet"}}}, {"type": "Feature", "geometry": {"type": "Point", "coordinates": [84.3530116, 28.2246746]}, "properties": {"external_id": "osm:node/3479595892", "kind": "settlement", "name": "", "name_ne": "", "tags": {"place": "hamlet"}}}, {"type": "Feature", "geometry": {"type": "Point", "coordinates": [84.3579897, 28.2260949]}, "properties": {"external_id": "osm:node/3479598893", "kind": "settlement", "name": "", "name_ne": "", "tags": {"place": "village"}}}, {"type": "Feature", "geometry": {"type": "Point", "coordinates": [84.2525402, 27.9134118]}, "properties": {"external_id": "osm:node/3479883736", "kind": "settlement", "name": "", "name_ne": "", "tags": {"place": "isolated_dwelling"}}}, {"type": "Feature", "geometry": {"type": "Point", "coordinates": [84.2444298, 27.9012139]}, "properties": {"external_id": "osm:node/3479900106", "kind": "settlement", "name": "", "name_ne": "", "tags": {"place": "isolated_dwelling"}}}, {"type": "Feature", "geometry": {"type": "Point", "coordinates": [84.3513418, 28.0417627]}, "properties": {"external_id": "osm:node/3480236777", "kind": "settlement", "name": "Tanahun", "name_ne": "", "tags": {"name": "Tanahun", "place": "hamlet"}}}, {"type": "Feature", "geometry": {"type": "Point", "coordinates": [84.5506495, 28.1031175]}, "properties": {"external_id": "osm:node/3480238363", "kind": "settlement", "name": "Munge", "name_ne": "", "tags": {"name": "Munge", "place": "hamlet"}}}, {"type": "Feature", "geometry": {"type": "Point", "coordinates": [84.343391, 28.13028]}, "properties": {"external_id": "osm:node/3480239181", "kind": "settlement", "name": "Kunchha", "name_ne": "", "tags": {"name": "Kunchha", "place": "hamlet"}}}, {"type": "Feature", "geometry": {"type": "Point", "coordinates": [84.231174, 28.094509]}, "properties": {"external_id": "osm:node/3480241536", "kind": "settlement", "name": "शिशाघाट", "name_ne": "शिशाघाट", "tags": {"name": "शिशाघाट", "place": "hamlet"}}}, {"type": "Feature", "geometry": {"type": "Point", "coordinates": [84.6036529, 27.9163857]}, "properties": {"external_id": "osm:node/3480284137", "kind": "settlement", "name": "", "name_ne": "", "tags": {"place": "hamlet"}}}, {"type": "Feature", "geometry": {"type": "Point", "coordinates": [84.6349972, 27.914819]}, "properties": {"external_id": "osm:node/3480284138", "kind": "settlement", "name": "", "name_ne": "", "tags": {"place": "hamlet"}}}, {"type": "Feature", "geometry": {"type": "Point", "coordinates": [84.6979444, 28.0024017]}, "properties": {"external_id": "osm:node/3480327445", "kind": "settlement", "name": "", "name_ne": "", "tags": {"place": "hamlet"}}}, {"type": "Feature", "geometry": {"type": "Point", "coordinates": [84.6906211, 28.0259322]}, "properties": {"external_id": "osm:node/3480333075", "kind": "settlement", "name": "", "name_ne": "", "tags": {"place": "hamlet"}}}, {"type": "Feature", "geometry": {"type": "Point", "coordinates": [84.3949885, 28.370777]}, "properties": {"external_id": "osm:node/3480406704", "kind": "settlement", "name": "Tāgring", "name_ne": "", "tags": {"name": "Tāgring", "place": "hamlet"}}}, {"type": "Feature", "geometry": {"type": "Point", "coordinates": [84.3896248, 28.359215]}, "properties": {"external_id": "osm:node/3480993295", "kind": "school", "name": "", "name_ne": "", "tags": {"amenity": "school"}}}, {"type": "Feature", "geometry": {"type": "Point", "coordinates": [84.564211, 27.9046635]}, "properties": {"external_id": "osm:node/3481214428", "kind": "settlement", "name": "Dandagaun", "name_ne": "", "tags": {"name": "Dandagaun", "place": "village"}}}, {"type": "Feature", "geometry": {"type": "Point", "coordinates": [84.2703296, 27.9735384]}, "properties": {"external_id": "osm:node/3481756651", "kind": "school", "name": "Bal Mandir School", "name_ne": "", "tags": {"amenity": "school", "name": "Bal Mandir School"}}}, {"type": "Feature", "geometry": {"type": "Point", "coordinates": [84.2702953, 27.9728027]}, "properties": {"external_id": "osm:node/3481759689", "kind": "school", "name": "Satyawati Higher Secondary School", "name_ne": "", "tags": {"amenity": "school", "name": "Satyawati Higher Secondary School"}}}, {"type": "Feature", "geometry": {"type": "Point", "coordinates": [84.6100732, 28.151379]}, "properties": {"external_id": "osm:node/3483016820", "kind": "settlement", "name": "", "name_ne": "", "tags": {"place": "hamlet"}}}, {"type": "Feature", "geometry": {"type": "Point", "coordinates": [84.6131161, 28.1502765]}, "properties": {"external_id": "osm:node/3483016852", "kind": "settlement", "name": "", "name_ne": "", "tags": {"place": "hamlet"}}}, {"type": "Feature", "geometry": {"type": "Point", "coordinates": [84.6020115, 28.1669419]}, "properties": {"external_id": "osm:node/3483024679", "kind": "settlement", "name": "", "name_ne": "", "tags": {"place": "hamlet"}}}, {"type": "Feature", "geometry": {"type": "Point", "coordinates": [84.5998746, 28.1589507]}, "properties": {"external_id": "osm:node/3483027012", "kind": "settlement", "name": "", "name_ne": "", "tags": {"place": "hamlet"}}}, {"type": "Feature", "geometry": {"type": "Point", "coordinates": [84.5989408, 28.1565271]}, "properties": {"external_id": "osm:node/3483027026", "kind": "settlement", "name": "", "name_ne": "", "tags": {"place": "hamlet"}}}, {"type": "Feature", "geometry": {"type": "Point", "coordinates": [84.6090648, 28.1517104]}, "properties": {"external_id": "osm:node/3483031531", "kind": "settlement", "name": "", "name_ne": "", "tags": {"place": "hamlet"}}}, {"type": "Feature", "geometry": {"type": "Point", "coordinates": [84.6071045, 28.1505438]}, "properties": {"external_id": "osm:node/3483031532", "kind": "settlement", "name": "", "name_ne": "", "tags": {"place": "hamlet"}}}, {"type": "Feature", "geometry": {"type": "Point", "coordinates": [84.5852165, 28.1624493]}, "properties": {"external_id": "osm:node/3483182711", "kind": "settlement", "name": "", "name_ne": "", "tags": {"place": "hamlet"}}}, {"type": "Feature", "geometry": {"type": "Point", "coordinates": [84.5855554, 28.1628591]}, "properties": {"external_id": "osm:node/3483182712", "kind": "settlement", "name": "", "name_ne": "", "tags": {"place": "hamlet"}}}, {"type": "Feature", "geometry": {"type": "Point", "coordinates": [84.5875262, 28.1597824]}, "properties": {"external_id": "osm:node/3483182713", "kind": "settlement", "name": "", "name_ne": "", "tags": {"place": "hamlet"}}}, {"type": "Feature", "geometry": {"type": "Point", "coordinates": [84.5872976, 28.1581824]}, "properties": {"external_id": "osm:node/3483182714", "kind": "settlement", "name": "", "name_ne": "", "tags": {"place": "hamlet"}}}, {"type": "Feature", "geometry": {"type": "Point", "coordinates": [84.5880095, 28.1674417]}, "properties": {"external_id": "osm:node/3483182788", "kind": "settlement", "name": "", "name_ne": "", "tags": {"place": "hamlet"}}}, {"type": "Feature", "geometry": {"type": "Point", "coordinates": [84.5845768, 28.1585933]}, "properties": {"external_id": "osm:node/3483183574", "kind": "settlement", "name": "", "name_ne": "", "tags": {"place": "hamlet"}}}, {"type": "Feature", "geometry": {"type": "Point", "coordinates": [84.5897976, 28.1673067]}, "properties": {"external_id": "osm:node/3483184695", "kind": "settlement", "name": "", "name_ne": "", "tags": {"place": "hamlet"}}}, {"type": "Feature", "geometry": {"type": "Point", "coordinates": [84.5928167, 28.1681708]}, "properties": {"external_id": "osm:node/3483184696", "kind": "settlement", "name": "", "name_ne": "", "tags": {"place": "hamlet"}}}, {"type": "Feature", "geometry": {"type": "Point", "coordinates": [84.5712624, 28.1752238]}, "properties": {"external_id": "osm:node/3483187299", "kind": "settlement", "name": "", "name_ne": "", "tags": {"place": "hamlet"}}}, {"type": "Feature", "geometry": {"type": "Point", "coordinates": [84.5611436, 28.1861721]}, "properties": {"external_id": "osm:node/3483194967", "kind": "settlement", "name": "", "name_ne": "", "tags": {"place": "hamlet"}}}, {"type": "Feature", "geometry": {"type": "Point", "coordinates": [84.5530382, 28.170112]}, "properties": {"external_id": "osm:node/3483195271", "kind": "settlement", "name": "", "name_ne": "", "tags": {"place": "hamlet"}}}, {"type": "Feature", "geometry": {"type": "Point", "coordinates": [84.6291349, 28.1903488]}, "properties": {"external_id": "osm:node/3483210234", "kind": "settlement", "name": "", "name_ne": "", "tags": {"place": "hamlet"}}}, {"type": "Feature", "geometry": {"type": "Point", "coordinates": [84.6342339, 28.1969326]}, "properties": {"external_id": "osm:node/3483210274", "kind": "settlement", "name": "", "name_ne": "", "tags": {"place": "hamlet"}}}, {"type": "Feature", "geometry": {"type": "Point", "coordinates": [84.6315319, 28.1939101]}, "properties": {"external_id": "osm:node/3483210508", "kind": "settlement", "name": "", "name_ne": "", "tags": {"place": "hamlet"}}}, {"type": "Feature", "geometry": {"type": "Point", "coordinates": [84.6746984, 28.0491948]}, "properties": {"external_id": "osm:node/3483336399", "kind": "settlement", "name": "", "name_ne": "", "tags": {"place": "hamlet"}}}, {"type": "Feature", "geometry": {"type": "Point", "coordinates": [84.6771303, 28.034053]}, "properties": {"external_id": "osm:node/3483336523", "kind": "settlement", "name": "", "name_ne": "", "tags": {"place": "hamlet"}}}, {"type": "Feature", "geometry": {"type": "Point", "coordinates": [84.6807006, 28.0369333]}, "properties": {"external_id": "osm:node/3483336524", "kind": "settlement", "name": "", "name_ne": "", "tags": {"place": "hamlet"}}}, {"type": "Feature", "geometry": {"type": "Point", "coordinates": [84.4075011, 27.9380195]}, "properties": {"external_id": "osm:node/3483468454", "kind": "settlement", "name": "bhisma bazaar", "name_ne": "", "tags": {"name": "bhisma bazaar", "place": "locality"}}}, {"type": "Feature", "geometry": {"type": "Point", "coordinates": [84.4070699, 27.9378408]}, "properties": {"external_id": "osm:node/3483472244", "kind": "settlement", "name": "bala bazaar", "name_ne": "", "tags": {"name": "bala bazaar", "place": "locality"}}}, {"type": "Feature", "geometry": {"type": "Point", "coordinates": [84.6984383, 28.1836397]}, "properties": {"external_id": "osm:node/3483776336", "kind": "settlement", "name": "", "name_ne": "", "tags": {"place": "hamlet"}}}, {"type": "Feature", "geometry": {"type": "Point", "coordinates": [84.6247108, 28.156812]}, "properties": {"external_id": "osm:node/3483837774", "kind": "settlement", "name": "", "name_ne": "", "tags": {"place": "hamlet"}}}, {"type": "Feature", "geometry": {"type": "Point", "coordinates": [84.6323218, 28.1618368]}, "properties": {"external_id": "osm:node/3483838132", "kind": "settlement", "name": "", "name_ne": "", "tags": {"place": "village"}}}, {"type": "Feature", "geometry": {"type": "Point", "coordinates": [84.5362188, 27.9915006]}, "properties": {"external_id": "osm:node/3484118699", "kind": "settlement", "name": "Bhirkot", "name_ne": "", "tags": {"name": "Bhirkot", "place": "village"}}}, {"type": "Feature", "geometry": {"type": "Point", "coordinates": [84.6555241, 28.0066543]}, "properties": {"external_id": "osm:node/3484122505", "kind": "settlement", "name": "Finam", "name_ne": "फिनाम", "tags": {"name": "Finam", "name:ne": "फिनाम", "place": "hamlet"}}}, {"type": "Feature", "geometry": {"type": "Point", "coordinates": [84.476326, 28.129965]}, "properties": {"external_id": "osm:node/3484127180", "kind": "settlement", "name": "Mohoriyakot", "name_ne": "", "tags": {"name": "Mohoriyakot", "place": "village"}}}, {"type": "Feature", "geometry": {"type": "Point", "coordinates": [84.6336788, 28.6506533]}, "properties": {"external_id": "osm:node/3484369635", "kind": "tourism", "name": "", "name_ne": "", "tags": {"tourism": "camp_site"}}}, {"type": "Feature", "geometry": {"type": "Point", "coordinates": [84.6991616, 27.9991162]}, "properties": {"external_id": "osm:node/3485669679", "kind": "settlement", "name": "", "name_ne": "", "tags": {"place": "hamlet"}}}, {"type": "Feature", "geometry": {"type": "Point", "coordinates": [84.6862164, 27.9025906]}, "properties": {"external_id": "osm:node/3485684611", "kind": "settlement", "name": "", "name_ne": "", "tags": {"place": "hamlet"}}}, {"type": "Feature", "geometry": {"type": "Point", "coordinates": [84.5878259, 28.1889776]}, "properties": {"external_id": "osm:node/3488630059", "kind": "settlement", "name": "", "name_ne": "", "tags": {"place": "hamlet"}}}, {"type": "Feature", "geometry": {"type": "Point", "coordinates": [84.5841888, 28.1876443]}, "properties": {"external_id": "osm:node/3488630060", "kind": "settlement", "name": "", "name_ne": "", "tags": {"place": "hamlet"}}}, {"type": "Feature", "geometry": {"type": "Point", "coordinates": [84.5941868, 28.1996561]}, "properties": {"external_id": "osm:node/3488630061", "kind": "settlement", "name": "", "name_ne": "", "tags": {"place": "hamlet"}}}, {"type": "Feature", "geometry": {"type": "Point", "coordinates": [84.571487, 28.213685]}, "properties": {"external_id": "osm:node/3488630076", "kind": "settlement", "name": "", "name_ne": "", "tags": {"place": "hamlet"}}}, {"type": "Feature", "geometry": {"type": "Point", "coordinates": [84.6853172, 27.9690764]}, "properties": {"external_id": "osm:node/3489895368", "kind": "settlement", "name": "Bunkot", "name_ne": "", "tags": {"name": "Bunkot", "place": "hamlet"}}}, {"type": "Feature", "geometry": {"type": "Point", "coordinates": [84.2667018, 27.9723405]}, "properties": {"external_id": "osm:node/3491753339", "kind": "government", "name": "Sava Griha Hall", "name_ne": "", "tags": {"amenity": "townhall", "name": "Sava Griha Hall"}}}, {"type": "Feature", "geometry": {"type": "Point", "coordinates": [84.6272815, 27.9915981]}, "properties": {"external_id": "osm:node/3493803110", "kind": "police", "name": "Police Station", "name_ne": "", "tags": {"amenity": "police", "name": "Police Station"}}}, {"type": "Feature", "geometry": {"type": "Point", "coordinates": [84.3306949, 28.1100888]}, "properties": {"external_id": "osm:node/3494710815", "kind": "health", "name": "", "name_ne": "", "tags": {"amenity": "hospital"}}}, {"type": "Feature", "geometry": {"type": "Point", "coordinates": [84.5930659, 28.1818225]}, "properties": {"external_id": "osm:node/3498807855", "kind": "settlement", "name": "Ilam Pokhari", "name_ne": "", "tags": {"name": "Ilam Pokhari", "place": "hamlet"}}}, {"type": "Feature", "geometry": {"type": "Point", "coordinates": [84.6632801, 27.9153229]}, "properties": {"external_id": "osm:node/3499275736", "kind": "settlement", "name": "", "name_ne": "", "tags": {"place": "village"}}}, {"type": "Feature", "geometry": {"type": "Point", "coordinates": [84.3750231, 28.3276246]}, "properties": {"external_id": "osm:node/3500585544", "kind": "settlement", "name": "Sikrung", "name_ne": "", "tags": {"name": "Sikrung", "place": "village"}}}, {"type": "Feature", "geometry": {"type": "Point", "coordinates": [84.5916896, 28.0870135]}, "properties": {"external_id": "osm:node/3504227467", "kind": "settlement", "name": "", "name_ne": "", "tags": {"place": "village"}}}, {"type": "Feature", "geometry": {"type": "Point", "coordinates": [84.6880737, 27.9315038]}, "properties": {"external_id": "osm:node/3507330587", "kind": "settlement", "name": "", "name_ne": "", "tags": {"place": "hamlet"}}}, {"type": "Feature", "geometry": {"type": "Point", "coordinates": [84.6374598, 28.0578085]}, "properties": {"external_id": "osm:node/3507574069", "kind": "settlement", "name": "", "name_ne": "", "tags": {"place": "hamlet"}}}, {"type": "Feature", "geometry": {"type": "Point", "coordinates": [84.6311131, 28.0645604]}, "properties": {"external_id": "osm:node/3507574084", "kind": "settlement", "name": "", "name_ne": "", "tags": {"place": "hamlet"}}}, {"type": "Feature", "geometry": {"type": "Point", "coordinates": [84.6262359, 28.0704054]}, "properties": {"external_id": "osm:node/3507574216", "kind": "settlement", "name": "", "name_ne": "", "tags": {"place": "hamlet"}}}, {"type": "Feature", "geometry": {"type": "Point", "coordinates": [84.6239873, 28.0715898]}, "properties": {"external_id": "osm:node/3507574329", "kind": "settlement", "name": "", "name_ne": "", "tags": {"place": "hamlet"}}}, {"type": "Feature", "geometry": {"type": "Point", "coordinates": [84.6127589, 28.1929926]}, "properties": {"external_id": "osm:node/3511672097", "kind": "town", "name": "", "name_ne": "", "tags": {"place": "town"}}}, {"type": "Feature", "geometry": {"type": "Point", "coordinates": [84.2317392, 27.9691269]}, "properties": {"external_id": "osm:node/3514144088", "kind": "settlement", "name": "", "name_ne": "", "tags": {"place": "village"}}}, {"type": "Feature", "geometry": {"type": "Point", "coordinates": [84.2156735, 27.966769]}, "properties": {"external_id": "osm:node/3514158256", "kind": "settlement", "name": "", "name_ne": "", "tags": {"place": "village"}}}, {"type": "Feature", "geometry": {"type": "Point", "coordinates": [84.5592705, 28.1412374]}, "properties": {"external_id": "osm:node/3516349913", "kind": "settlement", "name": "", "name_ne": "", "tags": {"place": "hamlet"}}}, {"type": "Feature", "geometry": {"type": "Point", "coordinates": [84.6934754, 27.9708068]}, "properties": {"external_id": "osm:node/3517387471", "kind": "settlement", "name": "", "name_ne": "", "tags": {"place": "village"}}}, {"type": "Feature", "geometry": {"type": "Point", "coordinates": [84.2356531, 27.9675487]}, "properties": {"external_id": "osm:node/3518536632", "kind": "settlement", "name": "", "name_ne": "", "tags": {"place": "hamlet"}}}, {"type": "Feature", "geometry": {"type": "Point", "coordinates": [84.2337477, 27.9329444]}, "properties": {"external_id": "osm:node/3518868743", "kind": "settlement", "name": "", "name_ne": "", "tags": {"place": "village"}}}, {"type": "Feature", "geometry": {"type": "Point", "coordinates": [84.2996078, 27.9384484]}, "properties": {"external_id": "osm:node/3521150866", "kind": "settlement", "name": "", "name_ne": "", "tags": {"place": "hamlet"}}}, {"type": "Feature", "geometry": {"type": "Point", "coordinates": [84.2936845, 27.9408998]}, "properties": {"external_id": "osm:node/3521154228", "kind": "settlement", "name": "", "name_ne": "", "tags": {"place": "village"}}}, {"type": "Feature", "geometry": {"type": "Point", "coordinates": [84.5513906, 28.0187182]}, "properties": {"external_id": "osm:node/3528097218", "kind": "settlement", "name": "kharpani", "name_ne": "खरपानी", "tags": {"name": "kharpani", "name:ne": "खरपानी", "place": "village"}}}, {"type": "Feature", "geometry": {"type": "Point", "coordinates": [84.5406223, 28.0195108]}, "properties": {"external_id": "osm:node/3528102281", "kind": "settlement", "name": "pauroti bhandar", "name_ne": "पाउरोटी भण्डार", "tags": {"name": "pauroti bhandar", "name:ne": "पाउरोटी भण्डार", "place": "village"}}}, {"type": "Feature", "geometry": {"type": "Point", "coordinates": [84.5684588, 27.9952599]}, "properties": {"external_id": "osm:node/3528110414", "kind": "town", "name": "ChebeTar Bazar", "name_ne": "छेबेटार बजार", "tags": {"name": "छेबेटार बजार", "name:en": "ChebeTar Bazar", "name:ne": "छेबेटार बजार", "place": "town"}}}, {"type": "Feature", "geometry": {"type": "Point", "coordinates": [84.6904012, 28.1443884]}, "properties": {"external_id": "osm:node/3536438208", "kind": "settlement", "name": "Pokhartar", "name_ne": "", "tags": {"name": "Pokhartar", "place": "locality"}}}, {"type": "Feature", "geometry": {"type": "Point", "coordinates": [84.6930975, 28.1362502]}, "properties": {"external_id": "osm:node/3536642578", "kind": "settlement", "name": "Ghumchok Tar", "name_ne": "", "tags": {"name": "Ghumchok Tar", "place": "locality"}}}, {"type": "Feature", "geometry": {"type": "Point", "coordinates": [84.6852592, 28.1377773]}, "properties": {"external_id": "osm:node/3536642579", "kind": "settlement", "name": "Muchchoktar", "name_ne": "", "tags": {"name": "Muchchoktar", "place": "locality"}}}, {"type": "Feature", "geometry": {"type": "Point", "coordinates": [84.509394, 28.1121085]}, "properties": {"external_id": "osm:node/3537258031", "kind": "settlement", "name": "Lambata", "name_ne": "", "tags": {"name": "Lambata", "place": "locality"}}}, {"type": "Feature", "geometry": {"type": "Point", "coordinates": [84.5119761, 28.1056585]}, "properties": {"external_id": "osm:node/3537258032", "kind": "settlement", "name": "Rimidada", "name_ne": "", "tags": {"name": "Rimidada", "place": "locality"}}}, {"type": "Feature", "geometry": {"type": "Point", "coordinates": [84.5247994, 28.0200039]}, "properties": {"external_id": "osm:node/3539946115", "kind": "settlement", "name": "Bhageri", "name_ne": "", "tags": {"name": "Bhageri", "place": "locality"}}}, {"type": "Feature", "geometry": {"type": "Point", "coordinates": [84.51636, 28.0176098]}, "properties": {"external_id": "osm:node/3539946116", "kind": "settlement", "name": "Kamalbari", "name_ne": "", "tags": {"name": "Kamalbari", "place": "locality"}}}, {"type": "Feature", "geometry": {"type": "Point", "coordinates": [84.5238511, 28.014345]}, "properties": {"external_id": "osm:node/3539946117", "kind": "settlement", "name": "Lapsichau", "name_ne": "", "tags": {"name": "Lapsichau", "place": "locality"}}}, {"type": "Feature", "geometry": {"type": "Point", "coordinates": [84.5136604, 28.0242973]}, "properties": {"external_id": "osm:node/3539946118", "kind": "settlement", "name": "Luitel Bhaniyan", "name_ne": "", "tags": {"name": "Luitel Bhaniyan", "place": "locality"}}}, {"type": "Feature", "geometry": {"type": "Point", "coordinates": [84.5163746, 28.0244904]}, "properties": {"external_id": "osm:node/3539946119", "kind": "settlement", "name": "Luitel Bhaniyan", "name_ne": "", "tags": {"name": "Luitel Bhaniyan", "place": "hamlet"}}}, {"type": "Feature", "geometry": {"type": "Point", "coordinates": [84.5188074, 28.031377]}, "properties": {"external_id": "osm:node/3539946120", "kind": "settlement", "name": "Thakurigau", "name_ne": "", "tags": {"name": "Thakurigau", "place": "locality"}}}, {"type": "Feature", "geometry": {"type": "Point", "coordinates": [84.4752715, 28.0335291]}, "properties": {"external_id": "osm:node/3558026665", "kind": "settlement", "name": "Bajhgara", "name_ne": "", "tags": {"name": "Bajhgara", "place": "locality"}}}, {"type": "Feature", "geometry": {"type": "Point", "coordinates": [84.4778549, 28.042836]}, "properties": {"external_id": "osm:node/3558026666", "kind": "settlement", "name": "Naukhor", "name_ne": "", "tags": {"name": "Naukhor", "place": "locality"}}}, {"type": "Feature", "geometry": {"type": "Point", "coordinates": [84.2404346, 28.5515694]}, "properties": {"external_id": "osm:node/3570260196", "kind": "school", "name": "Lok Priya HSS", "name_ne": "", "tags": {"amenity": "school", "name": "Lok Priya HSS"}}}, {"type": "Feature", "geometry": {"type": "Point", "coordinates": [84.2408027, 28.5521641]}, "properties": {"external_id": "osm:node/3570260250", "kind": "tourism", "name": "Sangso Guesthouse", "name_ne": "", "tags": {"name": "Sangso Guesthouse", "tourism": "guest_house"}}}, {"type": "Feature", "geometry": {"type": "Point", "coordinates": [84.5714293, 27.9884586]}, "properties": {"external_id": "osm:node/3779153246", "kind": "settlement", "name": "Chhebetar", "name_ne": "", "tags": {"name": "Chhebetar", "place": "village"}}}, {"type": "Feature", "geometry": {"type": "Point", "coordinates": [84.3143158, 27.9434242]}, "properties": {"external_id": "osm:node/4073368811", "kind": "settlement", "name": "funding gaun", "name_ne": "", "tags": {"name": "funding gaun", "place": "hamlet"}}}, {"type": "Feature", "geometry": {"type": "Point", "coordinates": [84.2795715, 27.9603863]}, "properties": {"external_id": "osm:node/4073368813", "kind": "settlement", "name": "belbas", "name_ne": "", "tags": {"name": "belbas", "place": "hamlet"}}}, {"type": "Feature", "geometry": {"type": "Point", "coordinates": [84.2893631, 27.9625185]}, "properties": {"external_id": "osm:node/4073369607", "kind": "settlement", "name": "pokhari bhanjyang gaun", "name_ne": "", "tags": {"name": "pokhari bhanjyang gaun", "place": "hamlet"}}}, {"type": "Feature", "geometry": {"type": "Point", "coordinates": [84.3255018, 27.9439691]}, "properties": {"external_id": "osm:node/4073369929", "kind": "school", "name": "sitala prathamik bidhyalaya", "name_ne": "", "tags": {"amenity": "school", "name": "sitala prathamik bidhyalaya"}}}, {"type": "Feature", "geometry": {"type": "Point", "coordinates": [84.3322241, 27.9387358]}, "properties": {"external_id": "osm:node/4073369933", "kind": "settlement", "name": "bel bhanjayang", "name_ne": "", "tags": {"name": "bel bhanjayang", "place": "hamlet"}}}, {"type": "Feature", "geometry": {"type": "Point", "coordinates": [84.4053831, 27.9368271]}, "properties": {"external_id": "osm:node/4193283090", "kind": "tourism", "name": "Hotel Sanskaar", "name_ne": "", "tags": {"name": "Hotel Sanskaar", "tourism": "hotel"}}}, {"type": "Feature", "geometry": {"type": "Point", "coordinates": [84.6757517, 27.9635593]}, "properties": {"external_id": "osm:node/4208520890", "kind": "police", "name": "bungkot police", "name_ne": "", "tags": {"amenity": "police", "name": "bungkot police"}}}, {"type": "Feature", "geometry": {"type": "Point", "coordinates": [84.6745457, 27.9600541]}, "properties": {"external_id": "osm:node/4208525190", "kind": "school", "name": "shree chandika school", "name_ne": "", "tags": {"amenity": "school", "name": "shree chandika school"}}}, {"type": "Feature", "geometry": {"type": "Point", "coordinates": [84.6771602, 27.9666027]}, "properties": {"external_id": "osm:node/4208525191", "kind": "school", "name": "Bungkot New Horizon English Boarding School", "name_ne": "", "tags": {"amenity": "school", "name": "Bungkot New Horizon English Boarding School"}}}, {"type": "Feature", "geometry": {"type": "Point", "coordinates": [84.6748032, 27.971878]}, "properties": {"external_id": "osm:node/4208543590", "kind": "health", "name": "Bungkot Hospital", "name_ne": "", "tags": {"amenity": "hospital", "name": "Bungkot Hospital"}}}, {"type": "Feature", "geometry": {"type": "Point", "coordinates": [84.6731629, 27.970632]}, "properties": {"external_id": "osm:node/4208543789", "kind": "school", "name": "Shree Shaheed Smrity Higher Secondary School", "name_ne": "", "tags": {"amenity": "school", "name": "Shree Shaheed Smrity Higher Secondary School"}}}, {"type": "Feature", "geometry": {"type": "Point", "coordinates": [84.6663328, 28.111055]}, "properties": {"external_id": "osm:node/4305400491", "kind": "tourism", "name": "Pokhari Bhatta Hotel", "name_ne": "", "tags": {"name": "Pokhari Bhatta Hotel", "tourism": "hotel"}}}, {"type": "Feature", "geometry": {"type": "Point", "coordinates": [84.6659922, 28.1111718]}, "properties": {"external_id": "osm:node/4305400493", "kind": "police", "name": "Chanaute Police ", "name_ne": "", "tags": {"amenity": "police", "name": "Chanaute Police "}}}, {"type": "Feature", "geometry": {"type": "Point", "coordinates": [84.5733627, 27.9291913]}, "properties": {"external_id": "osm:node/4312151846", "kind": "settlement", "name": "Bhogateni", "name_ne": "", "tags": {"name": "Bhogteni", "name:en": "Bhogateni", "place": "village"}}}, {"type": "Feature", "geometry": {"type": "Point", "coordinates": [84.6353948, 28.1863701]}, "properties": {"external_id": "osm:node/4357172966", "kind": "settlement", "name": "Dtar", "name_ne": "", "tags": {"name": "Dtar", "place": "village"}}}, {"type": "Feature", "geometry": {"type": "Point", "coordinates": [84.6398623, 27.9848624]}, "properties": {"external_id": "osm:node/4358665991", "kind": "police", "name": "Armed police Force Gulma Gorkha", "name_ne": "", "tags": {"amenity": "police", "name": "Armed police Force Gulma Gorkha"}}}, {"type": "Feature", "geometry": {"type": "Point", "coordinates": [84.6116545, 28.0036307]}, "properties": {"external_id": "osm:node/4358681989", "kind": "tourism", "name": "Bamboo Cottage", "name_ne": "", "tags": {"name": "Bamboo Cottage", "operator": "Gopal Gurung CB", "tourism": "hotel"}}}, {"type": "Feature", "geometry": {"type": "Point", "coordinates": [84.4080862, 28.3423695]}, "properties": {"external_id": "osm:node/4370632694", "kind": "school", "name": "Secondary School", "name_ne": "", "tags": {"amenity": "school", "name:en": "Secondary School"}}}, {"type": "Feature", "geometry": {"type": "Point", "coordinates": [84.4059903, 28.3431821]}, "properties": {"external_id": "osm:node/4370636293", "kind": "tourism", "name": "", "name_ne": "", "tags": {"tourism": "hostel"}}}, {"type": "Feature", "geometry": {"type": "Point", "coordinates": [84.406302, 28.34291]}, "properties": {"external_id": "osm:node/4370640990", "kind": "police", "name": "Nepal Police Check Post", "name_ne": "", "tags": {"amenity": "police", "name:en": "Nepal Police Check Post"}}}, {"type": "Feature", "geometry": {"type": "Point", "coordinates": [84.4064693, 28.3429267]}, "properties": {"external_id": "osm:node/4370642789", "kind": "tourism", "name": "Swiss alpen hotel", "name_ne": "", "tags": {"name:en": "Swiss alpen hotel", "tourism": "hostel"}}}, {"type": "Feature", "geometry": {"type": "Point", "coordinates": [84.4062833, 28.3433072]}, "properties": {"external_id": "osm:node/4370642890", "kind": "tourism", "name": "", "name_ne": "", "tags": {"tourism": "hostel"}}}, {"type": "Feature", "geometry": {"type": "Point", "coordinates": [84.3049858, 28.5268289]}, "properties": {"external_id": "osm:node/4373816903", "kind": "tourism", "name": "Tibet Lhasa Guest House", "name_ne": "", "tags": {"name": "Tibet Lhasa Guest House", "tourism": "hostel"}}}, {"type": "Feature", "geometry": {"type": "Point", "coordinates": [84.305096, 28.5267713]}, "properties": {"external_id": "osm:node/4373816909", "kind": "tourism", "name": "Happy Home Cottage", "name_ne": "", "tags": {"name": "Happy Home Cottage", "operator": "Amrit Ghale", "tourism": "hostel"}}}, {"type": "Feature", "geometry": {"type": "Point", "coordinates": [84.3046665, 28.5271335]}, "properties": {"external_id": "osm:node/4373869724", "kind": "tourism", "name": "Oasis Guest House", "name_ne": "", "tags": {"name": "Oasis Guest House", "tourism": "hostel"}}}, {"type": "Feature", "geometry": {"type": "Point", "coordinates": [84.3731024, 28.4667118]}, "properties": {"external_id": "osm:node/4402544193", "kind": "tourism", "name": "River View Guest House", "name_ne": "", "tags": {"name:en": "River View Guest House", "tourism": "guest_house"}}}, {"type": "Feature", "geometry": {"type": "Point", "coordinates": [84.4059203, 28.3431417]}, "properties": {"external_id": "osm:node/4402599489", "kind": "tourism", "name": "HOTEL MOUNTAIN VIEW GUEST ROOM", "name_ne": "", "tags": {"name": "HOTEL MOUNTAIN VIEW GUEST ROOM", "operator": "2", "tourism": "guest_house"}}}, {"type": "Feature", "geometry": {"type": "Point", "coordinates": [84.2455895, 28.5500013]}, "properties": {"external_id": "osm:node/4405555589", "kind": "tourism", "name": "Moonlight Hotel", "name_ne": "", "tags": {"name:en": "Moonlight Hotel", "tourism": "guest_house"}}}, {"type": "Feature", "geometry": {"type": "Point", "coordinates": [84.3046802, 28.5271358]}, "properties": {"external_id": "osm:node/4406877791", "kind": "tourism", "name": "Oasis Guesthouse & Restaurant", "name_ne": "", "tags": {"name:en": "Oasis Guesthouse & Restaurant", "tourism": "hostel"}}}, {"type": "Feature", "geometry": {"type": "Point", "coordinates": [84.3586603, 28.5179006]}, "properties": {"external_id": "osm:node/4421972990", "kind": "tourism", "name": "", "name_ne": "", "tags": {"tourism": "hotel"}}}, {"type": "Feature", "geometry": {"type": "Point", "coordinates": [84.2659534, 27.9764972]}, "properties": {"external_id": "osm:node/4423736593", "kind": "police", "name": "District Police Office Tanahun", "name_ne": "", "tags": {"amenity": "police", "name": "District Police Office Tanahun"}}}, {"type": "Feature", "geometry": {"type": "Point", "coordinates": [84.2556277, 27.9790533]}, "properties": {"external_id": "osm:node/4423775189", "kind": "tourism", "name": "Santosh Hotel", "name_ne": "", "tags": {"name:en": "Santosh Hotel", "tourism": "hotel"}}}, {"type": "Feature", "geometry": {"type": "Point", "coordinates": [84.6267631, 27.9929664]}, "properties": {"external_id": "osm:node/4457204889", "kind": "tourism", "name": "The Himalayan Hotel", "name_ne": "", "tags": {"name:en": "The Himalayan Hotel", "tourism": "hotel"}}}, {"type": "Feature", "geometry": {"type": "Point", "coordinates": [84.6264463, 27.9934991]}, "properties": {"external_id": "osm:node/4461355589", "kind": "tourism", "name": "Miracle Hotel", "name_ne": "", "tags": {"name:en": "Miracle Hotel", "tourism": "hotel"}}}, {"type": "Feature", "geometry": {"type": "Point", "coordinates": [84.4033732, 28.3340838]}, "properties": {"external_id": "osm:node/4464353692", "kind": "tourism", "name": "Wonderlust Hotel", "name_ne": "", "tags": {"name:en": "Wonderlust Hotel", "tourism": "guest_house"}}}, {"type": "Feature", "geometry": {"type": "Point", "coordinates": [84.3710963, 28.072493]}, "properties": {"external_id": "osm:node/4496257620", "kind": "school", "name": "Mirlung Star Xaviers English School", "name_ne": "", "tags": {"amenity": "school", "name": "Mirlung Star Xaviers English School"}}}, {"type": "Feature", "geometry": {"type": "Point", "coordinates": [84.3713274, 28.0705189]}, "properties": {"external_id": "osm:node/4496257621", "kind": "health", "name": "Chandrawati Medical", "name_ne": "", "tags": {"amenity": "hospital", "name": "Chandrawati Medical"}}}, {"type": "Feature", "geometry": {"type": "Point", "coordinates": [84.3694902, 28.070034]}, "properties": {"external_id": "osm:node/4496257622", "kind": "school", "name": "Shree Shiva Pra Vi School", "name_ne": "", "tags": {"amenity": "school", "name": "Shree Shiva Pra Vi School"}}}, {"type": "Feature", "geometry": {"type": "Point", "coordinates": [84.3726012, 28.0712288]}, "properties": {"external_id": "osm:node/4496257636", "kind": "health", "name": "Chandrawati Vaccination Center", "name_ne": "", "tags": {"amenity": "hospital", "name": "Chandrawati Vaccination Center"}}}, {"type": "Feature", "geometry": {"type": "Point", "coordinates": [84.6270495, 27.9932252]}, "properties": {"external_id": "osm:node/4498051189", "kind": "tourism", "name": "Vision Hotel", "name_ne": "", "tags": {"name:en": "Vision Hotel", "tourism": "hotel"}}}, {"type": "Feature", "geometry": {"type": "Point", "coordinates": [84.6245761, 27.9955368]}, "properties": {"external_id": "osm:node/4498052090", "kind": "police", "name": "Gorkha Traffic Police", "name_ne": "", "tags": {"amenity": "police", "name:en": "Gorkha Traffic Police"}}}, {"type": "Feature", "geometry": {"type": "Point", "coordinates": [84.6245493, 27.9952959]}, "properties": {"external_id": "osm:node/4498052889", "kind": "police", "name": "District Police Gorkha", "name_ne": "", "tags": {"amenity": "police", "name": "District Police Gorkha"}}}, {"type": "Feature", "geometry": {"type": "Point", "coordinates": [84.5434679, 28.089818]}, "properties": {"external_id": "osm:node/4520042445", "kind": "settlement", "name": "", "name_ne": "", "tags": {"place": "village"}}}, {"type": "Feature", "geometry": {"type": "Point", "coordinates": [84.5844056, 27.9030026]}, "properties": {"external_id": "osm:node/4520193191", "kind": "tourism", "name": "Hill Side Travel Hotel & Lodge", "name_ne": "", "tags": {"name": "Hill Side Travel Hotel & Lodge", "tourism": "hotel"}}}, {"type": "Feature", "geometry": {"type": "Point", "coordinates": [84.4065925, 28.3430203]}, "properties": {"external_id": "osm:node/4524357095", "kind": "tourism", "name": "Bindu's place", "name_ne": "", "tags": {"name": "Bindu's place", "tourism": "hostel"}}}, {"type": "Feature", "geometry": {"type": "Point", "coordinates": [84.394674, 28.3048857]}, "properties": {"external_id": "osm:node/4530298290", "kind": "tourism", "name": "", "name_ne": "", "tags": {"tourism": "guest_house"}}}, {"type": "Feature", "geometry": {"type": "Point", "coordinates": [84.2689367, 27.9768326]}, "properties": {"external_id": "osm:node/4548854493", "kind": "health", "name": "Shree Ratnahari Memorial Hospital", "name_ne": "", "tags": {"amenity": "hospital", "name": "Shree Ratnahari Memorial Hospital"}}}, {"type": "Feature", "geometry": {"type": "Point", "coordinates": [84.2778538, 27.9737671]}, "properties": {"external_id": "osm:node/4555528354", "kind": "tourism", "name": "manjit house", "name_ne": "", "tags": {"name:en": "manjit house", "tourism": "guest_house"}}}, {"type": "Feature", "geometry": {"type": "Point", "coordinates": [84.3504108, 28.0418685]}, "properties": {"external_id": "osm:node/4571495997", "kind": "tourism", "name": "Ganesh g.c house tanahunsur simpani", "name_ne": "", "tags": {"name:en": "Ganesh g.c house tanahunsur simpani", "tourism": "guest_house"}}}, {"type": "Feature", "geometry": {"type": "Point", "coordinates": [84.3761554, 28.2916691]}, "properties": {"external_id": "osm:node/4589064115", "kind": "tourism", "name": "Peaceful gh", "name_ne": "", "tags": {"name:en": "Peaceful gh", "tourism": "guest_house"}}}, {"type": "Feature", "geometry": {"type": "Point", "coordinates": [84.4025994, 28.3857249]}, "properties": {"external_id": "osm:node/4589081795", "kind": "tourism", "name": "Summit guesthouse", "name_ne": "", "tags": {"name:en": "Summit guesthouse", "tourism": "guest_house"}}}, {"type": "Feature", "geometry": {"type": "Point", "coordinates": [84.4027945, 28.3805771]}, "properties": {"external_id": "osm:node/4589085795", "kind": "tourism", "name": "Flower guesthouse", "name_ne": "", "tags": {"name:en": "Flower guesthouse", "tourism": "guest_house"}}}, {"type": "Feature", "geometry": {"type": "Point", "coordinates": [84.4029446, 28.3814554]}, "properties": {"external_id": "osm:node/4589085796", "kind": "tourism", "name": "Manaslu Guesthouse", "name_ne": "", "tags": {"name:en": "Manaslu Guesthouse", "tourism": "guest_house"}}}, {"type": "Feature", "geometry": {"type": "Point", "coordinates": [84.4064946, 28.4149704]}, "properties": {"external_id": "osm:node/4589085797", "kind": "tourism", "name": "The North Face Guesthouse", "name_ne": "", "tags": {"name:en": "The North Face Guesthouse", "operator": "devi jung gurung", "tourism": "hotel"}}}, {"type": "Feature", "geometry": {"type": "Point", "coordinates": [84.3678603, 28.2766222]}, "properties": {"external_id": "osm:node/4589085910", "kind": "school", "name": "", "name_ne": "", "tags": {"amenity": "school"}}}, {"type": "Feature", "geometry": {"type": "Point", "coordinates": [84.3995433, 28.3097435]}, "properties": {"external_id": "osm:node/4589085913", "kind": "tourism", "name": "", "name_ne": "", "tags": {"tourism": "guest_house"}}}, {"type": "Feature", "geometry": {"type": "Point", "coordinates": [84.4062891, 28.3433632]}, "properties": {"external_id": "osm:node/4589085914", "kind": "tourism", "name": "Hotel.norh pole", "name_ne": "", "tags": {"name:en": "Hotel.norh pole", "tourism": "guest_house"}}}, {"type": "Feature", "geometry": {"type": "Point", "coordinates": [84.406424, 28.3639013]}, "properties": {"external_id": "osm:node/4589085917", "kind": "tourism", "name": "Sunrise hotel & restaurant", "name_ne": "", "tags": {"name:en": "Sunrise hotel & restaurant", "tourism": "guest_house"}}}, {"type": "Feature", "geometry": {"type": "Point", "coordinates": [84.4028481, 28.3814121]}, "properties": {"external_id": "osm:node/4589085918", "kind": "police", "name": "", "name_ne": "", "tags": {"amenity": "police"}}}, {"type": "Feature", "geometry": {"type": "Point", "coordinates": [84.4021577, 28.3873384]}, "properties": {"external_id": "osm:node/4589085919", "kind": "tourism", "name": "Sonam guesthouse", "name_ne": "", "tags": {"name:en": "Sonam guesthouse", "tourism": "guest_house"}}}, {"type": "Feature", "geometry": {"type": "Point", "coordinates": [84.406733, 28.4142632]}, "properties": {"external_id": "osm:node/4589085922", "kind": "tourism", "name": "Lord buddha", "name_ne": "", "tags": {"name:en": "Lord buddha", "tourism": "guest_house"}}}, {"type": "Feature", "geometry": {"type": "Point", "coordinates": [84.406558, 28.3428538]}, "properties": {"external_id": "osm:node/4589086200", "kind": "tourism", "name": "Hotel raju", "name_ne": "", "tags": {"name:en": "Hotel raju", "tourism": "hotel"}}}, {"type": "Feature", "geometry": {"type": "Point", "coordinates": [84.3789048, 28.4462204]}, "properties": {"external_id": "osm:node/4589086204", "kind": "tourism", "name": "Thorough Peak gh", "name_ne": "", "tags": {"name:en": "Thorough Peak gh", "tourism": "guest_house"}}}, {"type": "Feature", "geometry": {"type": "Point", "coordinates": [84.3932721, 28.4339445]}, "properties": {"external_id": "osm:node/4589086296", "kind": "tourism", "name": "Super rainbow view", "name_ne": "", "tags": {"name": "Super rainbow view", "tourism": "guest_house"}}}, {"type": "Feature", "geometry": {"type": "Point", "coordinates": [84.3713205, 28.2907762]}, "properties": {"external_id": "osm:node/4589127691", "kind": "tourism", "name": "", "name_ne": "", "tags": {"tourism": "guest_house"}}}, {"type": "Feature", "geometry": {"type": "Point", "coordinates": [84.4062301, 28.363775]}, "properties": {"external_id": "osm:node/4589127692", "kind": "tourism", "name": "", "name_ne": "", "tags": {"tourism": "guest_house"}}}, {"type": "Feature", "geometry": {"type": "Point", "coordinates": [84.3927333, 28.4347141]}, "properties": {"external_id": "osm:node/4589127693", "kind": "tourism", "name": "Tibetan hotel", "name_ne": "", "tags": {"name": "Tibetan hotel", "tourism": "guest_house"}}}, {"type": "Feature", "geometry": {"type": "Point", "coordinates": [84.3743485, 28.4693918]}, "properties": {"external_id": "osm:node/4589957300", "kind": "tourism", "name": "Marshyandi Guesthouse", "name_ne": "", "tags": {"name:en": "Marshyandi Guesthouse", "operator": "Tibetan nepali", "tourism": "guest_house"}}}, {"type": "Feature", "geometry": {"type": "Point", "coordinates": [84.3780368, 28.2261971]}, "properties": {"external_id": "osm:node/4594337094", "kind": "tourism", "name": "Ghalegaun Guesthouse", "name_ne": "", "tags": {"name:en": "Ghalegaun Guesthouse", "tourism": "hotel"}}}, {"type": "Feature", "geometry": {"type": "Point", "coordinates": [84.3607232, 28.5120285]}, "properties": {"external_id": "osm:node/4594452992", "kind": "settlement", "name": "Nache", "name_ne": "", "tags": {"name": "Nache", "place": "village"}}}, {"type": "Feature", "geometry": {"type": "Point", "coordinates": [84.2434905, 28.5507092]}, "properties": {"external_id": "osm:node/4594452996", "kind": "police", "name": "", "name_ne": "", "tags": {"amenity": "police"}}}, {"type": "Feature", "geometry": {"type": "Point", "coordinates": [84.3590996, 28.5061903]}, "properties": {"external_id": "osm:node/4594454590", "kind": "tourism", "name": "New world gh", "name_ne": "", "tags": {"name:en": "New world gh", "tourism": "guest_house"}}}, {"type": "Feature", "geometry": {"type": "Point", "coordinates": [84.3585885, 28.5174488]}, "properties": {"external_id": "osm:node/4594455392", "kind": "tourism", "name": "Tashi Delek Hotel", "name_ne": "", "tags": {"name:en": "Tashi Delek Hotel", "tourism": "guest_house"}}}, {"type": "Feature", "geometry": {"type": "Point", "coordinates": [84.3591245, 28.5063504]}, "properties": {"external_id": "osm:node/4594501890", "kind": "tourism", "name": "Dor Chester hotel", "name_ne": "", "tags": {"name:en": "Dor Chester hotel", "tourism": "guest_house"}}}, {"type": "Feature", "geometry": {"type": "Point", "coordinates": [84.3590029, 28.5062535]}, "properties": {"external_id": "osm:node/4594502390", "kind": "tourism", "name": "3 sisters hotel", "name_ne": "", "tags": {"name:en": "3 sisters hotel", "tourism": "guest_house"}}}, {"type": "Feature", "geometry": {"type": "Point", "coordinates": [84.5726831, 27.9278763]}, "properties": {"external_id": "osm:node/4610857589", "kind": "school", "name": "Shree Bakreswor Ma V", "name_ne": "", "tags": {"amenity": "school", "name": "Shree Bakreswor Ma V"}}}, {"type": "Feature", "geometry": {"type": "Point", "coordinates": [84.314221, 28.012796]}, "properties": {"external_id": "osm:node/4658271489", "kind": "school", "name": "Maya Universe Academy", "name_ne": "", "tags": {"amenity": "school", "name:en": "Maya Universe Academy"}}}, {"type": "Feature", "geometry": {"type": "Point", "coordinates": [84.3236123, 28.5319905]}, "properties": {"external_id": "osm:node/4711637692", "kind": "tourism", "name": "New Sunrise", "name_ne": "", "tags": {"name:en": "New Sunrise", "tourism": "hotel"}}}, {"type": "Feature", "geometry": {"type": "Point", "coordinates": [84.2452899, 28.5502912]}, "properties": {"external_id": "osm:node/4711657990", "kind": "tourism", "name": "Shangri-la", "name_ne": "", "tags": {"name:en": "Shangri-la", "tourism": "hotel"}}}, {"type": "Feature", "geometry": {"type": "Point", "coordinates": [84.389282, 28.4381065]}, "properties": {"external_id": "osm:node/4711663290", "kind": "tourism", "name": "Chyamche", "name_ne": "", "tags": {"name:en": "Chyamche", "tourism": "guest_house"}}}, {"type": "Feature", "geometry": {"type": "Point", "coordinates": [84.38945, 28.43786]}, "properties": {"external_id": "osm:node/4711663291", "kind": "tourism", "name": "Potala", "name_ne": "", "tags": {"name": "Potala", "tourism": "guest_house"}}}, {"type": "Feature", "geometry": {"type": "Point", "coordinates": [84.3892029, 28.4380973]}, "properties": {"external_id": "osm:node/4711666089", "kind": "tourism", "name": "Tibet Lhasha", "name_ne": "", "tags": {"name": "Tibet Lhasha", "tourism": "guest_house"}}}, {"type": "Feature", "geometry": {"type": "Point", "coordinates": [84.2631739, 28.1971624]}, "properties": {"external_id": "osm:node/4729268303", "kind": "health", "name": "Karapu Health Post, Dadhuwa Village", "name_ne": "", "tags": {"amenity": "hospital", "name:en": "Karapu Health Post, Dadhuwa Village"}}}, {"type": "Feature", "geometry": {"type": "Point", "coordinates": [84.2641543, 28.1989599]}, "properties": {"external_id": "osm:node/4729303689", "kind": "tourism", "name": "Dadhuwa Village Home Stay", "name_ne": "", "tags": {"name:en": "Dadhuwa Village Home Stay", "tourism": "alpine_hut"}}}, {"type": "Feature", "geometry": {"type": "Point", "coordinates": [84.564581, 27.9716503]}, "properties": {"external_id": "osm:node/4731692722", "kind": "tourism", "name": "Dhiraj lama", "name_ne": "", "tags": {"name:en": "Dhiraj lama", "tourism": "guest_house"}}}, {"type": "Feature", "geometry": {"type": "Point", "coordinates": [84.4109259, 27.961166]}, "properties": {"external_id": "osm:node/4763480423", "kind": "tourism", "name": "Hotel Annapurna", "name_ne": "", "tags": {"name": "Hotel Annapurna", "tourism": "hotel"}}}, {"type": "Feature", "geometry": {"type": "Point", "coordinates": [84.4099787, 27.962682]}, "properties": {"external_id": "osm:node/4763488125", "kind": "tourism", "name": "Hotel Kusum and Lodge", "name_ne": "", "tags": {"name": "Hotel Kusum and Lodge", "tourism": "hotel"}}}, {"type": "Feature", "geometry": {"type": "Point", "coordinates": [84.4048359, 27.937342]}, "properties": {"external_id": "osm:node/4770952226", "kind": "tourism", "name": "Family Guest House", "name_ne": "", "tags": {"name:en": "Family Guest House", "tourism": "hotel"}}}, {"type": "Feature", "geometry": {"type": "Point", "coordinates": [84.3957214, 28.3054458]}, "properties": {"external_id": "osm:node/4785305021", "kind": "tourism", "name": "Röshani Guesthouse & Restaurant", "name_ne": "", "tags": {"name:en": "Röshani Guesthouse & Restaurant", "tourism": "guest_house"}}}, {"type": "Feature", "geometry": {"type": "Point", "coordinates": [84.4073703, 27.93756]}, "properties": {"external_id": "osm:node/4790178525", "kind": "tourism", "name": "Garima Organic Homestay", "name_ne": "", "tags": {"name:en": "Garima Organic Homestay", "tourism": "hotel"}}}, {"type": "Feature", "geometry": {"type": "Point", "coordinates": [84.5426655, 27.9104313]}, "properties": {"external_id": "osm:node/4793464260", "kind": "settlement", "name": "Phedi Bazar", "name_ne": "फेदी बजार", "tags": {"name": "फेदी बजार", "name:en": "Phedi Bazar", "name:ne": "फेदी बजार", "place": "village"}}}, {"type": "Feature", "geometry": {"type": "Point", "coordinates": [84.5537928, 27.9393415]}, "properties": {"external_id": "osm:node/4793477772", "kind": "settlement", "name": "Abuwa", "name_ne": "", "tags": {"name": "Abuwa", "place": "village"}}}, {"type": "Feature", "geometry": {"type": "Point", "coordinates": [84.5520397, 27.9439524]}, "properties": {"external_id": "osm:node/4793479296", "kind": "settlement", "name": "Karmasin", "name_ne": "", "tags": {"name": "Karmasin", "place": "village"}}}, {"type": "Feature", "geometry": {"type": "Point", "coordinates": [84.5597336, 27.9567051]}, "properties": {"external_id": "osm:node/4793484020", "kind": "settlement", "name": "Syauli Bazaar", "name_ne": "", "tags": {"name": "Syauli Bazaar", "place": "village"}}}, {"type": "Feature", "geometry": {"type": "Point", "coordinates": [84.5922799, 27.9706524]}, "properties": {"external_id": "osm:node/4793529412", "kind": "settlement", "name": "Birenchok", "name_ne": "", "tags": {"name": "Birenchok", "place": "village"}}}, {"type": "Feature", "geometry": {"type": "Point", "coordinates": [84.3771218, 28.2331462]}, "properties": {"external_id": "osm:node/4796074721", "kind": "health", "name": "Lamjung Model Hospital", "name_ne": "", "tags": {"amenity": "hospital", "name:en": "Lamjung Model Hospital"}}}, {"type": "Feature", "geometry": {"type": "Point", "coordinates": [84.2894026, 28.5463673]}, "properties": {"external_id": "osm:node/4796609423", "kind": "tourism", "name": "Hotel", "name_ne": "", "tags": {"name:en": "Hotel", "tourism": "hotel"}}}, {"type": "Feature", "geometry": {"type": "Point", "coordinates": [84.2891101, 28.5469846]}, "properties": {"external_id": "osm:node/4796611221", "kind": "tourism", "name": "Himalayan Hotel", "name_ne": "", "tags": {"name:en": "Himalayan Hotel", "tourism": "hotel"}}}, {"type": "Feature", "geometry": {"type": "Point", "coordinates": [84.6274802, 27.9944554]}, "properties": {"external_id": "osm:node/4800828222", "kind": "health", "name": "Dhakal Medical", "name_ne": "", "tags": {"amenity": "clinic", "name": "Dhakal Medical"}}}, {"type": "Feature", "geometry": {"type": "Point", "coordinates": [84.6289258, 27.9941638]}, "properties": {"external_id": "osm:node/4800828231", "kind": "tourism", "name": "Borlang Dhawa kotwali Hotel and Lodge", "name_ne": "", "tags": {"name": "Borlang Dhawa kotwali Hotel and Lodge", "tourism": "hotel"}}}, {"type": "Feature", "geometry": {"type": "Point", "coordinates": [84.6241748, 27.9975487]}, "properties": {"external_id": "osm:node/4800828236", "kind": "health", "name": "Manaslu Hospital", "name_ne": "", "tags": {"amenity": "hospital", "name": "Manaslu Hospital"}}}, {"type": "Feature", "geometry": {"type": "Point", "coordinates": [84.5753403, 27.9776721]}, "properties": {"external_id": "osm:node/4800828244", "kind": "school", "name": "St. Marys High School", "name_ne": "", "tags": {"amenity": "school", "name": "St. Marys High School"}}}, {"type": "Feature", "geometry": {"type": "Point", "coordinates": [84.4531635, 27.9448575]}, "properties": {"external_id": "osm:node/4800828249", "kind": "school", "name": "Manaslu Shantivilla hostel and learning center", "name_ne": "", "tags": {"amenity": "school", "name": "Manaslu Shantivilla hostel and learning center"}}}, {"type": "Feature", "geometry": {"type": "Point", "coordinates": [84.6292841, 27.9750908]}, "properties": {"external_id": "osm:node/4800828430", "kind": "school", "name": "Shree Gorakhkali Prathamik Vidyalaya", "name_ne": "", "tags": {"amenity": "school", "name": "Shree Gorakhkali Prathamik Vidyalaya"}}}, {"type": "Feature", "geometry": {"type": "Point", "coordinates": [84.6201937, 27.9667089]}, "properties": {"external_id": "osm:node/4800828431", "kind": "school", "name": "Yeti Technical Education and Multiple College", "name_ne": "", "tags": {"amenity": "school", "name": "Yeti Technical Education and Multiple College"}}}, {"type": "Feature", "geometry": {"type": "Point", "coordinates": [84.5371387, 27.901411]}, "properties": {"external_id": "osm:node/4800828437", "kind": "health", "name": "Shree Chhimkeswori General Hospital", "name_ne": "", "tags": {"amenity": "hospital", "name": "Shree Chhimkeswori General Hospital"}}}, {"type": "Feature", "geometry": {"type": "Point", "coordinates": [84.6034796, 27.9667283]}, "properties": {"external_id": "osm:node/4800828928", "kind": "school", "name": "Shree Mankamana Deaf Residential Secondary School", "name_ne": "", "tags": {"amenity": "school", "name": "Shree Mankamana Deaf Residential Secondary School"}}}, {"type": "Feature", "geometry": {"type": "Point", "coordinates": [84.5927634, 27.9705833]}, "properties": {"external_id": "osm:node/4800828930", "kind": "school", "name": "Shree Ratna Rajya Ucha Madhyamik VIdhyalaya", "name_ne": "", "tags": {"amenity": "school", "name": "Shree Ratna Rajya Ucha Madhyamik VIdhyalaya"}}}, {"type": "Feature", "geometry": {"type": "Point", "coordinates": [84.5689721, 27.972775]}, "properties": {"external_id": "osm:node/4800828931", "kind": "police", "name": "Prahari Chauki , Barakilo", "name_ne": "", "tags": {"amenity": "police", "name": "Prahari Chauki , Barakilo"}}}, {"type": "Feature", "geometry": {"type": "Point", "coordinates": [84.5429547, 27.9116979]}, "properties": {"external_id": "osm:node/4800828932", "kind": "police", "name": "Prahari Chauki, Majwa Deurali", "name_ne": "", "tags": {"amenity": "police", "name": "Prahari Chauki, Majwa Deurali"}}}, {"type": "Feature", "geometry": {"type": "Point", "coordinates": [84.6211113, 27.9667526]}, "properties": {"external_id": "osm:node/4800829124", "kind": "school", "name": "Laxmi Samudayak Shikshya Sadan", "name_ne": "", "tags": {"amenity": "school", "name": "Laxmi Samudayak Shikshya Sadan"}}}, {"type": "Feature", "geometry": {"type": "Point", "coordinates": [84.2688328, 27.9763401]}, "properties": {"external_id": "osm:node/4803098238", "kind": "tourism", "name": "Hotel Gandaki", "name_ne": "", "tags": {"name": "Hotel Gandaki", "tourism": "hotel"}}}, {"type": "Feature", "geometry": {"type": "Point", "coordinates": [84.2678779, 27.9763712]}, "properties": {"external_id": "osm:node/4803098239", "kind": "tourism", "name": "New Tanahu Lodge", "name_ne": "", "tags": {"name": "New Tanahu Lodge", "tourism": "hotel"}}}, {"type": "Feature", "geometry": {"type": "Point", "coordinates": [84.267828, 27.9763709]}, "properties": {"external_id": "osm:node/4803098240", "kind": "tourism", "name": "Rooftop Hotel", "name_ne": "", "tags": {"name": "Rooftop Hotel", "tourism": "hotel"}}}, {"type": "Feature", "geometry": {"type": "Point", "coordinates": [84.2696235, 27.9775193]}, "properties": {"external_id": "osm:node/4803280572", "kind": "tourism", "name": "Chautari Hotel and Lodge", "name_ne": "", "tags": {"name": "Chautari Hotel and Lodge", "tourism": "hotel"}}}, {"type": "Feature", "geometry": {"type": "Point", "coordinates": [84.2677238, 27.973308]}, "properties": {"external_id": "osm:node/4803280577", "kind": "tourism", "name": "Santosh Hotel", "name_ne": "", "tags": {"name": "Santosh Hotel", "tourism": "hotel"}}}, {"type": "Feature", "geometry": {"type": "Point", "coordinates": [84.6269963, 27.9963472]}, "properties": {"external_id": "osm:node/4803337884", "kind": "health", "name": "Lion Eye Hospital", "name_ne": "", "tags": {"amenity": "hospital", "name": "Lion Eye Hospital"}}}, {"type": "Feature", "geometry": {"type": "Point", "coordinates": [84.6424261, 28.1857856]}, "properties": {"external_id": "osm:node/4815807684", "kind": "settlement", "name": "Lamidanda", "name_ne": "लामिडाँडा", "tags": {"name": "लामिडाँडा", "name:en": "Lamidanda", "name:ne": "लामिडाँडा", "place": "village"}}}, {"type": "Feature", "geometry": {"type": "Point", "coordinates": [84.6447118, 28.187361]}, "properties": {"external_id": "osm:node/4815807699", "kind": "school", "name": "Lapsibot School", "name_ne": "", "tags": {"amenity": "school", "name": "Lapsibot School"}}}, {"type": "Feature", "geometry": {"type": "Point", "coordinates": [84.4020805, 28.3866822]}, "properties": {"external_id": "osm:node/4818323821", "kind": "tourism", "name": "Anju Guesthouse & Restaurant Syange", "name_ne": "", "tags": {"name:en": "Anju Guesthouse & Restaurant Syange", "tourism": "guest_house"}}}, {"type": "Feature", "geometry": {"type": "Point", "coordinates": [84.5727814, 27.9781659]}, "properties": {"external_id": "osm:node/4820069366", "kind": "settlement", "name": "Nagapani", "name_ne": "", "tags": {"name": "Nagapani", "place": "village"}}}, {"type": "Feature", "geometry": {"type": "Point", "coordinates": [84.6725985, 28.5741883]}, "properties": {"external_id": "osm:node/4845090003", "kind": "settlement", "name": "Shyala", "name_ne": "", "tags": {"name": "Shyala", "place": "village"}}}, {"type": "Feature", "geometry": {"type": "Point", "coordinates": [84.671972, 28.5741814]}, "properties": {"external_id": "osm:node/4845090004", "kind": "tourism", "name": "Namasté Guesthouse", "name_ne": "", "tags": {"name": "Namasté Guesthouse", "tourism": "hotel"}}}, {"type": "Feature", "geometry": {"type": "Point", "coordinates": [84.6714606, 28.5741068]}, "properties": {"external_id": "osm:node/4845090005", "kind": "tourism", "name": "Yetti", "name_ne": "", "tags": {"name": "Yetti", "tourism": "hotel"}}}, {"type": "Feature", "geometry": {"type": "Point", "coordinates": [84.6709745, 28.574161]}, "properties": {"external_id": "osm:node/4845090006", "kind": "tourism", "name": "The Happiness Guesthouse", "name_ne": "", "tags": {"name": "The Happiness Guesthouse", "tourism": "hotel"}}}, {"type": "Feature", "geometry": {"type": "Point", "coordinates": [84.4656804, 28.6182397]}, "properties": {"external_id": "osm:node/4845090008", "kind": "settlement", "name": "Habu", "name_ne": "", "tags": {"name": "Habu", "place": "locality"}}}, {"type": "Feature", "geometry": {"type": "Point", "coordinates": [84.4482936, 28.5976658]}, "properties": {"external_id": "osm:node/4845090009", "kind": "settlement", "name": "Chauli Kharka", "name_ne": "", "tags": {"name": "Chauli Kharka", "place": "isolated_dwelling"}}}, {"type": "Feature", "geometry": {"type": "Point", "coordinates": [84.4190415, 28.5922429]}, "properties": {"external_id": "osm:node/4845090010", "kind": "settlement", "name": "Surki Khola", "name_ne": "", "tags": {"name": "Surki Khola", "place": "hamlet"}}}, {"type": "Feature", "geometry": {"type": "Point", "coordinates": [84.419187, 28.5929474]}, "properties": {"external_id": "osm:node/4845090011", "kind": "tourism", "name": "7 Sisters Guesthouse", "name_ne": "", "tags": {"name": "7 Sisters Guesthouse", "operator": "Pooja Gurung", "tourism": "hotel"}}}, {"type": "Feature", "geometry": {"type": "Point", "coordinates": [84.4086696, 28.573456]}, "properties": {"external_id": "osm:node/4845090015", "kind": "settlement", "name": "Gowa", "name_ne": "", "tags": {"name": "Gowa", "place": "village"}}}, {"type": "Feature", "geometry": {"type": "Point", "coordinates": [84.4087237, 28.5733493]}, "properties": {"external_id": "osm:node/4845090016", "kind": "tourism", "name": "Nirvana Garden", "name_ne": "", "tags": {"name": "Nirvana Garden", "tourism": "guest_house"}}}, {"type": "Feature", "geometry": {"type": "Point", "coordinates": [84.4068542, 28.5709663]}, "properties": {"external_id": "osm:node/4845090017", "kind": "tourism", "name": "Hotel Super View & Restaurant", "name_ne": "", "tags": {"name": "Hotel Super View & Restaurant", "tourism": "hotel"}}}, {"type": "Feature", "geometry": {"type": "Point", "coordinates": [84.4073241, 27.9375712]}, "properties": {"external_id": "osm:node/4882944622", "kind": "tourism", "name": "Garima Organic Home Stay", "name_ne": "", "tags": {"name:en": "Garima Organic Home Stay", "tourism": "guest_house"}}}, {"type": "Feature", "geometry": {"type": "Point", "coordinates": [84.5441225, 28.1273199]}, "properties": {"external_id": "osm:node/4893734728", "kind": "school", "name": "Balbikash prabi", "name_ne": "", "tags": {"amenity": "school", "name:en": "Balbikash prabi"}}}, {"type": "Feature", "geometry": {"type": "Point", "coordinates": [84.4737017, 28.07998]}, "properties": {"external_id": "osm:node/4893738925", "kind": "health", "name": "sahodar health post", "name_ne": "", "tags": {"amenity": "hospital", "name:en": "sahodar health post"}}}, {"type": "Feature", "geometry": {"type": "Point", "coordinates": [84.4823916, 28.0621646]}, "properties": {"external_id": "osm:node/4893741521", "kind": "school", "name": "saraswati PS", "name_ne": "", "tags": {"amenity": "school", "name:en": "saraswati PS"}}}, {"type": "Feature", "geometry": {"type": "Point", "coordinates": [84.4780238, 28.0730375]}, "properties": {"external_id": "osm:node/4893741821", "kind": "school", "name": "shree sharada SBS", "name_ne": "", "tags": {"amenity": "school", "name:en": "shree sharada SBS"}}}, {"type": "Feature", "geometry": {"type": "Point", "coordinates": [84.6259428, 27.9969584]}, "properties": {"external_id": "osm:node/4896508190", "kind": "town", "name": "Gorkha", "name_ne": "गोरखा", "tags": {"name": "गोरखा", "name:en": "Gorkha", "name:ne": "गोरखा", "place": "city"}}}, {"type": "Feature", "geometry": {"type": "Point", "coordinates": [84.6595426, 28.1346032]}, "properties": {"external_id": "osm:node/4896547273", "kind": "settlement", "name": "Muchhok", "name_ne": "मुछोक", "tags": {"name": "Muchhok", "name:ne": "मुछोक", "place": "village"}}}, {"type": "Feature", "geometry": {"type": "Point", "coordinates": [84.6227663, 28.0008888]}, "properties": {"external_id": "osm:node/4896547274", "kind": "school", "name": "Shree Baal Mandir Secondary School", "name_ne": "", "tags": {"amenity": "school", "name": "Shree Baal Mandir Secondary School"}}}, {"type": "Feature", "geometry": {"type": "Point", "coordinates": [84.5782149, 27.9816837]}, "properties": {"external_id": "osm:node/4899177929", "kind": "school", "name": "Shree Chandra Jyoti Primary School", "name_ne": "", "tags": {"amenity": "school", "name": "Shree Chandra Jyoti Primary School"}}}, {"type": "Feature", "geometry": {"type": "Point", "coordinates": [84.6955682, 28.1274471]}, "properties": {"external_id": "osm:node/4899371073", "kind": "school", "name": "Shree Janashakti Primary School", "name_ne": "", "tags": {"amenity": "school", "name": "Shree Janashakti Primary School"}}}, {"type": "Feature", "geometry": {"type": "Point", "coordinates": [84.4680081, 28.0857254]}, "properties": {"external_id": "osm:node/4900779725", "kind": "school", "name": "rainas vision school", "name_ne": "", "tags": {"amenity": "school", "name:en": "rainas vision school"}}}, {"type": "Feature", "geometry": {"type": "Point", "coordinates": [84.4883364, 28.095063]}, "properties": {"external_id": "osm:node/4900779734", "kind": "school", "name": "pragati LSS", "name_ne": "", "tags": {"amenity": "school", "name:en": "pragati LSS"}}}, {"type": "Feature", "geometry": {"type": "Point", "coordinates": [84.4968469, 28.0994962]}, "properties": {"external_id": "osm:node/4900779743", "kind": "school", "name": "basanta batti", "name_ne": "", "tags": {"amenity": "school", "name:en": "basanta batti"}}}, {"type": "Feature", "geometry": {"type": "Point", "coordinates": [84.497389, 28.0938131]}, "properties": {"external_id": "osm:node/4900779744", "kind": "school", "name": "shree sisu bidhyasram ma v", "name_ne": "", "tags": {"amenity": "school", "name:en": "shree sisu bidhyasram ma v"}}}, {"type": "Feature", "geometry": {"type": "Point", "coordinates": [84.463888, 28.0967049]}, "properties": {"external_id": "osm:node/4900779759", "kind": "health", "name": "dhamilikuwa healthpost", "name_ne": "", "tags": {"amenity": "hospital", "name:en": "dhamilikuwa healthpost"}}}, {"type": "Feature", "geometry": {"type": "Point", "coordinates": [84.4648906, 28.0935879]}, "properties": {"external_id": "osm:node/4900779824", "kind": "school", "name": "shailputri SBS", "name_ne": "", "tags": {"amenity": "school", "name:en": "shailputri SBS"}}}, {"type": "Feature", "geometry": {"type": "Point", "coordinates": [84.4816359, 28.0967395]}, "properties": {"external_id": "osm:node/4900779828", "kind": "school", "name": "school", "name_ne": "", "tags": {"amenity": "school", "name:en": "school"}}}, {"type": "Feature", "geometry": {"type": "Point", "coordinates": [84.4970673, 28.0953213]}, "properties": {"external_id": "osm:node/4900779829", "kind": "tourism", "name": "Home stay", "name_ne": "", "tags": {"name:en": "Home stay", "tourism": "hotel"}}}, {"type": "Feature", "geometry": {"type": "Point", "coordinates": [84.495413, 28.0909945]}, "properties": {"external_id": "osm:node/4900779830", "kind": "health", "name": "ayurbrd", "name_ne": "", "tags": {"amenity": "hospital", "name:en": "ayurbrd"}}}, {"type": "Feature", "geometry": {"type": "Point", "coordinates": [84.5112805, 28.0965811]}, "properties": {"external_id": "osm:node/4900779831", "kind": "school", "name": "rainas and global boarding school", "name_ne": "", "tags": {"amenity": "school", "name:en": "rainas and global boarding school"}}}, {"type": "Feature", "geometry": {"type": "Point", "coordinates": [84.497826, 28.0935167]}, "properties": {"external_id": "osm:node/4900779833", "kind": "police", "name": "tinpiple police stationtinpiple", "name_ne": "", "tags": {"amenity": "police", "name:en": "tinpiple police stationtinpiple"}}}, {"type": "Feature", "geometry": {"type": "Point", "coordinates": [84.4790871, 28.0739544]}, "properties": {"external_id": "osm:node/4900779852", "kind": "school", "name": "creative school", "name_ne": "", "tags": {"amenity": "school", "name:en": "creative school"}}}, {"type": "Feature", "geometry": {"type": "Point", "coordinates": [84.4393114, 28.1275516]}, "properties": {"external_id": "osm:node/4900779857", "kind": "school", "name": "shri krishna PS", "name_ne": "", "tags": {"amenity": "school", "name:en": "shri krishna PS"}}}, {"type": "Feature", "geometry": {"type": "Point", "coordinates": [84.4423256, 28.1145056]}, "properties": {"external_id": "osm:node/4900779859", "kind": "health", "name": "", "name_ne": "", "tags": {"amenity": "hospital"}}}, {"type": "Feature", "geometry": {"type": "Point", "coordinates": [84.444297, 28.1003593]}, "properties": {"external_id": "osm:node/4900782236", "kind": "school", "name": "Shri Bir Bhakti Higher Secondary School", "name_ne": "श्री बिर भक्ति उच्च माद्यामिक बिध्यालय", "tags": {"amenity": "school", "name": "श्री बिर भक्ति उच्च माद्यामिक बिध्यालय", "name:en": "Shri Bir Bhakti Higher Secondary School"}}}, {"type": "Feature", "geometry": {"type": "Point", "coordinates": [84.5119988, 28.0981321]}, "properties": {"external_id": "osm:node/4900782238", "kind": "health", "name": "healthpost", "name_ne": "", "tags": {"amenity": "hospital", "name:en": "healthpost"}}}, {"type": "Feature", "geometry": {"type": "Point", "coordinates": [84.5132745, 28.0987116]}, "properties": {"external_id": "osm:node/4900782240", "kind": "school", "name": "shree saubhagyadaya ma v", "name_ne": "", "tags": {"amenity": "school", "name:en": "shree saubhagyadaya ma v"}}}, {"type": "Feature", "geometry": {"type": "Point", "coordinates": [84.4405836, 28.1166284]}, "properties": {"external_id": "osm:node/4900785824", "kind": "school", "name": "rudra ma v", "name_ne": "", "tags": {"amenity": "school", "name:en": "rudra ma v"}}}, {"type": "Feature", "geometry": {"type": "Point", "coordinates": [84.6794898, 28.0966517]}, "properties": {"external_id": "osm:node/4901251326", "kind": "settlement", "name": "Ta.ma.la. Bot", "name_ne": "तामला बोट", "tags": {"name": "Ta.ma.la. Bot", "name:ne": "तामला बोट", "place": "village"}}}, {"type": "Feature", "geometry": {"type": "Point", "coordinates": [84.6611728, 28.1001646]}, "properties": {"external_id": "osm:node/4901353820", "kind": "school", "name": "Shree Arkul Primary School", "name_ne": "", "tags": {"amenity": "school", "name": "Shree Arkul Primary School"}}}, {"type": "Feature", "geometry": {"type": "Point", "coordinates": [84.6612919, 28.1006123]}, "properties": {"external_id": "osm:node/4901354421", "kind": "settlement", "name": "Srinathkot", "name_ne": "", "tags": {"name": "Srinathkot", "place": "village"}}}, {"type": "Feature", "geometry": {"type": "Point", "coordinates": [84.651989, 28.0883114]}, "properties": {"external_id": "osm:node/4901357835", "kind": "school", "name": "Shree Balkalyan Primary school", "name_ne": "", "tags": {"amenity": "school", "name": "Shree Balkalyan Primary school"}}}, {"type": "Feature", "geometry": {"type": "Point", "coordinates": [84.6486357, 28.096366]}, "properties": {"external_id": "osm:node/4901359706", "kind": "school", "name": "Shree Janakalyan Higher Secondary School", "name_ne": "", "tags": {"amenity": "school", "name": "Shree Janakalyan Higher Secondary School"}}}, {"type": "Feature", "geometry": {"type": "Point", "coordinates": [84.5688566, 27.9087241]}, "properties": {"external_id": "osm:node/4901439809", "kind": "settlement", "name": "Manakamana", "name_ne": "मनकामना", "tags": {"name": "Manakamana", "name:ne": "मनकामना", "place": "village"}}}, {"type": "Feature", "geometry": {"type": "Point", "coordinates": [84.6970287, 28.0651363]}, "properties": {"external_id": "osm:node/4901460744", "kind": "school", "name": "Shree Himchuli Pra. V", "name_ne": "", "tags": {"amenity": "school", "name": "Shree Himchuli Pra. V"}}}, {"type": "Feature", "geometry": {"type": "Point", "coordinates": [84.5496105, 27.9043295]}, "properties": {"external_id": "osm:node/4901463468", "kind": "school", "name": "Shree Jana Jyoti Pra V", "name_ne": "", "tags": {"amenity": "school", "name": "Shree Jana Jyoti Pra V"}}}, {"type": "Feature", "geometry": {"type": "Point", "coordinates": [84.5930959, 27.9008628]}, "properties": {"external_id": "osm:node/4901468130", "kind": "school", "name": "Shree Chandi Deurali Pra V", "name_ne": "", "tags": {"amenity": "school", "name": "Shree Chandi Deurali Pra V"}}}, {"type": "Feature", "geometry": {"type": "Point", "coordinates": [84.5895351, 27.9092414]}, "properties": {"external_id": "osm:node/4901504802", "kind": "school", "name": "Shree Bakreshwori Pra V", "name_ne": "", "tags": {"amenity": "school", "name": "Shree Bakreshwori Pra V"}}}, {"type": "Feature", "geometry": {"type": "Point", "coordinates": [84.5784349, 27.9289185]}, "properties": {"external_id": "osm:node/4901511974", "kind": "settlement", "name": "Bakrang", "name_ne": "बाकराङ", "tags": {"name": "Bakrang", "name:ne": "बाकराङ", "place": "village"}}}, {"type": "Feature", "geometry": {"type": "Point", "coordinates": [84.6894569, 28.0502912]}, "properties": {"external_id": "osm:node/4901529226", "kind": "school", "name": "Shree Bindrabati Uchha Ma V", "name_ne": "", "tags": {"amenity": "school", "name": "Shree Bindrabati Uchha Ma V"}}}, {"type": "Feature", "geometry": {"type": "Point", "coordinates": [84.6668552, 28.053769]}, "properties": {"external_id": "osm:node/4901647067", "kind": "school", "name": "Shree Chandeshwori Pra. V", "name_ne": "", "tags": {"amenity": "school", "name": "Shree Chandeshwori Pra. V"}}}, {"type": "Feature", "geometry": {"type": "Point", "coordinates": [84.6623202, 28.0646244]}, "properties": {"external_id": "osm:node/4901656937", "kind": "settlement", "name": "Takukot", "name_ne": "ताकुकोट", "tags": {"name": "Takukot", "name:ne": "ताकुकोट", "place": "village"}}}, {"type": "Feature", "geometry": {"type": "Point", "coordinates": [84.6854214, 28.0811827]}, "properties": {"external_id": "osm:node/4903135864", "kind": "school", "name": "Shree Deurali Pra V", "name_ne": "", "tags": {"amenity": "school", "name": "Shree Deurali Pra V"}}}, {"type": "Feature", "geometry": {"type": "Point", "coordinates": [84.6871112, 28.086524]}, "properties": {"external_id": "osm:node/4903148398", "kind": "school", "name": "Shree Maikot Ma V", "name_ne": "", "tags": {"amenity": "school", "name": "Shree Maikot Ma V"}}}, {"type": "Feature", "geometry": {"type": "Point", "coordinates": [84.6307078, 28.065886]}, "properties": {"external_id": "osm:node/4903158783", "kind": "school", "name": "Shree Himali Ma V", "name_ne": "", "tags": {"amenity": "school", "name": "Shree Himali Ma V"}}}, {"type": "Feature", "geometry": {"type": "Point", "coordinates": [84.6244213, 28.0550564]}, "properties": {"external_id": "osm:node/4903159260", "kind": "school", "name": "Shree Hanuman Pra V", "name_ne": "", "tags": {"amenity": "school", "name": "Shree Hanuman Pra V"}}}, {"type": "Feature", "geometry": {"type": "Point", "coordinates": [84.615226, 28.0484152]}, "properties": {"external_id": "osm:node/4903161518", "kind": "settlement", "name": "Gakhu", "name_ne": "गाखु", "tags": {"name": "Gakhu", "name:ne": "गाखु", "place": "village"}}}, {"type": "Feature", "geometry": {"type": "Point", "coordinates": [84.6155277, 28.0478731]}, "properties": {"external_id": "osm:node/4903161519", "kind": "school", "name": "Shree Kamdhenu Pra V", "name_ne": "", "tags": {"amenity": "school", "name": "Shree Kamdhenu Pra V"}}}, {"type": "Feature", "geometry": {"type": "Point", "coordinates": [84.5404252, 28.0429392]}, "properties": {"external_id": "osm:node/4903171044", "kind": "settlement", "name": "Chapa Bhanjyang", "name_ne": "छापा भन्ज्याङ", "tags": {"name": "Chapa Bhanjyang", "name:ne": "छापा भन्ज्याङ", "place": "village"}}}, {"type": "Feature", "geometry": {"type": "Point", "coordinates": [84.5523342, 28.0489011]}, "properties": {"external_id": "osm:node/4903186867", "kind": "school", "name": "Shree Namuna Pra V", "name_ne": "", "tags": {"amenity": "school", "name": "Shree Namuna Pra V"}}}, {"type": "Feature", "geometry": {"type": "Point", "coordinates": [84.5894319, 28.0727127]}, "properties": {"external_id": "osm:node/4903194912", "kind": "settlement", "name": "Chhoprak", "name_ne": "छोपराक", "tags": {"name": "Chhoprak", "name:ne": "छोपराक", "place": "village"}}}, {"type": "Feature", "geometry": {"type": "Point", "coordinates": [84.5766371, 28.0741345]}, "properties": {"external_id": "osm:node/4903199083", "kind": "school", "name": "Shree Jana Kalyan Pra V", "name_ne": "", "tags": {"amenity": "school", "name": "Shree Jana Kalyan Pra V"}}}, {"type": "Feature", "geometry": {"type": "Point", "coordinates": [84.601876, 28.0451508]}, "properties": {"external_id": "osm:node/4903253364", "kind": "school", "name": "Shree Sahayog Sadan Pra V", "name_ne": "", "tags": {"amenity": "school", "name": "Shree Sahayog Sadan Pra V"}}}, {"type": "Feature", "geometry": {"type": "Point", "coordinates": [84.6402386, 28.0967393]}, "properties": {"external_id": "osm:node/4903358914", "kind": "school", "name": "Shree Buddakalyan Primary School", "name_ne": "", "tags": {"amenity": "school", "name": "Shree Buddakalyan Primary School"}}}, {"type": "Feature", "geometry": {"type": "Point", "coordinates": [84.6399147, 28.0962306]}, "properties": {"external_id": "osm:node/4903358915", "kind": "settlement", "name": "Srinathkot", "name_ne": "", "tags": {"name": "Srinathkot", "place": "village"}}}, {"type": "Feature", "geometry": {"type": "Point", "coordinates": [84.621912, 28.0923648]}, "properties": {"external_id": "osm:node/4903365027", "kind": "school", "name": "Shree Surya Jyoti Lower Secondary School", "name_ne": "", "tags": {"amenity": "school", "name": "Shree Surya Jyoti Lower Secondary School"}}}, {"type": "Feature", "geometry": {"type": "Point", "coordinates": [84.6326429, 28.0880594]}, "properties": {"external_id": "osm:node/4903365356", "kind": "school", "name": "Shree Budda Chandi Primary School", "name_ne": "", "tags": {"amenity": "school", "name": "Shree Budda Chandi Primary School"}}}, {"type": "Feature", "geometry": {"type": "Point", "coordinates": [84.6422909, 28.0762225]}, "properties": {"external_id": "osm:node/4903398405", "kind": "school", "name": "Shree Chandrodaya Secondary School", "name_ne": "", "tags": {"amenity": "school", "name": "Shree Chandrodaya Secondary School"}}}, {"type": "Feature", "geometry": {"type": "Point", "coordinates": [84.6545419, 28.1127987]}, "properties": {"external_id": "osm:node/4903406119", "kind": "settlement", "name": "Jaubari", "name_ne": "जाउबरी", "tags": {"name": "Jaubari", "name:ne": "जाउबरी", "place": "village"}}}, {"type": "Feature", "geometry": {"type": "Point", "coordinates": [84.6536809, 28.1124279]}, "properties": {"external_id": "osm:node/4903406120", "kind": "school", "name": "Shree Samudayik Primary School", "name_ne": "", "tags": {"amenity": "school", "name": "Shree Samudayik Primary School"}}}, {"type": "Feature", "geometry": {"type": "Point", "coordinates": [84.6501463, 28.1106245]}, "properties": {"external_id": "osm:node/4903410301", "kind": "school", "name": "Shree Paropakar Aadarsha Higher Secondary School", "name_ne": "", "tags": {"amenity": "school", "name": "Shree Paropakar Aadarsha Higher Secondary School"}}}, {"type": "Feature", "geometry": {"type": "Point", "coordinates": [84.6043242, 28.1065624]}, "properties": {"external_id": "osm:node/4903436012", "kind": "school", "name": "Shree Jana Jyoti Higher secondary school", "name_ne": "", "tags": {"amenity": "school", "name": "Shree Jana Jyoti Higher secondary school"}}}, {"type": "Feature", "geometry": {"type": "Point", "coordinates": [84.5831864, 28.1280402]}, "properties": {"external_id": "osm:node/4903440821", "kind": "school", "name": "Shree Jivan Lower Secondary School", "name_ne": "", "tags": {"amenity": "school", "name": "Shree Jivan Lower Secondary School"}}}, {"type": "Feature", "geometry": {"type": "Point", "coordinates": [84.6073113, 28.1509236]}, "properties": {"external_id": "osm:node/4903442446", "kind": "school", "name": "Shree Mahendra Jyoti Primary School", "name_ne": "", "tags": {"amenity": "school", "name": "Shree Mahendra Jyoti Primary School"}}}, {"type": "Feature", "geometry": {"type": "Point", "coordinates": [84.6343131, 28.1011669]}, "properties": {"external_id": "osm:node/4903448941", "kind": "school", "name": "Shree Shreenath Lower Secondary School", "name_ne": "", "tags": {"amenity": "school", "name": "Shree Shreenath Lower Secondary School"}}}, {"type": "Feature", "geometry": {"type": "Point", "coordinates": [84.6370283, 28.1283726]}, "properties": {"external_id": "osm:node/4903451078", "kind": "school", "name": "Shree Satyadevi Primary School", "name_ne": "", "tags": {"amenity": "school", "name": "Shree Satyadevi Primary School"}}}, {"type": "Feature", "geometry": {"type": "Point", "coordinates": [84.6481588, 28.1553965]}, "properties": {"external_id": "osm:node/4903457471", "kind": "settlement", "name": "Bhachchek", "name_ne": "भचेच्क बजार", "tags": {"name": "भचेच्क बजार", "name:en": "Bhachchek", "name:ne": "भचेच्क बजार", "place": "village"}}}, {"type": "Feature", "geometry": {"type": "Point", "coordinates": [84.647204, 28.155056]}, "properties": {"external_id": "osm:node/4903457472", "kind": "school", "name": "Shree Bhachchek Primary School", "name_ne": "", "tags": {"amenity": "school", "name": "Shree Bhachchek Primary School"}}}, {"type": "Feature", "geometry": {"type": "Point", "coordinates": [84.6213321, 28.1618351]}, "properties": {"external_id": "osm:node/4903467214", "kind": "school", "name": "Shree Parbati Primary School", "name_ne": "", "tags": {"amenity": "school", "name": "Shree Parbati Primary School"}}}, {"type": "Feature", "geometry": {"type": "Point", "coordinates": [84.65169, 28.2099971]}, "properties": {"external_id": "osm:node/4903478552", "kind": "school", "name": "Shree Prava Secondary School", "name_ne": "", "tags": {"amenity": "school", "name": "Shree Prava Secondary School"}}}, {"type": "Feature", "geometry": {"type": "Point", "coordinates": [84.6465495, 28.1963924]}, "properties": {"external_id": "osm:node/4903495229", "kind": "settlement", "name": "Kharibot", "name_ne": "खरीबोट", "tags": {"name": "खरिबोट", "name:en": "Kharibot", "name:ne": "खरीबोट", "place": "village"}}}, {"type": "Feature", "geometry": {"type": "Point", "coordinates": [84.6686087, 28.1770892]}, "properties": {"external_id": "osm:node/4903499043", "kind": "settlement", "name": "Simjung", "name_ne": "", "tags": {"name": "Simjung", "place": "village"}}}, {"type": "Feature", "geometry": {"type": "Point", "coordinates": [84.6216355, 28.173245]}, "properties": {"external_id": "osm:node/4903517476", "kind": "school", "name": "Shree Budda Jyoti Lower Secondary School", "name_ne": "", "tags": {"amenity": "school", "name": "Shree Budda Jyoti Lower Secondary School"}}}, {"type": "Feature", "geometry": {"type": "Point", "coordinates": [84.6818044, 28.1608041]}, "properties": {"external_id": "osm:node/4903564163", "kind": "school", "name": "Shree Annapurna Primary School", "name_ne": "", "tags": {"amenity": "school", "name": "Shree Annapurna Primary School"}}}, {"type": "Feature", "geometry": {"type": "Point", "coordinates": [84.6824214, 28.1566842]}, "properties": {"external_id": "osm:node/4903574876", "kind": "school", "name": "Shree Shivalaya Primary School", "name_ne": "", "tags": {"amenity": "school", "name": "Shree Shivalaya Primary School"}}}, {"type": "Feature", "geometry": {"type": "Point", "coordinates": [84.68822, 28.1524943]}, "properties": {"external_id": "osm:node/4903582637", "kind": "school", "name": "Shree Himalaya Higher Secondary School", "name_ne": "", "tags": {"amenity": "school", "name": "Shree Himalaya Higher Secondary School"}}}, {"type": "Feature", "geometry": {"type": "Point", "coordinates": [84.6883839, 28.1445982]}, "properties": {"external_id": "osm:node/4903601694", "kind": "school", "name": "Shree Devsthan Primary School", "name_ne": "", "tags": {"amenity": "school", "name": "Shree Devsthan Primary School"}}}, {"type": "Feature", "geometry": {"type": "Point", "coordinates": [84.6707611, 28.5737334]}, "properties": {"external_id": "osm:node/4905250465", "kind": "school", "name": "Shree Lho Primary Syala School", "name_ne": "", "tags": {"amenity": "school", "name": "Shree Lho Primary Syala School"}}}, {"type": "Feature", "geometry": {"type": "Point", "coordinates": [84.6672455, 28.1533184]}, "properties": {"external_id": "osm:node/4905280032", "kind": "school", "name": "Shree Tara Chandra Secondary School", "name_ne": "", "tags": {"amenity": "school", "name": "Shree Tara Chandra Secondary School"}}}, {"type": "Feature", "geometry": {"type": "Point", "coordinates": [84.6334731, 28.6506954]}, "properties": {"external_id": "osm:node/4905281589", "kind": "school", "name": "Shree Samdo Pra V", "name_ne": "", "tags": {"amenity": "school", "name": "Shree Samdo Pra V"}}}, {"type": "Feature", "geometry": {"type": "Point", "coordinates": [84.6821941, 28.1389]}, "properties": {"external_id": "osm:node/4905284425", "kind": "school", "name": "Shree Muchchoktar Lower Secondary School", "name_ne": "", "tags": {"amenity": "school", "name": "Shree Muchchoktar Lower Secondary School"}}}, {"type": "Feature", "geometry": {"type": "Point", "coordinates": [84.6583091, 28.1590933]}, "properties": {"external_id": "osm:node/4905290033", "kind": "school", "name": "Shree Bhaledhunga Laxmi Primary School", "name_ne": "", "tags": {"amenity": "school", "name": "Shree Bhaledhunga Laxmi Primary School"}}}, {"type": "Feature", "geometry": {"type": "Point", "coordinates": [84.658821, 28.1722052]}, "properties": {"external_id": "osm:node/4905302955", "kind": "school", "name": "Shree Budda Amrit Primary School", "name_ne": "", "tags": {"amenity": "school", "name": "Shree Budda Amrit Primary School"}}}, {"type": "Feature", "geometry": {"type": "Point", "coordinates": [84.6739482, 28.1343968]}, "properties": {"external_id": "osm:node/4905311661", "kind": "school", "name": "Shree Gyan Jyoti Primary School", "name_ne": "", "tags": {"amenity": "school", "name": "Shree Gyan Jyoti Primary School"}}}, {"type": "Feature", "geometry": {"type": "Point", "coordinates": [84.6580469, 28.1352735]}, "properties": {"external_id": "osm:node/4905317517", "kind": "school", "name": "Shree Devi Chaturmala Primary School", "name_ne": "", "tags": {"amenity": "school", "name": "Shree Devi Chaturmala Primary School"}}}, {"type": "Feature", "geometry": {"type": "Point", "coordinates": [84.6647971, 28.1293081]}, "properties": {"external_id": "osm:node/4905323358", "kind": "school", "name": "Shree Chaturmala Higher Secondary School", "name_ne": "", "tags": {"amenity": "school", "name": "Shree Chaturmala Higher Secondary School"}}}, {"type": "Feature", "geometry": {"type": "Point", "coordinates": [84.6635816, 28.1198982]}, "properties": {"external_id": "osm:node/4905327968", "kind": "school", "name": "Shree Jhakrapuri Primary School", "name_ne": "", "tags": {"amenity": "school", "name": "Shree Jhakrapuri Primary School"}}}, {"type": "Feature", "geometry": {"type": "Point", "coordinates": [84.6455564, 28.1198674]}, "properties": {"external_id": "osm:node/4905337966", "kind": "school", "name": "Shree Bal Kalyan Primary School", "name_ne": "", "tags": {"amenity": "school", "name": "Shree Bal Kalyan Primary School"}}}, {"type": "Feature", "geometry": {"type": "Point", "coordinates": [84.6639101, 28.1075046]}, "properties": {"external_id": "osm:node/4905337967", "kind": "school", "name": "Shree Namuna Daraudi Baal Bikas Kendra", "name_ne": "", "tags": {"amenity": "school", "name": "Shree Namuna Daraudi Baal Bikas Kendra"}}}, {"type": "Feature", "geometry": {"type": "Point", "coordinates": [84.6673668, 28.1391205]}, "properties": {"external_id": "osm:node/4905341487", "kind": "school", "name": "Shree Janaprabhat Primary School", "name_ne": "", "tags": {"amenity": "school", "name": "Shree Janaprabhat Primary School"}}}, {"type": "Feature", "geometry": {"type": "Point", "coordinates": [84.5425066, 27.9173248]}, "properties": {"external_id": "osm:node/4905343545", "kind": "settlement", "name": "Deurali", "name_ne": "देउराली", "tags": {"name": "Deurali", "name:ne": "देउराली", "place": "hamlet"}}}, {"type": "Feature", "geometry": {"type": "Point", "coordinates": [84.5403944, 27.9185193]}, "properties": {"external_id": "osm:node/4905343546", "kind": "school", "name": "Shri Ram Shah Ni Ma V", "name_ne": "", "tags": {"amenity": "school", "name": "Shri Ram Shah Ni Ma V"}}}, {"type": "Feature", "geometry": {"type": "Point", "coordinates": [84.5331625, 27.9396917]}, "properties": {"external_id": "osm:node/4905361670", "kind": "school", "name": "Shree Ram Shah Uccha Ma V", "name_ne": "", "tags": {"amenity": "school", "name": "Shree Ram Shah Uccha Ma V"}}}, {"type": "Feature", "geometry": {"type": "Point", "coordinates": [84.5464562, 27.9321628]}, "properties": {"external_id": "osm:node/4905362019", "kind": "school", "name": "Shree Bandevi Pra V", "name_ne": "", "tags": {"amenity": "school", "name": "Shree Bandevi Pra V"}}}, {"type": "Feature", "geometry": {"type": "Point", "coordinates": [84.5302154, 27.9353524]}, "properties": {"external_id": "osm:node/4905366360", "kind": "school", "name": "Shree Phulbari Pra V", "name_ne": "", "tags": {"amenity": "school", "name": "Shree Phulbari Pra V"}}}, {"type": "Feature", "geometry": {"type": "Point", "coordinates": [84.5177807, 27.9392836]}, "properties": {"external_id": "osm:node/4905403289", "kind": "school", "name": "Shree Mahalaxmi Pra V", "name_ne": "", "tags": {"amenity": "school", "name": "Shree Mahalaxmi Pra V"}}}, {"type": "Feature", "geometry": {"type": "Point", "coordinates": [84.4731085, 27.9537264]}, "properties": {"external_id": "osm:node/4908531981", "kind": "settlement", "name": "Dhuwakot", "name_ne": "धूवाकोट", "tags": {"name": "Dhuwakot", "name:ne": "धूवाकोट", "place": "village"}}}, {"type": "Feature", "geometry": {"type": "Point", "coordinates": [84.4811149, 27.9670231]}, "properties": {"external_id": "osm:node/4908534073", "kind": "school", "name": "Shree JanaKalyan Pra V", "name_ne": "", "tags": {"amenity": "school", "name": "Shree JanaKalyan Pra V"}}}, {"type": "Feature", "geometry": {"type": "Point", "coordinates": [84.462554, 27.9571185]}, "properties": {"external_id": "osm:node/4908546696", "kind": "school", "name": "Shree Kalika Pra V", "name_ne": "", "tags": {"amenity": "school", "name": "Shree Kalika Pra V"}}}, {"type": "Feature", "geometry": {"type": "Point", "coordinates": [84.437991, 27.9613087]}, "properties": {"external_id": "osm:node/4908549867", "kind": "settlement", "name": "Chyngli", "name_ne": "", "tags": {"name": "Chyngli", "place": "village"}}}, {"type": "Feature", "geometry": {"type": "Point", "coordinates": [84.4253115, 27.9742542]}, "properties": {"external_id": "osm:node/4908551642", "kind": "school", "name": "Shri Marshyangdi Pra V", "name_ne": "", "tags": {"amenity": "school", "name": "Shri Marshyangdi Pra V"}}}, {"type": "Feature", "geometry": {"type": "Point", "coordinates": [84.4431449, 27.9718338]}, "properties": {"external_id": "osm:node/4908590234", "kind": "school", "name": "Jivanjyoti Uchha Ma V", "name_ne": "", "tags": {"amenity": "school", "name": "Jivanjyoti Uchha Ma V"}}}, {"type": "Feature", "geometry": {"type": "Point", "coordinates": [84.4596689, 27.9954159]}, "properties": {"external_id": "osm:node/4908597995", "kind": "school", "name": "Shree Balkalyan Ni Ma V", "name_ne": "", "tags": {"amenity": "school", "name": "Shree Balkalyan Ni Ma V"}}}, {"type": "Feature", "geometry": {"type": "Point", "coordinates": [84.4817166, 27.9957745]}, "properties": {"external_id": "osm:node/4908606252", "kind": "school", "name": "Shree Rajgare Ma V", "name_ne": "", "tags": {"amenity": "school", "name": "Shree Rajgare Ma V"}}}, {"type": "Feature", "geometry": {"type": "Point", "coordinates": [84.4765565, 27.9888806]}, "properties": {"external_id": "osm:node/4908624576", "kind": "school", "name": "Shree Purbadhar Pra V", "name_ne": "", "tags": {"amenity": "school", "name": "Shree Purbadhar Pra V"}}}, {"type": "Feature", "geometry": {"type": "Point", "coordinates": [84.487345, 27.9808304]}, "properties": {"external_id": "osm:node/4908676185", "kind": "school", "name": "Shree Purthok Pra V", "name_ne": "", "tags": {"amenity": "school", "name": "Shree Purthok Pra V"}}}, {"type": "Feature", "geometry": {"type": "Point", "coordinates": [84.4938246, 27.9935672]}, "properties": {"external_id": "osm:node/4908685181", "kind": "settlement", "name": "Gaikhur", "name_ne": "गाइखुर", "tags": {"name": "Gaikhur", "name:ne": "गाइखुर", "place": "village"}}}, {"type": "Feature", "geometry": {"type": "Point", "coordinates": [84.4957074, 27.9928069]}, "properties": {"external_id": "osm:node/4908685182", "kind": "school", "name": "Shree Lamatari Pra V", "name_ne": "", "tags": {"amenity": "school", "name": "Shree Lamatari Pra V"}}}, {"type": "Feature", "geometry": {"type": "Point", "coordinates": [84.5106514, 27.9823262]}, "properties": {"external_id": "osm:node/4908697435", "kind": "settlement", "name": "Mirkot", "name_ne": "मिरकोट", "tags": {"name": "Mirkot", "name:ne": "मिरकोट", "place": "village"}}}, {"type": "Feature", "geometry": {"type": "Point", "coordinates": [84.5106386, 27.9837876]}, "properties": {"external_id": "osm:node/4908697436", "kind": "school", "name": "Shree Tribeni Ma V", "name_ne": "", "tags": {"amenity": "school", "name": "Shree Tribeni Ma V"}}}, {"type": "Feature", "geometry": {"type": "Point", "coordinates": [84.5170763, 27.966724]}, "properties": {"external_id": "osm:node/4908707426", "kind": "school", "name": "Shree Dhuwankot Pra V", "name_ne": "", "tags": {"amenity": "school", "name": "Shree Dhuwankot Pra V"}}}, {"type": "Feature", "geometry": {"type": "Point", "coordinates": [84.5472421, 27.9771535]}, "properties": {"external_id": "osm:node/4910235005", "kind": "school", "name": "Shree Dharmodaya Ma V", "name_ne": "", "tags": {"amenity": "school", "name": "Shree Dharmodaya Ma V"}}}, {"type": "Feature", "geometry": {"type": "Point", "coordinates": [84.5525092, 27.9986573]}, "properties": {"external_id": "osm:node/4910252857", "kind": "settlement", "name": "Mirkot", "name_ne": "मिरकोट", "tags": {"name": "Mirkot", "name:ne": "मिरकोट", "place": "village"}}}, {"type": "Feature", "geometry": {"type": "Point", "coordinates": [84.492006, 28.0107313]}, "properties": {"external_id": "osm:node/4910357649", "kind": "school", "name": "Shree Laxmi Uccha Ma V", "name_ne": "", "tags": {"amenity": "school", "name": "Shree Laxmi Uccha Ma V"}}}, {"type": "Feature", "geometry": {"type": "Point", "coordinates": [84.5172041, 28.0250615]}, "properties": {"external_id": "osm:node/4910366217", "kind": "settlement", "name": "Palungtar", "name_ne": "पालुङटार", "tags": {"name": "Palungtar", "name:ne": "पालुङटार", "place": "village"}}}, {"type": "Feature", "geometry": {"type": "Point", "coordinates": [84.5175527, 28.026217]}, "properties": {"external_id": "osm:node/4910366218", "kind": "school", "name": "Shree Amar Jyoti Janata Secondary School", "name_ne": "", "tags": {"amenity": "school", "name": "Shree Amar Jyoti Janata Secondary School"}}}, {"type": "Feature", "geometry": {"type": "Point", "coordinates": [84.4880766, 28.0542099]}, "properties": {"external_id": "osm:node/4910380208", "kind": "school", "name": "Shree Bhawani Uccha Ma V", "name_ne": "", "tags": {"amenity": "school", "name": "Shree Bhawani Uccha Ma V"}}}, {"type": "Feature", "geometry": {"type": "Point", "coordinates": [84.4944321, 28.0411915]}, "properties": {"external_id": "osm:node/4910474810", "kind": "school", "name": "Shree Bhrikuti Ni Ma V", "name_ne": "", "tags": {"amenity": "school", "name": "Shree Bhrikuti Ni Ma V"}}}, {"type": "Feature", "geometry": {"type": "Point", "coordinates": [84.5189018, 28.0406884]}, "properties": {"external_id": "osm:node/4910486834", "kind": "school", "name": "Shree Jayanti Pra V", "name_ne": "", "tags": {"amenity": "school", "name": "Shree Jayanti Pra V"}}}, {"type": "Feature", "geometry": {"type": "Point", "coordinates": [84.5157086, 28.0484501]}, "properties": {"external_id": "osm:node/4910488830", "kind": "school", "name": "Shree Sudarshan Ni Ma V", "name_ne": "", "tags": {"amenity": "school", "name": "Shree Sudarshan Ni Ma V"}}}, {"type": "Feature", "geometry": {"type": "Point", "coordinates": [84.5183614, 28.0611771]}, "properties": {"external_id": "osm:node/4910499844", "kind": "settlement", "name": "Aanppipal", "name_ne": "आनपिपल", "tags": {"name": "Aanppipal", "name:ne": "आनपिपल", "place": "village"}}}, {"type": "Feature", "geometry": {"type": "Point", "coordinates": [84.496773, 28.0638056]}, "properties": {"external_id": "osm:node/4910512781", "kind": "school", "name": "Shree Sudeni Pra V", "name_ne": "", "tags": {"amenity": "school", "name": "Shree Sudeni Pra V"}}}, {"type": "Feature", "geometry": {"type": "Point", "coordinates": [84.5014869, 28.0831806]}, "properties": {"external_id": "osm:node/4910518710", "kind": "school", "name": "Shree Sharada Pra V", "name_ne": "", "tags": {"amenity": "school", "name": "Shree Sharada Pra V"}}}, {"type": "Feature", "geometry": {"type": "Point", "coordinates": [84.5150073, 28.0775383]}, "properties": {"external_id": "osm:node/4910519941", "kind": "school", "name": "Shree Jana Jyoti Pra V", "name_ne": "", "tags": {"amenity": "school", "name": "Shree Jana Jyoti Pra V"}}}, {"type": "Feature", "geometry": {"type": "Point", "coordinates": [84.5202114, 28.0844596]}, "properties": {"external_id": "osm:node/4911948932", "kind": "settlement", "name": "Harmhi", "name_ne": "हामहि", "tags": {"name": "Harmhi", "name:ne": "हामहि", "place": "village"}}}, {"type": "Feature", "geometry": {"type": "Point", "coordinates": [84.5253874, 28.0825008]}, "properties": {"external_id": "osm:node/4911950518", "kind": "school", "name": "Shree Madrassa Darul Huda Pra V", "name_ne": "", "tags": {"amenity": "school", "name": "Shree Madrassa Darul Huda Pra V"}}}, {"type": "Feature", "geometry": {"type": "Point", "coordinates": [84.5304897, 28.0857386]}, "properties": {"external_id": "osm:node/4911958527", "kind": "school", "name": "Madrassa Ajijiya Daarul Ulum", "name_ne": "", "tags": {"amenity": "school", "name": "Madrassa Ajijiya Daarul Ulum"}}}, {"type": "Feature", "geometry": {"type": "Point", "coordinates": [84.5514437, 28.1051535]}, "properties": {"external_id": "osm:node/4911977362", "kind": "settlement", "name": "Thalajung", "name_ne": "थालाजङ", "tags": {"name": "Thalajung", "name:ne": "थालाजङ", "place": "village"}}}, {"type": "Feature", "geometry": {"type": "Point", "coordinates": [84.5552371, 28.1004239]}, "properties": {"external_id": "osm:node/4911981945", "kind": "school", "name": "Shree Dumribot Pra V", "name_ne": "", "tags": {"amenity": "school", "name": "Shree Dumribot Pra V"}}}, {"type": "Feature", "geometry": {"type": "Point", "coordinates": [84.5661161, 28.1137983]}, "properties": {"external_id": "osm:node/4911985085", "kind": "school", "name": "Shree Jhimrek Mahipate Ma V", "name_ne": "", "tags": {"amenity": "school", "name": "Shree Jhimrek Mahipate Ma V"}}}, {"type": "Feature", "geometry": {"type": "Point", "coordinates": [84.5650734, 28.1204399]}, "properties": {"external_id": "osm:node/4911988421", "kind": "school", "name": "Shree Bhadra Kali Pra V", "name_ne": "", "tags": {"amenity": "school", "name": "Shree Bhadra Kali Pra V"}}}, {"type": "Feature", "geometry": {"type": "Point", "coordinates": [84.5628459, 28.0769922]}, "properties": {"external_id": "osm:node/4912008955", "kind": "school", "name": "Shree Mahendra Lila Uccha Ma V", "name_ne": "", "tags": {"amenity": "school", "name": "Shree Mahendra Lila Uccha Ma V"}}}, {"type": "Feature", "geometry": {"type": "Point", "coordinates": [84.5486542, 28.0745155]}, "properties": {"external_id": "osm:node/4912152490", "kind": "school", "name": "Shree Darmichour Pra V", "name_ne": "", "tags": {"amenity": "school", "name": "Shree Darmichour Pra V"}}}, {"type": "Feature", "geometry": {"type": "Point", "coordinates": [84.5485765, 28.0629387]}, "properties": {"external_id": "osm:node/4912159963", "kind": "school", "name": "Shree Jana Chetana Pra V", "name_ne": "", "tags": {"amenity": "school", "name": "Shree Jana Chetana Pra V"}}}, {"type": "Feature", "geometry": {"type": "Point", "coordinates": [84.5429627, 28.0601924]}, "properties": {"external_id": "osm:node/4912161900", "kind": "school", "name": "Shree Himalaya Pra V", "name_ne": "", "tags": {"amenity": "school", "name": "Shree Himalaya Pra V"}}}, {"type": "Feature", "geometry": {"type": "Point", "coordinates": [84.5409201, 28.0757734]}, "properties": {"external_id": "osm:node/4912169942", "kind": "school", "name": "Shree Prithvi Narayan Pra V", "name_ne": "", "tags": {"amenity": "school", "name": "Shree Prithvi Narayan Pra V"}}}, {"type": "Feature", "geometry": {"type": "Point", "coordinates": [84.5230573, 27.9224973]}, "properties": {"external_id": "osm:node/4912198898", "kind": "settlement", "name": "Deurali", "name_ne": "देउराली", "tags": {"name": "Deurali", "name:ne": "देउराली", "place": "village"}}}, {"type": "Feature", "geometry": {"type": "Point", "coordinates": [84.5905302, 27.9365727]}, "properties": {"external_id": "osm:node/4912203436", "kind": "settlement", "name": "Bakrang", "name_ne": "बकराङ", "tags": {"name": "Bakrang", "name:ne": "बकराङ", "place": "village"}}}, {"type": "Feature", "geometry": {"type": "Point", "coordinates": [84.5890295, 27.9372753]}, "properties": {"external_id": "osm:node/4912203437", "kind": "school", "name": "Shree Laxmi Pra V", "name_ne": "", "tags": {"amenity": "school", "name": "Shree Laxmi Pra V"}}}, {"type": "Feature", "geometry": {"type": "Point", "coordinates": [84.6175884, 27.9377587]}, "properties": {"external_id": "osm:node/4912215484", "kind": "school", "name": "Shree Rishikul Pra V", "name_ne": "", "tags": {"amenity": "school", "name": "Shree Rishikul Pra V"}}}, {"type": "Feature", "geometry": {"type": "Point", "coordinates": [84.6536426, 28.0522192]}, "properties": {"external_id": "osm:node/4914391751", "kind": "school", "name": "Shree Nimel Pra. V", "name_ne": "", "tags": {"amenity": "school", "name": "Shree Nimel Pra. V"}}}, {"type": "Feature", "geometry": {"type": "Point", "coordinates": [84.6981217, 28.0200763]}, "properties": {"external_id": "osm:node/4914487103", "kind": "settlement", "name": "Asrang", "name_ne": "आसराङ", "tags": {"name": "Asrang", "name:ne": "आसराङ", "place": "village"}}}, {"type": "Feature", "geometry": {"type": "Point", "coordinates": [84.698815, 28.0210613]}, "properties": {"external_id": "osm:node/4914487104", "kind": "school", "name": "Madarsa Anubarul Ulum Pra. V", "name_ne": "", "tags": {"amenity": "school", "name": "Madarsa Anubarul Ulum Pra. V"}}}, {"type": "Feature", "geometry": {"type": "Point", "coordinates": [84.6481428, 27.9399986]}, "properties": {"external_id": "osm:node/4914587465", "kind": "school", "name": "Shree Durga pra v", "name_ne": "", "tags": {"amenity": "school", "name": "Shree Durga pra v"}}}, {"type": "Feature", "geometry": {"type": "Point", "coordinates": [84.6764253, 27.9481289]}, "properties": {"external_id": "osm:node/4914668018", "kind": "school", "name": "Shree Lakhan Thapa Pra. V", "name_ne": "", "tags": {"amenity": "school", "name": "Shree Lakhan Thapa Pra. V"}}}, {"type": "Feature", "geometry": {"type": "Point", "coordinates": [84.6842085, 27.9679547]}, "properties": {"external_id": "osm:node/4914674740", "kind": "school", "name": "Shree Bhubneshwori Pra. V", "name_ne": "", "tags": {"amenity": "school", "name": "Shree Bhubneshwori Pra. V"}}}, {"type": "Feature", "geometry": {"type": "Point", "coordinates": [84.6670872, 27.9746367]}, "properties": {"external_id": "osm:node/4914676480", "kind": "school", "name": "Shree Ram Laxman Pra. V", "name_ne": "", "tags": {"amenity": "school", "name": "Shree Ram Laxman Pra. V"}}}, {"type": "Feature", "geometry": {"type": "Point", "coordinates": [84.5598579, 27.9613054]}, "properties": {"external_id": "osm:node/4914685029", "kind": "school", "name": "Shree Mahendra Uchha Ma V", "name_ne": "", "tags": {"amenity": "school", "name": "Shree Mahendra Uchha Ma V"}}}, {"type": "Feature", "geometry": {"type": "Point", "coordinates": [84.666498, 27.9267642]}, "properties": {"external_id": "osm:node/4915916928", "kind": "school", "name": "Shree Himalaya Ma V", "name_ne": "", "tags": {"amenity": "school", "name": "Shree Himalaya Ma V"}}}, {"type": "Feature", "geometry": {"type": "Point", "coordinates": [84.6597755, 27.9252589]}, "properties": {"external_id": "osm:node/4915919966", "kind": "school", "name": "Shree Mandali Pra V", "name_ne": "", "tags": {"amenity": "school", "name": "Shree Mandali Pra V"}}}, {"type": "Feature", "geometry": {"type": "Point", "coordinates": [84.6696025, 27.9131572]}, "properties": {"external_id": "osm:node/4915923389", "kind": "school", "name": "Shree Bhagawati Himali Uchha Ma V", "name_ne": "", "tags": {"amenity": "school", "name": "Shree Bhagawati Himali Uchha Ma V"}}}, {"type": "Feature", "geometry": {"type": "Point", "coordinates": [84.6504716, 27.9239072]}, "properties": {"external_id": "osm:node/4915923711", "kind": "school", "name": "Shree Chandrakala Pra V", "name_ne": "", "tags": {"amenity": "school", "name": "Shree Chandrakala Pra V"}}}, {"type": "Feature", "geometry": {"type": "Point", "coordinates": [84.6222923, 27.9039479]}, "properties": {"external_id": "osm:node/4915930699", "kind": "school", "name": "Shree Sinjali Ma V", "name_ne": "", "tags": {"amenity": "school", "name": "Shree Sinjali Ma V"}}}, {"type": "Feature", "geometry": {"type": "Point", "coordinates": [84.6174338, 27.9693281]}, "properties": {"external_id": "osm:node/4915961261", "kind": "school", "name": "Drabya Shah Multiple Campus", "name_ne": "", "tags": {"amenity": "school", "name": "Drabya Shah Multiple Campus"}}}, {"type": "Feature", "geometry": {"type": "Point", "coordinates": [84.5733521, 27.9969036]}, "properties": {"external_id": "osm:node/4915966765", "kind": "school", "name": "Shree Tara Secondary School", "name_ne": "श्री तारा मा. वि.", "tags": {"amenity": "school", "name": "Shree Tara Secondary School", "name:ne": "श्री तारा मा. वि.", "operator": "Public"}}}, {"type": "Feature", "geometry": {"type": "Point", "coordinates": [84.6817833, 28.0148207]}, "properties": {"external_id": "osm:node/4915967521", "kind": "school", "name": "Shree Jana Jyoti Ni. Ma. V", "name_ne": "", "tags": {"amenity": "school", "name": "Shree Jana Jyoti Ni. Ma. V"}}}, {"type": "Feature", "geometry": {"type": "Point", "coordinates": [84.6772977, 28.0270883]}, "properties": {"external_id": "osm:node/4915967980", "kind": "school", "name": "Madrasa Islamiya Barkatiya", "name_ne": "", "tags": {"amenity": "school", "name": "Madrasa Islamiya Barkatiya"}}}, {"type": "Feature", "geometry": {"type": "Point", "coordinates": [84.5677355, 27.9965335]}, "properties": {"external_id": "osm:node/4915987278", "kind": "school", "name": "Suryodaya Bal Bikas", "name_ne": "", "tags": {"amenity": "school", "name": "Suryodaya Bal Bikas"}}}, {"type": "Feature", "geometry": {"type": "Point", "coordinates": [84.6517725, 28.0277045]}, "properties": {"external_id": "osm:node/4915991835", "kind": "school", "name": "Shree Dumshree Pra. V", "name_ne": "", "tags": {"amenity": "school", "name": "Shree Dumshree Pra. V"}}}, {"type": "Feature", "geometry": {"type": "Point", "coordinates": [84.6093104, 27.9848487]}, "properties": {"external_id": "osm:node/4915997251", "kind": "school", "name": "Shree Chandrodaya Pra V", "name_ne": "", "tags": {"amenity": "school", "name": "Shree Chandrodaya Pra V"}}}, {"type": "Feature", "geometry": {"type": "Point", "coordinates": [84.6227147, 28.0029278]}, "properties": {"external_id": "osm:node/4916100857", "kind": "school", "name": "Shree krishna Pra V", "name_ne": "", "tags": {"amenity": "school", "name": "Shree krishna Pra V"}}}, {"type": "Feature", "geometry": {"type": "Point", "coordinates": [84.6283997, 27.9987573]}, "properties": {"external_id": "osm:node/4916130743", "kind": "school", "name": "Shree Prithivi Narayan Bal Bikas Pra V", "name_ne": "", "tags": {"amenity": "school", "name": "Shree Prithivi Narayan Bal Bikas Pra V"}}}, {"type": "Feature", "geometry": {"type": "Point", "coordinates": [84.6939781, 27.9716919]}, "properties": {"external_id": "osm:node/4916233454", "kind": "school", "name": "Shree Ramche Pra. V", "name_ne": "", "tags": {"amenity": "school", "name": "Shree Ramche Pra. V"}}}, {"type": "Feature", "geometry": {"type": "Point", "coordinates": [84.6783189, 28.0181909]}, "properties": {"external_id": "osm:node/4916253999", "kind": "school", "name": "Manpur Madarsa", "name_ne": "", "tags": {"amenity": "school", "name": "Manpur Madarsa"}}}, {"type": "Feature", "geometry": {"type": "Point", "coordinates": [84.6630994, 28.0202814]}, "properties": {"external_id": "osm:node/4916260174", "kind": "school", "name": "Madrasa Serajul Uloom", "name_ne": "", "tags": {"amenity": "school", "name": "Madrasa Serajul Uloom"}}}, {"type": "Feature", "geometry": {"type": "Point", "coordinates": [84.6584156, 28.020195]}, "properties": {"external_id": "osm:node/4916263154", "kind": "school", "name": "Islamia Madrassa", "name_ne": "", "tags": {"amenity": "school", "name": "Islamia Madrassa"}}}, {"type": "Feature", "geometry": {"type": "Point", "coordinates": [84.6606874, 28.0360767]}, "properties": {"external_id": "osm:node/4916413557", "kind": "school", "name": "Madrasa Islamiya Barkatiya", "name_ne": "", "tags": {"amenity": "school", "name": "Madrasa Islamiya Barkatiya"}}}, {"type": "Feature", "geometry": {"type": "Point", "coordinates": [84.6523715, 28.0101959]}, "properties": {"external_id": "osm:node/4916420607", "kind": "school", "name": "Shree Saraswati Uchha.Ma. V", "name_ne": "", "tags": {"amenity": "school", "name": "Shree Saraswati Uchha.Ma. V"}}}, {"type": "Feature", "geometry": {"type": "Point", "coordinates": [84.6791746, 28.0269356]}, "properties": {"external_id": "osm:node/4916697329", "kind": "school", "name": "Madarsa Hanfiya Razawiya Pra. V", "name_ne": "", "tags": {"amenity": "school", "name": "Madarsa Hanfiya Razawiya Pra. V"}}}, {"type": "Feature", "geometry": {"type": "Point", "coordinates": [84.6448503, 28.0451118]}, "properties": {"external_id": "osm:node/4916699546", "kind": "school", "name": "Shree Daya Jyoti Pra. V", "name_ne": "", "tags": {"amenity": "school", "name": "Shree Daya Jyoti Pra. V"}}}, {"type": "Feature", "geometry": {"type": "Point", "coordinates": [84.6592096, 28.0388099]}, "properties": {"external_id": "osm:node/4916701042", "kind": "school", "name": "Shree Bag Bhairab Pra. V", "name_ne": "", "tags": {"amenity": "school", "name": "Shree Bag Bhairab Pra. V"}}}, {"type": "Feature", "geometry": {"type": "Point", "coordinates": [84.6367595, 28.0236824]}, "properties": {"external_id": "osm:node/4916706161", "kind": "school", "name": "Shree Bindhyabasini Uchha. Ma. V", "name_ne": "", "tags": {"amenity": "school", "name": "Shree Bindhyabasini Uchha. Ma. V"}}}, {"type": "Feature", "geometry": {"type": "Point", "coordinates": [84.4520121, 28.1041126]}, "properties": {"external_id": "osm:node/4920489152", "kind": "school", "name": "अमर ज्योति प्राथमिक बिध्यालय", "name_ne": "अमर ज्योति प्राथमिक बिध्यालय", "tags": {"amenity": "school", "name": "अमर ज्योति प्राथमिक बिध्यालय"}}}, {"type": "Feature", "geometry": {"type": "Point", "coordinates": [84.457519, 28.110056]}, "properties": {"external_id": "osm:node/4920489153", "kind": "school", "name": "सुदर्शन प्राथमिक बिध्यालय", "name_ne": "सुदर्शन प्राथमिक बिध्यालय", "tags": {"amenity": "school", "name": "सुदर्शन प्राथमिक बिध्यालय"}}}, {"type": "Feature", "geometry": {"type": "Point", "coordinates": [84.4438551, 28.0999364]}, "properties": {"external_id": "osm:node/4997162723", "kind": "police", "name": "Police station,Dhamilikuwa", "name_ne": "", "tags": {"amenity": "police", "name:en": "Police station,Dhamilikuwa"}}}, {"type": "Feature", "geometry": {"type": "Point", "coordinates": [84.6331015, 28.6504397]}, "properties": {"external_id": "osm:node/5002839285", "kind": "tourism", "name": "New Tashi Deleg", "name_ne": "", "tags": {"name": "New Tashi Deleg", "tourism": "hotel"}}}, {"type": "Feature", "geometry": {"type": "Point", "coordinates": [84.633345, 28.650303]}, "properties": {"external_id": "osm:node/5002839286", "kind": "tourism", "name": "", "name_ne": "", "tags": {"tourism": "hotel"}}}, {"type": "Feature", "geometry": {"type": "Point", "coordinates": [84.6332089, 28.649565]}, "properties": {"external_id": "osm:node/5002839287", "kind": "tourism", "name": "Cheese Karsay Lodge", "name_ne": "", "tags": {"name": "Cheese Karsay Lodge", "tourism": "hostel"}}}, {"type": "Feature", "geometry": {"type": "Point", "coordinates": [84.4978511, 28.0942642]}, "properties": {"external_id": "osm:node/5070751521", "kind": "health", "name": "chakratirtha ayurbed ausadhalayatinpiple", "name_ne": "", "tags": {"amenity": "hospital", "name:en": "chakratirtha ayurbed ausadhalayatinpiple"}}}, {"type": "Feature", "geometry": {"type": "Point", "coordinates": [84.2421776, 28.5516359]}, "properties": {"external_id": "osm:node/5083092421", "kind": "tourism", "name": "Royal Garden Hotel", "name_ne": "", "tags": {"name:en": "Royal Garden Hotel", "tourism": "hotel"}}}, {"type": "Feature", "geometry": {"type": "Point", "coordinates": [84.5412443, 27.9033893]}, "properties": {"external_id": "osm:node/5111832723", "kind": "tourism", "name": "Bandipure Hotel", "name_ne": "", "tags": {"name:en": "Bandipure Hotel", "tourism": "hotel"}}}, {"type": "Feature", "geometry": {"type": "Point", "coordinates": [84.266156, 27.9757098]}, "properties": {"external_id": "osm:node/5144896221", "kind": "school", "name": "Barahi Awasiya madhyamik vidhyalaya", "name_ne": "", "tags": {"amenity": "school", "name": "Barahi Awasiya madhyamik vidhyalaya", "name:en": "Barahi Awasiya madhyamik vidhyalaya"}}}, {"type": "Feature", "geometry": {"type": "Point", "coordinates": [84.2595217, 27.9792486]}, "properties": {"external_id": "osm:node/5147934536", "kind": "tourism", "name": "Hotel River View", "name_ne": "", "tags": {"name": "Hotel River View", "tourism": "guest_house"}}}, {"type": "Feature", "geometry": {"type": "Point", "coordinates": [84.2513171, 27.9806711]}, "properties": {"external_id": "osm:node/5147935722", "kind": "tourism", "name": "Ganesh restaurant and lodge", "name_ne": "", "tags": {"name": "Ganesh restaurant and lodge", "tourism": "guest_house"}}}, {"type": "Feature", "geometry": {"type": "Point", "coordinates": [84.2522889, 28.55041]}, "properties": {"external_id": "osm:node/5149839327", "kind": "tourism", "name": "", "name_ne": "", "tags": {"tourism": "hotel"}}}, {"type": "Feature", "geometry": {"type": "Point", "coordinates": [84.3875323, 28.300319]}, "properties": {"external_id": "osm:node/5151689821", "kind": "tourism", "name": "Hil ton annapurna garden", "name_ne": "", "tags": {"name": "Hotel Hilton", "name:en": "Hil ton annapurna garden", "tourism": "guest_house"}}}, {"type": "Feature", "geometry": {"type": "Point", "coordinates": [84.264226, 28.3093153]}, "properties": {"external_id": "osm:node/5156553388", "kind": "settlement", "name": "Bhujung", "name_ne": "", "tags": {"name": "Bhujung", "place": "village"}}}, {"type": "Feature", "geometry": {"type": "Point", "coordinates": [84.2708527, 27.9745755]}, "properties": {"external_id": "osm:node/5159638121", "kind": "school", "name": "Vyas Dibya Jyoti Boarding School", "name_ne": "", "tags": {"amenity": "school", "name:en": "Vyas Dibya Jyoti Boarding School"}}}, {"type": "Feature", "geometry": {"type": "Point", "coordinates": [84.2704559, 27.9769871]}, "properties": {"external_id": "osm:node/5164585521", "kind": "tourism", "name": "Green Park Hotel", "name_ne": "", "tags": {"name": "Green Park Hotel", "tourism": "hotel"}}}, {"type": "Feature", "geometry": {"type": "Point", "coordinates": [84.4101023, 27.9618272]}, "properties": {"external_id": "osm:node/5164586421", "kind": "tourism", "name": "Mustang Hoyrl & Bandipur Lodge", "name_ne": "", "tags": {"name": "Mustang Hoyrl & Bandipur Lodge", "tourism": "hotel"}}}, {"type": "Feature", "geometry": {"type": "Point", "coordinates": [84.536221, 27.9096872]}, "properties": {"external_id": "osm:node/5166929621", "kind": "school", "name": "Future Star English Boarding School", "name_ne": "", "tags": {"amenity": "school", "name:en": "Future Star English Boarding School", "operator": "Rishi KC"}}}, {"type": "Feature", "geometry": {"type": "Point", "coordinates": [84.242484, 28.5524376]}, "properties": {"external_id": "osm:node/5169245632", "kind": "tourism", "name": "Mountain view lodge", "name_ne": "", "tags": {"name:en": "Mountain view lodge", "tourism": "guest_house"}}}, {"type": "Feature", "geometry": {"type": "Point", "coordinates": [84.4018892, 28.3146478]}, "properties": {"external_id": "osm:node/5173527915", "kind": "settlement", "name": "Ngadi Khola", "name_ne": "", "tags": {"name": "Ngadi Khola", "place": "village"}}}, {"type": "Feature", "geometry": {"type": "Point", "coordinates": [84.4713434, 28.633513]}, "properties": {"external_id": "osm:node/5183490932", "kind": "tourism", "name": "Apple Garden Hotel Wooden cabins", "name_ne": "", "tags": {"name": "Apple Garden Hotel Wooden cabins", "tourism": "hotel"}}}, {"type": "Feature", "geometry": {"type": "Point", "coordinates": [84.4034598, 28.5664347]}, "properties": {"external_id": "osm:node/5183538022", "kind": "tourism", "name": "Manaslu hotel", "name_ne": "", "tags": {"name:en": "Manaslu hotel", "tourism": "hotel"}}}, {"type": "Feature", "geometry": {"type": "Point", "coordinates": [84.3815447, 28.5457318]}, "properties": {"external_id": "osm:node/5199721222", "kind": "tourism", "name": "Tibetan hotel", "name_ne": "", "tags": {"name:en": "Tibetan hotel", "tourism": "hotel"}}}, {"type": "Feature", "geometry": {"type": "Point", "coordinates": [84.3814579, 28.5455344]}, "properties": {"external_id": "osm:node/5199721223", "kind": "tourism", "name": "Napa Valley", "name_ne": "", "tags": {"name:en": "Napa Valley", "tourism": "hotel"}}}, {"type": "Feature", "geometry": {"type": "Point", "coordinates": [84.3814058, 28.5451967]}, "properties": {"external_id": "osm:node/5199721224", "kind": "tourism", "name": "Tilche Village Hotel", "name_ne": "", "tags": {"name:en": "Tilche Village Hotel", "tourism": "hotel"}}}, {"type": "Feature", "geometry": {"type": "Point", "coordinates": [84.3820068, 28.5461495]}, "properties": {"external_id": "osm:node/5199730322", "kind": "tourism", "name": "the north face", "name_ne": "", "tags": {"name:en": "the north face", "tourism": "hotel"}}}, {"type": "Feature", "geometry": {"type": "Point", "coordinates": [84.3820269, 28.5461989]}, "properties": {"external_id": "osm:node/5199730421", "kind": "tourism", "name": "The north face", "name_ne": "", "tags": {"name:en": "The north face", "tourism": "hotel"}}}, {"type": "Feature", "geometry": {"type": "Point", "coordinates": [84.3811584, 28.5446684]}, "properties": {"external_id": "osm:node/5199730422", "kind": "tourism", "name": "River view", "name_ne": "", "tags": {"name:en": "River view", "tourism": "hotel"}}}, {"type": "Feature", "geometry": {"type": "Point", "coordinates": [84.3696815, 28.2917837]}, "properties": {"external_id": "osm:node/5203880922", "kind": "tourism", "name": "Thorang gest house", "name_ne": "", "tags": {"name:en": "Thorang gest house", "tourism": "guest_house"}}}, {"type": "Feature", "geometry": {"type": "Point", "coordinates": [84.3732953, 28.467009]}, "properties": {"external_id": "osm:node/5206288224", "kind": "tourism", "name": "Sunrise guesthouse", "name_ne": "", "tags": {"name:en": "Sunrise guesthouse", "tourism": "guest_house"}}}, {"type": "Feature", "geometry": {"type": "Point", "coordinates": [84.358304, 28.5196891]}, "properties": {"external_id": "osm:node/5206544921", "kind": "tourism", "name": "Manaslu Hotel Restaurant", "name_ne": "", "tags": {"name:en": "Manaslu Hotel Restaurant", "tourism": "guest_house"}}}, {"type": "Feature", "geometry": {"type": "Point", "coordinates": [84.3362625, 28.5361845]}, "properties": {"external_id": "osm:node/5210237226", "kind": "tourism", "name": "Greenland hotel maybe", "name_ne": "", "tags": {"name:en": "Greenland hotel maybe", "tourism": "hotel"}}}, {"type": "Feature", "geometry": {"type": "Point", "coordinates": [84.242722, 28.5524696]}, "properties": {"external_id": "osm:node/5210252821", "kind": "tourism", "name": "Hotel mountain lodge", "name_ne": "", "tags": {"name:en": "Hotel mountain lodge", "tourism": "hotel"}}}, {"type": "Feature", "geometry": {"type": "Point", "coordinates": [84.3463111, 28.5289424]}, "properties": {"external_id": "osm:node/5216223969", "kind": "school", "name": "", "name_ne": "", "tags": {"amenity": "school"}}}, {"type": "Feature", "geometry": {"type": "Point", "coordinates": [84.4644996, 27.9378241]}, "properties": {"external_id": "osm:node/5234901725", "kind": "tourism", "name": "", "name_ne": "", "tags": {"tourism": "hotel"}}}, {"type": "Feature", "geometry": {"type": "Point", "coordinates": [84.3480766, 27.9874288]}, "properties": {"external_id": "osm:node/5234909924", "kind": "tourism", "name": "New Bikash Highway Hotel and Restrurent", "name_ne": "", "tags": {"highway": "rest_area", "name:en": "New Bikash Highway Hotel and Restrurent", "tourism": "hotel"}}}, {"type": "Feature", "geometry": {"type": "Point", "coordinates": [84.406664, 27.9415501]}, "properties": {"external_id": "osm:node/5240355022", "kind": "health", "name": "Bandipur Hospital", "name_ne": "", "tags": {"amenity": "hospital", "name:en": "Bandipur Hospital"}}}, {"type": "Feature", "geometry": {"type": "Point", "coordinates": [84.6001815, 28.5940526]}, "properties": {"external_id": "osm:node/5255108622", "kind": "tourism", "name": "Manaslu Base Camp", "name_ne": "", "tags": {"name": "Manaslu Base Camp", "name:en": "Manaslu Base Camp", "tourism": "camp_site"}}}, {"type": "Feature", "geometry": {"type": "Point", "coordinates": [84.4925129, 28.1324162]}, "properties": {"external_id": "osm:node/5265201521", "kind": "settlement", "name": "Rainaskot", "name_ne": "", "tags": {"name": "Rainaskot", "place": "village"}}}, {"type": "Feature", "geometry": {"type": "Point", "coordinates": [84.4059442, 27.9372167]}, "properties": {"external_id": "osm:node/5267468722", "kind": "tourism", "name": "newa guesthouse", "name_ne": "", "tags": {"name:en": "newa guesthouse", "tourism": "hotel"}}}, {"type": "Feature", "geometry": {"type": "Point", "coordinates": [84.4080927, 27.9381907]}, "properties": {"external_id": "osm:node/5271966821", "kind": "tourism", "name": "Pradhan Hotel", "name_ne": "", "tags": {"name:en": "Pradhan Hotel", "tourism": "guest_house"}}}, {"type": "Feature", "geometry": {"type": "Point", "coordinates": [84.4060435, 27.939196]}, "properties": {"external_id": "osm:node/5302477232", "kind": "tourism", "name": "Bandipur Guest-House", "name_ne": "", "tags": {"name:en": "Bandipur Guest-House", "tourism": "hostel"}}}, {"type": "Feature", "geometry": {"type": "Point", "coordinates": [84.2245824, 28.2734391]}, "properties": {"external_id": "osm:node/5329239007", "kind": "settlement", "name": "Pasgaun", "name_ne": "", "tags": {"name": "Pasgaun", "place": "village", "population": "700"}}}, {"type": "Feature", "geometry": {"type": "Point", "coordinates": [84.2679973, 27.9748919]}, "properties": {"external_id": "osm:node/5365806312", "kind": "school", "name": "Mahamahi Secondary School", "name_ne": "", "tags": {"amenity": "school", "name": "Mahamahi Secondary School"}}}, {"type": "Feature", "geometry": {"type": "Point", "coordinates": [84.6237363, 27.997746]}, "properties": {"external_id": "osm:node/5406304925", "kind": "tourism", "name": "Hotel Paradise", "name_ne": "", "tags": {"name:en": "Hotel Paradise", "tourism": "hotel"}}}, {"type": "Feature", "geometry": {"type": "Point", "coordinates": [84.3089534, 28.2769485]}, "properties": {"external_id": "osm:node/5458061321", "kind": "tourism", "name": "home stay nr. 9", "name_ne": "", "tags": {"name:en": "home stay nr. 9", "tourism": "alpine_hut"}}}, {"type": "Feature", "geometry": {"type": "Point", "coordinates": [84.3613366, 27.9486352]}, "properties": {"external_id": "osm:node/5470707723", "kind": "tourism", "name": "Mountain view hotel", "name_ne": "", "tags": {"name:en": "Mountain view hotel", "tourism": "alpine_hut"}}}, {"type": "Feature", "geometry": {"type": "Point", "coordinates": [84.6770056, 27.9016594]}, "properties": {"external_id": "osm:node/5480270421", "kind": "school", "name": "Patiswara", "name_ne": "", "tags": {"amenity": "school", "name:en": "Patiswara"}}}, {"type": "Feature", "geometry": {"type": "Point", "coordinates": [84.3580209, 28.5197969]}, "properties": {"external_id": "osm:node/5501270823", "kind": "tourism", "name": "Hayat Gesthouse", "name_ne": "", "tags": {"name:en": "Hayat Gesthouse", "tourism": "alpine_hut"}}}, {"type": "Feature", "geometry": {"type": "Point", "coordinates": [84.361357, 27.948516]}, "properties": {"external_id": "osm:node/5606956522", "kind": "tourism", "name": "Mountain View", "name_ne": "", "tags": {"name:en": "Mountain View", "tourism": "guest_house"}}}, {"type": "Feature", "geometry": {"type": "Point", "coordinates": [84.4861071, 28.0506589]}, "properties": {"external_id": "osm:node/5626838821", "kind": "tourism", "name": "Hotel Peace Heaven Palungtar", "name_ne": "", "tags": {"name:en": "Hotel Peace Heaven Palungtar", "operator": "Mr. Ishwor Basnet", "tourism": "guest_house"}}}, {"type": "Feature", "geometry": {"type": "Point", "coordinates": [84.4086577, 28.4056696]}, "properties": {"external_id": "osm:node/5686753671", "kind": "tourism", "name": "Marco Polo", "name_ne": "", "tags": {"name:en": "Marco Polo", "tourism": "hotel"}}}, {"type": "Feature", "geometry": {"type": "Point", "coordinates": [84.296522, 28.5423164]}, "properties": {"external_id": "osm:node/5695735967", "kind": "tourism", "name": "K-M Hill Side Hotel & Restaurant", "name_ne": "", "tags": {"name:en": "K-M Hill Side Hotel & Restaurant", "tourism": "hotel"}}}, {"type": "Feature", "geometry": {"type": "Point", "coordinates": [84.2967427, 28.5422018]}, "properties": {"external_id": "osm:node/5695735968", "kind": "tourism", "name": "Royal Mountain Hotel & Lodge", "name_ne": "", "tags": {"name:en": "Royal Mountain Hotel & Lodge", "tourism": "hotel"}}}, {"type": "Feature", "geometry": {"type": "Point", "coordinates": [84.2078285, 28.5683421]}, "properties": {"external_id": "osm:node/5695753621", "kind": "tourism", "name": "Campsite", "name_ne": "", "tags": {"name:en": "Campsite", "tourism": "camp_site"}}}, {"type": "Feature", "geometry": {"type": "Point", "coordinates": [84.402073, 28.3144349]}, "properties": {"external_id": "osm:node/5703928321", "kind": "tourism", "name": "Esther hotel", "name_ne": "", "tags": {"name:en": "Esther hotel", "tourism": "guest_house"}}}, {"type": "Feature", "geometry": {"type": "Point", "coordinates": [84.4021046, 28.3142904]}, "properties": {"external_id": "osm:node/5703928322", "kind": "tourism", "name": "Campsite at Guesthouse", "name_ne": "", "tags": {"name:en": "Campsite at Guesthouse", "tourism": "camp_site"}}}, {"type": "Feature", "geometry": {"type": "Point", "coordinates": [84.5431126, 28.0894673]}, "properties": {"external_id": "osm:node/5757794974", "kind": "settlement", "name": "Parajuli Gaun", "name_ne": "", "tags": {"name": "Parajuli Gaun", "place": "village", "population": "200"}}}, {"type": "Feature", "geometry": {"type": "Point", "coordinates": [84.3049285, 28.1878251]}, "properties": {"external_id": "osm:node/5802690153", "kind": "health", "name": "", "name_ne": "", "tags": {"amenity": "hospital"}}}, {"type": "Feature", "geometry": {"type": "Point", "coordinates": [84.404644, 28.3734188]}, "properties": {"external_id": "osm:node/5810517056", "kind": "tourism", "name": "The Peaceful Guest House", "name_ne": "", "tags": {"name:en": "The Peaceful Guest House", "tourism": "guest_house"}}}, {"type": "Feature", "geometry": {"type": "Point", "coordinates": [84.3891326, 28.4378718]}, "properties": {"external_id": "osm:node/5839896129", "kind": "settlement", "name": "Chamje", "name_ne": "", "tags": {"name": "Chamje", "place": "hamlet"}}}, {"type": "Feature", "geometry": {"type": "Point", "coordinates": [84.3989053, 28.3086715]}, "properties": {"external_id": "osm:node/5884148185", "kind": "tourism", "name": "Sky View", "name_ne": "", "tags": {"name:en": "Sky View", "tourism": "guest_house"}}}, {"type": "Feature", "geometry": {"type": "Point", "coordinates": [84.3901465, 28.4347489]}, "properties": {"external_id": "osm:node/5884148186", "kind": "tourism", "name": "Tibetan Hotel", "name_ne": "", "tags": {"name": "Tibetan Hotel", "tourism": "hotel"}}}, {"type": "Feature", "geometry": {"type": "Point", "coordinates": [84.3719639, 28.2370573]}, "properties": {"external_id": "osm:node/5915086985", "kind": "tourism", "name": "Hotel Mount Kailash & Restaurant", "name_ne": "", "tags": {"name:en": "Hotel Mount Kailash & Restaurant", "tourism": "guest_house"}}}, {"type": "Feature", "geometry": {"type": "Point", "coordinates": [84.4009608, 28.3843378]}, "properties": {"external_id": "osm:node/5965274287", "kind": "tourism", "name": "Blue sky Guest house", "name_ne": "", "tags": {"name:en": "Blue sky Guest house", "operator": "Meg b. gurung", "tourism": "guest_house"}}}, {"type": "Feature", "geometry": {"type": "Point", "coordinates": [84.2447734, 28.5497275]}, "properties": {"external_id": "osm:node/5974928285", "kind": "tourism", "name": "Tilicho Guest House", "name_ne": "", "tags": {"name:en": "Tilicho Guest House", "tourism": "guest_house"}}}, {"type": "Feature", "geometry": {"type": "Point", "coordinates": [84.3719639, 28.2370119]}, "properties": {"external_id": "osm:node/5997741789", "kind": "tourism", "name": "Hotel Mount Kailash Guest House", "name_ne": "", "tags": {"name:en": "Hotel Mount Kailash Guest House", "tourism": "hostel"}}}, {"type": "Feature", "geometry": {"type": "Point", "coordinates": [84.3711774, 28.2905841]}, "properties": {"external_id": "osm:node/6001997697", "kind": "tourism", "name": "Manang Hotel & Restaurant (guest house)", "name_ne": "", "tags": {"name:en": "Manang Hotel & Restaurant (guest house)", "tourism": "guest_house"}}}, {"type": "Feature", "geometry": {"type": "Point", "coordinates": [84.3733825, 28.4667448]}, "properties": {"external_id": "osm:node/6001997698", "kind": "tourism", "name": "Father and Son", "name_ne": "", "tags": {"name:en": "Father and Son", "tourism": "guest_house"}}}, {"type": "Feature", "geometry": {"type": "Point", "coordinates": [84.2445724, 28.5499428]}, "properties": {"external_id": "osm:node/6002015516", "kind": "tourism", "name": "Potala Guest House & Restaurant", "name_ne": "", "tags": {"name:en": "Potala Guest House & Restaurant", "tourism": "guest_house"}}}, {"type": "Feature", "geometry": {"type": "Point", "coordinates": [84.6254466, 28.6575817]}, "properties": {"external_id": "osm:node/6006358203", "kind": "tourism", "name": "Larke Bazaar Hotel", "name_ne": "", "tags": {"name:en": "Larke Bazaar Hotel", "tourism": "guest_house"}}}, {"type": "Feature", "geometry": {"type": "Point", "coordinates": [84.6707722, 28.5741546]}, "properties": {"external_id": "osm:node/6006369088", "kind": "tourism", "name": "Royal Ghorka hotel and sharing idea cafe", "name_ne": "", "tags": {"name:en": "Royal Ghorka hotel and sharing idea cafe", "tourism": "hotel"}}}, {"type": "Feature", "geometry": {"type": "Point", "coordinates": [84.5841924, 28.6591153]}, "properties": {"external_id": "osm:node/6006369991", "kind": "tourism", "name": "Zambala Hotel", "name_ne": "", "tags": {"name": "Zambala Hotel", "name:en": "Zambala Hotel", "tourism": "guest_house"}}}, {"type": "Feature", "geometry": {"type": "Point", "coordinates": [84.2419277, 28.5502061]}, "properties": {"external_id": "osm:node/6016811986", "kind": "tourism", "name": "Eagle Eye Hotel", "name_ne": "", "tags": {"name:en": "Eagle Eye Hotel", "tourism": "hotel"}}}, {"type": "Feature", "geometry": {"type": "Point", "coordinates": [84.6206789, 27.9588302]}, "properties": {"external_id": "osm:node/6023590288", "kind": "tourism", "name": "Gorkha Gaun Resort", "name_ne": "", "tags": {"name:en": "Gorkha Gaun Resort", "tourism": "hotel"}}}, {"type": "Feature", "geometry": {"type": "Point", "coordinates": [84.4092655, 27.9394137]}, "properties": {"external_id": "osm:node/6026620785", "kind": "tourism", "name": "Bandipur Adventure Camp", "name_ne": "", "tags": {"name:en": "Bandipur Adventure Camp", "tourism": "guest_house"}}}, {"type": "Feature", "geometry": {"type": "Point", "coordinates": [84.410804, 27.9365718]}, "properties": {"external_id": "osm:node/6026699586", "kind": "tourism", "name": "Bandipur Inn", "name_ne": "", "tags": {"name:en": "Bandipur Inn", "tourism": "guest_house"}}}, {"type": "Feature", "geometry": {"type": "Point", "coordinates": [84.4115395, 27.9353615]}, "properties": {"external_id": "osm:node/6026699785", "kind": "tourism", "name": "Tendhara Community Homestay", "name_ne": "", "tags": {"name:en": "Tendhara Community Homestay", "tourism": "guest_house"}}}, {"type": "Feature", "geometry": {"type": "Point", "coordinates": [84.2375518, 28.6549304]}, "properties": {"external_id": "osm:node/6026744988", "kind": "tourism", "name": "Mayta Guesthouse and restaraunt", "name_ne": "", "tags": {"name:en": "Mayta Guesthouse and restaraunt", "tourism": "guest_house"}}}, {"type": "Feature", "geometry": {"type": "Point", "coordinates": [84.2590664, 28.7027678]}, "properties": {"external_id": "osm:node/6026744989", "kind": "tourism", "name": "Karma hotel", "name_ne": "", "tags": {"name:en": "Karma hotel", "tourism": "guest_house"}}}, {"type": "Feature", "geometry": {"type": "Point", "coordinates": [84.261463, 28.7165231]}, "properties": {"external_id": "osm:node/6026744990", "kind": "tourism", "name": "Hotel", "name_ne": "", "tags": {"name:en": "Hotel", "tourism": "guest_house"}}}, {"type": "Feature", "geometry": {"type": "Point", "coordinates": [84.2280501, 28.6640698]}, "properties": {"external_id": "osm:node/6026747787", "kind": "tourism", "name": "Monastery", "name_ne": "", "tags": {"name:en": "Monastery", "tourism": "guest_house"}}}, {"type": "Feature", "geometry": {"type": "Point", "coordinates": [84.4074616, 27.938669]}, "properties": {"external_id": "osm:node/6026761885", "kind": "school", "name": "", "name_ne": "", "tags": {"amenity": "school"}}}, {"type": "Feature", "geometry": {"type": "Point", "coordinates": [84.3729653, 28.236499]}, "properties": {"external_id": "osm:node/6030836182", "kind": "tourism", "name": "Throungla Guest House", "name_ne": "", "tags": {"name": "Throungla Guest House", "tourism": "guest_house"}}}, {"type": "Feature", "geometry": {"type": "Point", "coordinates": [84.4079952, 28.5725574]}, "properties": {"external_id": "osm:node/6033695334", "kind": "settlement", "name": "Gowa", "name_ne": "", "tags": {"name": "Gowa", "place": "village"}}}, {"type": "Feature", "geometry": {"type": "Point", "coordinates": [84.4004247, 28.3104308]}, "properties": {"external_id": "osm:node/6033827248", "kind": "dam", "name": "", "name_ne": "", "tags": {"waterway": "weir"}}}, {"type": "Feature", "geometry": {"type": "Point", "coordinates": [84.4005239, 28.3111321]}, "properties": {"external_id": "osm:node/6033827254", "kind": "dam", "name": "", "name_ne": "", "tags": {"waterway": "weir"}}}, {"type": "Feature", "geometry": {"type": "Point", "coordinates": [84.618847, 28.005428]}, "properties": {"external_id": "osm:node/6042214204", "kind": "tourism", "name": "Hotel Cafe De Gorkha Chautari", "name_ne": "", "tags": {"name:en": "Hotel Cafe De Gorkha Chautari", "operator": "Som Shresth", "tourism": "hotel"}}}, {"type": "Feature", "geometry": {"type": "Point", "coordinates": [84.2594961, 28.5522994]}, "properties": {"external_id": "osm:node/6085371085", "kind": "police", "name": "Tourist Police", "name_ne": "", "tags": {"amenity": "police", "name:en": "Tourist Police"}}}, {"type": "Feature", "geometry": {"type": "Point", "coordinates": [84.4167434, 28.1060027]}, "properties": {"external_id": "osm:node/6085565288", "kind": "settlement", "name": "Riepe", "name_ne": "", "tags": {"name": "Riepe Village", "name:en": "Riepe", "place": "village"}}}, {"type": "Feature", "geometry": {"type": "Point", "coordinates": [84.2447396, 28.5498617]}, "properties": {"external_id": "osm:node/6085596285", "kind": "tourism", "name": "Hotel Monalisa Guest House and Restaurant", "name_ne": "", "tags": {"name:en": "Hotel Monalisa Guest House and Restaurant", "tourism": "guest_house"}}}, {"type": "Feature", "geometry": {"type": "Point", "coordinates": [84.5416833, 27.9036722]}, "properties": {"external_id": "osm:node/6087198487", "kind": "tourism", "name": "Palpali MO:MO Restaurant Tallo Bazar", "name_ne": "", "tags": {"name:en": "Palpali MO:MO Restaurant Tallo Bazar", "operator": "Harikala Bajracharya", "tourism": "hotel"}}}, {"type": "Feature", "geometry": {"type": "Point", "coordinates": [84.3712232, 28.2904506]}, "properties": {"external_id": "osm:node/6087575385", "kind": "tourism", "name": "Heaven Guest House", "name_ne": "", "tags": {"name:en": "Heaven Guest House", "tourism": "guest_house"}}}, {"type": "Feature", "geometry": {"type": "Point", "coordinates": [84.402865, 28.3820735]}, "properties": {"external_id": "osm:node/6087587085", "kind": "tourism", "name": "Dipak Hotel", "name_ne": "", "tags": {"name:en": "Dipak Hotel", "tourism": "guest_house"}}}, {"type": "Feature", "geometry": {"type": "Point", "coordinates": [84.6302879, 28.0251446]}, "properties": {"external_id": "osm:node/6090813288", "kind": "health", "name": "Nareswor Health Post", "name_ne": "", "tags": {"amenity": "clinic", "name:en": "Nareswor Health Post"}}}, {"type": "Feature", "geometry": {"type": "Point", "coordinates": [84.6682805, 28.0255452]}, "properties": {"external_id": "osm:node/6090841385", "kind": "health", "name": "Kokhe Ale Health Center", "name_ne": "", "tags": {"amenity": "clinic", "name:en": "Kokhe Ale Health Center"}}}, {"type": "Feature", "geometry": {"type": "Point", "coordinates": [84.5235069, 27.9399393]}, "properties": {"external_id": "osm:node/6091431686", "kind": "health", "name": "Deurali Health Post", "name_ne": "", "tags": {"amenity": "clinic", "name:en": "Deurali Health Post"}}}, {"type": "Feature", "geometry": {"type": "Point", "coordinates": [84.3736634, 28.4679593]}, "properties": {"external_id": "osm:node/6091708085", "kind": "tourism", "name": "Manang Guest House", "name_ne": "", "tags": {"name:en": "Manang Guest House", "tourism": "guest_house"}}}, {"type": "Feature", "geometry": {"type": "Point", "coordinates": [84.5639754, 27.9697183]}, "properties": {"external_id": "osm:node/6094199685", "kind": "health", "name": "Taranagar Health Post", "name_ne": "", "tags": {"amenity": "clinic", "name:en": "Taranagar Health Post"}}}, {"type": "Feature", "geometry": {"type": "Point", "coordinates": [84.4015157, 28.3855121]}, "properties": {"external_id": "osm:node/6098807685", "kind": "tourism", "name": "New waterfall guest house and restaurant", "name_ne": "", "tags": {"name:en": "New waterfall guest house and restaurant", "tourism": "guest_house"}}}, {"type": "Feature", "geometry": {"type": "Point", "coordinates": [84.6248869, 27.996463]}, "properties": {"external_id": "osm:node/6123332085", "kind": "tourism", "name": "New Lapu Hotel and Lodge", "name_ne": "", "tags": {"name:en": "New Lapu Hotel and Lodge", "tourism": "hotel"}}}, {"type": "Feature", "geometry": {"type": "Point", "coordinates": [84.6275626, 28.1346114]}, "properties": {"external_id": "osm:node/6128859998", "kind": "tourism", "name": "Tent camping place with amazing view", "name_ne": "", "tags": {"name:en": "Tent camping place with amazing view", "tourism": "camp_site"}}}, {"type": "Feature", "geometry": {"type": "Point", "coordinates": [84.4081558, 27.9394343]}, "properties": {"external_id": "osm:node/6166690593", "kind": "tourism", "name": "Saurya Hotel & Lodge", "name_ne": "", "tags": {"name:en": "Saurya Hotel & Lodge", "tourism": "hotel"}}}, {"type": "Feature", "geometry": {"type": "Point", "coordinates": [84.2232511, 28.1579046]}, "properties": {"external_id": "osm:node/6307822585", "kind": "school", "name": "Westland English Boarding School", "name_ne": "", "tags": {"amenity": "school", "name:en": "Westland English Boarding School"}}}, {"type": "Feature", "geometry": {"type": "Point", "coordinates": [84.62443, 27.9976693]}, "properties": {"external_id": "osm:node/6319999287", "kind": "tourism", "name": "Chhen Bed & Breakfast & Hostel", "name_ne": "", "tags": {"name:en": "Chhen Bed & Breakfast & Hostel", "tourism": "guest_house"}}}, {"type": "Feature", "geometry": {"type": "Point", "coordinates": [84.3870814, 28.2993408]}, "properties": {"external_id": "osm:node/6345102686", "kind": "tourism", "name": "Hotel Green View & Restaurant", "name_ne": "", "tags": {"name:en": "Hotel Green View & Restaurant", "tourism": "guest_house"}}}, {"type": "Feature", "geometry": {"type": "Point", "coordinates": [84.4066034, 28.413068]}, "properties": {"external_id": "osm:node/6349644085", "kind": "tourism", "name": "Hotel New Montain River View", "name_ne": "", "tags": {"name:en": "Hotel New Montain River View", "tourism": "alpine_hut"}}}, {"type": "Feature", "geometry": {"type": "Point", "coordinates": [84.3553039, 28.2814497]}, "properties": {"external_id": "osm:node/6352328109", "kind": "tourism", "name": "Maya Hotel", "name_ne": "", "tags": {"name": "Maya Hotel", "tourism": "hotel"}}}, {"type": "Feature", "geometry": {"type": "Point", "coordinates": [84.3618208, 28.5267642]}, "properties": {"external_id": "osm:node/6380124787", "kind": "tourism", "name": "Monastery Home stay", "name_ne": "", "tags": {"name:en": "Monastery Home stay", "tourism": "hotel"}}}, {"type": "Feature", "geometry": {"type": "Point", "coordinates": [84.5940563, 27.9426439]}, "properties": {"external_id": "osm:node/6394215988", "kind": "school", "name": "Polish school named by Maria Magdalena Kwiatkiewicz. Builded by Better World Associacion from Poland - Poznań", "name_ne": "", "tags": {"amenity": "school", "name:en": "Polish school named by Maria Magdalena Kwiatkiewicz. Builded by Better World Associacion from Poland - Poznań"}}}, {"type": "Feature", "geometry": {"type": "Point", "coordinates": [84.386792, 28.2990745]}, "properties": {"external_id": "osm:node/6400471885", "kind": "tourism", "name": "River Side Guest House & Hostel", "name_ne": "", "tags": {"name:en": "River Side Guest House & Hostel", "tourism": "guest_house"}}}, {"type": "Feature", "geometry": {"type": "Point", "coordinates": [84.406395, 28.3429541]}, "properties": {"external_id": "osm:node/6400580987", "kind": "tourism", "name": "swiss alpen hotel wifi", "name_ne": "", "tags": {"name:en": "swiss alpen hotel wifi", "tourism": "hotel"}}}, {"type": "Feature", "geometry": {"type": "Point", "coordinates": [84.3867655, 28.2994251]}, "properties": {"external_id": "osm:node/6425059985", "kind": "tourism", "name": "Guesthouse", "name_ne": "", "tags": {"name:en": "Guesthouse", "tourism": "guest_house"}}}, {"type": "Feature", "geometry": {"type": "Point", "coordinates": [84.4064956, 28.413171]}, "properties": {"external_id": "osm:node/6435335785", "kind": "tourism", "name": "Tibetan hotel", "name_ne": "", "tags": {"name:en": "Tibetan hotel", "tourism": "guest_house"}}}, {"type": "Feature", "geometry": {"type": "Point", "coordinates": [84.3652052, 28.2115813]}, "properties": {"external_id": "osm:node/6479702085", "kind": "tourism", "name": "Heaven Hill Acadamy - Volunteers Stay", "name_ne": "", "tags": {"name:en": "Heaven Hill Acadamy - Volunteers Stay", "tourism": "guest_house"}}}, {"type": "Feature", "geometry": {"type": "Point", "coordinates": [84.5931872, 27.93413]}, "properties": {"external_id": "osm:node/6486941785", "kind": "health", "name": "बक्राङ्ग स्वास्थ चौकी , गोरखा", "name_ne": "", "tags": {"amenity": "hospital", "name:en": "बक्राङ्ग स्वास्थ चौकी , गोरखा"}}}, {"type": "Feature", "geometry": {"type": "Point", "coordinates": [84.4051378, 27.9416388]}, "properties": {"external_id": "osm:node/6489969498", "kind": "tourism", "name": "Bandipur Eco Hotel", "name_ne": "", "tags": {"name": "Bandipur Eco Hotel", "tourism": "hotel"}}}, {"type": "Feature", "geometry": {"type": "Point", "coordinates": [84.404389, 27.9381072]}, "properties": {"external_id": "osm:node/6499060285", "kind": "tourism", "name": "Annapurna face guest house & all mountain view", "name_ne": "", "tags": {"name:en": "Annapurna face guest house & all mountain view", "tourism": "hotel"}}}, {"type": "Feature", "geometry": {"type": "Point", "coordinates": [84.647658, 28.1564784]}, "properties": {"external_id": "osm:node/6558714385", "kind": "health", "name": "Bhachchek Health Post", "name_ne": "", "tags": {"amenity": "hospital", "name:en": "Bhachchek Health Post"}}}, {"type": "Feature", "geometry": {"type": "Point", "coordinates": [84.4052932, 27.9377025]}, "properties": {"external_id": "osm:node/6632746287", "kind": "tourism", "name": "Hotel The North Face", "name_ne": "", "tags": {"name": "Hotel The North Face", "tourism": "hotel"}}}, {"type": "Feature", "geometry": {"type": "Point", "coordinates": [84.4047, 27.9374544]}, "properties": {"external_id": "osm:node/6632750186", "kind": "tourism", "name": "Samira Homestay", "name_ne": "", "tags": {"name": "Samira Homestay", "tourism": "guest_house"}}}, {"type": "Feature", "geometry": {"type": "Point", "coordinates": [84.4050061, 27.9372176]}, "properties": {"external_id": "osm:node/6635153085", "kind": "tourism", "name": "Bandipur Village Resort", "name_ne": "", "tags": {"name": "Bandipur Village Resort", "tourism": "hotel"}}}, {"type": "Feature", "geometry": {"type": "Point", "coordinates": [84.4077079, 27.9384377]}, "properties": {"external_id": "osm:node/6635153086", "kind": "school", "name": "Shri Dil Pra V", "name_ne": "", "tags": {"amenity": "school", "name": "Shri Dil Pra V"}}}, {"type": "Feature", "geometry": {"type": "Point", "coordinates": [84.4055729, 27.936833]}, "properties": {"external_id": "osm:node/6635153185", "kind": "tourism", "name": "Hotel Gurung and Lodge", "name_ne": "", "tags": {"name": "Hotel Gurung and Lodge", "tourism": "hotel"}}}, {"type": "Feature", "geometry": {"type": "Point", "coordinates": [84.2159728, 27.9777367]}, "properties": {"external_id": "osm:node/6646199885", "kind": "tourism", "name": "Speed Breaker cottage and restaurant", "name_ne": "", "tags": {"name:en": "Speed Breaker cottage and restaurant", "tourism": "hotel"}}}, {"type": "Feature", "geometry": {"type": "Point", "coordinates": [84.4015107, 28.3854907]}, "properties": {"external_id": "osm:node/6816661186", "kind": "tourism", "name": "New Waterfall Guest House", "name_ne": "", "tags": {"name:en": "New Waterfall Guest House", "operator": "Nar Bahadur Gurung", "tourism": "guest_house"}}}, {"type": "Feature", "geometry": {"type": "Point", "coordinates": [84.4032446, 28.3825412]}, "properties": {"external_id": "osm:node/6842486385", "kind": "tourism", "name": "New Garden hotel", "name_ne": "", "tags": {"name:en": "New Garden hotel", "operator": "Shaam", "tourism": "hotel"}}}, {"type": "Feature", "geometry": {"type": "Point", "coordinates": [84.28885, 28.5466075]}, "properties": {"external_id": "osm:node/6851048690", "kind": "tourism", "name": "", "name_ne": "", "tags": {"tourism": "hotel"}}}, {"type": "Feature", "geometry": {"type": "Point", "coordinates": [84.2219746, 28.6687481]}, "properties": {"external_id": "osm:node/6902605050", "kind": "tourism", "name": "Gulung Teahouse", "name_ne": "", "tags": {"name": "Gulung Teahouse", "tourism": "guest_house"}}}, {"type": "Feature", "geometry": {"type": "Point", "coordinates": [84.2620897, 28.7170968]}, "properties": {"external_id": "osm:node/6903245500", "kind": "settlement", "name": "Kyang", "name_ne": "", "tags": {"name": "Kyang", "place": "hamlet"}}}, {"type": "Feature", "geometry": {"type": "Point", "coordinates": [84.2582971, 28.7028738]}, "properties": {"external_id": "osm:node/6903245501", "kind": "settlement", "name": "Chyako", "name_ne": "", "tags": {"name": "Chyako", "place": "hamlet"}}}, {"type": "Feature", "geometry": {"type": "Point", "coordinates": [84.2717249, 27.9711195]}, "properties": {"external_id": "osm:node/6903553285", "kind": "school", "name": "Shree Shiva Panchayan Secondary School", "name_ne": "", "tags": {"amenity": "school", "name:en": "Shree Shiva Panchayan Secondary School"}}}, {"type": "Feature", "geometry": {"type": "Point", "coordinates": [84.3605843, 28.5120015]}, "properties": {"external_id": "osm:node/6912819286", "kind": "tourism", "name": "Dona Lake hotel", "name_ne": "", "tags": {"name:en": "Dona Lake hotel", "tourism": "guest_house"}}}, {"type": "Feature", "geometry": {"type": "Point", "coordinates": [84.6189893, 28.0046438]}, "properties": {"external_id": "osm:node/6929880591", "kind": "tourism", "name": "Home Stay Cafe de Gorkha Chautari", "name_ne": "", "tags": {"name:en": "Home Stay Cafe de Gorkha Chautari", "tourism": "guest_house"}}}, {"type": "Feature", "geometry": {"type": "Point", "coordinates": [84.3926855, 28.3039249]}, "properties": {"external_id": "osm:node/6937402385", "kind": "tourism", "name": "Holidays Trekkers Hotel", "name_ne": "", "tags": {"name:en": "Holidays Trekkers Hotel", "operator": "Ram Kumar Shrestha", "tourism": "hotel"}}}, {"type": "Feature", "geometry": {"type": "Point", "coordinates": [84.3928379, 28.3038922]}, "properties": {"external_id": "osm:node/6937475385", "kind": "tourism", "name": "Holidays Trekkers Hotel", "name_ne": "", "tags": {"name:en": "Holidays Trekkers Hotel", "operator": "Ram Kumar Shrestha", "tourism": "hotel"}}}, {"type": "Feature", "geometry": {"type": "Point", "coordinates": [84.3742033, 28.4700018]}, "properties": {"external_id": "osm:node/6944335186", "kind": "tourism", "name": "Tashi Delek Guest House", "name_ne": "", "tags": {"name:en": "Tashi Delek Guest House", "operator": "Kopila Lama", "tourism": "guest_house"}}}, {"type": "Feature", "geometry": {"type": "Point", "coordinates": [84.3573271, 28.281411]}, "properties": {"external_id": "osm:node/6944680590", "kind": "tourism", "name": "", "name_ne": "", "tags": {"tourism": "guest_house"}}}, {"type": "Feature", "geometry": {"type": "Point", "coordinates": [84.3928819, 28.3038641]}, "properties": {"external_id": "osm:node/6964494986", "kind": "tourism", "name": "Suman Hotel & Restaurant", "name_ne": "", "tags": {"name:en": "Suman Hotel & Restaurant", "tourism": "hotel"}}}, {"type": "Feature", "geometry": {"type": "Point", "coordinates": [84.4748627, 28.5022738]}, "properties": {"external_id": "osm:node/7029681217", "kind": "tourism", "name": "", "name_ne": "", "tags": {"tourism": "camp_site"}}}, {"type": "Feature", "geometry": {"type": "Point", "coordinates": [84.4590685, 28.5215948]}, "properties": {"external_id": "osm:node/7029681218", "kind": "tourism", "name": "Dharmasala", "name_ne": "", "tags": {"name": "Dharmasala", "tourism": "camp_site"}}}, {"type": "Feature", "geometry": {"type": "Point", "coordinates": [84.4381379, 28.527353]}, "properties": {"external_id": "osm:node/7029681219", "kind": "tourism", "name": "", "name_ne": "", "tags": {"tourism": "camp_site"}}}, {"type": "Feature", "geometry": {"type": "Point", "coordinates": [84.4192404, 28.5262242]}, "properties": {"external_id": "osm:node/7029681220", "kind": "tourism", "name": "Odar Camp", "name_ne": "", "tags": {"name": "Odar Camp", "tourism": "camp_site"}}}, {"type": "Feature", "geometry": {"type": "Point", "coordinates": [84.3929419, 28.3039006]}, "properties": {"external_id": "osm:node/7041733886", "kind": "tourism", "name": "Suman Hotel & Restaurant", "name_ne": "", "tags": {"name:en": "Suman Hotel & Restaurant", "tourism": "hotel"}}}, {"type": "Feature", "geometry": {"type": "Point", "coordinates": [84.4055347, 27.9367751]}, "properties": {"external_id": "osm:node/7041879885", "kind": "tourism", "name": "Khadgamal Guest House", "name_ne": "", "tags": {"name:en": "Khadgamal Guest House", "tourism": "hotel"}}}, {"type": "Feature", "geometry": {"type": "Point", "coordinates": [84.2286217, 28.2791346]}, "properties": {"external_id": "osm:node/7057576889", "kind": "school", "name": "", "name_ne": "", "tags": {"amenity": "school"}}}, {"type": "Feature", "geometry": {"type": "Point", "coordinates": [84.2038844, 28.2462174]}, "properties": {"external_id": "osm:node/7057576890", "kind": "school", "name": "", "name_ne": "", "tags": {"amenity": "school"}}}, {"type": "Feature", "geometry": {"type": "Point", "coordinates": [84.3049212, 28.283652]}, "properties": {"external_id": "osm:node/7057614085", "kind": "tourism", "name": "", "name_ne": "", "tags": {"tourism": "hotel"}}}, {"type": "Feature", "geometry": {"type": "Point", "coordinates": [84.3587058, 28.5182682]}, "properties": {"external_id": "osm:node/7092338186", "kind": "tourism", "name": "Manaslu Guest House", "name_ne": "", "tags": {"name:en": "Manaslu Guest House", "operator": "Nani Gurung", "tourism": "guest_house"}}}, {"type": "Feature", "geometry": {"type": "Point", "coordinates": [84.3587048, 28.5183785]}, "properties": {"external_id": "osm:node/7092402188", "kind": "tourism", "name": "Manaslu Guest House", "name_ne": "", "tags": {"name:en": "Manaslu Guest House", "operator": "Nani Gurung", "tourism": "guest_house"}}}, {"type": "Feature", "geometry": {"type": "Point", "coordinates": [84.3890283, 28.4379815]}, "properties": {"external_id": "osm:node/7130172485", "kind": "tourism", "name": "Tibet Lhasha Hotel & Restaurant", "name_ne": "", "tags": {"name": "Tibet Lhasha Hotel & Restaurant", "operator": "Chhiring G. Punel", "tourism": "hotel"}}}, {"type": "Feature", "geometry": {"type": "Point", "coordinates": [84.3542634, 28.5243746]}, "properties": {"external_id": "osm:node/7150218185", "kind": "tourism", "name": "Gyasumda Hotel & Restaurant", "name_ne": "", "tags": {"name:en": "Gyasumda Hotel & Restaurant", "tourism": "hotel"}}}, {"type": "Feature", "geometry": {"type": "Point", "coordinates": [84.5425751, 27.9042226]}, "properties": {"external_id": "osm:node/7162659089", "kind": "tourism", "name": "River Hotel and Lodge", "name_ne": "", "tags": {"name:en": "River Hotel and Lodge", "tourism": "hotel"}}}, {"type": "Feature", "geometry": {"type": "Point", "coordinates": [84.5430323, 27.9043622]}, "properties": {"external_id": "osm:node/7171772386", "kind": "tourism", "name": "Hotel and lodge", "name_ne": "", "tags": {"name:en": "Hotel and lodge", "tourism": "hotel"}}}, {"type": "Feature", "geometry": {"type": "Point", "coordinates": [84.3731022, 28.4663739]}, "properties": {"external_id": "osm:node/7176915386", "kind": "tourism", "name": "Rainbow River Guest House", "name_ne": "", "tags": {"name:en": "Rainbow River Guest House", "operator": "Gyan Bahadur Gurung", "tourism": "guest_house"}}}, {"type": "Feature", "geometry": {"type": "Point", "coordinates": [84.2367803, 28.5536558]}, "properties": {"external_id": "osm:node/7214085885", "kind": "tourism", "name": "Free spots for camping", "name_ne": "", "tags": {"name:en": "Free spots for camping", "tourism": "camp_site"}}}, {"type": "Feature", "geometry": {"type": "Point", "coordinates": [84.2457204, 28.5500124]}, "properties": {"external_id": "osm:node/7216839485", "kind": "tourism", "name": "Hotel Four Seasons", "name_ne": "", "tags": {"name": "Hotel Four Seasons", "tourism": "hostel"}}}, {"type": "Feature", "geometry": {"type": "Point", "coordinates": [84.3586934, 28.5185824]}, "properties": {"external_id": "osm:node/7273934988", "kind": "tourism", "name": "Phulbari Hostel & Restaurant", "name_ne": "", "tags": {"name:en": "Phulbari Hostel & Restaurant", "tourism": "guest_house"}}}, {"type": "Feature", "geometry": {"type": "Point", "coordinates": [84.3792993, 28.5430145]}, "properties": {"external_id": "osm:node/7296672386", "kind": "school", "name": "", "name_ne": "", "tags": {"amenity": "school"}}}, {"type": "Feature", "geometry": {"type": "Point", "coordinates": [84.3549289, 28.5263919]}, "properties": {"external_id": "osm:node/7296675286", "kind": "school", "name": "", "name_ne": "", "tags": {"amenity": "school"}}}, {"type": "Feature", "geometry": {"type": "Point", "coordinates": [84.3579521, 28.5060257]}, "properties": {"external_id": "osm:node/7325151286", "kind": "tourism", "name": "Marsyangdi hotel and restaurant", "name_ne": "", "tags": {"name:en": "Marsyangdi hotel and restaurant", "tourism": "hotel"}}}, {"type": "Feature", "geometry": {"type": "Point", "coordinates": [84.268288, 27.978231]}, "properties": {"external_id": "osm:node/7667507867", "kind": "school", "name": "Damauli Model Academy", "name_ne": "", "tags": {"amenity": "school", "name": "Damauli Model Academy"}}}, {"type": "Feature", "geometry": {"type": "Point", "coordinates": [84.269594, 27.9786258]}, "properties": {"external_id": "osm:node/7667507868", "kind": "hydropower", "name": "", "name_ne": "", "tags": {"power": "generator"}}}, {"type": "Feature", "geometry": {"type": "Point", "coordinates": [84.2755303, 27.9753284]}, "properties": {"external_id": "osm:node/7792159268", "kind": "school", "name": "Jal Devi Higher Secondary School", "name_ne": "", "tags": {"amenity": "school", "name": "Jal Devi Higher Secondary School"}}}, {"type": "Feature", "geometry": {"type": "Point", "coordinates": [84.2766631, 27.9753057]}, "properties": {"external_id": "osm:node/7792235446", "kind": "school", "name": "Damauli Public Secondary School", "name_ne": "", "tags": {"amenity": "school", "name": "Damauli Public Secondary School"}}}, {"type": "Feature", "geometry": {"type": "Point", "coordinates": [84.2583056, 28.7023599]}, "properties": {"external_id": "osm:node/7826066587", "kind": "tourism", "name": "chyakhu guesthouse", "name_ne": "", "tags": {"name:en": "chyakhu guesthouse", "tourism": "guest_house"}}}, {"type": "Feature", "geometry": {"type": "Point", "coordinates": [84.2624559, 28.71714]}, "properties": {"external_id": "osm:node/7826066686", "kind": "tourism", "name": "", "name_ne": "", "tags": {"tourism": "alpine_hut"}}}, {"type": "Feature", "geometry": {"type": "Point", "coordinates": [84.4727102, 28.6692776]}, "properties": {"external_id": "osm:node/7887423743", "kind": "tourism", "name": "", "name_ne": "", "tags": {"tourism": "camp_site"}}}, {"type": "Feature", "geometry": {"type": "Point", "coordinates": [84.3639347, 28.1550799]}, "properties": {"external_id": "osm:node/8077279417", "kind": "tourism", "name": "Panchagahre", "name_ne": "", "tags": {"name:en": "Panchagahre", "tourism": "guest_house"}}}, {"type": "Feature", "geometry": {"type": "Point", "coordinates": [84.5631925, 28.5850114]}, "properties": {"external_id": "osm:node/8086699318", "kind": "tourism", "name": "Camp 1 upper", "name_ne": "", "tags": {"name:en": "Camp 1 upper", "tourism": "camp_site"}}}, {"type": "Feature", "geometry": {"type": "Point", "coordinates": [84.5470376, 28.5618633]}, "properties": {"external_id": "osm:node/8086699319", "kind": "tourism", "name": "Camp4", "name_ne": "", "tags": {"name:en": "Camp4", "tourism": "camp_site"}}}, {"type": "Feature", "geometry": {"type": "Point", "coordinates": [84.5691639, 28.5884728]}, "properties": {"external_id": "osm:node/8086699617", "kind": "tourism", "name": "Camp 1", "name_ne": "", "tags": {"name:en": "Camp 1", "tourism": "camp_site"}}}, {"type": "Feature", "geometry": {"type": "Point", "coordinates": [84.5518901, 28.5714976]}, "properties": {"external_id": "osm:node/8086699618", "kind": "tourism", "name": "Camp 3", "name_ne": "", "tags": {"name:en": "Camp 3", "tourism": "camp_site"}}}, {"type": "Feature", "geometry": {"type": "Point", "coordinates": [84.2117212, 28.2634467]}, "properties": {"external_id": "osm:node/8165003517", "kind": "tourism", "name": "Pasgaun, Bagaincha", "name_ne": "", "tags": {"name:en": "Pasgaun, Bagaincha", "tourism": "camp_site"}}}, {"type": "Feature", "geometry": {"type": "Point", "coordinates": [84.2379711, 28.2919541]}, "properties": {"external_id": "osm:node/8165004717", "kind": "tourism", "name": "Pasgaun Khumer", "name_ne": "", "tags": {"name:en": "Pasgaun Khumer", "tourism": "camp_site"}}}, {"type": "Feature", "geometry": {"type": "Point", "coordinates": [84.2249534, 28.2732787]}, "properties": {"external_id": "osm:node/8165017118", "kind": "tourism", "name": "Pasgaun homestay(Padam Mukhiya)", "name_ne": "", "tags": {"name:en": "Pasgaun homestay(Padam Mukhiya)", "tourism": "guest_house"}}}, {"type": "Feature", "geometry": {"type": "Point", "coordinates": [84.4052057, 28.131492]}, "properties": {"external_id": "osm:node/8244423914", "kind": "health", "name": "", "name_ne": "", "tags": {"amenity": "hospital"}}}, {"type": "Feature", "geometry": {"type": "Point", "coordinates": [84.4078027, 28.1279137]}, "properties": {"external_id": "osm:node/8244423915", "kind": "school", "name": "Sayapatri Secondary Boarding Schhol", "name_ne": "", "tags": {"amenity": "school", "name": "Sayapatri Secondary Boarding Schhol", "operator": "Community"}}}, {"type": "Feature", "geometry": {"type": "Point", "coordinates": [84.399858, 28.1430295]}, "properties": {"external_id": "osm:node/8244748473", "kind": "health", "name": "Tarku Primary Health Center", "name_ne": "", "tags": {"amenity": "hospital", "name": "Tarku Primary Health Center", "operator": "government"}}}, {"type": "Feature", "geometry": {"type": "Point", "coordinates": [84.4113243, 28.1276617]}, "properties": {"external_id": "osm:node/8246918317", "kind": "tourism", "name": "Tamu hotel", "name_ne": "", "tags": {"name:en": "Tamu hotel", "tourism": "hotel"}}}, {"type": "Feature", "geometry": {"type": "Point", "coordinates": [84.4117771, 28.1274973]}, "properties": {"external_id": "osm:node/8246924117", "kind": "tourism", "name": "Tamu hotel", "name_ne": "", "tags": {"name": "Tamu hotel", "tourism": "hotel"}}}, {"type": "Feature", "geometry": {"type": "Point", "coordinates": [84.4093066, 28.1313375]}, "properties": {"external_id": "osm:node/8247967817", "kind": "school", "name": "Milanchowk", "name_ne": "", "tags": {"amenity": "school", "name:en": "Milanchowk"}}}, {"type": "Feature", "geometry": {"type": "Point", "coordinates": [84.4098969, 28.1261065]}, "properties": {"external_id": "osm:node/8257644578", "kind": "school", "name": "", "name_ne": "", "tags": {"amenity": "school"}}}, {"type": "Feature", "geometry": {"type": "Point", "coordinates": [84.6005737, 28.1691949]}, "properties": {"external_id": "osm:node/8261601217", "kind": "school", "name": "Shano kavre sec. School (सानो काभ्रे मा वि )", "name_ne": "", "tags": {"amenity": "school", "name:en": "Shano kavre sec. School (सानो काभ्रे मा वि )"}}}, {"type": "Feature", "geometry": {"type": "Point", "coordinates": [84.4337216, 28.1377298]}, "properties": {"external_id": "osm:node/8261638061", "kind": "school", "name": "Bhabisya nirmad high school", "name_ne": "", "tags": {"amenity": "school", "name": "Bhabisya nirmad high school"}}}, {"type": "Feature", "geometry": {"type": "Point", "coordinates": [84.3348292, 28.1692092]}, "properties": {"external_id": "osm:node/8318468118", "kind": "settlement", "name": "Dhakalthok Village", "name_ne": "", "tags": {"name": "Dhakalthok Village", "place": "hamlet"}}}, {"type": "Feature", "geometry": {"type": "Point", "coordinates": [84.3339099, 28.172007]}, "properties": {"external_id": "osm:node/8318468119", "kind": "settlement", "name": "तुर्लुंगकोट गाउँ", "name_ne": "तुर्लुंगकोट गाउँ", "tags": {"name": "तुर्लुंगकोट गाउँ", "place": "hamlet"}}}, {"type": "Feature", "geometry": {"type": "Point", "coordinates": [84.5829577, 27.9035937]}, "properties": {"external_id": "osm:node/8356825117", "kind": "tourism", "name": "Hotel Temple Inn", "name_ne": "", "tags": {"name:en": "Hotel Temple Inn", "tourism": "hotel"}}}, {"type": "Feature", "geometry": {"type": "Point", "coordinates": [84.3163035, 28.2449442]}, "properties": {"external_id": "osm:node/8418381221", "kind": "tourism", "name": "Jiban house", "name_ne": "", "tags": {"name:en": "Jiban house", "tourism": "guest_house"}}}, {"type": "Feature", "geometry": {"type": "Point", "coordinates": [84.4099577, 28.1294177]}, "properties": {"external_id": "osm:node/8686617521", "kind": "tourism", "name": "Kathmandu Restaurant", "name_ne": "", "tags": {"name:en": "Kathmandu Restaurant", "tourism": "hotel"}}}, {"type": "Feature", "geometry": {"type": "Point", "coordinates": [84.6201807, 27.9681306]}, "properties": {"external_id": "osm:node/8985637273", "kind": "town", "name": "Laxmi BaZaar", "name_ne": "लक्ष्मी बजार", "tags": {"name": "लक्ष्मी बजार", "name:en": "Laxmi BaZaar", "name:ne": "लक्ष्मी बजार", "place": "town"}}}, {"type": "Feature", "geometry": {"type": "Point", "coordinates": [84.5481151, 28.0184752]}, "properties": {"external_id": "osm:node/9069558478", "kind": "school", "name": "Shree Prithivi Primary School", "name_ne": "", "tags": {"amenity": "school", "name": "Shree Prithivi Primary School"}}}, {"type": "Feature", "geometry": {"type": "Point", "coordinates": [84.4058491, 28.3432439]}, "properties": {"external_id": "osm:node/9170739118", "kind": "tourism", "name": "HOTEL MOUNTAIN VIEW ROOFTOP RESTAURANT", "name_ne": "", "tags": {"name": "HOTEL MOUNTAIN VIEW ROOFTOP RESTAURANT", "tourism": "hotel"}}}, {"type": "Feature", "geometry": {"type": "Point", "coordinates": [84.3870479, 28.2996877]}, "properties": {"external_id": "osm:node/9170739374", "kind": "tourism", "name": "Hotel Mother's & Lalupate restaurant", "name_ne": "", "tags": {"name": "Hotel Mother's & Lalupate restaurant", "tourism": "hotel"}}}, {"type": "Feature", "geometry": {"type": "Point", "coordinates": [84.3706382, 28.2917769]}, "properties": {"external_id": "osm:node/9174470117", "kind": "tourism", "name": "Эверест", "name_ne": "", "tags": {"name:en": "Эверест", "tourism": "hostel"}}}, {"type": "Feature", "geometry": {"type": "Point", "coordinates": [84.2103956, 28.1668132]}, "properties": {"external_id": "osm:node/9357573009", "kind": "school", "name": "Shree Deurali Basic School", "name_ne": "श्री देउराली आधारभुत विद्यालय", "tags": {"amenity": "school", "name": "Shree Deurali Basic School", "name:ne": "श्री देउराली आधारभुत विद्यालय"}}}, {"type": "Feature", "geometry": {"type": "Point", "coordinates": [84.2222014, 28.1074863]}, "properties": {"external_id": "osm:node/9357574719", "kind": "school", "name": "Shree Janata Secondary school", "name_ne": "श्री जनता माध्यामिक विद्यालय", "tags": {"amenity": "school", "name": "Shree Janata Secondary school", "name:ne": "श्री जनता माध्यामिक विद्यालय"}}}, {"type": "Feature", "geometry": {"type": "Point", "coordinates": [84.2042684, 28.1285141]}, "properties": {"external_id": "osm:node/9357574720", "kind": "school", "name": "Shree Chandi Basic School", "name_ne": "श्री चण्डी आधारभुत विद्यालय", "tags": {"amenity": "school", "name": "Shree Chandi Basic School", "name:ne": "श्री चण्डी आधारभुत विद्यालय"}}}, {"type": "Feature", "geometry": {"type": "Point", "coordinates": [84.2209709, 28.1396908]}, "properties": {"external_id": "osm:node/9357574721", "kind": "school", "name": "Shree Saraswoti Basic School", "name_ne": "श्री सरस्वती आधारभुत विद्यालय", "tags": {"amenity": "school", "name": "Shree Saraswoti Basic School", "name:ne": "श्री सरस्वती आधारभुत विद्यालय"}}}, {"type": "Feature", "geometry": {"type": "Point", "coordinates": [84.2042441, 28.1441643]}, "properties": {"external_id": "osm:node/9357574722", "kind": "school", "name": "Jateswor Secondary School", "name_ne": "श्री जटेश्वर माध्यामिक विद्यालय", "tags": {"amenity": "school", "name": "Jateswor Secondary School", "name:ne": "श्री जटेश्वर माध्यामिक विद्यालय"}}}, {"type": "Feature", "geometry": {"type": "Point", "coordinates": [84.2112839, 28.1031806]}, "properties": {"external_id": "osm:node/9357574723", "kind": "school", "name": "Bageshwori Baic Schol", "name_ne": "श्री बागेश्वरी आधारभुत बिद्धालय", "tags": {"amenity": "school", "name": "Bageshwori Baic Schol", "name:ne": "श्री बागेश्वरी आधारभुत बिद्धालय"}}}, {"type": "Feature", "geometry": {"type": "Point", "coordinates": [84.2505214, 27.9810099]}, "properties": {"external_id": "osm:node/9387582322", "kind": "tourism", "name": "Green Hill Restaurant and lodge", "name_ne": "", "tags": {"name:en": "Green Hill Restaurant and lodge", "tourism": "hotel"}}}, {"type": "Feature", "geometry": {"type": "Point", "coordinates": [84.2935896, 28.1071645]}, "properties": {"external_id": "osm:node/9399376427", "kind": "school", "name": "", "name_ne": "", "tags": {"amenity": "school"}}}, {"type": "Feature", "geometry": {"type": "Point", "coordinates": [84.2223617, 28.1451283]}, "properties": {"external_id": "osm:node/9406975723", "kind": "tourism", "name": "River View Hotel Lodge", "name_ne": "रिभर भिउ होटेल एण्ड लाज", "tags": {"name": "River View Hotel Lodge", "name:ne": "रिभर भिउ होटेल एण्ड लाज", "tourism": "hotel"}}}, {"type": "Feature", "geometry": {"type": "Point", "coordinates": [84.4102084, 27.9622115]}, "properties": {"external_id": "osm:node/9518556217", "kind": "health", "name": "Marie Stops Center", "name_ne": "", "tags": {"amenity": "clinic", "name": "Marie Stops Center"}}}, {"type": "Feature", "geometry": {"type": "Point", "coordinates": [84.3517838, 28.1424636]}, "properties": {"external_id": "osm:node/9647488999", "kind": "settlement", "name": "कर्चेपानी - Karchepani", "name_ne": "कर्चेपानी - Karchepani", "tags": {"name": "कर्चेपानी - Karchepani", "place": "locality"}}}, {"type": "Feature", "geometry": {"type": "Point", "coordinates": [84.3514459, 28.1417548]}, "properties": {"external_id": "osm:node/9647489000", "kind": "settlement", "name": "डाँडा घर - Dada Ghar", "name_ne": "डाँडा घर - Dada Ghar", "tags": {"name": "डाँडा घर - Dada Ghar", "place": "locality"}}}, {"type": "Feature", "geometry": {"type": "Point", "coordinates": [84.351872, 28.141589]}, "properties": {"external_id": "osm:node/9647489001", "kind": "settlement", "name": "गैरी गाउ -Gairi Gaun", "name_ne": "गैरी गाउ -Gairi Gaun", "tags": {"name": "गैरी गाउ -Gairi Gaun", "place": "locality"}}}, {"type": "Feature", "geometry": {"type": "Point", "coordinates": [84.3533178, 28.1411462]}, "properties": {"external_id": "osm:node/9647489002", "kind": "settlement", "name": "पारी घर - Pari Ghar", "name_ne": "पारी घर - Pari Ghar", "tags": {"name": "पारी घर - Pari Ghar", "place": "locality"}}}, {"type": "Feature", "geometry": {"type": "Point", "coordinates": [84.3524279, 28.1411983]}, "properties": {"external_id": "osm:node/9647489003", "kind": "settlement", "name": "गैर बारी - Gairabari", "name_ne": "गैर बारी - Gairabari", "tags": {"name": "गैर बारी - Gairabari", "place": "locality"}}}, {"type": "Feature", "geometry": {"type": "Point", "coordinates": [84.3507507, 28.1421135]}, "properties": {"external_id": "osm:node/9647489004", "kind": "settlement", "name": "उप्लाम - Uplam", "name_ne": "उप्लाम - Uplam", "tags": {"name": "उप्लाम - Uplam", "place": "locality"}}}, {"type": "Feature", "geometry": {"type": "Point", "coordinates": [84.3502679, 28.142017]}, "properties": {"external_id": "osm:node/9647489005", "kind": "settlement", "name": "धिङ्गाल घाम - Dhingal Gam", "name_ne": "धिङ्गाल घाम - Dhingal Gam", "tags": {"name": "धिङ्गाल घाम - Dhingal Gam", "place": "locality"}}}, {"type": "Feature", "geometry": {"type": "Point", "coordinates": [84.3501066, 28.1412668]}, "properties": {"external_id": "osm:node/9647489006", "kind": "settlement", "name": "पन्ध्राम - Pandhram", "name_ne": "पन्ध्राम - Pandhram", "tags": {"name": "पन्ध्राम - Pandhram", "place": "locality"}}}, {"type": "Feature", "geometry": {"type": "Point", "coordinates": [84.3511848, 28.1406892]}, "properties": {"external_id": "osm:node/9647489007", "kind": "settlement", "name": "तिवारी घर - Tiwari Ghar", "name_ne": "तिवारी घर - Tiwari Ghar", "tags": {"name": "तिवारी घर - Tiwari Ghar", "place": "locality"}}}, {"type": "Feature", "geometry": {"type": "Point", "coordinates": [84.3506438, 28.1409367]}, "properties": {"external_id": "osm:node/9647489008", "kind": "settlement", "name": "बाटोमुनी घर - Batomuni Ghar", "name_ne": "बाटोमुनी घर - Batomuni Ghar", "tags": {"name": "बाटोमुनी घर - Batomuni Ghar", "place": "locality"}}}, {"type": "Feature", "geometry": {"type": "Point", "coordinates": [84.3529191, 28.1408245]}, "properties": {"external_id": "osm:node/9647489009", "kind": "settlement", "name": "ढाँडे गाम - Dhade Gaun", "name_ne": "ढाँडे गाम - Dhade Gaun", "tags": {"name": "ढाँडे गाम - Dhade Gaun", "place": "locality"}}}, {"type": "Feature", "geometry": {"type": "Point", "coordinates": [84.4159719, 28.1270744]}, "properties": {"external_id": "osm:node/9684655918", "kind": "tourism", "name": "Lamjung Campus Guest House", "name_ne": "", "tags": {"name:en": "Lamjung Campus Guest House", "tourism": "guest_house"}}}, {"type": "Feature", "geometry": {"type": "Point", "coordinates": [84.6996189, 28.5745767]}, "properties": {"external_id": "osm:node/9714465017", "kind": "tourism", "name": "Lho Norbu Hotel", "name_ne": "", "tags": {"name": "Lho Norbu Hotel", "tourism": "hotel"}}}, {"type": "Feature", "geometry": {"type": "Point", "coordinates": [84.6727376, 28.5741977]}, "properties": {"external_id": "osm:node/9714465318", "kind": "tourism", "name": "", "name_ne": "", "tags": {"tourism": "hotel"}}}, {"type": "Feature", "geometry": {"type": "Point", "coordinates": [84.4872803, 28.662023]}, "properties": {"external_id": "osm:node/9714465817", "kind": "tourism", "name": "Gurungseni Hotel and Restaurant", "name_ne": "", "tags": {"name": "Gurungseni Hotel and Restaurant", "tourism": "hotel"}}}, {"type": "Feature", "geometry": {"type": "Point", "coordinates": [84.4862655, 28.6617104]}, "properties": {"external_id": "osm:node/9714484818", "kind": "tourism", "name": "Kusang Hotel & Restaurant", "name_ne": "", "tags": {"name": "Kusang Hotel & Restaurant", "tourism": "guest_house"}}}, {"type": "Feature", "geometry": {"type": "Point", "coordinates": [84.5637725, 27.9697936]}, "properties": {"external_id": "osm:node/9772755990", "kind": "health", "name": "Tara nagar health post", "name_ne": "", "tags": {"amenity": "clinic", "name": "Tara nagar health post"}}}, {"type": "Feature", "geometry": {"type": "Point", "coordinates": [84.6773226, 28.0196463]}, "properties": {"external_id": "osm:node/9772755991", "kind": "health", "name": "Taple health post", "name_ne": "", "tags": {"amenity": "clinic", "name": "Taple health post"}}}, {"type": "Feature", "geometry": {"type": "Point", "coordinates": [84.5307079, 27.9174113]}, "properties": {"external_id": "osm:node/9772755992", "kind": "health", "name": "simle health post", "name_ne": "", "tags": {"amenity": "clinic", "name": "simle health post"}}}, {"type": "Feature", "geometry": {"type": "Point", "coordinates": [84.6369489, 27.9822716]}, "properties": {"external_id": "osm:node/9772755993", "kind": "health", "name": "Raniswara health post", "name_ne": "", "tags": {"amenity": "clinic", "name": "Raniswara health post"}}}, {"type": "Feature", "geometry": {"type": "Point", "coordinates": [84.5389024, 27.9489197]}, "properties": {"external_id": "osm:node/9772755994", "kind": "health", "name": "Pyuggharbesi nagar swasthye akai", "name_ne": "", "tags": {"amenity": "clinic", "name": "Pyuggharbesi nagar swasthye akai"}}}, {"type": "Feature", "geometry": {"type": "Point", "coordinates": [84.568735, 27.9950409]}, "properties": {"external_id": "osm:node/9772755995", "kind": "health", "name": "Prithivi Narayan Community Hospital", "name_ne": "", "tags": {"amenity": "hospital", "name": "Prithivi Narayan Community Hospital"}}}, {"type": "Feature", "geometry": {"type": "Point", "coordinates": [84.6053044, 28.0120595]}, "properties": {"external_id": "osm:node/9772755996", "kind": "health", "name": "paslang urban health center", "name_ne": "", "tags": {"amenity": "clinic", "name": "paslang urban health center"}}}, {"type": "Feature", "geometry": {"type": "Point", "coordinates": [84.6307839, 28.0255726]}, "properties": {"external_id": "osm:node/9772755997", "kind": "health", "name": "Nareswor health post", "name_ne": "", "tags": {"amenity": "clinic", "name": "Nareswor health post"}}}, {"type": "Feature", "geometry": {"type": "Point", "coordinates": [84.6207558, 27.9684994]}, "properties": {"external_id": "osm:node/9772755999", "kind": "health", "name": "Laxmi bazar urban health center", "name_ne": "", "tags": {"amenity": "clinic", "name": "Laxmi bazar urban health center"}}}, {"type": "Feature", "geometry": {"type": "Point", "coordinates": [84.6666641, 28.0235927]}, "properties": {"external_id": "osm:node/9772756000", "kind": "health", "name": "kokhe aahale urban health center", "name_ne": "", "tags": {"amenity": "clinic", "name": "kokhe aahale urban health center"}}}, {"type": "Feature", "geometry": {"type": "Point", "coordinates": [84.6113137, 28.0000131]}, "properties": {"external_id": "osm:node/9772756001", "kind": "health", "name": "gorrkha municipality 7 primary health center", "name_ne": "", "tags": {"amenity": "clinic", "name": "gorrkha municipality 7 primary health center"}}}, {"type": "Feature", "geometry": {"type": "Point", "coordinates": [84.5694732, 27.9940845]}, "properties": {"external_id": "osm:node/9772756002", "kind": "health", "name": "Gorkha Memorial Hospital pvt.ltd", "name_ne": "", "tags": {"amenity": "hospital", "name": "Gorkha Memorial Hospital pvt.ltd"}}}, {"type": "Feature", "geometry": {"type": "Point", "coordinates": [84.6101918, 28.0295926]}, "properties": {"external_id": "osm:node/9772756003", "kind": "health", "name": "Ghalang urban health center", "name_ne": "", "tags": {"amenity": "clinic", "name": "Ghalang urban health center"}}}, {"type": "Feature", "geometry": {"type": "Point", "coordinates": [84.6538619, 28.0107293]}, "properties": {"external_id": "osm:node/9772756004", "kind": "health", "name": "Finam health post", "name_ne": "", "tags": {"amenity": "clinic", "name": "Finam health post"}}}, {"type": "Feature", "geometry": {"type": "Point", "coordinates": [84.5236172, 27.9399376]}, "properties": {"external_id": "osm:node/9772756005", "kind": "health", "name": "Deurali health post", "name_ne": "", "tags": {"amenity": "clinic", "name": "Deurali health post"}}}, {"type": "Feature", "geometry": {"type": "Point", "coordinates": [84.5722411, 27.9893698]}, "properties": {"external_id": "osm:node/9772756006", "kind": "health", "name": "chhebetar urban health center", "name_ne": "", "tags": {"amenity": "clinic", "name": "chhebetar urban health center"}}}, {"type": "Feature", "geometry": {"type": "Point", "coordinates": [84.6584933, 28.020485]}, "properties": {"external_id": "osm:node/9772756007", "kind": "health", "name": "Arusara urban health center", "name_ne": "", "tags": {"amenity": "clinic", "name": "Arusara urban health center"}}}, {"type": "Feature", "geometry": {"type": "Point", "coordinates": [84.6231248, 27.9965989]}, "properties": {"external_id": "osm:node/9772756008", "kind": "health", "name": "Aama baa hospital", "name_ne": "", "tags": {"amenity": "hospital", "name": "Aama baa hospital"}}}, {"type": "Feature", "geometry": {"type": "Point", "coordinates": [84.5463821, 27.916916]}, "properties": {"external_id": "osm:node/9772756009", "kind": "health", "name": "Aadharbhut swasthye kendra simalgairi", "name_ne": "", "tags": {"amenity": "clinic", "name": "Aadharbhut swasthye kendra simalgairi"}}}, {"type": "Feature", "geometry": {"type": "Point", "coordinates": [84.4131546, 27.999136]}, "properties": {"external_id": "osm:node/9789678331", "kind": "school", "name": "Bhimsen Pra Bi", "name_ne": "", "tags": {"amenity": "school", "name": "Bhimsen Pra Bi"}}}, {"type": "Feature", "geometry": {"type": "Point", "coordinates": [84.4050217, 28.0092449]}, "properties": {"external_id": "osm:node/9789678332", "kind": "school", "name": "नारायणी आ.बि", "name_ne": "नारायणी आ.बि", "tags": {"amenity": "school", "name": "नारायणी आ.बि"}}}, {"type": "Feature", "geometry": {"type": "Point", "coordinates": [84.4282913, 28.0003929]}, "properties": {"external_id": "osm:node/9789678333", "kind": "school", "name": "श्री मनकामना सामुदायिक विद्या मन्दिर", "name_ne": "श्री मनकामना सामुदायिक विद्या मन्दिर", "tags": {"amenity": "school", "name": "श्री मनकामना सामुदायिक विद्या मन्दिर"}}}, {"type": "Feature", "geometry": {"type": "Point", "coordinates": [84.4237442, 27.9965591]}, "properties": {"external_id": "osm:node/9789678334", "kind": "school", "name": "Shree Homraj Lohani Sarada Siksha sadan uchha ma bi", "name_ne": "", "tags": {"amenity": "school", "name": "Shree Homraj Lohani Sarada Siksha sadan uchha ma bi"}}}, {"type": "Feature", "geometry": {"type": "Point", "coordinates": [84.4058151, 28.0208569]}, "properties": {"external_id": "osm:node/9789678336", "kind": "school", "name": "गङ्गा प्रा.वि", "name_ne": "गङ्गा प्रा.वि", "tags": {"amenity": "school", "name": "गङ्गा प्रा.वि"}}}, {"type": "Feature", "geometry": {"type": "Point", "coordinates": [84.3899384, 28.0202255]}, "properties": {"external_id": "osm:node/9789678337", "kind": "school", "name": "Tanahun Manakama Boarding School", "name_ne": "", "tags": {"amenity": "school", "name": "Tanahun Manakama Boarding School"}}}, {"type": "Feature", "geometry": {"type": "Point", "coordinates": [84.3914337, 28.0185032]}, "properties": {"external_id": "osm:node/9789678338", "kind": "school", "name": "Ekata Sadan Secondary Boarding School", "name_ne": "", "tags": {"amenity": "school", "name": "Ekata Sadan Secondary Boarding School"}}}, {"type": "Feature", "geometry": {"type": "Point", "coordinates": [84.404919, 27.9968344]}, "properties": {"external_id": "osm:node/9789678339", "kind": "school", "name": "सम्झना प्रा.वि", "name_ne": "सम्झना प्रा.वि", "tags": {"amenity": "school", "name": "सम्झना प्रा.वि"}}}, {"type": "Feature", "geometry": {"type": "Point", "coordinates": [84.2533798, 28.009119]}, "properties": {"external_id": "osm:node/9789714105", "kind": "school", "name": "siba madhyamik bidhyalaya", "name_ne": "", "tags": {"amenity": "school", "name": "siba madhyamik bidhyalaya"}}}, {"type": "Feature", "geometry": {"type": "Point", "coordinates": [84.2783619, 27.9978]}, "properties": {"external_id": "osm:node/9789714106", "kind": "school", "name": "shree sarbajyoti madhyamik bidhyala", "name_ne": "", "tags": {"amenity": "school", "name": "shree sarbajyoti madhyamik bidhyala"}}}, {"type": "Feature", "geometry": {"type": "Point", "coordinates": [84.2842331, 28.0060024]}, "properties": {"external_id": "osm:node/9789714107", "kind": "school", "name": "shree vhanu madhyamik school", "name_ne": "", "tags": {"amenity": "school", "name": "shree vhanu madhyamik school"}}}, {"type": "Feature", "geometry": {"type": "Point", "coordinates": [84.3159866, 28.0558243]}, "properties": {"external_id": "osm:node/9789714108", "kind": "school", "name": "shree laxmi basic school", "name_ne": "", "tags": {"amenity": "school", "name": "shree laxmi basic school"}}}, {"type": "Feature", "geometry": {"type": "Point", "coordinates": [84.2544098, 28.0229511]}, "properties": {"external_id": "osm:node/9789714109", "kind": "school", "name": "shukra basic school", "name_ne": "", "tags": {"amenity": "school", "name": "shukra basic school"}}}, {"type": "Feature", "geometry": {"type": "Point", "coordinates": [84.2684784, 27.979763]}, "properties": {"external_id": "osm:node/9789714110", "kind": "school", "name": "madarsha pra. bi", "name_ne": "", "tags": {"amenity": "school", "name": "madarsha pra. bi"}}}, {"type": "Feature", "geometry": {"type": "Point", "coordinates": [84.27771, 27.9570465]}, "properties": {"external_id": "osm:node/9789714111", "kind": "school", "name": "siddhabeni basic school", "name_ne": "", "tags": {"amenity": "school", "name": "siddhabeni basic school"}}}, {"type": "Feature", "geometry": {"type": "Point", "coordinates": [84.3522797, 27.9755898]}, "properties": {"external_id": "osm:node/9789714112", "kind": "school", "name": "janaamilan pra bi", "name_ne": "", "tags": {"amenity": "school", "name": "janaamilan pra bi"}}}, {"type": "Feature", "geometry": {"type": "Point", "coordinates": [84.3628235, 27.9735985]}, "properties": {"external_id": "osm:node/9789714113", "kind": "school", "name": "amarjyoti madhyamik bidhyalaya", "name_ne": "", "tags": {"amenity": "school", "name": "amarjyoti madhyamik bidhyalaya"}}}, {"type": "Feature", "geometry": {"type": "Point", "coordinates": [84.2301964, 28.0233023]}, "properties": {"external_id": "osm:node/9789714114", "kind": "school", "name": "shree padmaa pra vi", "name_ne": "", "tags": {"amenity": "school", "name": "shree padmaa pra vi"}}}, {"type": "Feature", "geometry": {"type": "Point", "coordinates": [84.232164, 28.0019891]}, "properties": {"external_id": "osm:node/9789714115", "kind": "school", "name": "shree sindhuu basic school", "name_ne": "", "tags": {"amenity": "school", "name": "shree sindhuu basic school"}}}, {"type": "Feature", "geometry": {"type": "Point", "coordinates": [84.2568207, 27.9982281]}, "properties": {"external_id": "osm:node/9789714116", "kind": "school", "name": "shree chandi devi rastriya madhyamik bidhyalaya", "name_ne": "", "tags": {"amenity": "school", "name": "shree chandi devi rastriya madhyamik bidhyalaya"}}}, {"type": "Feature", "geometry": {"type": "Point", "coordinates": [84.2184605, 28.019477]}, "properties": {"external_id": "osm:node/9789718017", "kind": "school", "name": "shree janajukta shahi madhyamik bidhyalaya", "name_ne": "", "tags": {"amenity": "school", "name": "shree janajukta shahi madhyamik bidhyalaya"}}}, {"type": "Feature", "geometry": {"type": "Point", "coordinates": [84.2409973, 27.9896412]}, "properties": {"external_id": "osm:node/9789718018", "kind": "school", "name": "udaya madhyamik bidhyalaya", "name_ne": "", "tags": {"amenity": "school", "name": "udaya madhyamik bidhyalaya"}}}, {"type": "Feature", "geometry": {"type": "Point", "coordinates": [84.2927933, 27.9854755]}, "properties": {"external_id": "osm:node/9789718019", "kind": "school", "name": "shree janasebika prathamik bidhyalaya", "name_ne": "", "tags": {"amenity": "school", "name": "shree janasebika prathamik bidhyalaya"}}}, {"type": "Feature", "geometry": {"type": "Point", "coordinates": [84.2748724, 27.9812897]}, "properties": {"external_id": "osm:node/9789718020", "kind": "school", "name": "madishree secondary boarding school", "name_ne": "", "tags": {"amenity": "school", "name": "madishree secondary boarding school"}}}, {"type": "Feature", "geometry": {"type": "Point", "coordinates": [84.2874538, 27.9734873]}, "properties": {"external_id": "osm:node/9789718021", "kind": "school", "name": "indreni sky boarding school", "name_ne": "", "tags": {"amenity": "school", "name": "indreni sky boarding school"}}}, {"type": "Feature", "geometry": {"type": "Point", "coordinates": [84.2704392, 27.9782677]}, "properties": {"external_id": "osm:node/9789718022", "kind": "school", "name": "पराशर मा।बि", "name_ne": "पराशर मा।बि", "tags": {"amenity": "school", "name": "पराशर मा।बि"}}}, {"type": "Feature", "geometry": {"type": "Point", "coordinates": [84.2438812, 27.9986]}, "properties": {"external_id": "osm:node/9789718023", "kind": "school", "name": "दमौली मोडेल academy", "name_ne": "दमौली मोडेल academy", "tags": {"amenity": "school", "name": "दमौली मोडेल academy"}}}, {"type": "Feature", "geometry": {"type": "Point", "coordinates": [84.2640027, 27.97329]}, "properties": {"external_id": "osm:node/9789718024", "kind": "school", "name": "gorakhkali abasoye madhyamik bidyalaya", "name_ne": "", "tags": {"amenity": "school", "name": "gorakhkali abasoye madhyamik bidyalaya"}}}, {"type": "Feature", "geometry": {"type": "Point", "coordinates": [84.2659994, 27.9711326]}, "properties": {"external_id": "osm:node/9789718025", "kind": "school", "name": "maharshi bedbyas sanskrit ma bi", "name_ne": "", "tags": {"amenity": "school", "name": "maharshi bedbyas sanskrit ma bi"}}}, {"type": "Feature", "geometry": {"type": "Point", "coordinates": [84.27034, 27.9712982]}, "properties": {"external_id": "osm:node/9789718026", "kind": "school", "name": "shree shiva panchayan ma.bi", "name_ne": "", "tags": {"amenity": "school", "name": "shree shiva panchayan ma.bi"}}}, {"type": "Feature", "geometry": {"type": "Point", "coordinates": [84.2672614, 27.9585401]}, "properties": {"external_id": "osm:node/9789718027", "kind": "school", "name": "satyawati secondary school", "name_ne": "", "tags": {"amenity": "school", "name": "satyawati secondary school"}}}, {"type": "Feature", "geometry": {"type": "Point", "coordinates": [84.2718811, 27.9805946]}, "properties": {"external_id": "osm:node/9789718028", "kind": "school", "name": "bal mandir madhyamik bidhyalaya", "name_ne": "", "tags": {"amenity": "school", "name": "bal mandir madhyamik bidhyalaya"}}}, {"type": "Feature", "geometry": {"type": "Point", "coordinates": [84.2657089, 27.9792271]}, "properties": {"external_id": "osm:node/9789718029", "kind": "school", "name": "adarsha bidhya griha", "name_ne": "", "tags": {"amenity": "school", "name": "adarsha bidhya griha"}}}, {"type": "Feature", "geometry": {"type": "Point", "coordinates": [84.270462, 27.9746494]}, "properties": {"external_id": "osm:node/9789718030", "kind": "school", "name": "vyas divyajyoti boarding school", "name_ne": "", "tags": {"amenity": "school", "name": "vyas divyajyoti boarding school"}}}, {"type": "Feature", "geometry": {"type": "Point", "coordinates": [84.2733917, 27.9740067]}, "properties": {"external_id": "osm:node/9789718031", "kind": "school", "name": "new manakamana secondary boarding school", "name_ne": "", "tags": {"amenity": "school", "name": "new manakamana secondary boarding school"}}}, {"type": "Feature", "geometry": {"type": "Point", "coordinates": [84.3773193, 28.2543869]}, "properties": {"external_id": "osm:node/9789765105", "kind": "school", "name": "श्री रत्न प्रकाश प्रा वि", "name_ne": "श्री रत्न प्रकाश प्रा वि", "tags": {"amenity": "school", "name": "श्री रत्न प्रकाश प्रा वि"}}}, {"type": "Feature", "geometry": {"type": "Point", "coordinates": [84.3604202, 28.236517]}, "properties": {"external_id": "osm:node/9789765106", "kind": "school", "name": "श्री बाल रत्न प्रा वि तल्लो साम्दि", "name_ne": "श्री बाल रत्न प्रा वि तल्लो साम्दि", "tags": {"amenity": "school", "name": "श्री बाल रत्न प्रा वि तल्लो साम्दि"}}}, {"type": "Feature", "geometry": {"type": "Point", "coordinates": [84.4081802, 28.2084675]}, "properties": {"external_id": "osm:node/9789765107", "kind": "school", "name": "लिलाज्योती प्रा वि", "name_ne": "लिलाज्योती प्रा वि", "tags": {"amenity": "school", "name": "लिलाज्योती प्रा वि"}}}, {"type": "Feature", "geometry": {"type": "Point", "coordinates": [84.3887787, 28.2403278]}, "properties": {"external_id": "osm:node/9789765108", "kind": "school", "name": "श्री बालकल्याण प्रा वि", "name_ne": "श्री बालकल्याण प्रा वि", "tags": {"amenity": "school", "name": "श्री बालकल्याण प्रा वि"}}}, {"type": "Feature", "geometry": {"type": "Point", "coordinates": [84.380249, 28.1797485]}, "properties": {"external_id": "osm:node/9789765109", "kind": "school", "name": "श्री कालिका मिलन मा वि", "name_ne": "श्री कालिका मिलन मा वि", "tags": {"amenity": "school", "name": "श्री कालिका मिलन मा वि"}}}, {"type": "Feature", "geometry": {"type": "Point", "coordinates": [84.3682785, 28.2073193]}, "properties": {"external_id": "osm:node/9789765110", "kind": "school", "name": "श्री अमर प्रा वि", "name_ne": "श्री अमर प्रा वि", "tags": {"amenity": "school", "name": "श्री अमर प्रा वि"}}}, {"type": "Feature", "geometry": {"type": "Point", "coordinates": [84.3323364, 28.2016659]}, "properties": {"external_id": "osm:node/9789765111", "kind": "school", "name": "श्री जलदेवी प्रा वि", "name_ne": "श्री जलदेवी प्रा वि", "tags": {"amenity": "school", "name": "श्री जलदेवी प्रा वि"}}}, {"type": "Feature", "geometry": {"type": "Point", "coordinates": [84.3387167, 28.1894079]}, "properties": {"external_id": "osm:node/9789765112", "kind": "school", "name": "श्री सेवा सदन मा वि", "name_ne": "श्री सेवा सदन मा वि", "tags": {"amenity": "school", "name": "श्री सेवा सदन मा वि"}}}, {"type": "Feature", "geometry": {"type": "Point", "coordinates": [84.2897568, 28.2045937]}, "properties": {"external_id": "osm:node/9789765113", "kind": "school", "name": "श्री लाङ्दी देवि आधारभुत प्रा वि", "name_ne": "श्री लाङ्दी देवि आधारभुत प्रा वि", "tags": {"amenity": "school", "name": "श्री लाङ्दी देवि आधारभुत प्रा वि"}}}, {"type": "Feature", "geometry": {"type": "Point", "coordinates": [84.3054276, 28.2107601]}, "properties": {"external_id": "osm:node/9789765114", "kind": "school", "name": "श्री अन्नर्पुण मा बि नाल्मा", "name_ne": "श्री अन्नर्पुण मा बि नाल्मा", "tags": {"amenity": "school", "name": "श्री अन्नर्पुण मा बि नाल्मा"}}}, {"type": "Feature", "geometry": {"type": "Point", "coordinates": [84.3369904, 28.2077007]}, "properties": {"external_id": "osm:node/9789765115", "kind": "school", "name": "श्री बौद्ध मिलन प्राथमिक बिधालय", "name_ne": "श्री बौद्ध मिलन प्राथमिक बिधालय", "tags": {"amenity": "school", "name": "श्री बौद्ध मिलन प्राथमिक बिधालय"}}}, {"type": "Feature", "geometry": {"type": "Point", "coordinates": [84.3507156, 28.2302284]}, "properties": {"external_id": "osm:node/9789765116", "kind": "school", "name": "श्री चन्द्र ज्योती आधारभुत विधालय", "name_ne": "श्री चन्द्र ज्योती आधारभुत विधालय", "tags": {"amenity": "school", "name": "श्री चन्द्र ज्योती आधारभुत विधालय"}}}, {"type": "Feature", "geometry": {"type": "Point", "coordinates": [84.3546906, 28.2252369]}, "properties": {"external_id": "osm:node/9789767317", "kind": "school", "name": "श्री समदर्शी प्रा वि", "name_ne": "श्री समदर्शी प्रा वि", "tags": {"amenity": "school", "name": "श्री समदर्शी प्रा वि"}}}, {"type": "Feature", "geometry": {"type": "Point", "coordinates": [84.3644943, 28.1819973]}, "properties": {"external_id": "osm:node/9789767318", "kind": "school", "name": "श्री चैतन्यौदय प्रा वि", "name_ne": "श्री चैतन्यौदय प्रा वि", "tags": {"amenity": "school", "name": "श्री चैतन्यौदय प्रा वि"}}}, {"type": "Feature", "geometry": {"type": "Point", "coordinates": [84.3646851, 28.209856]}, "properties": {"external_id": "osm:node/9789767319", "kind": "school", "name": "श्री लमजुङ मा वि", "name_ne": "श्री लमजुङ मा वि", "tags": {"amenity": "school", "name": "श्री लमजुङ मा वि"}}}, {"type": "Feature", "geometry": {"type": "Point", "coordinates": [84.4303741, 28.176096]}, "properties": {"external_id": "osm:node/9789767320", "kind": "school", "name": "श्री जनकल्याण मा वि", "name_ne": "श्री जनकल्याण मा वि", "tags": {"amenity": "school", "name": "श्री जनकल्याण मा वि"}}}, {"type": "Feature", "geometry": {"type": "Point", "coordinates": [84.4295883, 28.165987]}, "properties": {"external_id": "osm:node/9789767321", "kind": "school", "name": "श्री कर्मदा प्रा वि", "name_ne": "श्री कर्मदा प्रा वि", "tags": {"amenity": "school", "name": "श्री कर्मदा प्रा वि"}}}, {"type": "Feature", "geometry": {"type": "Point", "coordinates": [84.4176254, 28.1641273]}, "properties": {"external_id": "osm:node/9789767322", "kind": "school", "name": "श्रीदेविसदन प्रा बि", "name_ne": "श्रीदेविसदन प्रा बि", "tags": {"amenity": "school", "name": "श्रीदेविसदन प्रा बि"}}}, {"type": "Feature", "geometry": {"type": "Point", "coordinates": [84.4065933, 28.2409725]}, "properties": {"external_id": "osm:node/9789767323", "kind": "school", "name": "श्री हिमज्योती प्रा वि", "name_ne": "श्री हिमज्योती प्रा वि", "tags": {"amenity": "school", "name": "श्री हिमज्योती प्रा वि"}}}, {"type": "Feature", "geometry": {"type": "Point", "coordinates": [84.3967438, 28.2347546]}, "properties": {"external_id": "osm:node/9789767324", "kind": "school", "name": "श्री कण्ठ प्रा वि", "name_ne": "श्री कण्ठ प्रा वि", "tags": {"amenity": "school", "name": "श्री कण्ठ प्रा वि"}}}, {"type": "Feature", "geometry": {"type": "Point", "coordinates": [84.3983362, 28.2627679]}, "properties": {"external_id": "osm:node/9789767325", "kind": "school", "name": "श्री भबिष्य निर्माण प्रा वि", "name_ne": "श्री भबिष्य निर्माण प्रा वि", "tags": {"amenity": "school", "name": "श्री भबिष्य निर्माण प्रा वि"}}}, {"type": "Feature", "geometry": {"type": "Point", "coordinates": [84.4149475, 28.2537022]}, "properties": {"external_id": "osm:node/9789767326", "kind": "school", "name": "श्री गणेश प्रा वि", "name_ne": "श्री गणेश प्रा वि", "tags": {"amenity": "school", "name": "श्री गणेश प्रा वि"}}}, {"type": "Feature", "geometry": {"type": "Point", "coordinates": [84.4308243, 28.1771622]}, "properties": {"external_id": "osm:node/9789767327", "kind": "school", "name": "गोल्डेन फिउचर इग्लिस बोडिङ्ग स्कुल", "name_ne": "गोल्डेन फिउचर इग्लिस बोडिङ्ग स्कुल", "tags": {"amenity": "school", "name": "गोल्डेन फिउचर इग्लिस बोडिङ्ग स्कुल"}}}, {"type": "Feature", "geometry": {"type": "Point", "coordinates": [84.3898548, 28.2604285]}, "properties": {"external_id": "osm:node/9789767328", "kind": "school", "name": "श्री जनआशापुर्ण प्रा वि", "name_ne": "श्री जनआशापुर्ण प्रा वि", "tags": {"amenity": "school", "name": "श्री जनआशापुर्ण प्रा वि"}}}, {"type": "Feature", "geometry": {"type": "Point", "coordinates": [84.3682632, 28.2137585]}, "properties": {"external_id": "osm:node/9789767329", "kind": "school", "name": "हेवनहिल एकेडेमी", "name_ne": "हेवनहिल एकेडेमी", "tags": {"amenity": "school", "name": "हेवनहिल एकेडेमी"}}}, {"type": "Feature", "geometry": {"type": "Point", "coordinates": [84.377052, 28.2041683]}, "properties": {"external_id": "osm:node/9789767330", "kind": "school", "name": "श्री शिवशक्ती प्रा वि", "name_ne": "श्री शिवशक्ती प्रा वि", "tags": {"amenity": "school", "name": "श्री शिवशक्ती प्रा वि"}}}, {"type": "Feature", "geometry": {"type": "Point", "coordinates": [84.3785801, 28.2180455]}, "properties": {"external_id": "osm:node/9789767331", "kind": "school", "name": "श्री येशोबर्मा मा वि", "name_ne": "श्री येशोबर्मा मा वि", "tags": {"amenity": "school", "name": "श्री येशोबर्मा मा वि"}}}, {"type": "Feature", "geometry": {"type": "Point", "coordinates": [84.442543, 28.1977654]}, "properties": {"external_id": "osm:node/9789767332", "kind": "school", "name": "श्री जनसेवा प्रा वि", "name_ne": "श्री जनसेवा प्रा वि", "tags": {"amenity": "school", "name": "श्री जनसेवा प्रा वि"}}}, {"type": "Feature", "geometry": {"type": "Point", "coordinates": [84.4001541, 28.2124023]}, "properties": {"external_id": "osm:node/9789767334", "kind": "school", "name": "श्री कालिका प्राथमिक विधालय", "name_ne": "श्री कालिका प्राथमिक विधालय", "tags": {"amenity": "school", "name": "श्री कालिका प्राथमिक विधालय"}}}, {"type": "Feature", "geometry": {"type": "Point", "coordinates": [84.37146, 28.2437725]}, "properties": {"external_id": "osm:node/9789767335", "kind": "school", "name": "श्री चनौटे प्रा वि", "name_ne": "श्री चनौटे प्रा वि", "tags": {"amenity": "school", "name": "श्री चनौटे प्रा वि"}}}, {"type": "Feature", "geometry": {"type": "Point", "coordinates": [84.3469849, 28.2448006]}, "properties": {"external_id": "osm:node/9789767336", "kind": "school", "name": "श्री कन्याज्योती प्रा वि", "name_ne": "श्री कन्याज्योती प्रा वि", "tags": {"amenity": "school", "name": "श्री कन्याज्योती प्रा वि"}}}, {"type": "Feature", "geometry": {"type": "Point", "coordinates": [84.3569964, 28.2567264]}, "properties": {"external_id": "osm:node/9789767337", "kind": "school", "name": "श्री चण्डेश्वरी प्रा वि", "name_ne": "श्री चण्डेश्वरी प्रा वि", "tags": {"amenity": "school", "name": "श्री चण्डेश्वरी प्रा वि"}}}, {"type": "Feature", "geometry": {"type": "Point", "coordinates": [84.3670425, 28.2384224]}, "properties": {"external_id": "osm:node/9789767338", "kind": "school", "name": "चन्द्र सुर्य इन्लिस बोडिङ्ग स्कुम", "name_ne": "चन्द्र सुर्य इन्लिस बोडिङ्ग स्कुम", "tags": {"amenity": "school", "name": "चन्द्र सुर्य इन्लिस बोडिङ्ग स्कुम"}}}, {"type": "Feature", "geometry": {"type": "Point", "coordinates": [84.3768053, 28.2336927]}, "properties": {"external_id": "osm:node/9789767339", "kind": "school", "name": "न्यु भिजन मन्टेश्वरी स्कुल", "name_ne": "न्यु भिजन मन्टेश्वरी स्कुल", "tags": {"amenity": "school", "name": "न्यु भिजन मन्टेश्वरी स्कुल"}}}, {"type": "Feature", "geometry": {"type": "Point", "coordinates": [84.3752975, 28.2274494]}, "properties": {"external_id": "osm:node/9789767340", "kind": "school", "name": "बुद्ध मेमोरीयल इग्लिस बोडिङ्ग स्कुल", "name_ne": "बुद्ध मेमोरीयल इग्लिस बोडिङ्ग स्कुल", "tags": {"amenity": "school", "name": "बुद्ध मेमोरीयल इग्लिस बोडिङ्ग स्कुल"}}}, {"type": "Feature", "geometry": {"type": "Point", "coordinates": [84.4150085, 28.1878071]}, "properties": {"external_id": "osm:node/9789767341", "kind": "school", "name": "श्री चन्द्रोदय प्रा वि", "name_ne": "श्री चन्द्रोदय प्रा वि", "tags": {"amenity": "school", "name": "श्री चन्द्रोदय प्रा वि"}}}, {"type": "Feature", "geometry": {"type": "Point", "coordinates": [84.4054108, 28.1870403]}, "properties": {"external_id": "osm:node/9789767342", "kind": "school", "name": "श्री बालबिकास प्रा वि", "name_ne": "श्री बालबिकास प्रा वि", "tags": {"amenity": "school", "name": "श्री बालबिकास प्रा वि"}}}, {"type": "Feature", "geometry": {"type": "Point", "coordinates": [84.3973846, 28.1924419]}, "properties": {"external_id": "osm:node/9789767343", "kind": "school", "name": "श्री बाल बिधाश्रम प्रा वि", "name_ne": "श्री बाल बिधाश्रम प्रा वि", "tags": {"amenity": "school", "name": "श्री बाल बिधाश्रम प्रा वि"}}}, {"type": "Feature", "geometry": {"type": "Point", "coordinates": [84.4180374, 28.2059212]}, "properties": {"external_id": "osm:node/9789767344", "kind": "school", "name": "श्री लोकराज आदर्श मा वि", "name_ne": "श्री लोकराज आदर्श मा वि", "tags": {"amenity": "school", "name": "श्री लोकराज आदर्श मा वि"}}}, {"type": "Feature", "geometry": {"type": "Point", "coordinates": [84.4344482, 28.2003193]}, "properties": {"external_id": "osm:node/9789767345", "kind": "school", "name": "श्री युबा ज्योती प्रा .वि", "name_ne": "श्री युबा ज्योती प्रा .वि", "tags": {"amenity": "school", "name": "श्री युबा ज्योती प्रा .वि"}}}, {"type": "Feature", "geometry": {"type": "Point", "coordinates": [84.4399338, 28.202774]}, "properties": {"external_id": "osm:node/9789767346", "kind": "school", "name": "न्यु मरिगोल्ड सेकेन्डरी बोडिङ्ग स्कुल", "name_ne": "न्यु मरिगोल्ड सेकेन्डरी बोडिङ्ग स्कुल", "tags": {"amenity": "school", "name": "न्यु मरिगोल्ड सेकेन्डरी बोडिङ्ग स्कुल"}}}, {"type": "Feature", "geometry": {"type": "Point", "coordinates": [84.4437332, 28.1728001]}, "properties": {"external_id": "osm:node/9789767347", "kind": "school", "name": "श्री बालबिकास मा वि", "name_ne": "श्री बालबिकास मा वि", "tags": {"amenity": "school", "name": "श्री बालबिकास मा वि"}}}, {"type": "Feature", "geometry": {"type": "Point", "coordinates": [84.4370575, 28.2057495]}, "properties": {"external_id": "osm:node/9789767348", "kind": "school", "name": "श्री जनकल्याण मा वि", "name_ne": "श्री जनकल्याण मा वि", "tags": {"amenity": "school", "name": "श्री जनकल्याण मा वि"}}}, {"type": "Feature", "geometry": {"type": "Point", "coordinates": [84.4381943, 28.2127781]}, "properties": {"external_id": "osm:node/9789767349", "kind": "school", "name": "श्री शान्तीभबन प्रा वि", "name_ne": "श्री शान्तीभबन प्रा वि", "tags": {"amenity": "school", "name": "श्री शान्तीभबन प्रा वि"}}}, {"type": "Feature", "geometry": {"type": "Point", "coordinates": [84.4257813, 28.1926441]}, "properties": {"external_id": "osm:node/9789767350", "kind": "school", "name": "श्री जनज्योती प्रा वि", "name_ne": "श्री जनज्योती प्रा वि", "tags": {"amenity": "school", "name": "श्री जनज्योती प्रा वि"}}}, {"type": "Feature", "geometry": {"type": "Point", "coordinates": [84.4397049, 28.222147]}, "properties": {"external_id": "osm:node/9789767351", "kind": "school", "name": "श्री बालरत्न प्रा वि", "name_ne": "श्री बालरत्न प्रा वि", "tags": {"amenity": "school", "name": "श्री बालरत्न प्रा वि"}}}, {"type": "Feature", "geometry": {"type": "Point", "coordinates": [84.4188614, 28.1948662]}, "properties": {"external_id": "osm:node/9789767352", "kind": "school", "name": "श्री जनजगृती आ बि", "name_ne": "श्री जनजगृती आ बि", "tags": {"amenity": "school", "name": "श्री जनजगृती आ बि"}}}, {"type": "Feature", "geometry": {"type": "Point", "coordinates": [84.445343, 28.1891632]}, "properties": {"external_id": "osm:node/9789767353", "kind": "school", "name": "श्री चिदी प्रा वि", "name_ne": "श्री चिदी प्रा वि", "tags": {"amenity": "school", "name": "श्री चिदी प्रा वि"}}}, {"type": "Feature", "geometry": {"type": "Point", "coordinates": [84.3860779, 28.2342949]}, "properties": {"external_id": "osm:node/9789767354", "kind": "school", "name": "Shree Nabin Primary School", "name_ne": "श्री नवीन प्रा. वि.", "tags": {"amenity": "school", "name": "श्री नवीन प्रा. वि.", "name:en": "Shree Nabin Primary School", "name:ne": "श्री नवीन प्रा. वि."}}}, {"type": "Feature", "geometry": {"type": "Point", "coordinates": [84.3802872, 28.246706]}, "properties": {"external_id": "osm:node/9789767355", "kind": "school", "name": "श्री नारायण प्रा वि लमजुङ", "name_ne": "श्री नारायण प्रा वि लमजुङ", "tags": {"amenity": "school", "name": "श्री नारायण प्रा वि लमजुङ"}}}, {"type": "Feature", "geometry": {"type": "Point", "coordinates": [84.4718399, 28.1426067]}, "properties": {"external_id": "osm:node/9789802557", "kind": "school", "name": "Shree Jalpadebi Besic school Dordi RM 1 Bharde Silbari Lmjung", "name_ne": "", "tags": {"amenity": "school", "name": "Shree Jalpadebi Besic school Dordi RM 1 Bharde Silbari Lmjung"}}}, {"type": "Feature", "geometry": {"type": "Point", "coordinates": [84.4594045, 28.1407587]}, "properties": {"external_id": "osm:node/9789802558", "kind": "school", "name": "Shree Mahadev Besic School Dordi RM 1 Silbari Lamjung", "name_ne": "", "tags": {"amenity": "school", "name": "Shree Mahadev Besic School Dordi RM 1 Silbari Lamjung"}}}, {"type": "Feature", "geometry": {"type": "Point", "coordinates": [84.44561, 28.1473312]}, "properties": {"external_id": "osm:node/9789802559", "kind": "school", "name": "Shree Karmodaya Besic School Dordi RM1 Dhoke Lamjung", "name_ne": "", "tags": {"amenity": "school", "name": "Shree Karmodaya Besic School Dordi RM1 Dhoke Lamjung"}}}, {"type": "Feature", "geometry": {"type": "Point", "coordinates": [84.4556726, 28.1476677]}, "properties": {"external_id": "osm:node/9789802560", "kind": "school", "name": "Shree Indrapuri Basic School Dordi RM 1 Deurali Lamjung", "name_ne": "", "tags": {"amenity": "school", "name": "Shree Indrapuri Basic School Dordi RM 1 Deurali Lamjung"}}}, {"type": "Feature", "geometry": {"type": "Point", "coordinates": [84.4913773, 28.1470462]}, "properties": {"external_id": "osm:node/9789802561", "kind": "school", "name": "Shree Saraswoti Milan Basic School Dordi RM 1 Bharate Lamjung", "name_ne": "", "tags": {"amenity": "school", "name": "Shree Saraswoti Milan Basic School Dordi RM 1 Bharate Lamjung"}}}, {"type": "Feature", "geometry": {"type": "Point", "coordinates": [84.48246, 28.1452084]}, "properties": {"external_id": "osm:node/9789802562", "kind": "school", "name": "Shree Nabha Parbhat Primary School Dordi RM1 Lamjung", "name_ne": "", "tags": {"amenity": "school", "name": "Shree Nabha Parbhat Primary School Dordi RM1 Lamjung"}}}, {"type": "Feature", "geometry": {"type": "Point", "coordinates": [84.5287247, 28.191824]}, "properties": {"external_id": "osm:node/9789802563", "kind": "school", "name": "Shree Bal Kanya Basic School Dordi RM 5 Kanche Lamjung", "name_ne": "", "tags": {"amenity": "school", "name": "Shree Bal Kanya Basic School Dordi RM 5 Kanche Lamjung"}}}, {"type": "Feature", "geometry": {"type": "Point", "coordinates": [84.5116577, 28.2549267]}, "properties": {"external_id": "osm:node/9789802564", "kind": "school", "name": "Shree Bhumeasthan Basic School Dordi RM 6 Lamjung", "name_ne": "", "tags": {"amenity": "school", "name": "Shree Bhumeasthan Basic School Dordi RM 6 Lamjung"}}}, {"type": "Feature", "geometry": {"type": "Point", "coordinates": [84.5418243, 28.2793388]}, "properties": {"external_id": "osm:node/9789802565", "kind": "school", "name": "Shree Bal Bikash Basic School Dordi RM 6 Taje Lamjung", "name_ne": "", "tags": {"amenity": "school", "name": "Shree Bal Bikash Basic School Dordi RM 6 Taje Lamjung"}}}, {"type": "Feature", "geometry": {"type": "Point", "coordinates": [84.4571609, 28.2412281]}, "properties": {"external_id": "osm:node/9789802566", "kind": "school", "name": "Shree Ganesh Basic School Dordi RM 6 Dhodeni Kalchebesi Lamjung", "name_ne": "", "tags": {"amenity": "school", "name": "Shree Ganesh Basic School Dordi RM 6 Dhodeni Kalchebesi Lamjung"}}}, {"type": "Feature", "geometry": {"type": "Point", "coordinates": [84.4603958, 28.2289181]}, "properties": {"external_id": "osm:node/9789802567", "kind": "school", "name": "Shree Siddha Basic School Dordi RM 6 Dada Gau Lamjung", "name_ne": "", "tags": {"amenity": "school", "name": "Shree Siddha Basic School Dordi RM 6 Dada Gau Lamjung"}}}, {"type": "Feature", "geometry": {"type": "Point", "coordinates": [84.4641876, 28.2408066]}, "properties": {"external_id": "osm:node/9789802568", "kind": "school", "name": "Shree Bal Kannya Basic School Dordi RM 6 Ghalegau Lamjung :", "name_ne": "", "tags": {"amenity": "school", "name": "Shree Bal Kannya Basic School Dordi RM 6 Ghalegau Lamjung :"}}}, {"type": "Feature", "geometry": {"type": "Point", "coordinates": [84.48186, 28.1670957]}, "properties": {"external_id": "osm:node/9789802569", "kind": "school", "name": "Shree Sukra Basic School Dordi RM 2 Sallabot Lamjung", "name_ne": "", "tags": {"amenity": "school", "name": "Shree Sukra Basic School Dordi RM 2 Sallabot Lamjung"}}}, {"type": "Feature", "geometry": {"type": "Point", "coordinates": [84.4648962, 28.1976001]}, "properties": {"external_id": "osm:node/9789802570", "kind": "school", "name": "Shree Saraswati Mohan Basic school Dordi RM 3 Shreebhanjyang Lamjung", "name_ne": "", "tags": {"amenity": "school", "name": "Shree Saraswati Mohan Basic school Dordi RM 3 Shreebhanjyang Lamjung"}}}, {"type": "Feature", "geometry": {"type": "Point", "coordinates": [84.4920654, 28.2098827]}, "properties": {"external_id": "osm:node/9789802571", "kind": "school", "name": "Shree Manakamana Basic School Dordi RM 4 Mijung Lamjung", "name_ne": "", "tags": {"amenity": "school", "name": "Shree Manakamana Basic School Dordi RM 4 Mijung Lamjung"}}}, {"type": "Feature", "geometry": {"type": "Point", "coordinates": [84.4741516, 28.2724724]}, "properties": {"external_id": "osm:node/9789802572", "kind": "school", "name": "Shree Birendrashila Basic School Dordi RM 8 Taap Lamjung", "name_ne": "", "tags": {"amenity": "school", "name": "Shree Birendrashila Basic School Dordi RM 8 Taap Lamjung"}}}, {"type": "Feature", "geometry": {"type": "Point", "coordinates": [84.4827881, 28.209219]}, "properties": {"external_id": "osm:node/9789802573", "kind": "school", "name": "श्री नव दुर्गा प्राथमिक बिधालय", "name_ne": "श्री नव दुर्गा प्राथमिक बिधालय", "tags": {"amenity": "school", "name": "श्री नव दुर्गा प्राथमिक बिधालय"}}}, {"type": "Feature", "geometry": {"type": "Point", "coordinates": [84.5269775, 28.2124825]}, "properties": {"external_id": "osm:node/9789802574", "kind": "school", "name": "Shree Himalaya Basic School Dordi RM 5 Chhati Lamjing", "name_ne": "", "tags": {"amenity": "school", "name": "Shree Himalaya Basic School Dordi RM 5 Chhati Lamjing"}}}, {"type": "Feature", "geometry": {"type": "Point", "coordinates": [84.5171814, 28.2076607]}, "properties": {"external_id": "osm:node/9789802575", "kind": "school", "name": "Shree Manohari Basic School Dordi RM 5 Phorjung Lamjung", "name_ne": "", "tags": {"amenity": "school", "name": "Shree Manohari Basic School Dordi RM 5 Phorjung Lamjung"}}}, {"type": "Feature", "geometry": {"type": "Point", "coordinates": [84.5280914, 28.2645893]}, "properties": {"external_id": "osm:node/9789802576", "kind": "school", "name": "Shree Amar Jyoti Basic Shool Dordi RM 6 Mathillo Sime Lamjung", "name_ne": "", "tags": {"amenity": "school", "name": "Shree Amar Jyoti Basic Shool Dordi RM 6 Mathillo Sime Lamjung"}}}, {"type": "Feature", "geometry": {"type": "Point", "coordinates": [84.4549255, 28.2543411]}, "properties": {"external_id": "osm:node/9789802577", "kind": "school", "name": "Shree Ramjiban Basic School Dordi RM 8 Kinchowk Lamjung", "name_ne": "", "tags": {"amenity": "school", "name": "Shree Ramjiban Basic School Dordi RM 8 Kinchowk Lamjung"}}}, {"type": "Feature", "geometry": {"type": "Point", "coordinates": [84.4328384, 28.2119503]}, "properties": {"external_id": "osm:node/9789802578", "kind": "school", "name": "Jana Bikash Basic School Dordi RM 9 Chisapani Lamjung", "name_ne": "", "tags": {"amenity": "school", "name": "Jana Bikash Basic School Dordi RM 9 Chisapani Lamjung"}}}, {"type": "Feature", "geometry": {"type": "Point", "coordinates": [84.487283, 28.2011343]}, "properties": {"external_id": "osm:node/9789802579", "kind": "school", "name": "Shree Shirjansil Basic School Dordi RM 4 Sadhi Khola Lamjung", "name_ne": "", "tags": {"amenity": "school", "name": "Shree Shirjansil Basic School Dordi RM 4 Sadhi Khola Lamjung"}}}, {"type": "Feature", "geometry": {"type": "Point", "coordinates": [84.4738617, 28.1532555]}, "properties": {"external_id": "osm:node/9789802580", "kind": "school", "name": "Shree Kopila Basic School Dordi RM 1 Bharet Lamjung", "name_ne": "", "tags": {"amenity": "school", "name": "Shree Kopila Basic School Dordi RM 1 Bharet Lamjung"}}}, {"type": "Feature", "geometry": {"type": "Point", "coordinates": [84.4671631, 28.14678]}, "properties": {"external_id": "osm:node/9789802581", "kind": "school", "name": "Shree Suryodaya Secondary School Dordi RM 1 Bharte Lamjung", "name_ne": "", "tags": {"amenity": "school", "name": "Shree Suryodaya Secondary School Dordi RM 1 Bharte Lamjung"}}}, {"type": "Feature", "geometry": {"type": "Point", "coordinates": [84.4430611, 28.1497879]}, "properties": {"external_id": "osm:node/9789802582", "kind": "school", "name": "Shree Ratna Aadharbhut School Dordi RM 1 Bharate Lamjung", "name_ne": "", "tags": {"amenity": "school", "name": "Shree Ratna Aadharbhut School Dordi RM 1 Bharate Lamjung"}}}, {"type": "Feature", "geometry": {"type": "Point", "coordinates": [84.4570141, 28.1362784]}, "properties": {"external_id": "osm:node/9789802583", "kind": "school", "name": "Shree Dipendra Jyoti Basic School Dordi RM 1 Bharate Lamjung", "name_ne": "", "tags": {"amenity": "school", "name": "Shree Dipendra Jyoti Basic School Dordi RM 1 Bharate Lamjung"}}}, {"type": "Feature", "geometry": {"type": "Point", "coordinates": [84.5060654, 28.2071953]}, "properties": {"external_id": "osm:node/9789802584", "kind": "school", "name": "Shree Ganesh Devi Basic School Dordi RM 5 Pachock Lamjung", "name_ne": "", "tags": {"amenity": "school", "name": "Shree Ganesh Devi Basic School Dordi RM 5 Pachock Lamjung"}}}, {"type": "Feature", "geometry": {"type": "Point", "coordinates": [84.4395905, 28.2336292]}, "properties": {"external_id": "osm:node/9789802585", "kind": "school", "name": "Shree Himalaya Chhetrasingha Basic School Dordi 8 Duwar Lamjung", "name_ne": "", "tags": {"amenity": "school", "name": "Shree Himalaya Chhetrasingha Basic School Dordi 8 Duwar Lamjung"}}}, {"type": "Feature", "geometry": {"type": "Point", "coordinates": [84.4546051, 28.2190571]}, "properties": {"external_id": "osm:node/9789802586", "kind": "school", "name": "Shree Dhodeni Basic School Dordi RM 6 Haringau Lamjung", "name_ne": "", "tags": {"amenity": "school", "name": "Shree Dhodeni Basic School Dordi RM 6 Haringau Lamjung"}}}, {"type": "Feature", "geometry": {"type": "Point", "coordinates": [84.4883876, 28.2506202]}, "properties": {"external_id": "osm:node/9789802587", "kind": "school", "name": "Shree Bhagwan Basic School Dordi RM 6 Kirtipur Lamjung", "name_ne": "", "tags": {"amenity": "school", "name": "Shree Bhagwan Basic School Dordi RM 6 Kirtipur Lamjung"}}}, {"type": "Feature", "geometry": {"type": "Point", "coordinates": [84.498143, 28.2590358]}, "properties": {"external_id": "osm:node/9789802588", "kind": "school", "name": "Shree Jivan Amar Basic School Dordi RM 7 Lapsibot Lamjung", "name_ne": "", "tags": {"amenity": "school", "name": "Shree Jivan Amar Basic School Dordi RM 7 Lapsibot Lamjung"}}}, {"type": "Feature", "geometry": {"type": "Point", "coordinates": [84.4222488, 28.2160912]}, "properties": {"external_id": "osm:node/9789802589", "kind": "school", "name": "Shree Baraha Milan Basic School Dordi RM 9 Majhgaon Lamjung", "name_ne": "", "tags": {"amenity": "school", "name": "Shree Baraha Milan Basic School Dordi RM 9 Majhgaon Lamjung"}}}, {"type": "Feature", "geometry": {"type": "Point", "coordinates": [84.51017, 28.2032242]}, "properties": {"external_id": "osm:node/9789802590", "kind": "school", "name": "Shree Bindhabasini Basic School Dotdi RM 5 Palchock Lamjung", "name_ne": "", "tags": {"amenity": "school", "name": "Shree Bindhabasini Basic School Dotdi RM 5 Palchock Lamjung"}}}, {"type": "Feature", "geometry": {"type": "Point", "coordinates": [84.4542923, 28.1973764]}, "properties": {"external_id": "osm:node/9789802591", "kind": "school", "name": "Shree Sunrise Boarding School Dordi RM 4 Shera Lamjung", "name_ne": "", "tags": {"amenity": "school", "name": "Shree Sunrise Boarding School Dordi RM 4 Shera Lamjung"}}}, {"type": "Feature", "geometry": {"type": "Point", "coordinates": [84.4723053, 28.2143383]}, "properties": {"external_id": "osm:node/9789802592", "kind": "school", "name": "Shree Jumdanda Basic School Dordi RM 4 Basbot Lamjung", "name_ne": "", "tags": {"amenity": "school", "name": "Shree Jumdanda Basic School Dordi RM 4 Basbot Lamjung"}}}, {"type": "Feature", "geometry": {"type": "Point", "coordinates": [84.4591751, 28.2089844]}, "properties": {"external_id": "osm:node/9789802593", "kind": "school", "name": "Shree Chaitanyadaya Basic School Dordi RM 4 Kupling Lamjung", "name_ne": "", "tags": {"amenity": "school", "name": "Shree Chaitanyadaya Basic School Dordi RM 4 Kupling Lamjung"}}}, {"type": "Feature", "geometry": {"type": "Point", "coordinates": [84.5037155, 28.269062]}, "properties": {"external_id": "osm:node/9789802594", "kind": "school", "name": "Shree Amar Jyoti Basic School Dordi RM 7 Upallo Dailung Lamjung", "name_ne": "", "tags": {"amenity": "school", "name": "Shree Amar Jyoti Basic School Dordi RM 7 Upallo Dailung Lamjung"}}}, {"type": "Feature", "geometry": {"type": "Point", "coordinates": [84.4862883, 28.2583297]}, "properties": {"external_id": "osm:node/9789802595", "kind": "school", "name": "Shree Mahendra Jyoti Basic School Dordi RM 5 Majkharka Lamjung", "name_ne": "", "tags": {"amenity": "school", "name": "Shree Mahendra Jyoti Basic School Dordi RM 5 Majkharka Lamjung"}}}, {"type": "Feature", "geometry": {"type": "Point", "coordinates": [84.4985657, 28.2690697]}, "properties": {"external_id": "osm:node/9789802596", "kind": "school", "name": "Shree Himalculi Basic School Dordi RM 7 Nagimanetol Lamjung", "name_ne": "", "tags": {"amenity": "school", "name": "Shree Himalculi Basic School Dordi RM 7 Nagimanetol Lamjung"}}}, {"type": "Feature", "geometry": {"type": "Point", "coordinates": [84.4609222, 28.1621723]}, "properties": {"external_id": "osm:node/9789802597", "kind": "school", "name": "Shree Laxmi Narayan Secodary School Dordi RM 2 Alaiche Kalika Lamjung", "name_ne": "", "tags": {"amenity": "school", "name": "Shree Laxmi Narayan Secodary School Dordi RM 2 Alaiche Kalika Lamjung"}}}, {"type": "Feature", "geometry": {"type": "Point", "coordinates": [84.4492164, 28.1626659]}, "properties": {"external_id": "osm:node/9789802598", "kind": "school", "name": "Shree Alainche Kedar Basic School Dordi RM 2 Archankot Lamjung", "name_ne": "", "tags": {"amenity": "school", "name": "Shree Alainche Kedar Basic School Dordi RM 2 Archankot Lamjung"}}}, {"type": "Feature", "geometry": {"type": "Point", "coordinates": [84.4682388, 28.08549]}, "properties": {"external_id": "osm:node/9789836760", "kind": "school", "name": "rainas vison boarding school", "name_ne": "", "tags": {"amenity": "school", "name": "rainas vison boarding school"}}}, {"type": "Feature", "geometry": {"type": "Point", "coordinates": [84.4779583, 28.0730691]}, "properties": {"external_id": "osm:node/9789836761", "kind": "school", "name": "sarada higher secoundry school", "name_ne": "", "tags": {"amenity": "school", "name": "sarada higher secoundry school"}}}, {"type": "Feature", "geometry": {"type": "Point", "coordinates": [84.4817886, 28.0969296]}, "properties": {"external_id": "osm:node/9789836762", "kind": "school", "name": "birendra dip primary school", "name_ne": "", "tags": {"amenity": "school", "name": "birendra dip primary school"}}}, {"type": "Feature", "geometry": {"type": "Point", "coordinates": [84.4795227, 28.1343422]}, "properties": {"external_id": "osm:node/9789836763", "kind": "school", "name": "shanti devi prathamik bidhalaye", "name_ne": "", "tags": {"amenity": "school", "name": "shanti devi prathamik bidhalaye"}}}, {"type": "Feature", "geometry": {"type": "Point", "coordinates": [84.5214844, 28.1227169]}, "properties": {"external_id": "osm:node/9789836764", "kind": "school", "name": "shree kalika aadharbhut bidhalaya", "name_ne": "", "tags": {"amenity": "school", "name": "shree kalika aadharbhut bidhalaya"}}}, {"type": "Feature", "geometry": {"type": "Point", "coordinates": [84.4825505, 28.0622545]}, "properties": {"external_id": "osm:node/9789836765", "kind": "school", "name": "saraswati pra bi", "name_ne": "", "tags": {"amenity": "school", "name": "saraswati pra bi"}}}, {"type": "Feature", "geometry": {"type": "Point", "coordinates": [84.46492, 28.0934734]}, "properties": {"external_id": "osm:node/9789836766", "kind": "school", "name": "shailaputri model school", "name_ne": "", "tags": {"amenity": "school", "name": "shailaputri model school"}}}, {"type": "Feature", "geometry": {"type": "Point", "coordinates": [84.5114899, 28.140522]}, "properties": {"external_id": "osm:node/9789836767", "kind": "school", "name": "shree gautam primary school", "name_ne": "", "tags": {"amenity": "school", "name": "shree gautam primary school"}}}, {"type": "Feature", "geometry": {"type": "Point", "coordinates": [84.4917831, 28.127058]}, "properties": {"external_id": "osm:node/9789836768", "kind": "school", "name": "shree birendra shanti primary school", "name_ne": "", "tags": {"amenity": "school", "name": "shree birendra shanti primary school"}}}, {"type": "Feature", "geometry": {"type": "Point", "coordinates": [84.4613342, 28.1291218]}, "properties": {"external_id": "osm:node/9789836769", "kind": "school", "name": "shree bhairab ma vi", "name_ne": "", "tags": {"amenity": "school", "name": "shree bhairab ma vi"}}}, {"type": "Feature", "geometry": {"type": "Point", "coordinates": [84.4404984, 28.1164703]}, "properties": {"external_id": "osm:node/9789836770", "kind": "school", "name": "shree rudra secondary school", "name_ne": "", "tags": {"amenity": "school", "name": "shree rudra secondary school"}}}, {"type": "Feature", "geometry": {"type": "Point", "coordinates": [84.5134201, 28.0981846]}, "properties": {"external_id": "osm:node/9789836771", "kind": "school", "name": "shree soubhagyoudaya secondary school", "name_ne": "", "tags": {"amenity": "school", "name": "shree soubhagyoudaya secondary school"}}}, {"type": "Feature", "geometry": {"type": "Point", "coordinates": [84.468549, 28.0810769]}, "properties": {"external_id": "osm:node/9789836772", "kind": "school", "name": "shree Milan primary school", "name_ne": "", "tags": {"amenity": "school", "name": "shree Milan primary school"}}}, {"type": "Feature", "geometry": {"type": "Point", "coordinates": [84.4883728, 28.0950298]}, "properties": {"external_id": "osm:node/9789836773", "kind": "school", "name": "shree pragati adharbhut school", "name_ne": "", "tags": {"amenity": "school", "name": "shree pragati adharbhut school"}}}, {"type": "Feature", "geometry": {"type": "Point", "coordinates": [84.4679184, 28.1000195]}, "properties": {"external_id": "osm:node/9789836774", "kind": "school", "name": "shree mahendra joti primary school", "name_ne": "", "tags": {"amenity": "school", "name": "shree mahendra joti primary school"}}}, {"type": "Feature", "geometry": {"type": "Point", "coordinates": [84.4394421, 28.1275491]}, "properties": {"external_id": "osm:node/9789836775", "kind": "school", "name": "shree krishna primary school", "name_ne": "", "tags": {"amenity": "school", "name": "shree krishna primary school"}}}, {"type": "Feature", "geometry": {"type": "Point", "coordinates": [84.4928741, 28.1326294]}, "properties": {"external_id": "osm:node/9789836776", "kind": "school", "name": "shree janata ma vi", "name_ne": "", "tags": {"amenity": "school", "name": "shree janata ma vi"}}}, {"type": "Feature", "geometry": {"type": "Point", "coordinates": [84.5115204, 28.1409454]}, "properties": {"external_id": "osm:node/9789836777", "kind": "school", "name": "shree devi primary school", "name_ne": "", "tags": {"amenity": "school", "name": "shree devi primary school"}}}, {"type": "Feature", "geometry": {"type": "Point", "coordinates": [84.5395203, 28.1337738]}, "properties": {"external_id": "osm:node/9789836778", "kind": "school", "name": "shree mahendra primary school", "name_ne": "", "tags": {"amenity": "school", "name": "shree mahendra primary school"}}}, {"type": "Feature", "geometry": {"type": "Point", "coordinates": [84.5186691, 28.1423721]}, "properties": {"external_id": "osm:node/9789836779", "kind": "school", "name": "shree siddartha primary school", "name_ne": "", "tags": {"amenity": "school", "name": "shree siddartha primary school"}}}, {"type": "Feature", "geometry": {"type": "Point", "coordinates": [84.4705051, 28.1219896]}, "properties": {"external_id": "osm:node/9789836780", "kind": "school", "name": "shree durgadevi primary school", "name_ne": "", "tags": {"amenity": "school", "name": "shree durgadevi primary school"}}}, {"type": "Feature", "geometry": {"type": "Point", "coordinates": [84.4724045, 28.1108551]}, "properties": {"external_id": "osm:node/9789836781", "kind": "school", "name": "shree chandi primary school", "name_ne": "", "tags": {"amenity": "school", "name": "shree chandi primary school"}}}, {"type": "Feature", "geometry": {"type": "Point", "coordinates": [84.5269852, 28.1080322]}, "properties": {"external_id": "osm:node/9789836782", "kind": "school", "name": "shree saraswoti primary school", "name_ne": "", "tags": {"amenity": "school", "name": "shree saraswoti primary school"}}}, {"type": "Feature", "geometry": {"type": "Point", "coordinates": [84.5494385, 28.1103249]}, "properties": {"external_id": "osm:node/9789836783", "kind": "school", "name": "shree samata shyksha sedan English boarding school", "name_ne": "", "tags": {"amenity": "school", "name": "shree samata shyksha sedan English boarding school"}}}, {"type": "Feature", "geometry": {"type": "Point", "coordinates": [84.4944687, 28.1090584]}, "properties": {"external_id": "osm:node/9789836784", "kind": "school", "name": "shree manakamana primary school", "name_ne": "", "tags": {"amenity": "school", "name": "shree manakamana primary school"}}}, {"type": "Feature", "geometry": {"type": "Point", "coordinates": [84.5263519, 28.1015759]}, "properties": {"external_id": "osm:node/9789836785", "kind": "school", "name": "shree champawati primary school", "name_ne": "", "tags": {"amenity": "school", "name": "shree champawati primary school"}}}, {"type": "Feature", "geometry": {"type": "Point", "coordinates": [84.4971466, 28.0994186]}, "properties": {"external_id": "osm:node/9789836786", "kind": "school", "name": "shree basantawoti primary school", "name_ne": "", "tags": {"amenity": "school", "name": "shree basantawoti primary school"}}}, {"type": "Feature", "geometry": {"type": "Point", "coordinates": [84.447998, 28.1339684]}, "properties": {"external_id": "osm:node/9789836787", "kind": "school", "name": "shree saptakanya primary school", "name_ne": "", "tags": {"amenity": "school", "name": "shree saptakanya primary school"}}}, {"type": "Feature", "geometry": {"type": "Point", "coordinates": [84.2771759, 28.0963192]}, "properties": {"external_id": "osm:node/9789836788", "kind": "school", "name": "Mangala Campus", "name_ne": "", "tags": {"amenity": "school", "name": "Mangala Campus"}}}, {"type": "Feature", "geometry": {"type": "Point", "coordinates": [84.2287292, 28.1108418]}, "properties": {"external_id": "osm:node/9789836789", "kind": "school", "name": "Shree Baalkalyan Pra. Vi.", "name_ne": "", "tags": {"amenity": "school", "name": "Shree Baalkalyan Pra. Vi."}}}, {"type": "Feature", "geometry": {"type": "Point", "coordinates": [84.2289276, 28.1324253]}, "properties": {"external_id": "osm:node/9789836790", "kind": "school", "name": "Shree Bhawani Primary School", "name_ne": "", "tags": {"amenity": "school", "name": "Shree Bhawani Primary School"}}}, {"type": "Feature", "geometry": {"type": "Point", "coordinates": [84.2520218, 28.0954151]}, "properties": {"external_id": "osm:node/9789836791", "kind": "school", "name": "Shree Siddibinayak Aadharvut School", "name_ne": "", "tags": {"amenity": "school", "name": "Shree Siddibinayak Aadharvut School"}}}, {"type": "Feature", "geometry": {"type": "Point", "coordinates": [84.2646561, 28.1203423]}, "properties": {"external_id": "osm:node/9789836792", "kind": "school", "name": "Shree Ram Balodaya Basic School", "name_ne": "", "tags": {"amenity": "school", "name": "Shree Ram Balodaya Basic School"}}}, {"type": "Feature", "geometry": {"type": "Point", "coordinates": [84.302597, 28.1364326]}, "properties": {"external_id": "osm:node/9789836793", "kind": "school", "name": "Shree Sravanandan Primary School", "name_ne": "", "tags": {"amenity": "school", "name": "Shree Sravanandan Primary School"}}}, {"type": "Feature", "geometry": {"type": "Point", "coordinates": [84.2775574, 28.1739063]}, "properties": {"external_id": "osm:node/9789836794", "kind": "school", "name": "Shree Kalyan Secondary School", "name_ne": "", "tags": {"amenity": "school", "name": "Shree Kalyan Secondary School"}}}, {"type": "Feature", "geometry": {"type": "Point", "coordinates": [84.2112122, 28.1873894]}, "properties": {"external_id": "osm:node/9789836795", "kind": "school", "name": "Shree Janakalyan Pra. Vi.", "name_ne": "", "tags": {"amenity": "school", "name": "Shree Janakalyan Pra. Vi."}}}, {"type": "Feature", "geometry": {"type": "Point", "coordinates": [84.2324295, 28.1709213]}, "properties": {"external_id": "osm:node/9789836798", "kind": "school", "name": "Shree Janamandir Ma. Vi.", "name_ne": "", "tags": {"amenity": "school", "name": "Shree Janamandir Ma. Vi."}}}, {"type": "Feature", "geometry": {"type": "Point", "coordinates": [84.2579346, 28.1971626]}, "properties": {"external_id": "osm:node/9789836799", "kind": "school", "name": "Shree Daduwa Durchha Ma.Vi.", "name_ne": "", "tags": {"amenity": "school", "name": "Shree Daduwa Durchha Ma.Vi."}}}, {"type": "Feature", "geometry": {"type": "Point", "coordinates": [84.2483292, 28.170517]}, "properties": {"external_id": "osm:node/9789836800", "kind": "school", "name": "Shree Laxmi Pra. Vi.", "name_ne": "", "tags": {"amenity": "school", "name": "Shree Laxmi Pra. Vi."}}}, {"type": "Feature", "geometry": {"type": "Point", "coordinates": [84.2208252, 28.1581421]}, "properties": {"external_id": "osm:node/9789836801", "kind": "school", "name": "Shree Kusumakar Ma.Vi.", "name_ne": "", "tags": {"amenity": "school", "name": "Shree Kusumakar Ma.Vi."}}}, {"type": "Feature", "geometry": {"type": "Point", "coordinates": [84.2313843, 28.1518078]}, "properties": {"external_id": "osm:node/9789836802", "kind": "school", "name": "Shree Siddha Primary School", "name_ne": "", "tags": {"amenity": "school", "name": "Shree Siddha Primary School"}}}, {"type": "Feature", "geometry": {"type": "Point", "coordinates": [84.2627106, 28.1516209]}, "properties": {"external_id": "osm:node/9789836803", "kind": "school", "name": "Shree Gauri Shakhar Pra. Vi.", "name_ne": "", "tags": {"amenity": "school", "name": "Shree Gauri Shakhar Pra. Vi."}}}, {"type": "Feature", "geometry": {"type": "Point", "coordinates": [84.2510071, 28.1575527]}, "properties": {"external_id": "osm:node/9789836804", "kind": "school", "name": "Shree Jwala Pra.Vi.", "name_ne": "", "tags": {"amenity": "school", "name": "Shree Jwala Pra.Vi."}}}, {"type": "Feature", "geometry": {"type": "Point", "coordinates": [84.2327271, 28.1190166]}, "properties": {"external_id": "osm:node/9789836805", "kind": "school", "name": "Shree Bhawana Pra. Vi.", "name_ne": "", "tags": {"amenity": "school", "name": "Shree Bhawana Pra. Vi."}}}, {"type": "Feature", "geometry": {"type": "Point", "coordinates": [84.2426453, 28.1131878]}, "properties": {"external_id": "osm:node/9789836806", "kind": "school", "name": "Shree malika Basic School", "name_ne": "", "tags": {"amenity": "school", "name": "Shree malika Basic School"}}}, {"type": "Feature", "geometry": {"type": "Point", "coordinates": [84.2756233, 28.0970734]}, "properties": {"external_id": "osm:node/9789836807", "kind": "school", "name": "Shree Mangala Ma. Vi.", "name_ne": "", "tags": {"amenity": "school", "name": "Shree Mangala Ma. Vi."}}}, {"type": "Feature", "geometry": {"type": "Point", "coordinates": [84.2351456, 28.1326275]}, "properties": {"external_id": "osm:node/9789836808", "kind": "school", "name": "Shree Mahinidri Pra. Vi.", "name_ne": "", "tags": {"amenity": "school", "name": "Shree Mahinidri Pra. Vi."}}}, {"type": "Feature", "geometry": {"type": "Point", "coordinates": [84.3037109, 28.1277676]}, "properties": {"external_id": "osm:node/9789836809", "kind": "school", "name": "Shree Saptadhara Ma.Vi.", "name_ne": "", "tags": {"amenity": "school", "name": "Shree Saptadhara Ma.Vi."}}}, {"type": "Feature", "geometry": {"type": "Point", "coordinates": [84.248764, 28.1767864]}, "properties": {"external_id": "osm:node/9789836810", "kind": "school", "name": "Shree Shaileshwori Pra. Vi.", "name_ne": "", "tags": {"amenity": "school", "name": "Shree Shaileshwori Pra. Vi."}}}, {"type": "Feature", "geometry": {"type": "Point", "coordinates": [84.2446747, 28.1221504]}, "properties": {"external_id": "osm:node/9789836811", "kind": "school", "name": "Shree Smajhana Ma.Vi.", "name_ne": "", "tags": {"amenity": "school", "name": "Shree Smajhana Ma.Vi."}}}, {"type": "Feature", "geometry": {"type": "Point", "coordinates": [84.3125534, 28.1409435]}, "properties": {"external_id": "osm:node/9789836812", "kind": "school", "name": "Shree Shanti Shakti Pra. Vi.", "name_ne": "", "tags": {"amenity": "school", "name": "Shree Shanti Shakti Pra. Vi."}}}, {"type": "Feature", "geometry": {"type": "Point", "coordinates": [84.2782669, 28.0983334]}, "properties": {"external_id": "osm:node/9789836813", "kind": "school", "name": "Shree Risti Bikash English Boarding School", "name_ne": "", "tags": {"amenity": "school", "name": "Shree Risti Bikash English Boarding School"}}}, {"type": "Feature", "geometry": {"type": "Point", "coordinates": [84.2392349, 28.142868]}, "properties": {"external_id": "osm:node/9789836814", "kind": "school", "name": "Shree Janaklayan Pra.Vi.", "name_ne": "", "tags": {"amenity": "school", "name": "Shree Janaklayan Pra.Vi."}}}, {"type": "Feature", "geometry": {"type": "Point", "coordinates": [84.241745, 28.1555271]}, "properties": {"external_id": "osm:node/9789836815", "kind": "school", "name": "Shree Ishaneshwar Higher Secondary School", "name_ne": "", "tags": {"amenity": "school", "name": "Shree Ishaneshwar Higher Secondary School"}}}, {"type": "Feature", "geometry": {"type": "Point", "coordinates": [84.2806702, 28.1179199]}, "properties": {"external_id": "osm:node/9789836816", "kind": "school", "name": "Shree Chandrajyoti Pra. Vi.", "name_ne": "", "tags": {"amenity": "school", "name": "Shree Chandrajyoti Pra. Vi."}}}, {"type": "Feature", "geometry": {"type": "Point", "coordinates": [84.4099884, 28.1261749]}, "properties": {"external_id": "osm:node/9789847472", "kind": "school", "name": "Baljyoti English secondary school", "name_ne": "", "tags": {"amenity": "school", "name": "Baljyoti English secondary school"}}}, {"type": "Feature", "geometry": {"type": "Point", "coordinates": [84.3997726, 28.1418991]}, "properties": {"external_id": "osm:node/9789847473", "kind": "school", "name": "Shree bidhyajyoti ma b", "name_ne": "", "tags": {"amenity": "school", "name": "Shree bidhyajyoti ma b"}}}, {"type": "Feature", "geometry": {"type": "Point", "coordinates": [84.3290405, 28.1482277]}, "properties": {"external_id": "osm:node/9789847474", "kind": "school", "name": "Siddi sadan adharbhut bidhyalya", "name_ne": "", "tags": {"amenity": "school", "name": "Siddi sadan adharbhut bidhyalya"}}}, {"type": "Feature", "geometry": {"type": "Point", "coordinates": [84.3155975, 28.1491985]}, "properties": {"external_id": "osm:node/9789847475", "kind": "school", "name": "Jwala devi pra b", "name_ne": "", "tags": {"amenity": "school", "name": "Jwala devi pra b"}}}, {"type": "Feature", "geometry": {"type": "Point", "coordinates": [84.3285599, 28.1542397]}, "properties": {"external_id": "osm:node/9789847476", "kind": "school", "name": "SHREE SAUVYGA MA B", "name_ne": "", "tags": {"amenity": "school", "name": "SHREE SAUVYGA MA B"}}}, {"type": "Feature", "geometry": {"type": "Point", "coordinates": [84.3198471, 28.1628971]}, "properties": {"external_id": "osm:node/9789847477", "kind": "school", "name": "Shree santinekiten pra b", "name_ne": "", "tags": {"amenity": "school", "name": "Shree santinekiten pra b"}}}, {"type": "Feature", "geometry": {"type": "Point", "coordinates": [84.3372955, 28.1497898]}, "properties": {"external_id": "osm:node/9789847478", "kind": "school", "name": "Friends academy", "name_ne": "", "tags": {"amenity": "school", "name": "Friends academy"}}}, {"type": "Feature", "geometry": {"type": "Point", "coordinates": [84.4163284, 28.1285343]}, "properties": {"external_id": "osm:node/9789847479", "kind": "school", "name": "Shree adarsha bal ma b", "name_ne": "", "tags": {"amenity": "school", "name": "Shree adarsha bal ma b"}}}, {"type": "Feature", "geometry": {"type": "Point", "coordinates": [84.4053345, 28.1382847]}, "properties": {"external_id": "osm:node/9789847480", "kind": "school", "name": "Shanti niketan pra b", "name_ne": "", "tags": {"amenity": "school", "name": "Shanti niketan pra b"}}}, {"type": "Feature", "geometry": {"type": "Point", "coordinates": [84.4145355, 28.1339054]}, "properties": {"external_id": "osm:node/9789847481", "kind": "school", "name": "SHREE ADARSHA PRA B", "name_ne": "", "tags": {"amenity": "school", "name": "SHREE ADARSHA PRA B"}}}, {"type": "Feature", "geometry": {"type": "Point", "coordinates": [84.3724136, 28.1580849]}, "properties": {"external_id": "osm:node/9789847482", "kind": "school", "name": "Shree sanskriti", "name_ne": "", "tags": {"amenity": "school", "name": "Shree sanskriti"}}}, {"type": "Feature", "geometry": {"type": "Point", "coordinates": [84.3657532, 28.1656284]}, "properties": {"external_id": "osm:node/9789847483", "kind": "school", "name": "Shree sirisadan pra v", "name_ne": "", "tags": {"amenity": "school", "name": "Shree sirisadan pra v"}}}, {"type": "Feature", "geometry": {"type": "Point", "coordinates": [84.3564072, 28.1676159]}, "properties": {"external_id": "osm:node/9789847484", "kind": "school", "name": "Sikshya sadan primary school", "name_ne": "", "tags": {"amenity": "school", "name": "Sikshya sadan primary school"}}}, {"type": "Feature", "geometry": {"type": "Point", "coordinates": [84.3481903, 28.1631413]}, "properties": {"external_id": "osm:node/9789847485", "kind": "school", "name": "panini sanskrit ma b", "name_ne": "", "tags": {"amenity": "school", "name": "panini sanskrit ma b"}}}, {"type": "Feature", "geometry": {"type": "Point", "coordinates": [84.3685684, 28.1549778]}, "properties": {"external_id": "osm:node/9789847486", "kind": "school", "name": "Gaunpharka pra b", "name_ne": "", "tags": {"amenity": "school", "name": "Gaunpharka pra b"}}}, {"type": "Feature", "geometry": {"type": "Point", "coordinates": [84.3423386, 28.1518269]}, "properties": {"external_id": "osm:node/9789847487", "kind": "school", "name": "Shree manakamana pra b", "name_ne": "", "tags": {"amenity": "school", "name": "Shree manakamana pra b"}}}, {"type": "Feature", "geometry": {"type": "Point", "coordinates": [84.3443222, 28.1300011]}, "properties": {"external_id": "osm:node/9789847488", "kind": "school", "name": "Shree shanti ma b", "name_ne": "", "tags": {"amenity": "school", "name": "Shree shanti ma b"}}}, {"type": "Feature", "geometry": {"type": "Point", "coordinates": [84.3308563, 28.1247196]}, "properties": {"external_id": "osm:node/9789847489", "kind": "school", "name": "Janajagriti pra b", "name_ne": "", "tags": {"amenity": "school", "name": "Janajagriti pra b"}}}, {"type": "Feature", "geometry": {"type": "Point", "coordinates": [84.3229294, 28.1316147]}, "properties": {"external_id": "osm:node/9789847490", "kind": "school", "name": "Shree Bhagirathi pra b", "name_ne": "", "tags": {"amenity": "school", "name": "Shree Bhagirathi pra b"}}}, {"type": "Feature", "geometry": {"type": "Point", "coordinates": [84.3300552, 28.1399212]}, "properties": {"external_id": "osm:node/9789847491", "kind": "school", "name": "Yuba barsha pra b", "name_ne": "", "tags": {"amenity": "school", "name": "Yuba barsha pra b"}}}, {"type": "Feature", "geometry": {"type": "Point", "coordinates": [84.3330612, 28.1329384]}, "properties": {"external_id": "osm:node/9789847492", "kind": "school", "name": "Shiva mandir pra b", "name_ne": "", "tags": {"amenity": "school", "name": "Shiva mandir pra b"}}}, {"type": "Feature", "geometry": {"type": "Point", "coordinates": [84.4361343, 28.1322803]}, "properties": {"external_id": "osm:node/9789847493", "kind": "school", "name": "Global vision english boarding school", "name_ne": "", "tags": {"amenity": "school", "name": "Global vision english boarding school"}}}, {"type": "Feature", "geometry": {"type": "Point", "coordinates": [84.4336742, 28.1376557]}, "properties": {"external_id": "osm:node/9789847494", "kind": "school", "name": "Babhisya nirman ma b", "name_ne": "", "tags": {"amenity": "school", "name": "Babhisya nirman ma b"}}}, {"type": "Feature", "geometry": {"type": "Point", "coordinates": [84.4265671, 28.1355343]}, "properties": {"external_id": "osm:node/9789847495", "kind": "school", "name": "Laliguras english boarding school", "name_ne": "", "tags": {"amenity": "school", "name": "Laliguras english boarding school"}}}, {"type": "Feature", "geometry": {"type": "Point", "coordinates": [84.3080139, 28.1850739]}, "properties": {"external_id": "osm:node/9789847496", "kind": "school", "name": "Swaraswoti sedan ma b", "name_ne": "", "tags": {"amenity": "school", "name": "Swaraswoti sedan ma b"}}}, {"type": "Feature", "geometry": {"type": "Point", "coordinates": [84.3316574, 28.170042]}, "properties": {"external_id": "osm:node/9789847497", "kind": "school", "name": "Shree devi sadan pra b", "name_ne": "", "tags": {"amenity": "school", "name": "Shree devi sadan pra b"}}}, {"type": "Feature", "geometry": {"type": "Point", "coordinates": [84.3641815, 28.138073]}, "properties": {"external_id": "osm:node/9789847498", "kind": "school", "name": "Shree kanti mandir ma v", "name_ne": "", "tags": {"amenity": "school", "name": "Shree kanti mandir ma v"}}}, {"type": "Feature", "geometry": {"type": "Point", "coordinates": [84.3904114, 28.1324654]}, "properties": {"external_id": "osm:node/9789847499", "kind": "school", "name": "Shree Mahadevi pra b", "name_ne": "", "tags": {"amenity": "school", "name": "Shree Mahadevi pra b"}}}, {"type": "Feature", "geometry": {"type": "Point", "coordinates": [84.3992233, 28.1315002]}, "properties": {"external_id": "osm:node/9789847500", "kind": "school", "name": "Shree manakamana pra b", "name_ne": "", "tags": {"amenity": "school", "name": "Shree manakamana pra b"}}}, {"type": "Feature", "geometry": {"type": "Point", "coordinates": [84.3846207, 28.1349907]}, "properties": {"external_id": "osm:node/9789847501", "kind": "school", "name": "Shree mahendra mandir secondary school", "name_ne": "", "tags": {"amenity": "school", "name": "Shree mahendra mandir secondary school"}}}, {"type": "Feature", "geometry": {"type": "Point", "coordinates": [84.431778, 28.1495533]}, "properties": {"external_id": "osm:node/9789847502", "kind": "school", "name": "Shree kalika sikshya mandir pra b", "name_ne": "", "tags": {"amenity": "school", "name": "Shree kalika sikshya mandir pra b"}}}, {"type": "Feature", "geometry": {"type": "Point", "coordinates": [84.4278793, 28.1612167]}, "properties": {"external_id": "osm:node/9789847503", "kind": "school", "name": "Shree bharati sadan ma b", "name_ne": "", "tags": {"amenity": "school", "name": "Shree bharati sadan ma b"}}}, {"type": "Feature", "geometry": {"type": "Point", "coordinates": [84.4320874, 28.1134763]}, "properties": {"external_id": "osm:node/9789847504", "kind": "school", "name": "shree marsyandgi adharbhut bidhyalya", "name_ne": "", "tags": {"amenity": "school", "name": "shree marsyandgi adharbhut bidhyalya"}}}, {"type": "Feature", "geometry": {"type": "Point", "coordinates": [84.4409332, 28.1459141]}, "properties": {"external_id": "osm:node/9789847505", "kind": "school", "name": "Shree Bhakti namuna higher secondary school", "name_ne": "", "tags": {"amenity": "school", "name": "Shree Bhakti namuna higher secondary school"}}}, {"type": "Feature", "geometry": {"type": "Point", "coordinates": [84.4388275, 28.1483364]}, "properties": {"external_id": "osm:node/9789847506", "kind": "school", "name": "Bhu pu sainik abasiya ma b", "name_ne": "", "tags": {"amenity": "school", "name": "Bhu pu sainik abasiya ma b"}}}, {"type": "Feature", "geometry": {"type": "Point", "coordinates": [84.4390488, 28.1599731]}, "properties": {"external_id": "osm:node/9789847507", "kind": "school", "name": "Akala bagicha adharbhut bidhyalaya", "name_ne": "", "tags": {"amenity": "school", "name": "Akala bagicha adharbhut bidhyalaya"}}}, {"type": "Feature", "geometry": {"type": "Point", "coordinates": [84.2684097, 28.1774521]}, "properties": {"external_id": "osm:node/9789853917", "kind": "school", "name": "Shree Bindheshwori Pra. Vi.", "name_ne": "", "tags": {"amenity": "school", "name": "Shree Bindheshwori Pra. Vi."}}}, {"type": "Feature", "geometry": {"type": "Point", "coordinates": [84.2118149, 28.2048187]}, "properties": {"external_id": "osm:node/9789853918", "kind": "school", "name": "Shree Bhume Pra. Vi.", "name_ne": "", "tags": {"amenity": "school", "name": "Shree Bhume Pra. Vi."}}}, {"type": "Feature", "geometry": {"type": "Point", "coordinates": [84.2364197, 28.0890236]}, "properties": {"external_id": "osm:node/9789853919", "kind": "school", "name": "Shree Bhairavkali Ma. Vi.", "name_ne": "", "tags": {"amenity": "school", "name": "Shree Bhairavkali Ma. Vi."}}}, {"type": "Feature", "geometry": {"type": "Point", "coordinates": [84.2808456, 28.1292667]}, "properties": {"external_id": "osm:node/9789853920", "kind": "school", "name": "Shree Bala Bikash Secondary School", "name_ne": "", "tags": {"amenity": "school", "name": "Shree Bala Bikash Secondary School"}}}, {"type": "Feature", "geometry": {"type": "Point", "coordinates": [84.2498169, 28.1499538]}, "properties": {"external_id": "osm:node/9789853921", "kind": "school", "name": "Shree Akala Pra. Vi.", "name_ne": "", "tags": {"amenity": "school", "name": "Shree Akala Pra. Vi."}}}, {"type": "Feature", "geometry": {"type": "Point", "coordinates": [84.2456589, 28.155653]}, "properties": {"external_id": "osm:node/9789853922", "kind": "school", "name": "Ranipani Green Valley Academy", "name_ne": "", "tags": {"amenity": "school", "name": "Ranipani Green Valley Academy"}}}, {"type": "Feature", "geometry": {"type": "Point", "coordinates": [84.2367783, 28.1558342]}, "properties": {"external_id": "osm:node/9789853923", "kind": "school", "name": "Himali Boarding Secondary School", "name_ne": "", "tags": {"amenity": "school", "name": "Himali Boarding Secondary School"}}}, {"type": "Feature", "geometry": {"type": "Point", "coordinates": [84.2782211, 28.1678238]}, "properties": {"external_id": "osm:node/9789853924", "kind": "school", "name": "Shree Janajyoti Basic School", "name_ne": "", "tags": {"amenity": "school", "name": "Shree Janajyoti Basic School"}}}, {"type": "Feature", "geometry": {"type": "Point", "coordinates": [84.2938309, 28.1072903]}, "properties": {"external_id": "osm:node/9789853925", "kind": "school", "name": "Shree Suryajyoti Ma. Vi.", "name_ne": "", "tags": {"amenity": "school", "name": "Shree Suryajyoti Ma. Vi."}}}, {"type": "Feature", "geometry": {"type": "Point", "coordinates": [84.2746277, 28.1495647]}, "properties": {"external_id": "osm:node/9789853926", "kind": "school", "name": "Shree Devisthan Pra. Vi.", "name_ne": "", "tags": {"amenity": "school", "name": "Shree Devisthan Pra. Vi."}}}, {"type": "Feature", "geometry": {"type": "Point", "coordinates": [84.2958984, 28.1765118]}, "properties": {"external_id": "osm:node/9789853927", "kind": "school", "name": "Shree Sarada Sadan Pra. Vi.", "name_ne": "", "tags": {"amenity": "school", "name": "Shree Sarada Sadan Pra. Vi."}}}, {"type": "Feature", "geometry": {"type": "Point", "coordinates": [84.3026505, 28.1562309]}, "properties": {"external_id": "osm:node/9789853928", "kind": "school", "name": "Shree Janashram Pra. Vi.", "name_ne": "", "tags": {"amenity": "school", "name": "Shree Janashram Pra. Vi."}}}, {"type": "Feature", "geometry": {"type": "Point", "coordinates": [84.3058929, 28.1663284]}, "properties": {"external_id": "osm:node/9789853929", "kind": "school", "name": "Pabitra Malika English Boarding School", "name_ne": "", "tags": {"amenity": "school", "name": "Pabitra Malika English Boarding School"}}}, {"type": "Feature", "geometry": {"type": "Point", "coordinates": [84.3017197, 28.1643696]}, "properties": {"external_id": "osm:node/9789853930", "kind": "school", "name": "Shree Ganesh Malika Ma. Vi.", "name_ne": "", "tags": {"amenity": "school", "name": "Shree Ganesh Malika Ma. Vi."}}}, {"type": "Feature", "geometry": {"type": "Point", "coordinates": [84.2779388, 28.1610146]}, "properties": {"external_id": "osm:node/9789853931", "kind": "school", "name": "Shree Baljyoti Ma. Vi.", "name_ne": "", "tags": {"amenity": "school", "name": "Shree Baljyoti Ma. Vi."}}}, {"type": "Feature", "geometry": {"type": "Point", "coordinates": [84.3094788, 28.1635818]}, "properties": {"external_id": "osm:node/9789853932", "kind": "school", "name": "Shree Janapriya Pra.Vi.", "name_ne": "", "tags": {"amenity": "school", "name": "Shree Janapriya Pra.Vi."}}}, {"type": "Feature", "geometry": {"type": "Point", "coordinates": [84.3093145, 27.9867226]}, "properties": {"external_id": "osm:node/10054849218", "kind": "tourism", "name": "Hotel Makkar Pvt. Ltd.", "name_ne": "", "tags": {"name": "Hotel Makkar Pvt. Ltd.", "tourism": "hotel"}}}, {"type": "Feature", "geometry": {"type": "Point", "coordinates": [84.2237691, 28.6091893]}, "properties": {"external_id": "osm:node/10055949618", "kind": "tourism", "name": "Chomcho Gufa Hotel", "name_ne": "", "tags": {"name:en": "Chomcho Gufa Hotel", "tourism": "guest_house"}}}, {"type": "Feature", "geometry": {"type": "Point", "coordinates": [84.237725, 28.6550511]}, "properties": {"external_id": "osm:node/10057395418", "kind": "tourism", "name": "TERELHA Guest House & Restaurant", "name_ne": "", "tags": {"name:en": "TERELHA Guest House & Restaurant", "tourism": "guest_house"}}}, {"type": "Feature", "geometry": {"type": "Point", "coordinates": [84.2362018, 28.6385173]}, "properties": {"external_id": "osm:node/10057395517", "kind": "tourism", "name": "Himalayan Yak Hotel &Restaurant", "name_ne": "", "tags": {"name:en": "Himalayan Yak Hotel &Restaurant", "tourism": "alpine_hut"}}}, {"type": "Feature", "geometry": {"type": "Point", "coordinates": [84.2374996, 28.6558849]}, "properties": {"external_id": "osm:node/10057395617", "kind": "tourism", "name": "Zambala Guest House Restaurant", "name_ne": "", "tags": {"name:en": "Zambala Guest House Restaurant", "tourism": "guest_house"}}}, {"type": "Feature", "geometry": {"type": "Point", "coordinates": [84.2593108, 28.7027514]}, "properties": {"external_id": "osm:node/10057433917", "kind": "tourism", "name": "Chyakhu Guest House e Restaurant", "name_ne": "", "tags": {"name:en": "Chyakhu Guest House e Restaurant", "tourism": "guest_house"}}}, {"type": "Feature", "geometry": {"type": "Point", "coordinates": [84.258526, 28.7024756]}, "properties": {"external_id": "osm:node/10057433918", "kind": "tourism", "name": "Dikey Restaurant", "name_ne": "", "tags": {"name:en": "Dikey Restaurant", "tourism": "guest_house"}}}, {"type": "Feature", "geometry": {"type": "Point", "coordinates": [84.2625225, 28.7168082]}, "properties": {"external_id": "osm:node/10057433919", "kind": "tourism", "name": "Tashi Delek Hotel", "name_ne": "", "tags": {"name:en": "Tashi Delek Hotel", "tourism": "guest_house"}}}, {"type": "Feature", "geometry": {"type": "Point", "coordinates": [84.3369071, 28.5359431]}, "properties": {"external_id": "osm:node/10126460162", "kind": "tourism", "name": "Apple farm hotel", "name_ne": "", "tags": {"name": "Apple farm hotel", "tourism": "hotel"}}}, {"type": "Feature", "geometry": {"type": "Point", "coordinates": [84.4069865, 28.4137668]}, "properties": {"external_id": "osm:node/10127315017", "kind": "tourism", "name": "Garden Hotel & Guest house", "name_ne": "", "tags": {"name:en": "Garden Hotel & Guest house", "tourism": "hotel"}}}, {"type": "Feature", "geometry": {"type": "Point", "coordinates": [84.3543774, 28.5242346]}, "properties": {"external_id": "osm:node/10130034817", "kind": "tourism", "name": "Peaceful Hotel", "name_ne": "", "tags": {"name:en": "Peaceful Hotel", "tourism": "hotel"}}}, {"type": "Feature", "geometry": {"type": "Point", "coordinates": [84.4708786, 28.6341827]}, "properties": {"external_id": "osm:node/10154438293", "kind": "tourism", "name": "Cheers Lilita Hotel & Restaurant", "name_ne": "", "tags": {"name": "Cheers Lilita Hotel & Restaurant", "tourism": "guest_house"}}}, {"type": "Feature", "geometry": {"type": "Point", "coordinates": [84.4867629, 28.6618078]}, "properties": {"external_id": "osm:node/10154439644", "kind": "settlement", "name": "High Camp", "name_ne": "", "tags": {"name": "High Camp", "place": "hamlet"}}}, {"type": "Feature", "geometry": {"type": "Point", "coordinates": [84.4486364, 28.5975332]}, "properties": {"external_id": "osm:node/10154440333", "kind": "tourism", "name": "Himlung Hotel & Restaurant", "name_ne": "", "tags": {"name": "Himlung Hotel & Restaurant", "tourism": "guest_house"}}}, {"type": "Feature", "geometry": {"type": "Point", "coordinates": [84.4078637, 28.5723869]}, "properties": {"external_id": "osm:node/10154440334", "kind": "tourism", "name": "Larke Peak Guest House & Restaura", "name_ne": "", "tags": {"name": "Larke Peak Guest House & Restaura", "tourism": "guest_house"}}}, {"type": "Feature", "geometry": {"type": "Point", "coordinates": [84.4711275, 28.6343089]}, "properties": {"external_id": "osm:node/10154443317", "kind": "tourism", "name": "Sushma Hotel & Restaurant", "name_ne": "", "tags": {"name": "Sushma Hotel & Restaurant", "tourism": "guest_house"}}}, {"type": "Feature", "geometry": {"type": "Point", "coordinates": [84.2246215, 28.0912913]}, "properties": {"external_id": "osm:node/10165765970", "kind": "school", "name": "Mahendra Jyoti Higher Secondary School", "name_ne": "", "tags": {"amenity": "school", "name": "Mahendra Jyoti Higher Secondary School"}}}, {"type": "Feature", "geometry": {"type": "Point", "coordinates": [84.4350886, 28.0859923]}, "properties": {"external_id": "osm:node/10166390917", "kind": "tourism", "name": "Green Himlayan Organic Agro Farm (Home Stay)", "name_ne": "", "tags": {"name:en": "Green Himlayan Organic Agro Farm (Home Stay)", "tourism": "guest_house"}}}, {"type": "Feature", "geometry": {"type": "Point", "coordinates": [84.3562673, 28.5265402]}, "properties": {"external_id": "osm:node/10173270916", "kind": "tourism", "name": "Hotel California", "name_ne": "", "tags": {"name": "Hotel California", "tourism": "hotel"}}}, {"type": "Feature", "geometry": {"type": "Point", "coordinates": [84.4046804, 28.1379531]}, "properties": {"external_id": "osm:node/10217356884", "kind": "tourism", "name": "Malika Hotel", "name_ne": "", "tags": {"name": "Malika Hotel", "tourism": "hotel"}}}, {"type": "Feature", "geometry": {"type": "Point", "coordinates": [84.4060707, 27.9403867]}, "properties": {"external_id": "osm:node/10221622002", "kind": "tourism", "name": "Hotel Aagaman", "name_ne": "", "tags": {"name": "Hotel Aagaman", "tourism": "hotel"}}}, {"type": "Feature", "geometry": {"type": "Point", "coordinates": [84.6330686, 28.6506963]}, "properties": {"external_id": "osm:node/10244606299", "kind": "tourism", "name": "Hotel SnowLion", "name_ne": "", "tags": {"name": "Hotel SnowLion", "tourism": "guest_house"}}}, {"type": "Feature", "geometry": {"type": "Point", "coordinates": [84.3541003, 28.5248568]}, "properties": {"external_id": "osm:node/10244606304", "kind": "tourism", "name": "Kangaroo", "name_ne": "", "tags": {"name": "Kangaroo", "name:en": "Kangaroo", "tourism": "guest_house"}}}, {"type": "Feature", "geometry": {"type": "Point", "coordinates": [84.3732165, 28.2371007]}, "properties": {"external_id": "osm:node/10244606305", "kind": "tourism", "name": "Throungh Peak Hotel", "name_ne": "", "tags": {"name": "Throungh Peak Hotel", "name:en": "Throungh Peak Hotel", "tourism": "hotel"}}}, {"type": "Feature", "geometry": {"type": "Point", "coordinates": [84.4845196, 28.0479977]}, "properties": {"external_id": "osm:node/10269035814", "kind": "town", "name": "Palungtar Bazar", "name_ne": "पालुङटार बजार", "tags": {"name": "पालुङटार बजार", "name:en": "Palungtar Bazar", "name:ne": "पालुङटार बजार", "place": "town"}}}, {"type": "Feature", "geometry": {"type": "Point", "coordinates": [84.4060542, 27.9669412]}, "properties": {"external_id": "osm:node/10607731005", "kind": "tourism", "name": "New Star Hotel", "name_ne": "", "tags": {"name": "New Star Hotel", "tourism": "hotel"}}}, {"type": "Feature", "geometry": {"type": "Point", "coordinates": [84.3215979, 28.532012]}, "properties": {"external_id": "osm:node/10757542605", "kind": "tourism", "name": "Hotel Dreamy Mountains & Restaurant", "name_ne": "", "tags": {"name": "Hotel Dreamy Mountains & Restaurant", "tourism": "hotel"}}}, {"type": "Feature", "geometry": {"type": "Point", "coordinates": [84.3744646, 28.2353626]}, "properties": {"external_id": "osm:node/10759076505", "kind": "tourism", "name": "Jumgadi lodge", "name_ne": "", "tags": {"name:en": "Jumgadi lodge", "tourism": "guest_house"}}}, {"type": "Feature", "geometry": {"type": "Point", "coordinates": [84.4067167, 28.4143238]}, "properties": {"external_id": "osm:node/10760979305", "kind": "tourism", "name": "Revel guest house", "name_ne": "", "tags": {"name:en": "Revel guest house", "tourism": "guest_house"}}}, {"type": "Feature", "geometry": {"type": "Point", "coordinates": [84.5435472, 28.0614246]}, "properties": {"external_id": "osm:node/10794903795", "kind": "settlement", "name": "सहिद सुरेश वाग्ले (वासु) स्मृति प्रतिष्ठान नेपाल", "name_ne": "सहिद सुरेश वाग्ले (वासु) स्मृति प्रतिष्ठान नेपाल", "tags": {"name": "सहिद सुरेश वाग्ले (वासु) स्मृति प्रतिष्ठान नेपाल", "place": "locality"}}}, {"type": "Feature", "geometry": {"type": "Point", "coordinates": [84.4021413, 28.387653]}, "properties": {"external_id": "osm:node/10806576405", "kind": "tourism", "name": "Thakuri guest house", "name_ne": "", "tags": {"name": "Thakuri guest house", "tourism": "hotel"}}}, {"type": "Feature", "geometry": {"type": "Point", "coordinates": [84.5359393, 28.271954]}, "properties": {"external_id": "osm:node/10837538323", "kind": "hydropower", "name": "Super Dordi Unit 2", "name_ne": "", "tags": {"name": "Super Dordi Unit 2", "operator": "People's Hydropower Company Pvt. Ltd", "power": "generator"}}}, {"type": "Feature", "geometry": {"type": "Point", "coordinates": [84.6877724, 27.9018898]}, "properties": {"external_id": "osm:node/10916416973", "kind": "settlement", "name": "Yangdi", "name_ne": "", "tags": {"name": "Yangdi", "place": "hamlet"}}}, {"type": "Feature", "geometry": {"type": "Point", "coordinates": [84.4156063, 28.1277834]}, "properties": {"external_id": "osm:node/10918018993", "kind": "police", "name": "sundar bazar police station", "name_ne": "", "tags": {"amenity": "police", "name": "sundar bazar police station"}}}, {"type": "Feature", "geometry": {"type": "Point", "coordinates": [84.5358968, 28.2718577]}, "properties": {"external_id": "osm:node/10924795796", "kind": "hydropower", "name": "Super Dordi Unit 1", "name_ne": "", "tags": {"name": "Super Dordi Unit 1", "operator": "People's Hydropower Company Pvt. Ltd", "power": "generator"}}}, {"type": "Feature", "geometry": {"type": "Point", "coordinates": [84.3994081, 28.3091981]}, "properties": {"external_id": "osm:node/11160637758", "kind": "tourism", "name": "Hikers Home", "name_ne": "", "tags": {"name": "Hikers Home", "tourism": "guest_house"}}}, {"type": "Feature", "geometry": {"type": "Point", "coordinates": [84.6344954, 28.650648]}, "properties": {"external_id": "osm:node/11169507638", "kind": "health", "name": "", "name_ne": "", "tags": {"amenity": "clinic"}}}, {"type": "Feature", "geometry": {"type": "Point", "coordinates": [84.3732285, 28.4672167]}, "properties": {"external_id": "osm:node/11262150537", "kind": "tourism", "name": "Peace Land Guesthouse", "name_ne": "", "tags": {"name:en": "Peace Land Guesthouse", "tourism": "guest_house"}}}, {"type": "Feature", "geometry": {"type": "Point", "coordinates": [84.2120107, 28.3903419]}, "properties": {"external_id": "osm:node/11275673830", "kind": "settlement", "name": "Dobato", "name_ne": "", "tags": {"name": "Dobato", "place": "locality"}}}, {"type": "Feature", "geometry": {"type": "Point", "coordinates": [84.4107502, 28.3968269]}, "properties": {"external_id": "osm:node/11313703269", "kind": "tourism", "name": "Sayan Homestay", "name_ne": "", "tags": {"name:en": "Sayan Homestay", "tourism": "guest_house"}}}, {"type": "Feature", "geometry": {"type": "Point", "coordinates": [84.3943668, 28.4251675]}, "properties": {"external_id": "osm:node/11323099508", "kind": "settlement", "name": "Puran Jagat", "name_ne": "", "tags": {"name": "Puran Jagat", "place": "village"}}}, {"type": "Feature", "geometry": {"type": "Point", "coordinates": [84.3933474, 28.4278898]}, "properties": {"external_id": "osm:node/11323102348", "kind": "settlement", "name": "Naskuche", "name_ne": "", "tags": {"name": "Naskuche", "place": "village"}}}, {"type": "Feature", "geometry": {"type": "Point", "coordinates": [84.3926787, 28.4335896]}, "properties": {"external_id": "osm:node/11323180969", "kind": "tourism", "name": "Super Rainbow View", "name_ne": "", "tags": {"name": "Super Rainbow View", "tourism": "guest_house"}}}, {"type": "Feature", "geometry": {"type": "Point", "coordinates": [84.3898201, 28.436428]}, "properties": {"external_id": "osm:node/11323181069", "kind": "tourism", "name": "Tibetan Hotel", "name_ne": "", "tags": {"name:en": "Tibetan Hotel", "operator": "Purna Gurung", "tourism": "guest_house"}}}, {"type": "Feature", "geometry": {"type": "Point", "coordinates": [84.3773898, 28.4475787]}, "properties": {"external_id": "osm:node/11324074569", "kind": "tourism", "name": "Throungh Peak Guest House", "name_ne": "", "tags": {"name:en": "Throungh Peak Guest House", "tourism": "guest_house"}}}, {"type": "Feature", "geometry": {"type": "Point", "coordinates": [84.6273568, 27.9952013]}, "properties": {"external_id": "osm:node/11463296269", "kind": "tourism", "name": "Bhetghat", "name_ne": "", "tags": {"name:en": "Bhetghat", "tourism": "hostel"}}}, {"type": "Feature", "geometry": {"type": "Point", "coordinates": [84.4048005, 27.9420985]}, "properties": {"external_id": "osm:node/11493069269", "kind": "tourism", "name": "The Durbar Himalaya", "name_ne": "दरबार हिमालय", "tags": {"name": "दरबार हिमालय", "name:en": "The Durbar Himalaya", "tourism": "hotel"}}}, {"type": "Feature", "geometry": {"type": "Point", "coordinates": [84.4171004, 27.979706]}, "properties": {"external_id": "osm:node/11496674712", "kind": "settlement", "name": "कामना टोल", "name_ne": "कामना टोल", "tags": {"name": "कामना टोल", "name:ne": "कामना टोल", "place": "hamlet"}}}, {"type": "Feature", "geometry": {"type": "Point", "coordinates": [84.4119244, 27.9380593]}, "properties": {"external_id": "osm:node/11497884984", "kind": "tourism", "name": "Sunshine Hotel", "name_ne": "", "tags": {"name": "Sunshine Hotel", "tourism": "hotel"}}}, {"type": "Feature", "geometry": {"type": "Point", "coordinates": [84.2385967, 28.5517536]}, "properties": {"external_id": "osm:node/11559515369", "kind": "police", "name": "APF Nepal No 32 Company HQ", "name_ne": "", "tags": {"amenity": "police", "name:en": "APF Nepal No 32 Company HQ"}}}, {"type": "Feature", "geometry": {"type": "Point", "coordinates": [84.4058466, 27.9393328]}, "properties": {"external_id": "osm:node/11722379150", "kind": "tourism", "name": "Hotel Himalayan Hide Way", "name_ne": "", "tags": {"name": "Hotel Himalayan Hide Way", "tourism": "hotel"}}}, {"type": "Feature", "geometry": {"type": "Point", "coordinates": [84.2465978, 28.1664078]}, "properties": {"external_id": "osm:node/11782427448", "kind": "settlement", "name": "Laxmi Bazar", "name_ne": "", "tags": {"name": "Laxmi Bazar", "place": "village"}}}, {"type": "Feature", "geometry": {"type": "Point", "coordinates": [84.2635101, 28.1975952]}, "properties": {"external_id": "osm:node/11782427449", "kind": "settlement", "name": "Daduwa", "name_ne": "", "tags": {"name": "Daduwa", "place": "village"}}}, {"type": "Feature", "geometry": {"type": "Point", "coordinates": [84.2290883, 28.1969285]}, "properties": {"external_id": "osm:node/11782427450", "kind": "settlement", "name": "Karapu", "name_ne": "", "tags": {"name": "Karapu", "place": "village"}}}, {"type": "Feature", "geometry": {"type": "Point", "coordinates": [84.6697666, 28.5748146]}, "properties": {"external_id": "osm:node/11809154770", "kind": "tourism", "name": "Nubri Shyala Guest House", "name_ne": "", "tags": {"name:en": "Nubri Shyala Guest House", "tourism": "guest_house"}}}, {"type": "Feature", "geometry": {"type": "Point", "coordinates": [84.6185832, 28.0032206]}, "properties": {"external_id": "osm:node/11809352470", "kind": "tourism", "name": "Hotel Dream Home", "name_ne": "", "tags": {"name": "Hotel Dream Home", "tourism": "guest_house"}}}, {"type": "Feature", "geometry": {"type": "Point", "coordinates": [84.304176, 28.5278309]}, "properties": {"external_id": "osm:node/11822171569", "kind": "tourism", "name": "Manaslu hotel", "name_ne": "", "tags": {"name:en": "Manaslu hotel", "tourism": "alpine_hut"}}}, {"type": "Feature", "geometry": {"type": "Point", "coordinates": [84.669913, 28.5748362]}, "properties": {"external_id": "osm:node/11830326069", "kind": "tourism", "name": "Nubri Shyala Guest House", "name_ne": "", "tags": {"name:en": "Nubri Shyala Guest House", "tourism": "guest_house"}}}, {"type": "Feature", "geometry": {"type": "Point", "coordinates": [84.6332685, 28.6501173]}, "properties": {"external_id": "osm:node/11832572972", "kind": "tourism", "name": "Zambala Hotel", "name_ne": "", "tags": {"name:en": "Zambala Hotel", "tourism": "hotel"}}}, {"type": "Feature", "geometry": {"type": "Point", "coordinates": [84.6412041, 28.5882111]}, "properties": {"external_id": "osm:node/11832573669", "kind": "tourism", "name": "Mandala Hotel", "name_ne": "", "tags": {"name": "Mandala Hotel", "tourism": "hotel"}}}, {"type": "Feature", "geometry": {"type": "Point", "coordinates": [84.382591, 28.2234341]}, "properties": {"external_id": "osm:node/11840540876", "kind": "settlement", "name": "Sarki Gaun", "name_ne": "", "tags": {"name": "Sarki Gaun", "place": "village"}}}, {"type": "Feature", "geometry": {"type": "Point", "coordinates": [84.4045125, 27.9374932]}, "properties": {"external_id": "osm:node/11854406469", "kind": "tourism", "name": "Himchuli Guest House", "name_ne": "", "tags": {"name:en": "Himchuli Guest House", "tourism": "guest_house"}}}, {"type": "Feature", "geometry": {"type": "Point", "coordinates": [84.4047209, 27.9423075]}, "properties": {"external_id": "osm:node/11873545271", "kind": "tourism", "name": "Heritage Guest house", "name_ne": "", "tags": {"name:en": "Heritage Guest house", "tourism": "guest_house"}}}, {"type": "Feature", "geometry": {"type": "Point", "coordinates": [84.361476, 28.2740532]}, "properties": {"external_id": "osm:node/11883124369", "kind": "tourism", "name": "", "name_ne": "", "tags": {"tourism": "hotel"}}}, {"type": "Feature", "geometry": {"type": "Point", "coordinates": [84.4710321, 28.6336428]}, "properties": {"external_id": "osm:node/11884178095", "kind": "tourism", "name": "Himalayan View Hotel, Bhimthang, Manang", "name_ne": "", "tags": {"name": "Himalayan View Hotel, Bhimthang, Manang", "tourism": "hotel"}}}, {"type": "Feature", "geometry": {"type": "Point", "coordinates": [84.4061749, 28.3440286]}, "properties": {"external_id": "osm:node/11885868269", "kind": "tourism", "name": "", "name_ne": "", "tags": {"tourism": "camp_site"}}}, {"type": "Feature", "geometry": {"type": "Point", "coordinates": [84.3563148, 28.5224781]}, "properties": {"external_id": "osm:node/11893486069", "kind": "tourism", "name": "", "name_ne": "", "tags": {"tourism": "camp_site"}}}, {"type": "Feature", "geometry": {"type": "Point", "coordinates": [84.3184026, 28.5275191]}, "properties": {"external_id": "osm:node/11893486170", "kind": "dam", "name": "", "name_ne": "", "tags": {"waterway": "weir"}}}, {"type": "Feature", "geometry": {"type": "Point", "coordinates": [84.2182084, 28.5609591]}, "properties": {"external_id": "osm:node/11900841069", "kind": "tourism", "name": "Possible campsite", "name_ne": "", "tags": {"name:en": "Possible campsite", "tourism": "camp_site"}}}, {"type": "Feature", "geometry": {"type": "Point", "coordinates": [84.2126486, 28.5648708]}, "properties": {"external_id": "osm:node/11900841169", "kind": "tourism", "name": "", "name_ne": "", "tags": {"tourism": "camp_site"}}}, {"type": "Feature", "geometry": {"type": "Point", "coordinates": [84.2306431, 28.0617382]}, "properties": {"external_id": "osm:node/11905850069", "kind": "school", "name": "Shree Amar Prathamik Bidhyalaya", "name_ne": "श्री अमर प्राथमिक विद्यालय", "tags": {"amenity": "school", "name": "श्री अमर प्राथमिक विद्यालय", "name:en": "Shree Amar Prathamik Bidhyalaya"}}}, {"type": "Feature", "geometry": {"type": "Point", "coordinates": [84.2112156, 28.2281554]}, "properties": {"external_id": "osm:node/11989669549", "kind": "school", "name": "Shree Ganga Basic School, Kamalbot", "name_ne": "", "tags": {"amenity": "school", "name": "Shree Ganga Basic School, Kamalbot", "operator": "government"}}}, {"type": "Feature", "geometry": {"type": "Point", "coordinates": [84.2042866, 28.246641]}, "properties": {"external_id": "osm:node/11989694593", "kind": "school", "name": "Shree Bhagwati Bal Bikas Kendra", "name_ne": "", "tags": {"amenity": "school", "name": "Shree Bhagwati Bal Bikas Kendra"}}}, {"type": "Feature", "geometry": {"type": "Point", "coordinates": [84.2039291, 28.2460491]}, "properties": {"external_id": "osm:node/11989709327", "kind": "school", "name": "Shree Narayan Basic School, Bhagwati Tol", "name_ne": "", "tags": {"amenity": "school", "name": "Shree Narayan Basic School, Bhagwati Tol", "operator": "government"}}}, {"type": "Feature", "geometry": {"type": "Point", "coordinates": [84.2029846, 28.2152311]}, "properties": {"external_id": "osm:node/11989712763", "kind": "school", "name": "Shree Pragatisdan Basic School, Mugri", "name_ne": "", "tags": {"amenity": "school", "name": "Shree Pragatisdan Basic School, Mugri", "operator": "government"}}}, {"type": "Feature", "geometry": {"type": "Point", "coordinates": [84.3778861, 27.9745124]}, "properties": {"external_id": "osm:node/11990114852", "kind": "school", "name": "Shree Bhageri Basic School", "name_ne": "", "tags": {"amenity": "school", "name": "Shree Bhageri Basic School", "operator": "government"}}}, {"type": "Feature", "geometry": {"type": "Point", "coordinates": [84.3918121, 27.9765258]}, "properties": {"external_id": "osm:node/11990121210", "kind": "school", "name": "Shree Bishnu Secondary School", "name_ne": "", "tags": {"amenity": "school", "name": "Shree Bishnu Secondary School", "operator": "government"}}}, {"type": "Feature", "geometry": {"type": "Point", "coordinates": [84.3830627, 27.9662236]}, "properties": {"external_id": "osm:node/11990126889", "kind": "school", "name": "Shree Janata Basic School", "name_ne": "", "tags": {"amenity": "school", "name": "Shree Janata Basic School", "operator": "government"}}}, {"type": "Feature", "geometry": {"type": "Point", "coordinates": [84.3904522, 27.9734511]}, "properties": {"external_id": "osm:node/11990128255", "kind": "school", "name": "Pabita Secondary School", "name_ne": "", "tags": {"amenity": "school", "name": "Pabita Secondary School", "operator": "government"}}}, {"type": "Feature", "geometry": {"type": "Point", "coordinates": [84.4003898, 27.9745266]}, "properties": {"external_id": "osm:node/11990132899", "kind": "school", "name": "Shree Jyoti Basic School", "name_ne": "", "tags": {"amenity": "school", "name": "Shree Jyoti Basic School", "operator": "government"}}}, {"type": "Feature", "geometry": {"type": "Point", "coordinates": [84.3998507, 27.9685783]}, "properties": {"external_id": "osm:node/11990141018", "kind": "school", "name": "Bishnu Kumari Campus", "name_ne": "", "tags": {"amenity": "school", "name": "Bishnu Kumari Campus"}}}, {"type": "Feature", "geometry": {"type": "Point", "coordinates": [84.4093189, 27.9638285]}, "properties": {"external_id": "osm:node/11990142655", "kind": "health", "name": "Sanjeevani Health Clinic", "name_ne": "", "tags": {"amenity": "clinic", "name": "Sanjeevani Health Clinic", "operator": "private"}}}, {"type": "Feature", "geometry": {"type": "Point", "coordinates": [84.4005561, 27.9651386]}, "properties": {"external_id": "osm:node/11990143685", "kind": "health", "name": "Pipley BHCC", "name_ne": "", "tags": {"amenity": "clinic", "name": "Pipley BHCC"}}}, {"type": "Feature", "geometry": {"type": "Point", "coordinates": [84.4108893, 27.9614393]}, "properties": {"external_id": "osm:node/11990146425", "kind": "health", "name": "Moti Health Clinic", "name_ne": "", "tags": {"amenity": "clinic", "name": "Moti Health Clinic", "operator": "private"}}}, {"type": "Feature", "geometry": {"type": "Point", "coordinates": [84.4125637, 27.9559739]}, "properties": {"external_id": "osm:node/11990149908", "kind": "school", "name": "Himchuli Sishu School", "name_ne": "", "tags": {"amenity": "school", "name": "Himchuli Sishu School", "operator": "private"}}}, {"type": "Feature", "geometry": {"type": "Point", "coordinates": [84.4052855, 27.9374815]}, "properties": {"external_id": "osm:node/11990150196", "kind": "school", "name": "Bandipur Technical Institute", "name_ne": "", "tags": {"amenity": "school", "name": "Bandipur Technical Institute"}}}, {"type": "Feature", "geometry": {"type": "Point", "coordinates": [84.4543505, 27.9464193]}, "properties": {"external_id": "osm:node/11990154725", "kind": "school", "name": "Manaslu Montessori", "name_ne": "", "tags": {"amenity": "school", "name": "Manaslu Montessori", "operator": "private"}}}, {"type": "Feature", "geometry": {"type": "Point", "coordinates": [84.4208524, 27.9538164]}, "properties": {"external_id": "osm:node/11990173196", "kind": "school", "name": "Shree Jagdishwari Basic School", "name_ne": "", "tags": {"amenity": "school", "name": "Shree Jagdishwari Basic School", "operator": "government"}}}, {"type": "Feature", "geometry": {"type": "Point", "coordinates": [84.4129452, 27.9355419]}, "properties": {"external_id": "osm:node/11990181112", "kind": "school", "name": "Teen Dhara Samudayik Bal Bikas", "name_ne": "", "tags": {"amenity": "school", "name": "Teen Dhara Samudayik Bal Bikas", "operator": "government"}}}, {"type": "Feature", "geometry": {"type": "Point", "coordinates": [84.4311279, 27.9430405]}, "properties": {"external_id": "osm:node/11990183047", "kind": "school", "name": "Shree Siddha Devi Basic School", "name_ne": "", "tags": {"amenity": "school", "name": "Shree Siddha Devi Basic School", "operator": "government"}}}, {"type": "Feature", "geometry": {"type": "Point", "coordinates": [84.4086564, 27.9371616]}, "properties": {"external_id": "osm:node/11990185730", "kind": "school", "name": "Notre Dame Secondary School", "name_ne": "", "tags": {"amenity": "school", "name": "Notre Dame Secondary School", "operator": "private"}}}, {"type": "Feature", "geometry": {"type": "Point", "coordinates": [84.4051829, 27.9373061]}, "properties": {"external_id": "osm:node/11990188846", "kind": "school", "name": "Bandipur Campus", "name_ne": "", "tags": {"amenity": "school", "name": "Bandipur Campus", "operator": "government"}}}, {"type": "Feature", "geometry": {"type": "Point", "coordinates": [84.4030961, 27.940562]}, "properties": {"external_id": "osm:node/11990190682", "kind": "school", "name": "Seto Gurans Bal Bikas Kendra", "name_ne": "", "tags": {"amenity": "school", "name": "Seto Gurans Bal Bikas Kendra", "operator": "government"}}}, {"type": "Feature", "geometry": {"type": "Point", "coordinates": [84.41044, 27.9358417]}, "properties": {"external_id": "osm:node/11990192886", "kind": "school", "name": "Mohoriya Believers English School", "name_ne": "", "tags": {"amenity": "school", "name": "Mohoriya Believers English School", "operator": "private"}}}, {"type": "Feature", "geometry": {"type": "Point", "coordinates": [84.3103768, 28.2778689]}, "properties": {"external_id": "osm:node/12022527451", "kind": "tourism", "name": "Hotel Ghalegaun Cottage", "name_ne": "", "tags": {"name": "Hotel Ghalegaun Cottage", "tourism": "hotel"}}}, {"type": "Feature", "geometry": {"type": "Point", "coordinates": [84.2609139, 28.5520787]}, "properties": {"external_id": "osm:node/12357729323", "kind": "tourism", "name": "New Montain Vew", "name_ne": "", "tags": {"name": "New Montain Vew", "tourism": "hotel"}}}, {"type": "Feature", "geometry": {"type": "Point", "coordinates": [84.2384943, 28.6549749]}, "properties": {"external_id": "osm:node/12357891262", "kind": "tourism", "name": "Hotel Narpa", "name_ne": "", "tags": {"name": "Hotel Narpa", "tourism": "hotel"}}}, {"type": "Feature", "geometry": {"type": "Point", "coordinates": [84.2564342, 28.7002971]}, "properties": {"external_id": "osm:node/12363352718", "kind": "tourism", "name": "Buddha Guest House & Restaurant", "name_ne": "", "tags": {"name": "Buddha Guest House & Restaurant", "tourism": "guest_house"}}}, {"type": "Feature", "geometry": {"type": "Point", "coordinates": [84.5842838, 28.6589646]}, "properties": {"external_id": "osm:node/12391352988", "kind": "settlement", "name": "Larke Phedi - Dharmasala", "name_ne": "", "tags": {"name": "Larke Phedi - Dharmasala", "place": "village"}}}, {"type": "Feature", "geometry": {"type": "Point", "coordinates": [84.3871643, 28.2994592]}, "properties": {"external_id": "osm:node/12485996601", "kind": "tourism", "name": "Hotel Peace Full & View Point Restaurant", "name_ne": "", "tags": {"name:en": "Hotel Peace Full & View Point Restaurant", "tourism": "hotel"}}}, {"type": "Feature", "geometry": {"type": "Point", "coordinates": [84.4054845, 27.9372696]}, "properties": {"external_id": "osm:node/12487618802", "kind": "tourism", "name": "Bandipur Kaushi Inn", "name_ne": "", "tags": {"name": "Bandipur Kaushi Inn", "tourism": "hotel"}}}, {"type": "Feature", "geometry": {"type": "Point", "coordinates": [84.2599695, 28.5520561]}, "properties": {"external_id": "osm:node/12528807102", "kind": "tourism", "name": "Snowland Hotel", "name_ne": "", "tags": {"name:en": "Snowland Hotel", "tourism": "hotel"}}}, {"type": "Feature", "geometry": {"type": "Point", "coordinates": [84.3577904, 28.5199495]}, "properties": {"external_id": "osm:node/12528807301", "kind": "tourism", "name": "Crystal Guest House", "name_ne": "", "tags": {"name:en": "Crystal Guest House", "tourism": "guest_house"}}}, {"type": "Feature", "geometry": {"type": "Point", "coordinates": [84.6234928, 27.9977828]}, "properties": {"external_id": "osm:node/12672565501", "kind": "tourism", "name": "Barpaki Obina Hotel", "name_ne": "", "tags": {"name:en": "Barpaki Obina Hotel", "tourism": "hotel"}}}, {"type": "Feature", "geometry": {"type": "Point", "coordinates": [84.3728801, 28.236753]}, "properties": {"external_id": "osm:node/12686420601", "kind": "tourism", "name": "Hôtel Yumpo & Lodge", "name_ne": "", "tags": {"name": "Hôtel Yumpo & Lodge", "tourism": "hotel"}}}, {"type": "Feature", "geometry": {"type": "Point", "coordinates": [84.2592778, 28.5522326]}, "properties": {"external_id": "osm:node/12725699616", "kind": "settlement", "name": "Koto", "name_ne": "", "tags": {"name": "Koto", "place": "village"}}}, {"type": "Feature", "geometry": {"type": "Point", "coordinates": [84.3736709, 28.2362595]}, "properties": {"external_id": "osm:node/12786283601", "kind": "tourism", "name": "New Mandala", "name_ne": "", "tags": {"name": "New Mandala", "tourism": "hotel"}}}, {"type": "Feature", "geometry": {"type": "Point", "coordinates": [84.2528089, 28.5507529]}, "properties": {"external_id": "osm:node/12793705001", "kind": "tourism", "name": "Hotel Heaven Mountain & Restaurant", "name_ne": "", "tags": {"name": "Hotel Heaven Mountain & Restaurant", "tourism": "hotel"}}}, {"type": "Feature", "geometry": {"type": "Point", "coordinates": [84.2338484, 28.0921857]}, "properties": {"external_id": "osm:node/12801627863", "kind": "police", "name": "Duipiple Police Chauki", "name_ne": "", "tags": {"amenity": "police", "name": "Duipiple Police Chauki"}}}, {"type": "Feature", "geometry": {"type": "Point", "coordinates": [84.4037359, 27.9436338]}, "properties": {"external_id": "osm:node/12804380435", "kind": "tourism", "name": "Bandipur Mountain Resort", "name_ne": "", "tags": {"name": "Bandipur Mountain Resort", "tourism": "hotel"}}}, {"type": "Feature", "geometry": {"type": "Point", "coordinates": [84.3898846, 28.4362702]}, "properties": {"external_id": "osm:node/12839945071", "kind": "tourism", "name": "Tibetan hotel", "name_ne": "", "tags": {"name": "Tibetan hotel", "tourism": "guest_house"}}}, {"type": "Feature", "geometry": {"type": "Point", "coordinates": [84.3773919, 28.4475832]}, "properties": {"external_id": "osm:node/12839945072", "kind": "tourism", "name": "Through Peak guest house", "name_ne": "", "tags": {"name": "Through Peak guest house", "tourism": "guest_house"}}}, {"type": "Feature", "geometry": {"type": "Point", "coordinates": [84.4032757, 28.3792582]}, "properties": {"external_id": "osm:node/12839953545", "kind": "tourism", "name": "Annapurna Guesthouse", "name_ne": "", "tags": {"name": "Annapurna Guesthouse", "tourism": "hotel"}}}, {"type": "Feature", "geometry": {"type": "Point", "coordinates": [84.402963, 28.3814657]}, "properties": {"external_id": "osm:node/12839956566", "kind": "tourism", "name": "Manasalu Guest House", "name_ne": "", "tags": {"name": "Manasalu Guest House", "tourism": "guest_house"}}}, {"type": "Feature", "geometry": {"type": "Point", "coordinates": [84.3737407, 28.4680927]}, "properties": {"external_id": "osm:node/12839956924", "kind": "tourism", "name": "Garden Hotel", "name_ne": "", "tags": {"name": "Garden Hotel", "tourism": "guest_house"}}}, {"type": "Feature", "geometry": {"type": "Point", "coordinates": [84.4065471, 28.4131601]}, "properties": {"external_id": "osm:node/12839965719", "kind": "tourism", "name": "Tibetan Hotel", "name_ne": "", "tags": {"name": "Tibetan Hotel", "tourism": "hotel"}}}, {"type": "Feature", "geometry": {"type": "Point", "coordinates": [84.386821, 28.2993179]}, "properties": {"external_id": "osm:node/12839970758", "kind": "tourism", "name": "River Side", "name_ne": "", "tags": {"name": "River Side", "tourism": "hotel"}}}, {"type": "Feature", "geometry": {"type": "Point", "coordinates": [84.3896903, 28.4366605]}, "properties": {"external_id": "osm:node/12839970759", "kind": "tourism", "name": "Natural View guest house", "name_ne": "", "tags": {"name": "Natural View guest house", "tourism": "guest_house"}}}, {"type": "Feature", "geometry": {"type": "Point", "coordinates": [84.4060749, 28.4157436]}, "properties": {"external_id": "osm:node/12839980130", "kind": "tourism", "name": "Hotel Mandala", "name_ne": "", "tags": {"name": "Hotel Mandala", "tourism": "guest_house"}}}, {"type": "Feature", "geometry": {"type": "Point", "coordinates": [84.2412736, 28.5517059]}, "properties": {"external_id": "osm:node/12842134414", "kind": "school", "name": "Shree Lokpriya Secondaty school", "name_ne": "", "tags": {"amenity": "school", "name": "Shree Lokpriya Secondaty school"}}}, {"type": "Feature", "geometry": {"type": "Point", "coordinates": [84.2261066, 28.5568828]}, "properties": {"external_id": "osm:node/12842145941", "kind": "tourism", "name": "New Mount View", "name_ne": "", "tags": {"name": "New Mount View", "tourism": "guest_house"}}}, {"type": "Feature", "geometry": {"type": "Point", "coordinates": [84.3705975, 28.2523326]}, "properties": {"external_id": "osm:node/12882660509", "kind": "settlement", "name": "Belauti Besauni", "name_ne": "", "tags": {"name": "Belauti Besauni", "place": "hamlet"}}}, {"type": "Feature", "geometry": {"type": "Point", "coordinates": [84.4100189, 28.4025158]}, "properties": {"external_id": "osm:node/12886022611", "kind": "hydropower", "name": "", "name_ne": "", "tags": {"power": "generator"}}}, {"type": "Feature", "geometry": {"type": "Point", "coordinates": [84.4037962, 28.4214762]}, "properties": {"external_id": "osm:node/12887956791", "kind": "tourism", "name": "", "name_ne": "", "tags": {"tourism": "camp_site"}}}, {"type": "Feature", "geometry": {"type": "Point", "coordinates": [84.2400847, 28.5528982]}, "properties": {"external_id": "osm:node/13086888443", "kind": "tourism", "name": "Happy Guest House", "name_ne": "", "tags": {"name": "Happy Guest House", "tourism": "guest_house"}}}, {"type": "Feature", "geometry": {"type": "Point", "coordinates": [84.2401977, 28.5528041]}, "properties": {"external_id": "osm:node/13088190936", "kind": "tourism", "name": "", "name_ne": "", "tags": {"tourism": "guest_house"}}}, {"type": "Feature", "geometry": {"type": "Point", "coordinates": [84.2402686, 28.552694]}, "properties": {"external_id": "osm:node/13088385168", "kind": "tourism", "name": "White Stupa", "name_ne": "", "tags": {"name": "White Stupa", "tourism": "hotel"}}}, {"type": "Feature", "geometry": {"type": "Point", "coordinates": [84.2248179, 28.5574292]}, "properties": {"external_id": "osm:node/13088600787", "kind": "tourism", "name": "Talekhu", "name_ne": "", "tags": {"name": "Talekhu", "tourism": "guest_house"}}}, {"type": "Feature", "geometry": {"type": "Point", "coordinates": [84.418594, 28.5920511]}, "properties": {"external_id": "osm:node/13175147001", "kind": "tourism", "name": "New Himalayan cottage", "name_ne": "", "tags": {"name": "New Himalayan cottage", "tourism": "alpine_hut"}}}, {"type": "Feature", "geometry": {"type": "Point", "coordinates": [84.4866532, 28.6619718]}, "properties": {"external_id": "osm:node/13266294908", "kind": "settlement", "name": "Phedi", "name_ne": "", "tags": {"name": "Phedi", "place": "locality"}}}, {"type": "Feature", "geometry": {"type": "Point", "coordinates": [84.3580941, 28.5196295]}, "properties": {"external_id": "osm:node/13266315001", "kind": "tourism", "name": "Hotel  Gurkha's Inn & Restaurant", "name_ne": "", "tags": {"name": "Hotel  Gurkha's Inn & Restaurant", "tourism": "hotel"}}}, {"type": "Feature", "geometry": {"type": "Point", "coordinates": [84.3100105, 28.5262113]}, "properties": {"external_id": "osm:node/13282587401", "kind": "tourism", "name": "Laliguras hotel & restaurant", "name_ne": "", "tags": {"name": "Laliguras hotel & restaurant", "tourism": "alpine_hut"}}}, {"type": "Feature", "geometry": {"type": "Point", "coordinates": [84.4066723, 28.4145575]}, "properties": {"external_id": "osm:node/13298616902", "kind": "tourism", "name": "New  Revel Roof Top Guest House", "name_ne": "", "tags": {"name:en": "New  Revel Roof Top Guest House", "tourism": "hotel"}}}, {"type": "Feature", "geometry": {"type": "Point", "coordinates": [84.4060149, 27.9374487]}, "properties": {"external_id": "osm:node/13304479276", "kind": "tourism", "name": "Bandipur chhen", "name_ne": "", "tags": {"name": "Bandipur chhen", "tourism": "hotel"}}}, {"type": "Feature", "geometry": {"type": "Point", "coordinates": [84.6415458, 28.5866366]}, "properties": {"external_id": "osm:node/13321709149", "kind": "tourism", "name": "Peace Heaven Hotel & Lodge", "name_ne": "", "tags": {"name": "Peace Heaven Hotel & Lodge", "tourism": "guest_house"}}}, {"type": "Feature", "geometry": {"type": "Point", "coordinates": [84.6412623, 28.5873975]}, "properties": {"external_id": "osm:node/13321723284", "kind": "tourism", "name": "Hotel Base Camp", "name_ne": "", "tags": {"name": "Hotel Base Camp", "tourism": "guest_house"}}}, {"type": "Feature", "geometry": {"type": "Point", "coordinates": [84.6414875, 28.5875722]}, "properties": {"external_id": "osm:node/13321725836", "kind": "tourism", "name": "Boddhisattva Hotel & Lodge", "name_ne": "", "tags": {"name": "Boddhisattva Hotel & Lodge", "tourism": "guest_house"}}}, {"type": "Feature", "geometry": {"type": "Point", "coordinates": [84.6409576, 28.5881455]}, "properties": {"external_id": "osm:node/13321728308", "kind": "tourism", "name": "Joyful Hotel", "name_ne": "", "tags": {"name": "Joyful Hotel", "tourism": "guest_house"}}}, {"type": "Feature", "geometry": {"type": "Point", "coordinates": [84.641666, 28.5864847]}, "properties": {"external_id": "osm:node/13321729287", "kind": "tourism", "name": "Samsgaun Hotel & Lodge", "name_ne": "", "tags": {"name": "Samsgaun Hotel & Lodge", "tourism": "guest_house"}}}, {"type": "Feature", "geometry": {"type": "Point", "coordinates": [84.6415847, 28.5867963]}, "properties": {"external_id": "osm:node/13321729406", "kind": "tourism", "name": "Tashi Yangchen Hotel & Lodge", "name_ne": "", "tags": {"name": "Tashi Yangchen Hotel & Lodge", "tourism": "guest_house"}}}, {"type": "Feature", "geometry": {"type": "Point", "coordinates": [84.4098198, 27.9377063]}, "properties": {"external_id": "osm:node/13729448701", "kind": "tourism", "name": "Bindabashini Homestay House No. 14", "name_ne": "", "tags": {"name:en": "Bindabashini Homestay House No. 14", "tourism": "guest_house"}}}, {"type": "Feature", "geometry": {"type": "Point", "coordinates": [84.6329636, 28.6492088]}, "properties": {"external_id": "osm:node/13800163701", "kind": "tourism", "name": "Little Tibet", "name_ne": "", "tags": {"name:en": "Little Tibet", "tourism": "hotel"}}}, {"type": "Feature", "geometry": {"type": "Point", "coordinates": [84.6409593, 28.5867451]}, "properties": {"external_id": "osm:way/90264575", "kind": "tourism", "name": "", "name_ne": "", "tags": {"tourism": "camp_site"}}}, {"type": "Feature", "geometry": {"type": "Point", "coordinates": [84.3547742, 28.2814974]}, "properties": {"external_id": "osm:way/126976840", "kind": "bridge", "name": "Besishahar - Manang Sadak", "name_ne": "", "tags": {"highway": "tertiary", "name": "Besishahar - Manang Sadak"}}}, {"type": "Feature", "geometry": {"type": "Point", "coordinates": [84.5849299, 28.0208224]}, "properties": {"external_id": "osm:way/156098120", "kind": "bridge", "name": "", "name_ne": "", "tags": {"highway": "secondary"}}}, {"type": "Feature", "geometry": {"type": "Point", "coordinates": [84.4629668, 28.0360664]}, "properties": {"external_id": "osm:way/156109056", "kind": "bridge", "name": "", "name_ne": "", "tags": {"highway": "tertiary"}}}, {"type": "Feature", "geometry": {"type": "Point", "coordinates": [84.5679184, 27.997667]}, "properties": {"external_id": "osm:way/157006262", "kind": "bridge", "name": "Dharaudi-Bridge", "name_ne": "", "tags": {"highway": "tertiary", "name": "Dharaudi-Bridge"}}}, {"type": "Feature", "geometry": {"type": "Point", "coordinates": [84.4102035, 27.964086]}, "properties": {"external_id": "osm:way/162332833", "kind": "bridge", "name": "Chundi Bridge", "name_ne": "", "tags": {"highway": "secondary", "name": "Chundi Bridge"}}}, {"type": "Feature", "geometry": {"type": "Point", "coordinates": [84.4552515, 28.0381104]}, "properties": {"external_id": "osm:way/162339868", "kind": "bridge", "name": "Phaundi Bridge", "name_ne": "", "tags": {"highway": "secondary", "name": "Phaundi Bridge"}}}, {"type": "Feature", "geometry": {"type": "Point", "coordinates": [84.4197263, 28.1890415]}, "properties": {"external_id": "osm:way/162339869", "kind": "dam", "name": "Middle Marshyandi Hydropower Dam", "name_ne": "", "tags": {"name": "Middle Marshyandi Hydropower Dam", "waterway": "dam"}}}, {"type": "Feature", "geometry": {"type": "Point", "coordinates": [84.553561, 27.9399277]}, "properties": {"external_id": "osm:way/166750357", "kind": "bridge", "name": "Khaireni-Gorkha Hwy", "name_ne": "", "tags": {"highway": "primary", "name": "Khaireni-Gorkha Highway", "name:en": "Khaireni-Gorkha Hwy"}}}, {"type": "Feature", "geometry": {"type": "Point", "coordinates": [84.5431454, 27.9059211]}, "properties": {"external_id": "osm:way/166750358", "kind": "bridge", "name": "Khaireni-Gorkha Highway", "name_ne": "", "tags": {"highway": "primary", "name": "Khaireni-Gorkha Highway", "name:en": "Khaireni-Gorkha Highway"}}}, {"type": "Feature", "geometry": {"type": "Point", "coordinates": [84.444053, 27.987376]}, "properties": {"external_id": "osm:way/216068775", "kind": "dam", "name": "", "name_ne": "", "tags": {"waterway": "dam"}}}, {"type": "Feature", "geometry": {"type": "Point", "coordinates": [84.4018102, 27.9682265]}, "properties": {"external_id": "osm:way/216226930", "kind": "bridge", "name": "Naya Khola Bridge", "name_ne": "", "tags": {"highway": "trunk", "name": "Naya Khola Bridge"}}}, {"type": "Feature", "geometry": {"type": "Point", "coordinates": [84.4093389, 28.0089228]}, "properties": {"external_id": "osm:way/216242724", "kind": "bridge", "name": "", "name_ne": "", "tags": {"highway": "tertiary"}}}, {"type": "Feature", "geometry": {"type": "Point", "coordinates": [84.401469, 28.0146202]}, "properties": {"external_id": "osm:way/216250055", "kind": "bridge", "name": "", "name_ne": "", "tags": {"highway": "tertiary"}}}, {"type": "Feature", "geometry": {"type": "Point", "coordinates": [84.3047034, 27.9865613]}, "properties": {"external_id": "osm:way/216255242", "kind": "bridge", "name": "", "name_ne": "", "tags": {"highway": "tertiary"}}}, {"type": "Feature", "geometry": {"type": "Point", "coordinates": [84.3127044, 27.9942948]}, "properties": {"external_id": "osm:way/216255245", "kind": "bridge", "name": "", "name_ne": "", "tags": {"highway": "tertiary"}}}, {"type": "Feature", "geometry": {"type": "Point", "coordinates": [84.3114292, 28.0017812]}, "properties": {"external_id": "osm:way/216255250", "kind": "bridge", "name": "", "name_ne": "", "tags": {"highway": "tertiary"}}}, {"type": "Feature", "geometry": {"type": "Point", "coordinates": [84.3256085, 28.0069578]}, "properties": {"external_id": "osm:way/216256227", "kind": "bridge", "name": "", "name_ne": "", "tags": {"highway": "tertiary"}}}, {"type": "Feature", "geometry": {"type": "Point", "coordinates": [84.2919567, 27.9870745]}, "properties": {"external_id": "osm:way/216516075", "kind": "dam", "name": "", "name_ne": "", "tags": {"waterway": "weir"}}}, {"type": "Feature", "geometry": {"type": "Point", "coordinates": [84.2612277, 27.9795401]}, "properties": {"external_id": "osm:way/216519794", "kind": "bridge", "name": "Prithvi Highway", "name_ne": "", "tags": {"highway": "trunk", "name": "Madi Bridge", "name:en": "Prithvi Highway"}}}, {"type": "Feature", "geometry": {"type": "Point", "coordinates": [84.2721116, 27.98092]}, "properties": {"external_id": "osm:way/216522096", "kind": "bridge", "name": "Prithvi Highway", "name_ne": "", "tags": {"highway": "trunk", "name": "Prithvi Highway", "name:en": "Prithvi Highway"}}}, {"type": "Feature", "geometry": {"type": "Point", "coordinates": [84.2768473, 27.9660316]}, "properties": {"external_id": "osm:way/216524301", "kind": "bridge", "name": "", "name_ne": "", "tags": {"highway": "tertiary"}}}, {"type": "Feature", "geometry": {"type": "Point", "coordinates": [84.2411188, 28.069035]}, "properties": {"external_id": "osm:way/234003838", "kind": "bridge", "name": "", "name_ne": "", "tags": {"highway": "secondary"}}}, {"type": "Feature", "geometry": {"type": "Point", "coordinates": [84.2594026, 28.0270483]}, "properties": {"external_id": "osm:way/234017555", "kind": "bridge", "name": "", "name_ne": "", "tags": {"highway": "secondary"}}}, {"type": "Feature", "geometry": {"type": "Point", "coordinates": [84.5402786, 27.9044569]}, "properties": {"external_id": "osm:way/238029691", "kind": "school", "name": "Shree Ramshah higher scondary School", "name_ne": "", "tags": {"amenity": "school", "name": "Shree Ramshah higher scondary School"}}}, {"type": "Feature", "geometry": {"type": "Point", "coordinates": [84.5385973, 27.9029642]}, "properties": {"external_id": "osm:way/238029694", "kind": "school", "name": "Sunshine English Boarding School", "name_ne": "", "tags": {"amenity": "school", "name": "Sunshine English Boarding School"}}}, {"type": "Feature", "geometry": {"type": "Point", "coordinates": [84.5391955, 27.9019081]}, "properties": {"external_id": "osm:way/238029695", "kind": "school", "name": "Bal Jyoti English Boarding School", "name_ne": "", "tags": {"amenity": "school", "name": "Bal Jyoti English Boarding School"}}}, {"type": "Feature", "geometry": {"type": "Point", "coordinates": [84.4707712, 28.6358028]}, "properties": {"external_id": "osm:way/243514816", "kind": "tourism", "name": "ponkar ganga hotel", "name_ne": "", "tags": {"name": "ponkar ganga hotel", "tourism": "hotel"}}}, {"type": "Feature", "geometry": {"type": "Point", "coordinates": [84.4706607, 28.6359311]}, "properties": {"external_id": "osm:way/243514819", "kind": "tourism", "name": "", "name_ne": "", "tags": {"tourism": "hotel"}}}, {"type": "Feature", "geometry": {"type": "Point", "coordinates": [84.5839943, 28.6591049]}, "properties": {"external_id": "osm:way/243517115", "kind": "tourism", "name": "Zambala Hotel", "name_ne": "", "tags": {"name": "Zambala Hotel", "name:en": "Zambala Hotel", "tourism": "guest_house"}}}, {"type": "Feature", "geometry": {"type": "Point", "coordinates": [84.5840289, 28.6593173]}, "properties": {"external_id": "osm:way/243517116", "kind": "tourism", "name": "Peace Lodge", "name_ne": "", "tags": {"name": "Peace Lodge", "tourism": "guest_house"}}}, {"type": "Feature", "geometry": {"type": "Point", "coordinates": [84.6963039, 28.574878]}, "properties": {"external_id": "osm:way/243529994", "kind": "school", "name": "", "name_ne": "", "tags": {"amenity": "school"}}}, {"type": "Feature", "geometry": {"type": "Point", "coordinates": [84.6950152, 28.57485]}, "properties": {"external_id": "osm:way/243529995", "kind": "dam", "name": "", "name_ne": "", "tags": {"waterway": "dam"}}}, {"type": "Feature", "geometry": {"type": "Point", "coordinates": [84.6964727, 28.5743196]}, "properties": {"external_id": "osm:way/243529996", "kind": "school", "name": "", "name_ne": "", "tags": {"amenity": "school"}}}, {"type": "Feature", "geometry": {"type": "Point", "coordinates": [84.6966348, 28.5744384]}, "properties": {"external_id": "osm:way/243529997", "kind": "school", "name": "", "name_ne": "", "tags": {"amenity": "school"}}}, {"type": "Feature", "geometry": {"type": "Point", "coordinates": [84.3928395, 28.3039028]}, "properties": {"external_id": "osm:way/274956073", "kind": "tourism", "name": "Suman Hotel & Restaurant", "name_ne": "", "tags": {"name": "Holidays Trekkers Lodge & Restaurant", "name:en": "Suman Hotel & Restaurant", "tourism": "guest_house"}}}, {"type": "Feature", "geometry": {"type": "Point", "coordinates": [84.3929526, 28.303986]}, "properties": {"external_id": "osm:way/274956083", "kind": "tourism", "name": "Hotel Super View Ngadi", "name_ne": "", "tags": {"name": "Hotel Super View Ngadi", "tourism": "hotel"}}}, {"type": "Feature", "geometry": {"type": "Point", "coordinates": [84.4069541, 28.4142562]}, "properties": {"external_id": "osm:way/276501188", "kind": "school", "name": "Shree sarawati vidya mandir", "name_ne": "", "tags": {"amenity": "school", "name:en": "Shree sarawati vidya mandir"}}}, {"type": "Feature", "geometry": {"type": "Point", "coordinates": [84.4959258, 27.9271428]}, "properties": {"external_id": "osm:way/299553074", "kind": "dam", "name": "", "name_ne": "", "tags": {"waterway": "dam"}}}, {"type": "Feature", "geometry": {"type": "Point", "coordinates": [84.4999874, 27.9252099]}, "properties": {"external_id": "osm:way/299556348", "kind": "dam", "name": "", "name_ne": "", "tags": {"waterway": "dam"}}}, {"type": "Feature", "geometry": {"type": "Point", "coordinates": [84.4956154, 27.9265487]}, "properties": {"external_id": "osm:way/299556349", "kind": "dam", "name": "", "name_ne": "", "tags": {"waterway": "dam"}}}, {"type": "Feature", "geometry": {"type": "Point", "coordinates": [84.3641527, 28.2647255]}, "properties": {"external_id": "osm:way/301794738", "kind": "bridge", "name": "Besishahar - Manang Sadak", "name_ne": "", "tags": {"highway": "tertiary", "name": "Besishahar - Manang Sadak"}}}, {"type": "Feature", "geometry": {"type": "Point", "coordinates": [84.2652726, 27.9721766]}, "properties": {"external_id": "osm:way/302585149", "kind": "health", "name": "Tanahu District Hospital", "name_ne": "", "tags": {"amenity": "hospital", "name": "Tanahu District Hospital"}}}, {"type": "Feature", "geometry": {"type": "Point", "coordinates": [84.3103605, 28.2781395]}, "properties": {"external_id": "osm:way/307145029", "kind": "school", "name": "Shree Uttarkanya Primary School", "name_ne": "", "tags": {"amenity": "school", "name": "Shree Uttarkanya Primary School"}}}, {"type": "Feature", "geometry": {"type": "Point", "coordinates": [84.2722013, 28.3045559]}, "properties": {"external_id": "osm:way/307258289", "kind": "school", "name": "Shree Trivuban Bidhyashram Secondary School", "name_ne": "", "tags": {"amenity": "school", "name": "Shree Trivuban Bidhyashram Secondary School"}}}, {"type": "Feature", "geometry": {"type": "Point", "coordinates": [84.3793548, 28.2262229]}, "properties": {"external_id": "osm:way/307259872", "kind": "police", "name": "Lamjung Karagar", "name_ne": "लमजुङ्ग कारागार", "tags": {"amenity": "police", "name": "लमजुङ्ग कारागार", "name:en": "Lamjung Karagar", "name:ne": "लमजुङ्ग कारागार"}}}, {"type": "Feature", "geometry": {"type": "Point", "coordinates": [84.3797915, 28.2266756]}, "properties": {"external_id": "osm:way/307260027", "kind": "school", "name": "Earthly Paradise English Boarding School", "name_ne": "", "tags": {"amenity": "school", "name": "Earthly Paradise English Boarding School"}}}, {"type": "Feature", "geometry": {"type": "Point", "coordinates": [84.378508, 28.230183]}, "properties": {"external_id": "osm:way/307260600", "kind": "school", "name": "New Era English Boarding School", "name_ne": "", "tags": {"amenity": "school", "name": "New Era English Boarding School"}}}, {"type": "Feature", "geometry": {"type": "Point", "coordinates": [84.3756446, 28.2360988]}, "properties": {"external_id": "osm:way/307261747", "kind": "school", "name": "Shree Jana Bikas HIgher Secondary School", "name_ne": "श्री जन विकास उच्च मा. वि.", "tags": {"amenity": "school", "name": "श्री जन विकास उच्च मा. वि.", "name:en": "Shree Jana Bikas HIgher Secondary School", "name:ne": "श्री जन विकास उच्च मा. वि.", "operator": "Community"}}}, {"type": "Feature", "geometry": {"type": "Point", "coordinates": [84.3781542, 28.2367034]}, "properties": {"external_id": "osm:way/307261749", "kind": "school", "name": "Shri Ex-Servicemen English Boarding School", "name_ne": "", "tags": {"amenity": "school", "name": "Shri Ex-Servicemen English Boarding School"}}}, {"type": "Feature", "geometry": {"type": "Point", "coordinates": [84.3730635, 28.235168]}, "properties": {"external_id": "osm:way/307269110", "kind": "school", "name": "Universal School", "name_ne": "", "tags": {"amenity": "school", "name": "Universal School"}}}, {"type": "Feature", "geometry": {"type": "Point", "coordinates": [84.3753625, 28.2300864]}, "properties": {"external_id": "osm:way/307269111", "kind": "school", "name": "Land Star English Boarding School", "name_ne": "", "tags": {"amenity": "school", "name": "Land Star English Boarding School", "operator": "Private"}}}, {"type": "Feature", "geometry": {"type": "Point", "coordinates": [84.3759314, 28.2312869]}, "properties": {"external_id": "osm:way/307269112", "kind": "school", "name": "Shree Vidhya Bikash HIgher Secondery School", "name_ne": "", "tags": {"amenity": "school", "name": "Shree Vidhya Bikash HIgher Secondery School"}}}, {"type": "Feature", "geometry": {"type": "Point", "coordinates": [84.376693, 28.2308663]}, "properties": {"external_id": "osm:way/307269113", "kind": "school", "name": "Baal Mandir", "name_ne": "", "tags": {"amenity": "school", "name": "Baal Mandir"}}}, {"type": "Feature", "geometry": {"type": "Point", "coordinates": [84.3842414, 28.2527973]}, "properties": {"external_id": "osm:way/307280315", "kind": "school", "name": "", "name_ne": "", "tags": {"amenity": "school"}}}, {"type": "Feature", "geometry": {"type": "Point", "coordinates": [84.3786587, 28.2180396]}, "properties": {"external_id": "osm:way/307280318", "kind": "school", "name": "", "name_ne": "", "tags": {"amenity": "school"}}}, {"type": "Feature", "geometry": {"type": "Point", "coordinates": [84.3940358, 28.2042346]}, "properties": {"external_id": "osm:way/307280319", "kind": "school", "name": "Shree Bal Kalyan Secondary School", "name_ne": "", "tags": {"amenity": "school", "name": "Shree Bal Kalyan Secondary School"}}}, {"type": "Feature", "geometry": {"type": "Point", "coordinates": [84.440387, 28.1455807]}, "properties": {"external_id": "osm:way/307285397", "kind": "school", "name": "", "name_ne": "", "tags": {"amenity": "school"}}}, {"type": "Feature", "geometry": {"type": "Point", "coordinates": [84.2475413, 27.9844916]}, "properties": {"external_id": "osm:way/323184812", "kind": "bridge", "name": "", "name_ne": "", "tags": {"highway": "tertiary"}}}, {"type": "Feature", "geometry": {"type": "Point", "coordinates": [84.3527392, 28.1704194]}, "properties": {"external_id": "osm:way/332961095", "kind": "school", "name": "सर्वोदय स्कूल[sarbodaya school]", "name_ne": "सर्वोदय स्कूल[sarbodaya school]", "tags": {"amenity": "school", "name": "सर्वोदय स्कूल[sarbodaya school]"}}}, {"type": "Feature", "geometry": {"type": "Point", "coordinates": [84.3508018, 28.1711346]}, "properties": {"external_id": "osm:way/332964972", "kind": "health", "name": "चंद्रेश्वर हस्पिटल", "name_ne": "चंद्रेश्वर हस्पिटल", "tags": {"amenity": "hospital", "name": "चंद्रेश्वर हस्पिटल", "operator": "Nepal Goverment"}}}, {"type": "Feature", "geometry": {"type": "Point", "coordinates": [84.3206395, 28.116304]}, "properties": {"external_id": "osm:way/340469226", "kind": "bridge", "name": "", "name_ne": "", "tags": {"highway": "tertiary"}}}, {"type": "Feature", "geometry": {"type": "Point", "coordinates": [84.2239049, 28.1457346]}, "properties": {"external_id": "osm:way/340499858", "kind": "bridge", "name": "Rupakot Thumki Road", "name_ne": "", "tags": {"highway": "secondary", "name": "Rupakot Thumki Road"}}}, {"type": "Feature", "geometry": {"type": "Point", "coordinates": [84.2197338, 28.129178]}, "properties": {"external_id": "osm:way/340499864", "kind": "bridge", "name": "", "name_ne": "", "tags": {"highway": "secondary"}}}, {"type": "Feature", "geometry": {"type": "Point", "coordinates": [84.4281845, 28.1111449]}, "properties": {"external_id": "osm:way/340538631", "kind": "bridge", "name": "Dumre-Besishahar", "name_ne": "", "tags": {"highway": "secondary", "name": "Dumre-Besishahar"}}}, {"type": "Feature", "geometry": {"type": "Point", "coordinates": [84.3610595, 28.1315545]}, "properties": {"external_id": "osm:way/340539213", "kind": "bridge", "name": "", "name_ne": "", "tags": {"highway": "tertiary"}}}, {"type": "Feature", "geometry": {"type": "Point", "coordinates": [84.359008, 28.1302799]}, "properties": {"external_id": "osm:way/340539214", "kind": "bridge", "name": "", "name_ne": "", "tags": {"highway": "tertiary"}}}, {"type": "Feature", "geometry": {"type": "Point", "coordinates": [84.4167366, 28.1256011]}, "properties": {"external_id": "osm:way/340539540", "kind": "tourism", "name": "Boys Hostel", "name_ne": "", "tags": {"name": "Boys Hostel", "tourism": "hostel"}}}, {"type": "Feature", "geometry": {"type": "Point", "coordinates": [84.3817068, 28.1525093]}, "properties": {"external_id": "osm:way/340540440", "kind": "bridge", "name": "", "name_ne": "", "tags": {"highway": "primary"}}}, {"type": "Feature", "geometry": {"type": "Point", "coordinates": [84.6713567, 28.5739327]}, "properties": {"external_id": "osm:way/340544619", "kind": "tourism", "name": "Shanti Guesthouse", "name_ne": "", "tags": {"name": "Shanti Guesthouse", "name:en": "Shanti Guesthouse", "tourism": "guest_house"}}}, {"type": "Feature", "geometry": {"type": "Point", "coordinates": [84.4206646, 28.101386]}, "properties": {"external_id": "osm:way/340584167", "kind": "school", "name": "", "name_ne": "", "tags": {"amenity": "school"}}}, {"type": "Feature", "geometry": {"type": "Point", "coordinates": [84.3246915, 28.1194882]}, "properties": {"external_id": "osm:way/340585212", "kind": "school", "name": "sahajivan primary", "name_ne": "", "tags": {"amenity": "school", "name": "sahajivan primary", "operator": "government"}}}, {"type": "Feature", "geometry": {"type": "Point", "coordinates": [84.3740128, 28.2338572]}, "properties": {"external_id": "osm:way/340632533", "kind": "tourism", "name": "Hotel Tulsi", "name_ne": "", "tags": {"name": "Hotel Tulsi", "tourism": "hotel"}}}, {"type": "Feature", "geometry": {"type": "Point", "coordinates": [84.3700539, 28.2324185]}, "properties": {"external_id": "osm:way/340641524", "kind": "school", "name": "Shri Jana Bikas Higher Secondery School", "name_ne": "", "tags": {"amenity": "school", "name": "Shri Jana Bikas Higher Secondery School"}}}, {"type": "Feature", "geometry": {"type": "Point", "coordinates": [84.6655299, 27.9801537]}, "properties": {"external_id": "osm:way/340645511", "kind": "school", "name": "Shree Makaipur Pra V", "name_ne": "", "tags": {"amenity": "school", "name": "Shree Makaipur Pra V"}}}, {"type": "Feature", "geometry": {"type": "Point", "coordinates": [84.4065524, 27.9375077]}, "properties": {"external_id": "osm:way/340743739", "kind": "tourism", "name": "Hotel Red Rose", "name_ne": "", "tags": {"name": "Red Rose Hotel & Restaurant", "name:en": "Hotel Red Rose", "tourism": "hotel"}}}, {"type": "Feature", "geometry": {"type": "Point", "coordinates": [84.4063843, 27.9374102]}, "properties": {"external_id": "osm:way/340743741", "kind": "tourism", "name": "Hotel Maya & Restaurant", "name_ne": "", "tags": {"name": "Hotel Maya & Restaurant", "tourism": "hotel"}}}, {"type": "Feature", "geometry": {"type": "Point", "coordinates": [84.4060466, 27.9372649]}, "properties": {"external_id": "osm:way/340743744", "kind": "tourism", "name": "Newa Hotel", "name_ne": "", "tags": {"name": "Newa Hotel", "tourism": "hotel"}}}, {"type": "Feature", "geometry": {"type": "Point", "coordinates": [84.4066047, 27.9377123]}, "properties": {"external_id": "osm:way/340743763", "kind": "tourism", "name": "Gaun Ghar", "name_ne": "", "tags": {"name": "Gaun Ghar", "tourism": "hotel"}}}, {"type": "Feature", "geometry": {"type": "Point", "coordinates": [84.4066682, 27.9377487]}, "properties": {"external_id": "osm:way/340743765", "kind": "tourism", "name": "The Old Inn", "name_ne": "", "tags": {"name": "The Old Inn", "operator": "Rural Heritage", "tourism": "hotel"}}}, {"type": "Feature", "geometry": {"type": "Point", "coordinates": [84.406805, 27.9378198]}, "properties": {"external_id": "osm:way/340743772", "kind": "tourism", "name": "Bahidar Ghar", "name_ne": "", "tags": {"name": "Bahidar Ghar", "tourism": "hotel"}}}, {"type": "Feature", "geometry": {"type": "Point", "coordinates": [84.4049506, 27.9373539]}, "properties": {"external_id": "osm:way/340746984", "kind": "tourism", "name": "Family Guest House", "name_ne": "", "tags": {"name": "Family Guest House", "tourism": "guest_house"}}}, {"type": "Feature", "geometry": {"type": "Point", "coordinates": [84.2762289, 27.9745097]}, "properties": {"external_id": "osm:way/340789010", "kind": "tourism", "name": "Ashik Hotel", "name_ne": "", "tags": {"name": "Ashik Hotel", "tourism": "hotel"}}}, {"type": "Feature", "geometry": {"type": "Point", "coordinates": [84.502344, 27.9116954]}, "properties": {"external_id": "osm:way/340816486", "kind": "bridge", "name": "Prithvi Rajmarga", "name_ne": "", "tags": {"highway": "trunk", "name": "Prithvi Highway", "name:en": "Prithvi Rajmarga"}}}, {"type": "Feature", "geometry": {"type": "Point", "coordinates": [84.4156434, 28.1255412]}, "properties": {"external_id": "osm:way/340822225", "kind": "tourism", "name": "Marsyandhi Ladies Hostel", "name_ne": "", "tags": {"name": "Marsyandhi Ladies Hostel", "tourism": "hostel"}}}, {"type": "Feature", "geometry": {"type": "Point", "coordinates": [84.3313945, 28.5341079]}, "properties": {"external_id": "osm:way/340826503", "kind": "tourism", "name": "Tilicho Hotel", "name_ne": "", "tags": {"name": "Tilicho Hotel", "tourism": "guest_house"}}}, {"type": "Feature", "geometry": {"type": "Point", "coordinates": [84.276562, 27.9753331]}, "properties": {"external_id": "osm:way/340882426", "kind": "school", "name": "Damauli Public Secondary School", "name_ne": "", "tags": {"amenity": "school", "name": "Damauli Public Secondary School"}}}, {"type": "Feature", "geometry": {"type": "Point", "coordinates": [84.4060225, 28.3433]}, "properties": {"external_id": "osm:way/340884298", "kind": "tourism", "name": "Hotel Superb View & Top of the Town Restaurant", "name_ne": "", "tags": {"name": "Hotel Superb View & Top of the Town Restaurant", "tourism": "guest_house"}}}, {"type": "Feature", "geometry": {"type": "Point", "coordinates": [84.6248916, 28.0010207]}, "properties": {"external_id": "osm:way/340888208", "kind": "school", "name": "Shree Mahendra Jyoti Higher Secondary School", "name_ne": "", "tags": {"amenity": "school", "name": "Shree Mahendra Jyoti Higher Secondary School"}}}, {"type": "Feature", "geometry": {"type": "Point", "coordinates": [84.4015135, 28.3858186]}, "properties": {"external_id": "osm:way/340897746", "kind": "bridge", "name": "Besishahar - Manang Sadak", "name_ne": "", "tags": {"highway": "tertiary", "name": "Besishahar - Manang Sadak"}}}, {"type": "Feature", "geometry": {"type": "Point", "coordinates": [84.5301687, 27.909698]}, "properties": {"external_id": "osm:way/340931655", "kind": "bridge", "name": "Prithvi Rajmarga", "name_ne": "", "tags": {"highway": "trunk", "name": "Prithvi Highway", "name:en": "Prithvi Rajmarga"}}}, {"type": "Feature", "geometry": {"type": "Point", "coordinates": [84.4065447, 28.4145005]}, "properties": {"external_id": "osm:way/340949127", "kind": "tourism", "name": "Paradise Hotel", "name_ne": "", "tags": {"name": "Paradise Hotel", "tourism": "hotel"}}}, {"type": "Feature", "geometry": {"type": "Point", "coordinates": [84.4529827, 28.2383194]}, "properties": {"external_id": "osm:way/340977064", "kind": "school", "name": "faleni secondary school", "name_ne": "", "tags": {"amenity": "school", "name": "faleni secondary school"}}}, {"type": "Feature", "geometry": {"type": "Point", "coordinates": [84.4532655, 28.2387318]}, "properties": {"external_id": "osm:way/340977084", "kind": "school", "name": "faleni secondary school", "name_ne": "", "tags": {"amenity": "school", "name": "faleni secondary school", "operator": "government"}}}, {"type": "Feature", "geometry": {"type": "Point", "coordinates": [84.3305338, 28.2371068]}, "properties": {"external_id": "osm:way/340988537", "kind": "school", "name": "Baglunpani School", "name_ne": "", "tags": {"amenity": "school", "name": "Baglunpani School"}}}, {"type": "Feature", "geometry": {"type": "Point", "coordinates": [84.4362696, 28.0362948]}, "properties": {"external_id": "osm:way/340997258", "kind": "school", "name": "", "name_ne": "", "tags": {"amenity": "school"}}}, {"type": "Feature", "geometry": {"type": "Point", "coordinates": [84.2248522, 28.1112197]}, "properties": {"external_id": "osm:way/341000585", "kind": "bridge", "name": "Phedi Deurali Road", "name_ne": "फेदी देउराली", "tags": {"highway": "secondary", "name": "Phedi Deurali Road", "name:ne": "फेदी देउराली"}}}, {"type": "Feature", "geometry": {"type": "Point", "coordinates": [84.2649845, 28.1495257]}, "properties": {"external_id": "osm:way/341056073", "kind": "bridge", "name": "", "name_ne": "", "tags": {"highway": "primary"}}}, {"type": "Feature", "geometry": {"type": "Point", "coordinates": [84.5383538, 28.1861843]}, "properties": {"external_id": "osm:way/341073374", "kind": "school", "name": "ilam devi primary school", "name_ne": "", "tags": {"amenity": "school", "name": "ilam devi primary school", "operator": "government"}}}, {"type": "Feature", "geometry": {"type": "Point", "coordinates": [84.5057492, 28.2679898]}, "properties": {"external_id": "osm:way/341076333", "kind": "school", "name": "jiwan amar lower secondary school", "name_ne": "", "tags": {"amenity": "school", "name": "jiwan amar lower secondary school", "operator": "government"}}}, {"type": "Feature", "geometry": {"type": "Point", "coordinates": [84.4870097, 27.9609171]}, "properties": {"external_id": "osm:way/341105964", "kind": "school", "name": "Shree Siddhi Pra V", "name_ne": "", "tags": {"amenity": "school", "name": "Shree Siddhi Pra V"}}}, {"type": "Feature", "geometry": {"type": "Point", "coordinates": [84.5116044, 28.1854602]}, "properties": {"external_id": "osm:way/341109157", "kind": "school", "name": "ullidevi primary school", "name_ne": "", "tags": {"amenity": "school", "name": "ullidevi primary school", "operator": "government"}}}, {"type": "Feature", "geometry": {"type": "Point", "coordinates": [84.6104381, 28.0390508]}, "properties": {"external_id": "osm:way/341120600", "kind": "bridge", "name": "Daraundi Link Road", "name_ne": "", "tags": {"highway": "secondary", "name": "Daraundi Link Road"}}}, {"type": "Feature", "geometry": {"type": "Point", "coordinates": [84.4047692, 27.9373477]}, "properties": {"external_id": "osm:way/341126548", "kind": "tourism", "name": "Rakshya Lodge", "name_ne": "", "tags": {"name": "Rakshya Lodge", "tourism": "guest_house"}}}, {"type": "Feature", "geometry": {"type": "Point", "coordinates": [84.4024201, 27.9416039]}, "properties": {"external_id": "osm:way/341126563", "kind": "tourism", "name": "Depche Village Resort", "name_ne": "", "tags": {"name": "Depche Village Resort", "tourism": "guest_house"}}}, {"type": "Feature", "geometry": {"type": "Point", "coordinates": [84.4895245, 28.2460922]}, "properties": {"external_id": "osm:way/341158883", "kind": "school", "name": "bhagawan lower secondary school", "name_ne": "", "tags": {"amenity": "school", "name": "bhagawan lower secondary school", "operator": "government"}}}, {"type": "Feature", "geometry": {"type": "Point", "coordinates": [84.6511193, 28.0576277]}, "properties": {"external_id": "osm:way/341184730", "kind": "bridge", "name": "", "name_ne": "", "tags": {"highway": "secondary"}}}, {"type": "Feature", "geometry": {"type": "Point", "coordinates": [84.5770576, 28.1975959]}, "properties": {"external_id": "osm:way/341200467", "kind": "school", "name": "fullingiri primary school", "name_ne": "", "tags": {"amenity": "school", "name": "fullingiri primary school", "operator": "government"}}}, {"type": "Feature", "geometry": {"type": "Point", "coordinates": [84.67992, 28.1044057]}, "properties": {"external_id": "osm:way/341201808", "kind": "school", "name": "Shree Jalakanyadevi Secondary School", "name_ne": "", "tags": {"amenity": "school", "name": "Shree Jalakanyadevi Secondary School"}}}, {"type": "Feature", "geometry": {"type": "Point", "coordinates": [84.58095, 28.0999379]}, "properties": {"external_id": "osm:way/341240245", "kind": "school", "name": "Shree Ahal Bhanjyang Ma V", "name_ne": "", "tags": {"amenity": "school", "name": "Shree Ahal Bhanjyang Ma V"}}}, {"type": "Feature", "geometry": {"type": "Point", "coordinates": [84.5066455, 28.1909625]}, "properties": {"external_id": "osm:way/341247324", "kind": "school", "name": "laligurans primary school", "name_ne": "", "tags": {"amenity": "school", "name": "laligurans primary school", "operator": "government"}}}, {"type": "Feature", "geometry": {"type": "Point", "coordinates": [84.6370654, 27.9808023]}, "properties": {"external_id": "osm:way/341335772", "kind": "school", "name": "Shree Saraswoti Higher Secondary School", "name_ne": "", "tags": {"amenity": "school", "name": "Shree Saraswoti Higher Secondary School"}}}, {"type": "Feature", "geometry": {"type": "Point", "coordinates": [84.363923, 28.0532472]}, "properties": {"external_id": "osm:way/341356179", "kind": "school", "name": "chandrawoti primary school", "name_ne": "", "tags": {"amenity": "school", "name": "chandrawoti primary school", "operator": "government"}}}, {"type": "Feature", "geometry": {"type": "Point", "coordinates": [84.36369, 28.0532401]}, "properties": {"external_id": "osm:way/341356180", "kind": "school", "name": "chandrawati primary school", "name_ne": "", "tags": {"amenity": "school", "name": "chandrawati primary school", "operator": "government"}}}, {"type": "Feature", "geometry": {"type": "Point", "coordinates": [84.4876252, 28.1805957]}, "properties": {"external_id": "osm:way/341366937", "kind": "school", "name": "shree gauda secondary", "name_ne": "", "tags": {"amenity": "school", "name": "shree gauda secondary", "operator": "government"}}}, {"type": "Feature", "geometry": {"type": "Point", "coordinates": [84.4635169, 28.1952012]}, "properties": {"external_id": "osm:way/341368723", "kind": "school", "name": "saraswoti mohan lower secondary", "name_ne": "", "tags": {"amenity": "school", "name": "saraswoti mohan lower secondary"}}}, {"type": "Feature", "geometry": {"type": "Point", "coordinates": [84.5481359, 28.0184801]}, "properties": {"external_id": "osm:way/341371093", "kind": "school", "name": "Shree Prithivi Primary School", "name_ne": "", "tags": {"amenity": "school", "name": "Shree Prithivi Primary School"}}}, {"type": "Feature", "geometry": {"type": "Point", "coordinates": [84.4657855, 28.0786809]}, "properties": {"external_id": "osm:way/341384144", "kind": "bridge", "name": "Marshyangdi Bridge", "name_ne": "", "tags": {"highway": "secondary", "name": "Marshyangdi Bridge"}}}, {"type": "Feature", "geometry": {"type": "Point", "coordinates": [84.4685891, 28.2523787]}, "properties": {"external_id": "osm:way/341397803", "kind": "school", "name": "", "name_ne": "", "tags": {"amenity": "school"}}}, {"type": "Feature", "geometry": {"type": "Point", "coordinates": [84.4686884, 28.2524997]}, "properties": {"external_id": "osm:way/341397807", "kind": "school", "name": "balkalyan secondary school", "name_ne": "", "tags": {"amenity": "school", "name": "balkalyan secondary school"}}}, {"type": "Feature", "geometry": {"type": "Point", "coordinates": [84.5843399, 28.0404506]}, "properties": {"external_id": "osm:way/341400539", "kind": "school", "name": "Shree Sarbodaya Ni Ma V", "name_ne": "", "tags": {"amenity": "school", "name": "Shree Sarbodaya Ni Ma V"}}}, {"type": "Feature", "geometry": {"type": "Point", "coordinates": [84.4654795, 28.1892205]}, "properties": {"external_id": "osm:way/341473363", "kind": "school", "name": "laxmi secondary", "name_ne": "", "tags": {"amenity": "school", "name": "laxmi secondary"}}}, {"type": "Feature", "geometry": {"type": "Point", "coordinates": [84.4983187, 28.2036768]}, "properties": {"external_id": "osm:way/341498613", "kind": "school", "name": "mandali primary school", "name_ne": "", "tags": {"amenity": "school", "name": "mandali primary school", "operator": "government"}}}, {"type": "Feature", "geometry": {"type": "Point", "coordinates": [84.60624, 28.0008029]}, "properties": {"external_id": "osm:way/341661308", "kind": "school", "name": "", "name_ne": "", "tags": {"amenity": "school"}}}, {"type": "Feature", "geometry": {"type": "Point", "coordinates": [84.6262163, 27.9960359]}, "properties": {"external_id": "osm:way/341661311", "kind": "school", "name": "Shakti Higher Secondary School", "name_ne": "", "tags": {"amenity": "school", "name": "Shakti Higher Secondary School"}}}, {"type": "Feature", "geometry": {"type": "Point", "coordinates": [84.3800958, 28.2226491]}, "properties": {"external_id": "osm:way/341770711", "kind": "bridge", "name": "Dumre-Besishahar", "name_ne": "", "tags": {"highway": "secondary", "name": "Dumre-Besishahar"}}}, {"type": "Feature", "geometry": {"type": "Point", "coordinates": [84.6607844, 28.1007893]}, "properties": {"external_id": "osm:way/341806992", "kind": "bridge", "name": "", "name_ne": "", "tags": {"highway": "tertiary"}}}, {"type": "Feature", "geometry": {"type": "Point", "coordinates": [84.5840202, 27.9040644]}, "properties": {"external_id": "osm:way/341993262", "kind": "police", "name": "", "name_ne": "", "tags": {"amenity": "police"}}}, {"type": "Feature", "geometry": {"type": "Point", "coordinates": [84.2762377, 27.970014]}, "properties": {"external_id": "osm:way/342105679", "kind": "school", "name": "", "name_ne": "", "tags": {"amenity": "school"}}}, {"type": "Feature", "geometry": {"type": "Point", "coordinates": [84.3333277, 28.0747379]}, "properties": {"external_id": "osm:way/342120746", "kind": "school", "name": "janasahayogi secondary school", "name_ne": "", "tags": {"amenity": "school", "name": "janasahayogi secondary school", "operator": "government"}}}, {"type": "Feature", "geometry": {"type": "Point", "coordinates": [84.5940638, 27.9427091]}, "properties": {"external_id": "osm:way/342226195", "kind": "school", "name": "", "name_ne": "", "tags": {"amenity": "school"}}}, {"type": "Feature", "geometry": {"type": "Point", "coordinates": [84.5661611, 27.9738123]}, "properties": {"external_id": "osm:way/342388854", "kind": "school", "name": "St. Joseph's School", "name_ne": "", "tags": {"amenity": "school", "name": "St. Joseph's School"}}}, {"type": "Feature", "geometry": {"type": "Point", "coordinates": [84.2863239, 27.9690266]}, "properties": {"external_id": "osm:way/342405889", "kind": "tourism", "name": "", "name_ne": "", "tags": {"tourism": "camp_site"}}}, {"type": "Feature", "geometry": {"type": "Point", "coordinates": [84.2703132, 27.9651718]}, "properties": {"external_id": "osm:way/342408108", "kind": "tourism", "name": "", "name_ne": "", "tags": {"tourism": "camp_site"}}}, {"type": "Feature", "geometry": {"type": "Point", "coordinates": [84.6639224, 28.112058]}, "properties": {"external_id": "osm:way/342464828", "kind": "bridge", "name": "", "name_ne": "", "tags": {"highway": "tertiary"}}}, {"type": "Feature", "geometry": {"type": "Point", "coordinates": [84.6373111, 28.0509947]}, "properties": {"external_id": "osm:way/342600162", "kind": "bridge", "name": "", "name_ne": "", "tags": {"highway": "secondary"}}}, {"type": "Feature", "geometry": {"type": "Point", "coordinates": [84.6398169, 28.0042168]}, "properties": {"external_id": "osm:way/342629411", "kind": "school", "name": "Shree Pantheshwori Pra. V", "name_ne": "", "tags": {"amenity": "school", "name": "Shree Pantheshwori Pra. V"}}}, {"type": "Feature", "geometry": {"type": "Point", "coordinates": [84.6319032, 28.0095253]}, "properties": {"external_id": "osm:way/342629413", "kind": "school", "name": "Shree Gorakhkali Ni Ma V", "name_ne": "", "tags": {"amenity": "school", "name": "Shree Gorakhkali Ni Ma V"}}}, {"type": "Feature", "geometry": {"type": "Point", "coordinates": [84.4590029, 27.9537098]}, "properties": {"external_id": "osm:way/342657310", "kind": "dam", "name": "", "name_ne": "", "tags": {"waterway": "dam"}}}, {"type": "Feature", "geometry": {"type": "Point", "coordinates": [84.4307794, 28.1769093]}, "properties": {"external_id": "osm:way/342732706", "kind": "school", "name": "", "name_ne": "", "tags": {"amenity": "school"}}}, {"type": "Feature", "geometry": {"type": "Point", "coordinates": [84.3985531, 28.3301033]}, "properties": {"external_id": "osm:way/343230714", "kind": "bridge", "name": "Besishahar - Manang Sadak", "name_ne": "", "tags": {"highway": "tertiary", "name": "Besishahar - Manang Sadak"}}}, {"type": "Feature", "geometry": {"type": "Point", "coordinates": [84.4067564, 27.9377742]}, "properties": {"external_id": "osm:way/343465476", "kind": "tourism", "name": "Kriti Home Accomodation", "name_ne": "", "tags": {"name": "Kriti Home Accomodation", "tourism": "hotel"}}}, {"type": "Feature", "geometry": {"type": "Point", "coordinates": [84.6469632, 28.0551385]}, "properties": {"external_id": "osm:way/343493654", "kind": "bridge", "name": "", "name_ne": "", "tags": {"highway": "secondary"}}}, {"type": "Feature", "geometry": {"type": "Point", "coordinates": [84.4429576, 28.100981]}, "properties": {"external_id": "osm:way/344069245", "kind": "bridge", "name": "Marsayngdi Bridge, Tarkughat", "name_ne": "", "tags": {"highway": "tertiary", "name": "Marsayngdi Bridge, Tarkughat"}}}, {"type": "Feature", "geometry": {"type": "Point", "coordinates": [84.4687388, 27.9380124]}, "properties": {"external_id": "osm:way/344162131", "kind": "school", "name": "", "name_ne": "", "tags": {"amenity": "school"}}}, {"type": "Feature", "geometry": {"type": "Point", "coordinates": [84.6490272, 28.1567097]}, "properties": {"external_id": "osm:way/344630926", "kind": "police", "name": "BHACHEEK POLICE OFFICE", "name_ne": "", "tags": {"amenity": "police", "name": "BHACHEEK POLICE OFFICE"}}}, {"type": "Feature", "geometry": {"type": "Point", "coordinates": [84.2278946, 28.09302]}, "properties": {"external_id": "osm:way/344860833", "kind": "bridge", "name": "Madi Bridge", "name_ne": "", "tags": {"highway": "tertiary", "name": "Madi Bridge"}}}, {"type": "Feature", "geometry": {"type": "Point", "coordinates": [84.2383897, 28.0807071]}, "properties": {"external_id": "osm:way/344870986", "kind": "bridge", "name": "", "name_ne": "", "tags": {"highway": "secondary"}}}, {"type": "Feature", "geometry": {"type": "Point", "coordinates": [84.5992859, 27.9954813]}, "properties": {"external_id": "osm:way/344877719", "kind": "school", "name": "Shree prithvi Smarak Primary school", "name_ne": "", "tags": {"amenity": "school", "name": "Shree prithvi Smarak Primary school"}}}, {"type": "Feature", "geometry": {"type": "Point", "coordinates": [84.4442969, 28.0889155]}, "properties": {"external_id": "osm:way/345665840", "kind": "bridge", "name": "Dumre-Besishahar", "name_ne": "", "tags": {"highway": "secondary", "name": "Dumre-Besishahar"}}}, {"type": "Feature", "geometry": {"type": "Point", "coordinates": [84.4683797, 28.0573352]}, "properties": {"external_id": "osm:way/345894955", "kind": "bridge", "name": "Dumre-Besishahar", "name_ne": "", "tags": {"highway": "secondary", "name": "Dumre-Besishahar"}}}, {"type": "Feature", "geometry": {"type": "Point", "coordinates": [84.5716173, 27.9861575]}, "properties": {"external_id": "osm:way/346250038", "kind": "bridge", "name": "", "name_ne": "", "tags": {"highway": "tertiary"}}}, {"type": "Feature", "geometry": {"type": "Point", "coordinates": [84.6746258, 28.0250276]}, "properties": {"external_id": "osm:way/348421041", "kind": "bridge", "name": "Gorkha - Ghyampesal Road", "name_ne": "", "tags": {"highway": "secondary", "name": "Gorkha - Ghyampesal Road"}}}, {"type": "Feature", "geometry": {"type": "Point", "coordinates": [84.653183, 28.0549647]}, "properties": {"external_id": "osm:way/348682758", "kind": "bridge", "name": "", "name_ne": "", "tags": {"highway": "secondary"}}}, {"type": "Feature", "geometry": {"type": "Point", "coordinates": [84.4679077, 28.0569561]}, "properties": {"external_id": "osm:way/349150540", "kind": "bridge", "name": "Dumre-Besishahar", "name_ne": "", "tags": {"highway": "secondary", "name": "Dumre-Besishahar"}}}, {"type": "Feature", "geometry": {"type": "Point", "coordinates": [84.2932655, 28.042255]}, "properties": {"external_id": "osm:way/349482180", "kind": "school", "name": "mahendri higher secondary school", "name_ne": "", "tags": {"amenity": "school", "name": "mahendri higher secondary school", "operator": "government"}}}, {"type": "Feature", "geometry": {"type": "Point", "coordinates": [84.551978, 28.1200693]}, "properties": {"external_id": "osm:way/356357221", "kind": "dam", "name": "", "name_ne": "", "tags": {"waterway": "dam"}}}, {"type": "Feature", "geometry": {"type": "Point", "coordinates": [84.4719437, 27.9334167]}, "properties": {"external_id": "osm:way/378605306", "kind": "bridge", "name": "Prithvi Rajmarga", "name_ne": "", "tags": {"highway": "trunk", "name": "Prithvi Highway", "name:en": "Prithvi Rajmarga"}}}, {"type": "Feature", "geometry": {"type": "Point", "coordinates": [84.3622689, 28.2506553]}, "properties": {"external_id": "osm:way/432325715", "kind": "school", "name": "Shree Ganga Milan Secondary School", "name_ne": "", "tags": {"amenity": "school", "name": "Shree Ganga Milan Secondary School"}}}, {"type": "Feature", "geometry": {"type": "Point", "coordinates": [84.3627816, 28.2503358]}, "properties": {"external_id": "osm:way/435588419", "kind": "school", "name": "Chhapswara Khel Maidan", "name_ne": "", "tags": {"amenity": "school", "name": "Chhapswara Khel Maidan"}}}, {"type": "Feature", "geometry": {"type": "Point", "coordinates": [84.3790549, 28.226179]}, "properties": {"external_id": "osm:way/488275813", "kind": "school", "name": "", "name_ne": "", "tags": {"amenity": "school"}}}, {"type": "Feature", "geometry": {"type": "Point", "coordinates": [84.3628215, 28.2831726]}, "properties": {"external_id": "osm:way/489772975", "kind": "hydropower", "name": "Upper Marsyangdi A Hydroelectric Station", "name_ne": "", "tags": {"name": "Upper Marsyangdi A Hydroelectric Station", "plant:output:electricity": "50MW", "power": "plant"}}}, {"type": "Feature", "geometry": {"type": "Point", "coordinates": [84.2382748, 28.5503815]}, "properties": {"external_id": "osm:way/497637567", "kind": "health", "name": "Manang District Hospital", "name_ne": "", "tags": {"amenity": "hospital", "name": "Manang District Hospital"}}}, {"type": "Feature", "geometry": {"type": "Point", "coordinates": [84.6228837, 27.9865452]}, "properties": {"external_id": "osm:way/498176302", "kind": "school", "name": "Shree Ratna Laxmi Secondary School", "name_ne": "", "tags": {"amenity": "school", "name": "Shree Ratna Laxmi Secondary School"}}}, {"type": "Feature", "geometry": {"type": "Point", "coordinates": [84.6584491, 28.1540434]}, "properties": {"external_id": "osm:way/498179472", "kind": "school", "name": "Shree Bhale Dhunga Primary School", "name_ne": "", "tags": {"amenity": "school", "name": "Shree Bhale Dhunga Primary School"}}}, {"type": "Feature", "geometry": {"type": "Point", "coordinates": [84.612747, 27.9992098]}, "properties": {"external_id": "osm:way/498180081", "kind": "school", "name": "Shree Nava Jyoti Secondary School", "name_ne": "", "tags": {"amenity": "school", "name": "Shree Nava Jyoti Secondary School"}}}, {"type": "Feature", "geometry": {"type": "Point", "coordinates": [84.6190562, 27.968711]}, "properties": {"external_id": "osm:way/498496959", "kind": "school", "name": "Shree Mahalaxmi Higher Secondary School", "name_ne": "", "tags": {"amenity": "school", "name": "Shree Mahalaxmi Higher Secondary School"}}}, {"type": "Feature", "geometry": {"type": "Point", "coordinates": [84.6066323, 27.9708315]}, "properties": {"external_id": "osm:way/498497725", "kind": "school", "name": "Shree Chandra Surya Primary School", "name_ne": "", "tags": {"amenity": "school", "name": "Shree Chandra Surya Primary School"}}}, {"type": "Feature", "geometry": {"type": "Point", "coordinates": [84.6265452, 27.9948739]}, "properties": {"external_id": "osm:way/498516043", "kind": "school", "name": "Madarasa Islahul Musleemin", "name_ne": "", "tags": {"amenity": "school", "name": "Madarasa Islahul Musleemin"}}}, {"type": "Feature", "geometry": {"type": "Point", "coordinates": [84.6967906, 28.1330844]}, "properties": {"external_id": "osm:way/498534530", "kind": "school", "name": "Shree Jalamukhi Primary School", "name_ne": "", "tags": {"amenity": "school", "name": "Shree Jalamukhi Primary School"}}}, {"type": "Feature", "geometry": {"type": "Point", "coordinates": [84.6773762, 28.0958656]}, "properties": {"external_id": "osm:way/498774735", "kind": "school", "name": "Shree Gandaki Aadarsa Primary School", "name_ne": "", "tags": {"amenity": "school", "name": "Shree Gandaki Aadarsa Primary School"}}}, {"type": "Feature", "geometry": {"type": "Point", "coordinates": [84.6737964, 28.1034935]}, "properties": {"external_id": "osm:way/498790384", "kind": "school", "name": "Shree Nepal Aadarsha Primary School", "name_ne": "", "tags": {"amenity": "school", "name": "Shree Nepal Aadarsha Primary School"}}}, {"type": "Feature", "geometry": {"type": "Point", "coordinates": [84.5679507, 27.9083072]}, "properties": {"external_id": "osm:way/498804231", "kind": "school", "name": "Shree Bal Jyoti Pra V", "name_ne": "", "tags": {"amenity": "school", "name": "Shree Bal Jyoti Pra V"}}}, {"type": "Feature", "geometry": {"type": "Point", "coordinates": [84.562754, 27.9062992]}, "properties": {"external_id": "osm:way/498809412", "kind": "school", "name": "Shree Banauti Pra V", "name_ne": "", "tags": {"amenity": "school", "name": "Shree Banauti Pra V"}}}, {"type": "Feature", "geometry": {"type": "Point", "coordinates": [84.5775725, 27.9023547]}, "properties": {"external_id": "osm:way/498812419", "kind": "school", "name": "Shree Suntalabari Bal Smriti Pra V", "name_ne": "", "tags": {"amenity": "school", "name": "Shree Suntalabari Bal Smriti Pra V"}}}, {"type": "Feature", "geometry": {"type": "Point", "coordinates": [84.5822581, 27.9025482]}, "properties": {"external_id": "osm:way/498812935", "kind": "school", "name": "Shree Manakamana Uccha Ma V", "name_ne": "", "tags": {"amenity": "school", "name": "Shree Manakamana Uccha Ma V"}}}, {"type": "Feature", "geometry": {"type": "Point", "coordinates": [84.5744997, 27.906662]}, "properties": {"external_id": "osm:way/498813396", "kind": "school", "name": "Shree Saraswati Pra V", "name_ne": "", "tags": {"amenity": "school", "name": "Shree Saraswati Pra V"}}}, {"type": "Feature", "geometry": {"type": "Point", "coordinates": [84.5783322, 27.9284641]}, "properties": {"external_id": "osm:way/498814434", "kind": "school", "name": "Shree Thani Nimna Ma V", "name_ne": "", "tags": {"amenity": "school", "name": "Shree Thani Nimna Ma V"}}}, {"type": "Feature", "geometry": {"type": "Point", "coordinates": [84.6603358, 28.0640062]}, "properties": {"external_id": "osm:way/498832393", "kind": "school", "name": "Shree Dharmawati Pra V", "name_ne": "", "tags": {"amenity": "school", "name": "Shree Dharmawati Pra V"}}}, {"type": "Feature", "geometry": {"type": "Point", "coordinates": [84.6756207, 28.0717421]}, "properties": {"external_id": "osm:way/498982129", "kind": "school", "name": "Shree Anthar Jyoti Ma V", "name_ne": "", "tags": {"amenity": "school", "name": "Shree Anthar Jyoti Ma V"}}}, {"type": "Feature", "geometry": {"type": "Point", "coordinates": [84.6951136, 28.0898217]}, "properties": {"external_id": "osm:way/498983678", "kind": "school", "name": "Shree Nawa Jyoti Pra V", "name_ne": "", "tags": {"amenity": "school", "name": "Shree Nawa Jyoti Pra V"}}}, {"type": "Feature", "geometry": {"type": "Point", "coordinates": [84.6108976, 28.0663221]}, "properties": {"external_id": "osm:way/498984268", "kind": "school", "name": "Shree Namruk Devi Ni Ma V", "name_ne": "", "tags": {"amenity": "school", "name": "Shree Namruk Devi Ni Ma V"}}}, {"type": "Feature", "geometry": {"type": "Point", "coordinates": [84.6292435, 28.0443574]}, "properties": {"external_id": "osm:way/498984830", "kind": "school", "name": "Shree Sansari Mahendra Uccha Ma V", "name_ne": "", "tags": {"amenity": "school", "name": "Shree Sansari Mahendra Uccha Ma V"}}}, {"type": "Feature", "geometry": {"type": "Point", "coordinates": [84.643928, 28.0511665]}, "properties": {"external_id": "osm:way/498985081", "kind": "school", "name": "Shree Krishna Jyoti Ma V", "name_ne": "", "tags": {"amenity": "school", "name": "Shree Krishna Jyoti Ma V"}}}, {"type": "Feature", "geometry": {"type": "Point", "coordinates": [84.5620371, 27.995061]}, "properties": {"external_id": "osm:way/498985217", "kind": "school", "name": "Shree Sthanika Pra V", "name_ne": "", "tags": {"amenity": "school", "name": "Shree Sthanika Pra V"}}}, {"type": "Feature", "geometry": {"type": "Point", "coordinates": [84.538256, 28.0424832]}, "properties": {"external_id": "osm:way/498985534", "kind": "school", "name": "Shree Sharada Ma V", "name_ne": "", "tags": {"amenity": "school", "name": "Shree Sharada Ma V"}}}, {"type": "Feature", "geometry": {"type": "Point", "coordinates": [84.527506, 28.0282227]}, "properties": {"external_id": "osm:way/498985903", "kind": "school", "name": "Shree Shivashakti Pra V", "name_ne": "", "tags": {"amenity": "school", "name": "Shree Shivashakti Pra V"}}}, {"type": "Feature", "geometry": {"type": "Point", "coordinates": [84.5574562, 28.0369077]}, "properties": {"external_id": "osm:way/498986892", "kind": "school", "name": "Shree Bindhyabasinee Ni Ma V", "name_ne": "", "tags": {"amenity": "school", "name": "Shree Bindhyabasinee Ni Ma V"}}}, {"type": "Feature", "geometry": {"type": "Point", "coordinates": [84.5677233, 28.0293514]}, "properties": {"external_id": "osm:way/498987085", "kind": "school", "name": "Shree Jalakanya Pra V", "name_ne": "", "tags": {"amenity": "school", "name": "Shree Jalakanya Pra V"}}}, {"type": "Feature", "geometry": {"type": "Point", "coordinates": [84.5778933, 28.0172632]}, "properties": {"external_id": "osm:way/498987630", "kind": "school", "name": "Shree Tribhuwan Pra V", "name_ne": "", "tags": {"amenity": "school", "name": "Shree Tribhuwan Pra V"}}}, {"type": "Feature", "geometry": {"type": "Point", "coordinates": [84.5884046, 28.0733263]}, "properties": {"external_id": "osm:way/498987826", "kind": "school", "name": "Shree Chitre Pokhari Ma V", "name_ne": "", "tags": {"amenity": "school", "name": "Shree Chitre Pokhari Ma V"}}}, {"type": "Feature", "geometry": {"type": "Point", "coordinates": [84.5716798, 28.0665552]}, "properties": {"external_id": "osm:way/498988471", "kind": "school", "name": "Shree Bhadrasila Pra V", "name_ne": "", "tags": {"amenity": "school", "name": "Shree Bhadrasila Pra V"}}}, {"type": "Feature", "geometry": {"type": "Point", "coordinates": [84.5882028, 28.0269373]}, "properties": {"external_id": "osm:way/498991541", "kind": "school", "name": "Shree Dharmawati Ma V", "name_ne": "", "tags": {"amenity": "school", "name": "Shree Dharmawati Ma V"}}}, {"type": "Feature", "geometry": {"type": "Point", "coordinates": [84.5736344, 28.0520523]}, "properties": {"external_id": "osm:way/498992204", "kind": "school", "name": "Shree Janajyoti Ni Ma V", "name_ne": "", "tags": {"amenity": "school", "name": "Shree Janajyoti Ni Ma V"}}}, {"type": "Feature", "geometry": {"type": "Point", "coordinates": [84.5794165, 28.067825]}, "properties": {"external_id": "osm:way/498992565", "kind": "school", "name": "Shree Ballahari Pra V", "name_ne": "", "tags": {"amenity": "school", "name": "Shree Ballahari Pra V"}}}, {"type": "Feature", "geometry": {"type": "Point", "coordinates": [84.5882588, 28.0517804]}, "properties": {"external_id": "osm:way/498992963", "kind": "school", "name": "Shree Mandali Uchha Ma V", "name_ne": "श्री मन्डली उच्च माध्यमीक बिध्यालय", "tags": {"amenity": "school", "name": "Shree Mandali Uchha Ma V", "name:ne": "श्री मन्डली उच्च माध्यमीक बिध्यालय"}}}, {"type": "Feature", "geometry": {"type": "Point", "coordinates": [84.6735929, 28.0911439]}, "properties": {"external_id": "osm:way/499000606", "kind": "school", "name": "Shree Chandrakala Lower Secondary school", "name_ne": "", "tags": {"amenity": "school", "name": "Shree Chandrakala Lower Secondary school"}}}, {"type": "Feature", "geometry": {"type": "Point", "coordinates": [84.6489456, 28.0775959]}, "properties": {"external_id": "osm:way/499012607", "kind": "school", "name": "Shree Jana Jagriti Primary School", "name_ne": "", "tags": {"amenity": "school", "name": "Shree Jana Jagriti Primary School"}}}, {"type": "Feature", "geometry": {"type": "Point", "coordinates": [84.652554, 28.1102587]}, "properties": {"external_id": "osm:way/499013879", "kind": "school", "name": "Paropakar Aadarsha Mutiple Campus", "name_ne": "", "tags": {"amenity": "school", "name": "Paropakar Aadarsha Mutiple Campus"}}}, {"type": "Feature", "geometry": {"type": "Point", "coordinates": [84.6315402, 28.1283084]}, "properties": {"external_id": "osm:way/499014231", "kind": "school", "name": "Shree Phinam Primary School", "name_ne": "", "tags": {"amenity": "school", "name": "Shree Phinam Primary School"}}}, {"type": "Feature", "geometry": {"type": "Point", "coordinates": [84.6286055, 28.1367329]}, "properties": {"external_id": "osm:way/499014606", "kind": "school", "name": "Shree Ganesh Primary School", "name_ne": "", "tags": {"amenity": "school", "name": "Shree Ganesh Primary School"}}}, {"type": "Feature", "geometry": {"type": "Point", "coordinates": [84.6058268, 28.1281142]}, "properties": {"external_id": "osm:way/499014911", "kind": "school", "name": "Shree Sita Devi Primary School", "name_ne": "", "tags": {"amenity": "school", "name": "Shree Sita Devi Primary School"}}}, {"type": "Feature", "geometry": {"type": "Point", "coordinates": [84.607687, 28.1153016]}, "properties": {"external_id": "osm:way/499014958", "kind": "school", "name": "Shree Ekata Primary School", "name_ne": "", "tags": {"amenity": "school", "name": "Shree Ekata Primary School"}}}, {"type": "Feature", "geometry": {"type": "Point", "coordinates": [84.6166523, 28.1089395]}, "properties": {"external_id": "osm:way/499015107", "kind": "school", "name": "Shree Aadarsha Primary School", "name_ne": "", "tags": {"amenity": "school", "name": "Shree Aadarsha Primary School"}}}, {"type": "Feature", "geometry": {"type": "Point", "coordinates": [84.5992884, 28.1399372]}, "properties": {"external_id": "osm:way/499016404", "kind": "school", "name": "Shree Nepani Secondary School", "name_ne": "", "tags": {"amenity": "school", "name": "Shree Nepani Secondary School"}}}, {"type": "Feature", "geometry": {"type": "Point", "coordinates": [84.6329856, 28.1692488]}, "properties": {"external_id": "osm:way/499017809", "kind": "school", "name": "Shree Jivan Jyoti Secondary School", "name_ne": "", "tags": {"amenity": "school", "name": "Shree Jivan Jyoti Secondary School"}}}, {"type": "Feature", "geometry": {"type": "Point", "coordinates": [84.6462913, 28.201759]}, "properties": {"external_id": "osm:way/499020064", "kind": "school", "name": "Shree Bhanu Jyoti Primary School", "name_ne": "", "tags": {"amenity": "school", "name": "Shree Bhanu Jyoti Primary School"}}}, {"type": "Feature", "geometry": {"type": "Point", "coordinates": [84.6470303, 28.2166735]}, "properties": {"external_id": "osm:way/499020844", "kind": "school", "name": "Shree Boudda Himali Primary School", "name_ne": "", "tags": {"amenity": "school", "name": "Shree Boudda Himali Primary School"}}}, {"type": "Feature", "geometry": {"type": "Point", "coordinates": [84.6376862, 28.2254971]}, "properties": {"external_id": "osm:way/499021367", "kind": "school", "name": "Shree Walang Primary School", "name_ne": "", "tags": {"amenity": "school", "name": "Shree Walang Primary School"}}}, {"type": "Feature", "geometry": {"type": "Point", "coordinates": [84.668092, 28.1764491]}, "properties": {"external_id": "osm:way/499022163", "kind": "school", "name": "Shree Uma Maheshwor Primary School playground", "name_ne": "", "tags": {"amenity": "school", "name": "Shree Uma Maheshwor Primary School playground"}}}, {"type": "Feature", "geometry": {"type": "Point", "coordinates": [84.6757185, 28.1720677]}, "properties": {"external_id": "osm:way/499022741", "kind": "school", "name": "Shree Budda Jyoti Primary School", "name_ne": "", "tags": {"amenity": "school", "name": "Shree Budda Jyoti Primary School"}}}, {"type": "Feature", "geometry": {"type": "Point", "coordinates": [84.6518552, 28.0595991]}, "properties": {"external_id": "osm:way/499024322", "kind": "school", "name": "Shree Bal Jyoti Primary School", "name_ne": "", "tags": {"amenity": "school", "name": "Shree Bal Jyoti Primary School"}}}, {"type": "Feature", "geometry": {"type": "Point", "coordinates": [84.5981228, 28.1310325]}, "properties": {"external_id": "osm:way/499024325", "kind": "school", "name": "Shree Chisapanikot Primary School", "name_ne": "", "tags": {"amenity": "school", "name": "Shree Chisapanikot Primary School"}}}, {"type": "Feature", "geometry": {"type": "Point", "coordinates": [84.6420944, 28.1917531]}, "properties": {"external_id": "osm:way/499025971", "kind": "school", "name": "Shree Syartan Lower Secondary School", "name_ne": "", "tags": {"amenity": "school", "name": "Shree Syartan Lower Secondary School"}}}, {"type": "Feature", "geometry": {"type": "Point", "coordinates": [84.6838778, 28.1843437]}, "properties": {"external_id": "osm:way/499026717", "kind": "school", "name": "Shree Mangala Devi Primary School", "name_ne": "", "tags": {"amenity": "school", "name": "Shree Mangala Devi Primary School"}}}, {"type": "Feature", "geometry": {"type": "Point", "coordinates": [84.6887531, 28.1669484]}, "properties": {"external_id": "osm:way/499028647", "kind": "school", "name": "Shree Kalika Primary School", "name_ne": "", "tags": {"amenity": "school", "name": "Shree Kalika Primary School"}}}, {"type": "Feature", "geometry": {"type": "Point", "coordinates": [84.6820357, 28.1648245]}, "properties": {"external_id": "osm:way/499028864", "kind": "school", "name": "Shree Chandrakala Primary School", "name_ne": "", "tags": {"amenity": "school", "name": "Shree Chandrakala Primary School"}}}, {"type": "Feature", "geometry": {"type": "Point", "coordinates": [84.6560358, 28.577504]}, "properties": {"external_id": "osm:way/499223068", "kind": "school", "name": "Shree Gauri Shankar Ni Ma V", "name_ne": "", "tags": {"amenity": "school", "name": "Shree Gauri Shankar Ni Ma V"}}}, {"type": "Feature", "geometry": {"type": "Point", "coordinates": [84.6305918, 28.1619766]}, "properties": {"external_id": "osm:way/499225881", "kind": "school", "name": "Shree Panchakanya Primary School", "name_ne": "", "tags": {"amenity": "school", "name": "Shree Panchakanya Primary School"}}}, {"type": "Feature", "geometry": {"type": "Point", "coordinates": [84.6618612, 28.1872546]}, "properties": {"external_id": "osm:way/499226808", "kind": "school", "name": "Shree Bal Kumari Primary School", "name_ne": "", "tags": {"amenity": "school", "name": "Shree Bal Kumari Primary School"}}}, {"type": "Feature", "geometry": {"type": "Point", "coordinates": [84.6521685, 28.1393487]}, "properties": {"external_id": "osm:way/499227317", "kind": "school", "name": "Shree Bhumi Jyoti Primary School", "name_ne": "", "tags": {"amenity": "school", "name": "Shree Bhumi Jyoti Primary School"}}}, {"type": "Feature", "geometry": {"type": "Point", "coordinates": [84.4566807, 27.9494166]}, "properties": {"external_id": "osm:way/499593499", "kind": "school", "name": "Shree Duvar Pra V", "name_ne": "", "tags": {"amenity": "school", "name": "Shree Duvar Pra V"}}}, {"type": "Feature", "geometry": {"type": "Point", "coordinates": [84.46071, 27.9750661]}, "properties": {"external_id": "osm:way/499598305", "kind": "school", "name": "Shree Jana Chetana Pra V", "name_ne": "", "tags": {"amenity": "school", "name": "Shree Jana Chetana Pra V"}}}, {"type": "Feature", "geometry": {"type": "Point", "coordinates": [84.4690711, 28.0001138]}, "properties": {"external_id": "osm:way/499599807", "kind": "school", "name": "Shree Bir Bhadra Pra V", "name_ne": "", "tags": {"amenity": "school", "name": "Shree Bir Bhadra Pra V"}}}, {"type": "Feature", "geometry": {"type": "Point", "coordinates": [84.4964698, 27.9872173]}, "properties": {"external_id": "osm:way/499610598", "kind": "school", "name": "Shree Surya Jyoti Pra V", "name_ne": "", "tags": {"amenity": "school", "name": "Shree Surya Jyoti Pra V"}}}, {"type": "Feature", "geometry": {"type": "Point", "coordinates": [84.5343265, 27.9679254]}, "properties": {"external_id": "osm:way/499809349", "kind": "school", "name": "Shree Madane Dada Ma V", "name_ne": "", "tags": {"amenity": "school", "name": "Shree Madane Dada Ma V"}}}, {"type": "Feature", "geometry": {"type": "Point", "coordinates": [84.5504453, 27.9983121]}, "properties": {"external_id": "osm:way/499812405", "kind": "school", "name": "Shree Ratna Pra V", "name_ne": "", "tags": {"amenity": "school", "name": "Shree Ratna Pra V"}}}, {"type": "Feature", "geometry": {"type": "Point", "coordinates": [84.5368391, 28.0162563]}, "properties": {"external_id": "osm:way/499816989", "kind": "school", "name": "Shree Lapsi Chaur Pra V", "name_ne": "", "tags": {"amenity": "school", "name": "Shree Lapsi Chaur Pra V"}}}, {"type": "Feature", "geometry": {"type": "Point", "coordinates": [84.534344, 27.9833642]}, "properties": {"external_id": "osm:way/499817910", "kind": "school", "name": "Shree Ram Jyoti Pra V", "name_ne": "", "tags": {"amenity": "school", "name": "Shree Ram Jyoti Pra V"}}}, {"type": "Feature", "geometry": {"type": "Point", "coordinates": [84.5279886, 27.9962278]}, "properties": {"external_id": "osm:way/499819091", "kind": "school", "name": "Shree Mirkot Higher Secondary School", "name_ne": "", "tags": {"amenity": "school", "name": "Shree Mirkot Higher Secondary School"}}}, {"type": "Feature", "geometry": {"type": "Point", "coordinates": [84.517947, 28.0021155]}, "properties": {"external_id": "osm:way/499827566", "kind": "school", "name": "Shree Lakang Kalika Pra V", "name_ne": "", "tags": {"amenity": "school", "name": "Shree Lakang Kalika Pra V"}}}, {"type": "Feature", "geometry": {"type": "Point", "coordinates": [84.5094982, 28.1968205]}, "properties": {"external_id": "osm:way/499828273", "kind": "school", "name": "pachok secondary school", "name_ne": "", "tags": {"amenity": "school", "name": "pachok secondary school", "operator": "government"}}}, {"type": "Feature", "geometry": {"type": "Point", "coordinates": [84.5159636, 28.0128829]}, "properties": {"external_id": "osm:way/499828702", "kind": "school", "name": "Shree Devkot Pra V", "name_ne": "", "tags": {"amenity": "school", "name": "Shree Devkot Pra V"}}}, {"type": "Feature", "geometry": {"type": "Point", "coordinates": [84.4690852, 28.0290025]}, "properties": {"external_id": "osm:way/499830867", "kind": "school", "name": "Shree Jana Jyoti Ni Ma V", "name_ne": "", "tags": {"amenity": "school", "name": "Shree Jana Jyoti Ni Ma V"}}}, {"type": "Feature", "geometry": {"type": "Point", "coordinates": [84.4995725, 28.0237226]}, "properties": {"external_id": "osm:way/499830868", "kind": "school", "name": "Shree Saraswati Pra V", "name_ne": "", "tags": {"amenity": "school", "name": "Shree Saraswati Pra V"}}}, {"type": "Feature", "geometry": {"type": "Point", "coordinates": [84.4778165, 28.0491389]}, "properties": {"external_id": "osm:way/499831825", "kind": "school", "name": "Shree Chapawati Pra V", "name_ne": "", "tags": {"amenity": "school", "name": "Shree Chapawati Pra V"}}}, {"type": "Feature", "geometry": {"type": "Point", "coordinates": [84.4710647, 28.041437]}, "properties": {"external_id": "osm:way/499831826", "kind": "school", "name": "Shree Dharmawati Pra V", "name_ne": "", "tags": {"amenity": "school", "name": "Shree Dharmawati Pra V"}}}, {"type": "Feature", "geometry": {"type": "Point", "coordinates": [84.4851899, 28.0505705]}, "properties": {"external_id": "osm:way/499832121", "kind": "school", "name": "Bhawani Multiple Campus", "name_ne": "", "tags": {"amenity": "school", "name": "Bhawani Multiple Campus"}}}, {"type": "Feature", "geometry": {"type": "Point", "coordinates": [84.5191667, 28.0615611]}, "properties": {"external_id": "osm:way/499848188", "kind": "school", "name": "Shree Sagarmatha Pra V", "name_ne": "", "tags": {"amenity": "school", "name": "Shree Sagarmatha Pra V"}}}, {"type": "Feature", "geometry": {"type": "Point", "coordinates": [84.5077314, 28.0689663]}, "properties": {"external_id": "osm:way/499849556", "kind": "school", "name": "Shree Dumre Ni Ma V", "name_ne": "", "tags": {"amenity": "school", "name": "Shree Dumre Ni Ma V"}}}, {"type": "Feature", "geometry": {"type": "Point", "coordinates": [84.4569517, 28.198123]}, "properties": {"external_id": "osm:way/499850035", "kind": "school", "name": "chaitannyodaya secondary", "name_ne": "", "tags": {"amenity": "school", "name": "chaitannyodaya secondary"}}}, {"type": "Feature", "geometry": {"type": "Point", "coordinates": [84.4581067, 28.1790823]}, "properties": {"external_id": "osm:way/499854225", "kind": "school", "name": "bhangeri primary school", "name_ne": "", "tags": {"amenity": "school", "name": "bhangeri primary school", "operator": "government"}}}, {"type": "Feature", "geometry": {"type": "Point", "coordinates": [84.4704028, 28.1787109]}, "properties": {"external_id": "osm:way/499855682", "kind": "school", "name": "krishna pramod primary", "name_ne": "", "tags": {"amenity": "school", "name": "krishna pramod primary"}}}, {"type": "Feature", "geometry": {"type": "Point", "coordinates": [84.5869516, 28.1662614]}, "properties": {"external_id": "osm:way/500031777", "kind": "school", "name": "ganesh primary school", "name_ne": "", "tags": {"amenity": "school", "name": "ganesh primary school", "operator": "Government"}}}, {"type": "Feature", "geometry": {"type": "Point", "coordinates": [84.573385, 28.1688459]}, "properties": {"external_id": "osm:way/500032857", "kind": "school", "name": "buddha primary school", "name_ne": "", "tags": {"amenity": "school", "name": "buddha primary school", "operator": "government"}}}, {"type": "Feature", "geometry": {"type": "Point", "coordinates": [84.5187576, 28.0837733]}, "properties": {"external_id": "osm:way/500033280", "kind": "school", "name": "Shree Shikhar Jyoti Pra V", "name_ne": "", "tags": {"amenity": "school", "name": "Shree Shikhar Jyoti Pra V"}}}, {"type": "Feature", "geometry": {"type": "Point", "coordinates": [84.5342384, 28.0897449]}, "properties": {"external_id": "osm:way/500034957", "kind": "school", "name": "Shree Champawati Uccha Ma V", "name_ne": "", "tags": {"amenity": "school", "name": "Shree Champawati Uccha Ma V"}}}, {"type": "Feature", "geometry": {"type": "Point", "coordinates": [84.5518461, 28.1061141]}, "properties": {"external_id": "osm:way/500036171", "kind": "school", "name": "Shree Suryodaya Pra V", "name_ne": "", "tags": {"amenity": "school", "name": "Shree Suryodaya Pra V"}}}, {"type": "Feature", "geometry": {"type": "Point", "coordinates": [84.5857029, 28.1126976]}, "properties": {"external_id": "osm:way/500038928", "kind": "school", "name": "Shree Narsingh Pra V", "name_ne": "", "tags": {"amenity": "school", "name": "Shree Narsingh Pra V"}}}, {"type": "Feature", "geometry": {"type": "Point", "coordinates": [84.576397, 28.091791]}, "properties": {"external_id": "osm:way/500039171", "kind": "school", "name": "Shree Nawa Chetana Pra V", "name_ne": "", "tags": {"amenity": "school", "name": "Shree Nawa Chetana Pra V"}}}, {"type": "Feature", "geometry": {"type": "Point", "coordinates": [84.5916788, 28.0880292]}, "properties": {"external_id": "osm:way/500040095", "kind": "school", "name": "Shree Samaj Sudhar Pra V", "name_ne": "", "tags": {"amenity": "school", "name": "Shree Samaj Sudhar Pra V"}}}, {"type": "Feature", "geometry": {"type": "Point", "coordinates": [84.5620104, 28.0688438]}, "properties": {"external_id": "osm:way/500040687", "kind": "school", "name": "Shree Laxmi Narayan Pra V", "name_ne": "", "tags": {"amenity": "school", "name": "Shree Laxmi Narayan Pra V"}}}, {"type": "Feature", "geometry": {"type": "Point", "coordinates": [84.5565299, 28.0844774]}, "properties": {"external_id": "osm:way/500059549", "kind": "school", "name": "Shree Bigyan Pra V", "name_ne": "", "tags": {"amenity": "school", "name": "Shree Bigyan Pra V"}}}, {"type": "Feature", "geometry": {"type": "Point", "coordinates": [84.5499038, 28.0883836]}, "properties": {"external_id": "osm:way/500060043", "kind": "school", "name": "Shree Saraswati Pra V", "name_ne": "", "tags": {"amenity": "school", "name": "Shree Saraswati Pra V"}}}, {"type": "Feature", "geometry": {"type": "Point", "coordinates": [84.5536099, 28.0817906]}, "properties": {"external_id": "osm:way/500060793", "kind": "school", "name": "Shree Saraswati Pra V", "name_ne": "", "tags": {"amenity": "school", "name": "Shree Saraswati Pra V"}}}, {"type": "Feature", "geometry": {"type": "Point", "coordinates": [84.5288891, 28.0560699]}, "properties": {"external_id": "osm:way/500063208", "kind": "school", "name": "Shree Drabya Shah Pra V", "name_ne": "", "tags": {"amenity": "school", "name": "Shree Drabya Shah Pra V"}}}, {"type": "Feature", "geometry": {"type": "Point", "coordinates": [84.4937656, 27.9297064]}, "properties": {"external_id": "osm:way/500063457", "kind": "school", "name": "Shree Kanya Devi Pra V", "name_ne": "", "tags": {"amenity": "school", "name": "Shree Kanya Devi Pra V"}}}, {"type": "Feature", "geometry": {"type": "Point", "coordinates": [84.5211958, 27.922588]}, "properties": {"external_id": "osm:way/500067564", "kind": "school", "name": "Shree Akala Pra V", "name_ne": "", "tags": {"amenity": "school", "name": "Shree Akala Pra V"}}}, {"type": "Feature", "geometry": {"type": "Point", "coordinates": [84.6022565, 27.9341293]}, "properties": {"external_id": "osm:way/500069600", "kind": "school", "name": "Shree Indra Pra V", "name_ne": "", "tags": {"amenity": "school", "name": "Shree Indra Pra V"}}}, {"type": "Feature", "geometry": {"type": "Point", "coordinates": [84.3019183, 28.084076]}, "properties": {"external_id": "osm:way/500081716", "kind": "school", "name": "basasthan secondary school", "name_ne": "", "tags": {"amenity": "school", "name": "basasthan secondary school", "operator": "government"}}}, {"type": "Feature", "geometry": {"type": "Point", "coordinates": [84.3532859, 28.0721631]}, "properties": {"external_id": "osm:way/500083753", "kind": "school", "name": "kankali primary school", "name_ne": "", "tags": {"amenity": "school", "name": "kankali primary school", "operator": "government"}}}, {"type": "Feature", "geometry": {"type": "Point", "coordinates": [84.6768592, 27.9020588]}, "properties": {"external_id": "osm:way/500338950", "kind": "school", "name": "Shree Tanglichok Ma V", "name_ne": "", "tags": {"amenity": "school", "name": "Shree Tanglichok Ma V"}}}, {"type": "Feature", "geometry": {"type": "Point", "coordinates": [84.6885396, 27.9069126]}, "properties": {"external_id": "osm:way/500342411", "kind": "school", "name": "Shree Janakalyan Pra V", "name_ne": "", "tags": {"amenity": "school", "name": "Shree Janakalyan Pra V"}}}, {"type": "Feature", "geometry": {"type": "Point", "coordinates": [84.6701616, 27.946767]}, "properties": {"external_id": "osm:way/500395129", "kind": "school", "name": "Shree Jal kanya Pra V", "name_ne": "", "tags": {"amenity": "school", "name": "Shree Jal kanya Pra V"}}}, {"type": "Feature", "geometry": {"type": "Point", "coordinates": [84.6787256, 27.9238417]}, "properties": {"external_id": "osm:way/500406890", "kind": "school", "name": "Shree Pipala Pokhari Ni Ma V", "name_ne": "", "tags": {"amenity": "school", "name": "Shree Pipala Pokhari Ni Ma V"}}}, {"type": "Feature", "geometry": {"type": "Point", "coordinates": [84.6415398, 27.9285328]}, "properties": {"external_id": "osm:way/500569808", "kind": "school", "name": "Shree Jaldevi Ma V", "name_ne": "", "tags": {"amenity": "school", "name": "Shree Jaldevi Ma V"}}}, {"type": "Feature", "geometry": {"type": "Point", "coordinates": [84.6293814, 27.9366794]}, "properties": {"external_id": "osm:way/500569973", "kind": "school", "name": "Shree Siddhasthani Ma V", "name_ne": "", "tags": {"amenity": "school", "name": "Shree Siddhasthani Ma V"}}}, {"type": "Feature", "geometry": {"type": "Point", "coordinates": [84.6030662, 27.9129955]}, "properties": {"external_id": "osm:way/500570205", "kind": "school", "name": "Shree Toren Pra V", "name_ne": "", "tags": {"amenity": "school", "name": "Shree Toren Pra V"}}}, {"type": "Feature", "geometry": {"type": "Point", "coordinates": [84.5583967, 27.9454606]}, "properties": {"external_id": "osm:way/500574914", "kind": "school", "name": "Shree Nava Jyoti Pra V", "name_ne": "", "tags": {"amenity": "school", "name": "Shree Nava Jyoti Pra V"}}}, {"type": "Feature", "geometry": {"type": "Point", "coordinates": [84.5721635, 27.9662052]}, "properties": {"external_id": "osm:way/500576504", "kind": "school", "name": "Shree Bhrajbrishya Pra V", "name_ne": "", "tags": {"amenity": "school", "name": "Shree Bhrajbrishya Pra V"}}}, {"type": "Feature", "geometry": {"type": "Point", "coordinates": [84.6686978, 28.0324187]}, "properties": {"external_id": "osm:way/500577649", "kind": "school", "name": "Shree Juntara Pra. V", "name_ne": "", "tags": {"amenity": "school", "name": "Shree Juntara Pra. V"}}}, {"type": "Feature", "geometry": {"type": "Point", "coordinates": [84.6373421, 28.034103]}, "properties": {"external_id": "osm:way/500582423", "kind": "school", "name": "Shree Janadevi Ni. Ma. V", "name_ne": "", "tags": {"amenity": "school", "name": "Shree Janadevi Ni. Ma. V"}}}, {"type": "Feature", "geometry": {"type": "Point", "coordinates": [84.6014193, 28.001328]}, "properties": {"external_id": "osm:way/500593017", "kind": "school", "name": "Shree Jana kalyan Pra V", "name_ne": "", "tags": {"amenity": "school", "name": "Shree Jana kalyan Pra V"}}}, {"type": "Feature", "geometry": {"type": "Point", "coordinates": [84.6922745, 27.9308938]}, "properties": {"external_id": "osm:way/500617758", "kind": "school", "name": "Shree Saraswati Ni. Ma. V", "name_ne": "", "tags": {"amenity": "school", "name": "Shree Saraswati Ni. Ma. V"}}}, {"type": "Feature", "geometry": {"type": "Point", "coordinates": [84.691141, 27.9458441]}, "properties": {"external_id": "osm:way/500621979", "kind": "school", "name": "Shree Jal Devi Pra. V", "name_ne": "", "tags": {"amenity": "school", "name": "Shree Jal Devi Pra. V"}}}, {"type": "Feature", "geometry": {"type": "Point", "coordinates": [84.6549383, 28.0046576]}, "properties": {"external_id": "osm:way/500633588", "kind": "school", "name": "Shree Bajra Bhairab Pra. V", "name_ne": "", "tags": {"amenity": "school", "name": "Shree Bajra Bhairab Pra. V"}}}, {"type": "Feature", "geometry": {"type": "Point", "coordinates": [84.6450069, 28.0135578]}, "properties": {"external_id": "osm:way/500635491", "kind": "school", "name": "Shree Jal Kanya Pra. V", "name_ne": "", "tags": {"amenity": "school", "name": "Shree Jal Kanya Pra. V"}}}, {"type": "Feature", "geometry": {"type": "Point", "coordinates": [84.598145, 28.0251909]}, "properties": {"external_id": "osm:way/500636152", "kind": "school", "name": "Shree Surya Jyoti Pra. V", "name_ne": "", "tags": {"amenity": "school", "name": "Shree Surya Jyoti Pra. V"}}}, {"type": "Feature", "geometry": {"type": "Point", "coordinates": [84.6549033, 27.9708738]}, "properties": {"external_id": "osm:way/500637025", "kind": "school", "name": "Shree Jaubari Pra. V", "name_ne": "", "tags": {"amenity": "school", "name": "Shree Jaubari Pra. V"}}}, {"type": "Feature", "geometry": {"type": "Point", "coordinates": [84.6596829, 28.0211589]}, "properties": {"external_id": "osm:way/500646968", "kind": "school", "name": "Shree Nawa Durga Ni. Ma V", "name_ne": "", "tags": {"amenity": "school", "name": "Shree Nawa Durga Ni. Ma V"}}}, {"type": "Feature", "geometry": {"type": "Point", "coordinates": [84.679079, 27.9833926]}, "properties": {"external_id": "osm:way/500651533", "kind": "school", "name": "Shree Khabdi Pra. V", "name_ne": "", "tags": {"amenity": "school", "name": "Shree Khabdi Pra. V"}}}, {"type": "Feature", "geometry": {"type": "Point", "coordinates": [84.6746923, 28.0489851]}, "properties": {"external_id": "osm:way/500671159", "kind": "school", "name": "Shree Kanakamana Ni. Ma. V", "name_ne": "", "tags": {"amenity": "school", "name": "Shree Kanakamana Ni. Ma. V"}}}, {"type": "Feature", "geometry": {"type": "Point", "coordinates": [84.6099569, 28.0302103]}, "properties": {"external_id": "osm:way/500679220", "kind": "school", "name": "Shree Rastriya Ma. V", "name_ne": "", "tags": {"amenity": "school", "name": "Shree Rastriya Ma. V"}}}, {"type": "Feature", "geometry": {"type": "Point", "coordinates": [84.5940352, 27.9425112]}, "properties": {"external_id": "osm:way/500974230", "kind": "school", "name": "Shree Mahendra Shakti Uccha Ma V", "name_ne": "", "tags": {"amenity": "school", "name": "Shree Mahendra Shakti Uccha Ma V"}}}, {"type": "Feature", "geometry": {"type": "Point", "coordinates": [84.4372614, 27.9608393]}, "properties": {"external_id": "osm:way/524560096", "kind": "school", "name": "Shree Jana Jagriti Pra V", "name_ne": "श्री जन जाग्रिती प्राथमीक बिध्यालय", "tags": {"amenity": "school", "name": "Shree Jana Jagriti Pra V", "name:ne": "श्री जन जाग्रिती प्राथमीक बिध्यालय"}}}, {"type": "Feature", "geometry": {"type": "Point", "coordinates": [84.2186914, 28.1616689]}, "properties": {"external_id": "osm:way/531202554", "kind": "bridge", "name": "Begnas Bhoretar Road", "name_ne": "", "tags": {"highway": "secondary", "name": "Begnas Bhoretar Road"}}}, {"type": "Feature", "geometry": {"type": "Point", "coordinates": [84.4031724, 28.1384309]}, "properties": {"external_id": "osm:way/531241552", "kind": "bridge", "name": "", "name_ne": "", "tags": {"highway": "tertiary"}}}, {"type": "Feature", "geometry": {"type": "Point", "coordinates": [84.2669181, 27.9759123]}, "properties": {"external_id": "osm:way/556244845", "kind": "government", "name": "Byas Municipality", "name_ne": "", "tags": {"amenity": "townhall", "name": "Byas Municipality", "operator": "Government of Nepal"}}}, {"type": "Feature", "geometry": {"type": "Point", "coordinates": [84.2271316, 28.1549659]}, "properties": {"external_id": "osm:way/576242920", "kind": "bridge", "name": "", "name_ne": "", "tags": {"highway": "secondary"}}}, {"type": "Feature", "geometry": {"type": "Point", "coordinates": [84.4562266, 28.0176858]}, "properties": {"external_id": "osm:way/581890472", "kind": "bridge", "name": "Dumre-Besishahar", "name_ne": "", "tags": {"highway": "secondary", "name": "Dumre-Besishahar"}}}, {"type": "Feature", "geometry": {"type": "Point", "coordinates": [84.3730295, 28.2364122]}, "properties": {"external_id": "osm:way/617784532", "kind": "tourism", "name": "Hotel Puspanjali Restaurant & Bar", "name_ne": "", "tags": {"amenity": "restaurant", "name": "Hotel Puspanjali Restaurant & Bar", "tourism": "guest_house"}}}, {"type": "Feature", "geometry": {"type": "Point", "coordinates": [84.4032225, 28.3846865]}, "properties": {"external_id": "osm:way/617800979", "kind": "tourism", "name": "Rainbow Hotel", "name_ne": "", "tags": {"amenity": "restaurant", "name": "Rainbow Hotel", "tourism": "guest_house"}}}, {"type": "Feature", "geometry": {"type": "Point", "coordinates": [84.2432855, 28.5513105]}, "properties": {"external_id": "osm:way/618570934", "kind": "tourism", "name": "Hotel Marshyangdi Mandala", "name_ne": "", "tags": {"amenity": "restaurant", "name": "Hotel Marshyangdi Mandala", "tourism": "guest_house"}}}, {"type": "Feature", "geometry": {"type": "Point", "coordinates": [84.4701647, 28.6357486]}, "properties": {"external_id": "osm:way/619757586", "kind": "tourism", "name": "Hotel Gangar Manaslu & Restaurant", "name_ne": "", "tags": {"name": "Hotel Gangar Manaslu & Restaurant", "tourism": "guest_house"}}}, {"type": "Feature", "geometry": {"type": "Point", "coordinates": [84.6410849, 28.5872349]}, "properties": {"external_id": "osm:way/640023486", "kind": "tourism", "name": "Norling", "name_ne": "", "tags": {"name": "Norling", "name:en": "Norling", "operator": "Mingmar lama", "tourism": "hotel"}}}, {"type": "Feature", "geometry": {"type": "Point", "coordinates": [84.6329996, 28.650131]}, "properties": {"external_id": "osm:way/640367131", "kind": "tourism", "name": "Yak Hotel", "name_ne": "", "tags": {"name": "Yak Hotel", "tourism": "guest_house"}}}, {"type": "Feature", "geometry": {"type": "Point", "coordinates": [84.5845255, 28.658625]}, "properties": {"external_id": "osm:way/640375146", "kind": "tourism", "name": "Larke La Hotel & Lodge", "name_ne": "", "tags": {"name": "Larke La Hotel & Lodge", "tourism": "guest_house"}}}, {"type": "Feature", "geometry": {"type": "Point", "coordinates": [84.5846813, 28.6587402]}, "properties": {"external_id": "osm:way/640375148", "kind": "tourism", "name": "Larke La Hotel & Lodge", "name_ne": "", "tags": {"name": "Larke La Hotel & Lodge", "tourism": "guest_house"}}}, {"type": "Feature", "geometry": {"type": "Point", "coordinates": [84.4002054, 28.3121475]}, "properties": {"external_id": "osm:way/640505017", "kind": "dam", "name": "Upper Marsyangdi Dam", "name_ne": "", "tags": {"name": "Upper Marsyangdi Dam", "waterway": "dam"}}}, {"type": "Feature", "geometry": {"type": "Point", "coordinates": [84.3763016, 28.4718981]}, "properties": {"external_id": "osm:way/640505029", "kind": "hydropower", "name": "Tal Micro Hydropower", "name_ne": "", "tags": {"name": "Tal Micro Hydropower", "power": "generator"}}}, {"type": "Feature", "geometry": {"type": "Point", "coordinates": [84.2796481, 27.9892729]}, "properties": {"external_id": "osm:way/693097465", "kind": "bridge", "name": "", "name_ne": "", "tags": {"highway": "tertiary"}}}, {"type": "Feature", "geometry": {"type": "Point", "coordinates": [84.6427633, 28.5855866]}, "properties": {"external_id": "osm:way/750982157", "kind": "tourism", "name": "Tashi Delek Hotel", "name_ne": "", "tags": {"name": "Tashi Delek Hotel", "tourism": "hotel"}}}, {"type": "Feature", "geometry": {"type": "Point", "coordinates": [84.265913, 27.9762551]}, "properties": {"external_id": "osm:way/821726222", "kind": "police", "name": "", "name_ne": "", "tags": {"amenity": "police"}}}, {"type": "Feature", "geometry": {"type": "Point", "coordinates": [84.3731667, 27.9315127]}, "properties": {"external_id": "osm:way/879268325", "kind": "school", "name": "Shree Shiva Secondary School", "name_ne": "", "tags": {"amenity": "school", "name": "Shree Shiva Secondary School"}}}, {"type": "Feature", "geometry": {"type": "Point", "coordinates": [84.4105842, 28.1313753]}, "properties": {"external_id": "osm:way/886606369", "kind": "school", "name": "", "name_ne": "", "tags": {"amenity": "school"}}}, {"type": "Feature", "geometry": {"type": "Point", "coordinates": [84.4322333, 28.1297325]}, "properties": {"external_id": "osm:way/896569302", "kind": "bridge", "name": "Bhanubhaktra Highway (Dumre-Besishahar)", "name_ne": "", "tags": {"highway": "secondary", "name": "Bhanubhaktra Highway (Dumre-Besishahar)"}}}, {"type": "Feature", "geometry": {"type": "Point", "coordinates": [84.3328932, 28.1059732]}, "properties": {"external_id": "osm:way/908095010", "kind": "school", "name": "jal devi primary school", "name_ne": "", "tags": {"amenity": "school", "name": "jal devi primary school", "operator": "government"}}}, {"type": "Feature", "geometry": {"type": "Point", "coordinates": [84.6464248, 28.2024985]}, "properties": {"external_id": "osm:way/940696450", "kind": "health", "name": "Bhacheek Upaswasthya chaukii", "name_ne": "", "tags": {"amenity": "clinic", "name": "Bhacheek Upaswasthya chaukii"}}}, {"type": "Feature", "geometry": {"type": "Point", "coordinates": [84.6450823, 28.013561]}, "properties": {"external_id": "osm:way/971393058", "kind": "school", "name": "", "name_ne": "", "tags": {"amenity": "school"}}}, {"type": "Feature", "geometry": {"type": "Point", "coordinates": [84.6393692, 27.9656378]}, "properties": {"external_id": "osm:way/973193625", "kind": "school", "name": "", "name_ne": "", "tags": {"amenity": "school"}}}, {"type": "Feature", "geometry": {"type": "Point", "coordinates": [84.5174839, 28.0263263]}, "properties": {"external_id": "osm:way/980429572", "kind": "school", "name": "Amar Jyoti Janata Secondary School", "name_ne": "", "tags": {"amenity": "school", "name": "Amar Jyoti Janata Secondary School"}}}, {"type": "Feature", "geometry": {"type": "Point", "coordinates": [84.2762377, 27.970014]}, "properties": {"external_id": "osm:way/980453524", "kind": "school", "name": "Nirmal Secondary School", "name_ne": "", "tags": {"amenity": "school", "name": "Nirmal Secondary School"}}}, {"type": "Feature", "geometry": {"type": "Point", "coordinates": [84.2117406, 28.1586854]}, "properties": {"external_id": "osm:way/981305782", "kind": "school", "name": "Shree Kalika Secondary School", "name_ne": "श्री कालिका माध्यामिक विद्यालय", "tags": {"amenity": "school", "name": "Shree Kalika Secondary School", "name:ne": "श्री कालिका माध्यामिक विद्यालय"}}}, {"type": "Feature", "geometry": {"type": "Point", "coordinates": [84.6598426, 28.0211895]}, "properties": {"external_id": "osm:way/1000470076", "kind": "school", "name": "", "name_ne": "", "tags": {"amenity": "school"}}}, {"type": "Feature", "geometry": {"type": "Point", "coordinates": [84.65945, 28.0211353]}, "properties": {"external_id": "osm:way/1000470077", "kind": "school", "name": "", "name_ne": "", "tags": {"amenity": "school"}}}, {"type": "Feature", "geometry": {"type": "Point", "coordinates": [84.376177, 28.2322277]}, "properties": {"external_id": "osm:way/1009858576", "kind": "school", "name": "", "name_ne": "", "tags": {"amenity": "school"}}}, {"type": "Feature", "geometry": {"type": "Point", "coordinates": [84.5372835, 28.0225856]}, "properties": {"external_id": "osm:way/1011946946", "kind": "bridge", "name": "Chhebetar-Luintel-Thatipokhari Connecting Road", "name_ne": "", "tags": {"highway": "tertiary", "name": "Chhebetar-Luintel-Thatipokhari Connecting Road"}}}, {"type": "Feature", "geometry": {"type": "Point", "coordinates": [84.4917343, 28.0773357]}, "properties": {"external_id": "osm:way/1012638320", "kind": "bridge", "name": "", "name_ne": "", "tags": {"highway": "tertiary"}}}, {"type": "Feature", "geometry": {"type": "Point", "coordinates": [84.4706524, 28.0165931]}, "properties": {"external_id": "osm:way/1012816467", "kind": "health", "name": "", "name_ne": "", "tags": {"amenity": "hospital"}}}, {"type": "Feature", "geometry": {"type": "Point", "coordinates": [84.3438837, 27.9255249]}, "properties": {"external_id": "osm:way/1018476962", "kind": "school", "name": "", "name_ne": "", "tags": {"amenity": "school"}}}, {"type": "Feature", "geometry": {"type": "Point", "coordinates": [84.3128671, 28.0446419]}, "properties": {"external_id": "osm:way/1019354486", "kind": "bridge", "name": "", "name_ne": "", "tags": {"highway": "tertiary"}}}, {"type": "Feature", "geometry": {"type": "Point", "coordinates": [84.2146318, 28.1618467]}, "properties": {"external_id": "osm:way/1020243753", "kind": "bridge", "name": "Begnas Bhoretar Road", "name_ne": "", "tags": {"highway": "secondary", "name": "Begnas Bhoretar Road"}}}, {"type": "Feature", "geometry": {"type": "Point", "coordinates": [84.2834462, 28.1502463]}, "properties": {"external_id": "osm:way/1022223495", "kind": "bridge", "name": "", "name_ne": "", "tags": {"highway": "primary"}}}, {"type": "Feature", "geometry": {"type": "Point", "coordinates": [84.2585635, 28.7024195]}, "properties": {"external_id": "osm:way/1029577019", "kind": "tourism", "name": "", "name_ne": "", "tags": {"tourism": "guest_house"}}}, {"type": "Feature", "geometry": {"type": "Point", "coordinates": [84.2583466, 28.7023067]}, "properties": {"external_id": "osm:way/1029577023", "kind": "tourism", "name": "", "name_ne": "", "tags": {"tourism": "guest_house"}}}, {"type": "Feature", "geometry": {"type": "Point", "coordinates": [84.2328652, 28.603579]}, "properties": {"external_id": "osm:way/1043301932", "kind": "tourism", "name": "", "name_ne": "", "tags": {"tourism": "guest_house"}}}, {"type": "Feature", "geometry": {"type": "Point", "coordinates": [84.4244228, 28.1333527]}, "properties": {"external_id": "osm:way/1117426013", "kind": "bridge", "name": "", "name_ne": "", "tags": {"highway": "secondary"}}}, {"type": "Feature", "geometry": {"type": "Point", "coordinates": [84.5839392, 28.6589803]}, "properties": {"external_id": "osm:way/1120107636", "kind": "tourism", "name": "Zambala Hotel", "name_ne": "", "tags": {"name": "Zambala Hotel", "name:en": "Zambala Hotel", "tourism": "guest_house"}}}, {"type": "Feature", "geometry": {"type": "Point", "coordinates": [84.5851147, 28.2059439]}, "properties": {"external_id": "osm:way/1124904440", "kind": "bridge", "name": "", "name_ne": "", "tags": {"highway": "tertiary"}}}, {"type": "Feature", "geometry": {"type": "Point", "coordinates": [84.223909, 28.1225757]}, "properties": {"external_id": "osm:way/1126421541", "kind": "bridge", "name": "", "name_ne": "", "tags": {"highway": "secondary"}}}, {"type": "Feature", "geometry": {"type": "Point", "coordinates": [84.2237747, 28.6091836]}, "properties": {"external_id": "osm:way/1136814371", "kind": "tourism", "name": "", "name_ne": "", "tags": {"tourism": "guest_house"}}}, {"type": "Feature", "geometry": {"type": "Point", "coordinates": [84.4907575, 28.121293]}, "properties": {"external_id": "osm:way/1162670159", "kind": "tourism", "name": "Alan Jack Private Homestay", "name_ne": "", "tags": {"name": "Alan Jack Private Homestay", "operator": "Flying Manaslu Paragliding Pvt. Ltd.", "tourism": "hotel"}}}, {"type": "Feature", "geometry": {"type": "Point", "coordinates": [84.529843, 28.2684819]}, "properties": {"external_id": "osm:way/1164849842", "kind": "bridge", "name": "", "name_ne": "", "tags": {"highway": "tertiary"}}}, {"type": "Feature", "geometry": {"type": "Point", "coordinates": [84.4070686, 27.9641349]}, "properties": {"external_id": "osm:way/1167307286", "kind": "school", "name": "Manaslu School", "name_ne": "", "tags": {"amenity": "school", "name": "Manaslu School"}}}, {"type": "Feature", "geometry": {"type": "Point", "coordinates": [84.45514, 28.1915245]}, "properties": {"external_id": "osm:way/1168457197", "kind": "bridge", "name": "", "name_ne": "", "tags": {"highway": "tertiary"}}}, {"type": "Feature", "geometry": {"type": "Point", "coordinates": [84.4156536, 28.1277613]}, "properties": {"external_id": "osm:way/1175005300", "kind": "police", "name": "Sundar Bazar Police station", "name_ne": "", "tags": {"amenity": "police", "name": "Sundar Bazar Police station"}}}, {"type": "Feature", "geometry": {"type": "Point", "coordinates": [84.4152198, 27.9829326]}, "properties": {"external_id": "osm:way/1177171464", "kind": "school", "name": "Kalaki Boarding School", "name_ne": "कलकी बोर्डिङ् स्कुल", "tags": {"amenity": "school", "name": "कलकी बोर्डिङ् स्कुल", "name:en": "Kalaki Boarding School", "name:ne": "कलकी बोर्डिङ् स्कुल"}}}, {"type": "Feature", "geometry": {"type": "Point", "coordinates": [84.411666, 27.9640465]}, "properties": {"external_id": "osm:way/1177171476", "kind": "school", "name": "Fistal boarding school", "name_ne": "", "tags": {"amenity": "school", "name": "Fistal boarding school"}}}, {"type": "Feature", "geometry": {"type": "Point", "coordinates": [84.2045891, 28.0337289]}, "properties": {"external_id": "osm:way/1287438010", "kind": "school", "name": "", "name_ne": "", "tags": {"amenity": "school"}}}, {"type": "Feature", "geometry": {"type": "Point", "coordinates": [84.2104189, 28.0324518]}, "properties": {"external_id": "osm:way/1287439098", "kind": "school", "name": "", "name_ne": "", "tags": {"amenity": "school"}}}, {"type": "Feature", "geometry": {"type": "Point", "coordinates": [84.4084923, 27.9634652]}, "properties": {"external_id": "osm:way/1287444278", "kind": "school", "name": "Dibshikas secondary boarding school", "name_ne": "", "tags": {"amenity": "school", "name": "Dibshikas secondary boarding school"}}}, {"type": "Feature", "geometry": {"type": "Point", "coordinates": [84.4002495, 27.9677307]}, "properties": {"external_id": "osm:way/1287444279", "kind": "school", "name": "pabitra school", "name_ne": "", "tags": {"amenity": "school", "name": "pabitra school"}}}, {"type": "Feature", "geometry": {"type": "Point", "coordinates": [84.4154813, 27.9766803]}, "properties": {"external_id": "osm:way/1287444280", "kind": "school", "name": "Satyawati aadarbhut bidhyalaya", "name_ne": "", "tags": {"amenity": "school", "name": "Satyawati aadarbhut bidhyalaya"}}}, {"type": "Feature", "geometry": {"type": "Point", "coordinates": [84.3086907, 28.1579697]}, "properties": {"external_id": "osm:way/1323733868", "kind": "bridge", "name": "Pushpalal highway", "name_ne": "", "tags": {"highway": "primary", "name": "Pushpalal highway"}}}, {"type": "Feature", "geometry": {"type": "Point", "coordinates": [84.3418429, 28.1504495]}, "properties": {"external_id": "osm:way/1323734126", "kind": "bridge", "name": "Pushpalal highway", "name_ne": "", "tags": {"highway": "primary", "name": "Pushpalal highway"}}}, {"type": "Feature", "geometry": {"type": "Point", "coordinates": [84.4504908, 28.2259799]}, "properties": {"external_id": "osm:way/1369394008", "kind": "hydropower", "name": "", "name_ne": "", "tags": {"power": "plant"}}}, {"type": "Feature", "geometry": {"type": "Point", "coordinates": [84.420104, 28.188636]}, "properties": {"external_id": "osm:way/1369394443", "kind": "hydropower", "name": "Middle Marsyandgi HEP", "name_ne": "", "tags": {"name": "Middle Marsyandgi HEP", "plant:output:electricity": "70MW", "power": "plant"}}}, {"type": "Feature", "geometry": {"type": "Point", "coordinates": [84.4739051, 28.2516619]}, "properties": {"external_id": "osm:way/1369683726", "kind": "hydropower", "name": "Upper Dordi A", "name_ne": "", "tags": {"name": "Upper Dordi A", "plant:output:electricity": "25MW", "power": "plant"}}}, {"type": "Feature", "geometry": {"type": "Point", "coordinates": [84.3632063, 28.2882136]}, "properties": {"external_id": "osm:way/1447982213", "kind": "bridge", "name": "Besishahar - Manang Sadak", "name_ne": "", "tags": {"highway": "tertiary", "name": "Besishahar - Manang Sadak"}}}, {"type": "Feature", "geometry": {"type": "Point", "coordinates": [84.3608713, 28.499795]}, "properties": {"external_id": "osm:way/1453288289", "kind": "hydropower", "name": "", "name_ne": "", "tags": {"plant:output:electricity": "yes", "power": "plant"}}}, {"type": "Feature", "geometry": {"type": "Point", "coordinates": [84.6589666, 28.1721494]}, "properties": {"external_id": "osm:way/1502755882", "kind": "school", "name": "", "name_ne": "", "tags": {"amenity": "school"}}}, {"type": "Feature", "geometry": {"type": "Point", "coordinates": [84.6485894, 28.1571373]}, "properties": {"external_id": "osm:way/1525663194", "kind": "school", "name": "", "name_ne": "", "tags": {"amenity": "school"}}}, {"type": "Feature", "geometry": {"type": "Point", "coordinates": [84.6589131, 28.0801346]}, "properties": {"external_id": "osm:way/1533831315", "kind": "bridge", "name": "", "name_ne": "", "tags": {"highway": "tertiary"}}}, {"type": "Feature", "geometry": {"type": "Point", "coordinates": [84.5987077, 28.0376319]}, "properties": {"external_id": "osm:way/1546884714", "kind": "bridge", "name": "", "name_ne": "", "tags": {"highway": "secondary"}}}, {"type": "Feature", "geometry": {"type": "Point", "coordinates": [84.6294871, 28.0454103]}, "properties": {"external_id": "osm:way/1547479573", "kind": "bridge", "name": "", "name_ne": "", "tags": {"highway": "secondary"}}}, {"type": "Feature", "geometry": {"type": "Point", "coordinates": [84.494526, 27.9246387]}, "properties": {"external_id": "osm:way/1563210842", "kind": "bridge", "name": "Prithvi Rajmarga", "name_ne": "", "tags": {"highway": "trunk", "name": "Prithvi Highway", "name:en": "Prithvi Rajmarga"}}}], "attribution": "© OpenStreetMap contributors, ODbL 1.0"}