{"type": "FeatureCollection", "features": [{"type": "Feature", "geometry": {"type": "Point", "coordinates": [85.9643829, 27.973045]}, "properties": {"external_id": "osm:node/289324682", "kind": "settlement", "name": "Zham", "name_ne": "खासा", "tags": {"name": "樟木口岸 འགྲམ་འགག་སྒོ།", "name:en": "Zham", "name:ne": "खासा", "place": "hamlet"}}}, {"type": "Feature", "geometry": {"type": "Point", "coordinates": [85.9825411, 27.9918815]}, "properties": {"external_id": "osm:node/576007690", "kind": "town", "name": "Dram", "name_ne": "खासा", "tags": {"name": "樟木镇 འགྲམ་", "name:en": "Dram", "name:ne": "खासा", "place": "town"}}}, {"type": "Feature", "geometry": {"type": "Point", "coordinates": [86.6471787, 27.8371188]}, "properties": {"external_id": "osm:node/703971587", "kind": "settlement", "name": "Thametang", "name_ne": "", "tags": {"name": "Thametang", "place": "hamlet"}}}, {"type": "Feature", "geometry": {"type": "Point", "coordinates": [86.6425453, 27.8470534]}, "properties": {"external_id": "osm:node/703971741", "kind": "settlement", "name": "Hungmo", "name_ne": "", "tags": {"name": "Hungmo", "place": "hamlet"}}}, {"type": "Feature", "geometry": {"type": "Point", "coordinates": [86.6405322, 27.8668897]}, "properties": {"external_id": "osm:node/703971805", "kind": "settlement", "name": "Tarangar", "name_ne": "", "tags": {"name": "Tarangar", "place": "hamlet"}}}, {"type": "Feature", "geometry": {"type": "Point", "coordinates": [86.6368762, 27.9052515]}, "properties": {"external_id": "osm:node/703971918", "kind": "settlement", "name": "Lungdhen", "name_ne": "", "tags": {"name": "Laṅden", "name:en": "Lungdhen", "place": "hamlet"}}}, {"type": "Feature", "geometry": {"type": "Point", "coordinates": [86.6383691, 27.8882186]}, "properties": {"external_id": "osm:node/703971924", "kind": "settlement", "name": "Marulung", "name_ne": "", "tags": {"name": "Marulung", "place": "hamlet"}}}, {"type": "Feature", "geometry": {"type": "Point", "coordinates": [85.9645062, 27.9729964]}, "properties": {"external_id": "osm:node/764576175", "kind": "border_crossing", "name": "樟木口岸", "name_ne": "", "tags": {"barrier": "border_control", "name": "樟木口岸"}}}, {"type": "Feature", "geometry": {"type": "Point", "coordinates": [85.9631092, 27.9731065]}, "properties": {"external_id": "osm:node/765033910", "kind": "border_crossing", "name": "", "name_ne": "", "tags": {"barrier": "border_control"}}}, {"type": "Feature", "geometry": {"type": "Point", "coordinates": [85.9501284, 27.9460706]}, "properties": {"external_id": "osm:node/765033916", "kind": "tourism", "name": "Tatopani Family Lodge", "name_ne": "", "tags": {"name": "Tatopani Family Lodge", "tourism": "guest_house"}}}, {"type": "Feature", "geometry": {"type": "Point", "coordinates": [85.9820043, 27.9881835]}, "properties": {"external_id": "osm:node/765450737", "kind": "border_crossing", "name": "Chinese border post", "name_ne": "", "tags": {"barrier": "border_control", "name": "Chinese border post"}}}, {"type": "Feature", "geometry": {"type": "Point", "coordinates": [85.9814176, 27.5053821]}, "properties": {"external_id": "osm:node/1026330385", "kind": "settlement", "name": "Surkey", "name_ne": "सुर्के", "tags": {"name": "सुर्के", "name:en": "Surkey", "name:ne": "सुर्के", "place": "hamlet"}}}, {"type": "Feature", "geometry": {"type": "Point", "coordinates": [85.9669902, 27.5574318]}, "properties": {"external_id": "osm:node/1026419989", "kind": "settlement", "name": "Kholakharka", "name_ne": "", "tags": {"name": "Kholakharka", "place": "hamlet"}}}, {"type": "Feature", "geometry": {"type": "Point", "coordinates": [85.966928, 27.5575839]}, "properties": {"external_id": "osm:node/1026419990", "kind": "tourism", "name": "Community Lodge", "name_ne": "", "tags": {"name": "Community Lodge", "tourism": "guest_house"}}}, {"type": "Feature", "geometry": {"type": "Point", "coordinates": [85.9820004, 27.5053516]}, "properties": {"external_id": "osm:node/1026430456", "kind": "tourism", "name": "Newar Homestay Surkey", "name_ne": "", "tags": {"name": "Newar Homestay Surkey", "tourism": "guest_house"}}}, {"type": "Feature", "geometry": {"type": "Point", "coordinates": [86.5832609, 27.5731133]}, "properties": {"external_id": "osm:node/1303891320", "kind": "settlement", "name": "Salung", "name_ne": "", "tags": {"name": "Salung", "place": "village"}}}, {"type": "Feature", "geometry": {"type": "Point", "coordinates": [86.2953419, 27.6091066]}, "properties": {"external_id": "osm:node/1303891329", "kind": "settlement", "name": "Shivalaya", "name_ne": "शिवालय", "tags": {"name": "शिवालय", "name:en": "Shivalaya", "name:ne": "शिवालय", "place": "hamlet"}}}, {"type": "Feature", "geometry": {"type": "Point", "coordinates": [86.221614, 27.8662737]}, "properties": {"external_id": "osm:node/1518595220", "kind": "tourism", "name": "", "name_ne": "", "tags": {"tourism": "camp_site"}}}, {"type": "Feature", "geometry": {"type": "Point", "coordinates": [86.3421642, 27.9031627]}, "properties": {"external_id": "osm:node/1518668143", "kind": "tourism", "name": "", "name_ne": "", "tags": {"tourism": "camp_site"}}}, {"type": "Feature", "geometry": {"type": "Point", "coordinates": [86.2958454, 27.904755]}, "properties": {"external_id": "osm:node/1518668617", "kind": "tourism", "name": "", "name_ne": "", "tags": {"tourism": "camp_site"}}}, {"type": "Feature", "geometry": {"type": "Point", "coordinates": [86.2310963, 27.6366453]}, "properties": {"external_id": "osm:node/1679203240", "kind": "tourism", "name": "Dolakha Sherpa Guest House", "name_ne": "", "tags": {"name": "Dolakha Sherpa Guest House", "tourism": "guest_house"}}}, {"type": "Feature", "geometry": {"type": "Point", "coordinates": [86.6097621, 27.9452203]}, "properties": {"external_id": "osm:node/1691951310", "kind": "settlement", "name": "Chhule", "name_ne": "", "tags": {"name": "Chhule", "place": "hamlet"}}}, {"type": "Feature", "geometry": {"type": "Point", "coordinates": [86.2963578, 28.0374309]}, "properties": {"external_id": "osm:node/1785825934", "kind": "settlement", "name": "Zhobdê", "name_ne": "", "tags": {"name": "左不德", "name:en": "Zhobdê", "place": "locality"}}}, {"type": "Feature", "geometry": {"type": "Point", "coordinates": [86.2860101, 28.0416329]}, "properties": {"external_id": "osm:node/1785825990", "kind": "settlement", "name": "Chintang", "name_ne": "", "tags": {"name": "陈塘村", "name:en": "Chintang", "place": "village"}}}, {"type": "Feature", "geometry": {"type": "Point", "coordinates": [86.6203122, 27.5945826]}, "properties": {"external_id": "osm:node/1930991962", "kind": "tourism", "name": "Lodges", "name_ne": "", "tags": {"name": "Lodges", "tourism": "guest_house"}}}, {"type": "Feature", "geometry": {"type": "Point", "coordinates": [86.6461915, 27.5882157]}, "properties": {"external_id": "osm:node/1930991964", "kind": "settlement", "name": "Nunthala", "name_ne": "", "tags": {"name": "Nunthala", "place": "village", "population": "200"}}}, {"type": "Feature", "geometry": {"type": "Point", "coordinates": [86.6079543, 27.5900676]}, "properties": {"external_id": "osm:node/1930991965", "kind": "settlement", "name": "Ringmu", "name_ne": "", "tags": {"name": "Ringmu", "place": "village", "population": "200"}}}, {"type": "Feature", "geometry": {"type": "Point", "coordinates": [86.6209175, 27.5941719]}, "properties": {"external_id": "osm:node/1930991968", "kind": "tourism", "name": "Taksindu Lodge", "name_ne": "", "tags": {"name": "Taksindu Lodge", "tourism": "guest_house"}}}, {"type": "Feature", "geometry": {"type": "Point", "coordinates": [86.6219847, 27.5932388]}, "properties": {"external_id": "osm:node/1930991971", "kind": "settlement", "name": "Taksindu", "name_ne": "", "tags": {"name": "Taksindu", "place": "hamlet", "population": "100"}}}, {"type": "Feature", "geometry": {"type": "Point", "coordinates": [86.5468645, 27.5821955]}, "properties": {"external_id": "osm:node/1931048203", "kind": "settlement", "name": "Junbesi", "name_ne": "", "tags": {"name": "Junbesi", "place": "village", "population": "500"}}}, {"type": "Feature", "geometry": {"type": "Point", "coordinates": [86.5766587, 27.5636789]}, "properties": {"external_id": "osm:node/1931048271", "kind": "settlement", "name": "Phurtheng", "name_ne": "", "tags": {"name": "Phurtheng", "place": "hamlet"}}}, {"type": "Feature", "geometry": {"type": "Point", "coordinates": [86.4253131, 27.5825995]}, "properties": {"external_id": "osm:node/1931048273", "kind": "school", "name": "", "name_ne": "", "tags": {"amenity": "school"}}}, {"type": "Feature", "geometry": {"type": "Point", "coordinates": [86.5288258, 27.5725252]}, "properties": {"external_id": "osm:node/1931048275", "kind": "settlement", "name": "Tragdobuk", "name_ne": "", "tags": {"name": "Tragdobuk", "place": "village", "population": "50"}}}, {"type": "Feature", "geometry": {"type": "Point", "coordinates": [86.3551756, 27.5757292]}, "properties": {"external_id": "osm:node/1932754120", "kind": "settlement", "name": "Tallo Bhandar", "name_ne": "तल्लो भण्डार", "tags": {"name": "तल्लो भण्डार", "name:en": "Tallo Bhandar", "name:ne": "तल्लो भण्डार", "place": "hamlet", "population": "200"}}}, {"type": "Feature", "geometry": {"type": "Point", "coordinates": [86.3306516, 27.5825265]}, "properties": {"external_id": "osm:node/1932766561", "kind": "settlement", "name": "Deurali", "name_ne": "देउराली", "tags": {"name": "देउराली", "name:en": "Deurali", "name:ne": "देउराली", "place": "hamlet", "population": "70"}}}, {"type": "Feature", "geometry": {"type": "Point", "coordinates": [86.3299952, 27.5825253]}, "properties": {"external_id": "osm:node/1932766562", "kind": "tourism", "name": "Lodge", "name_ne": "", "tags": {"name": "Lodge", "tourism": "guest_house"}}}, {"type": "Feature", "geometry": {"type": "Point", "coordinates": [86.2948208, 27.6079011]}, "properties": {"external_id": "osm:node/1932779681", "kind": "tourism", "name": "Lodge", "name_ne": "", "tags": {"name": "Lodge", "tourism": "guest_house"}}}, {"type": "Feature", "geometry": {"type": "Point", "coordinates": [86.295896, 27.608805]}, "properties": {"external_id": "osm:node/1932779683", "kind": "tourism", "name": "Lodge", "name_ne": "", "tags": {"name": "Lodge", "tourism": "guest_house"}}}, {"type": "Feature", "geometry": {"type": "Point", "coordinates": [86.2128522, 27.8422459]}, "properties": {"external_id": "osm:node/2126616974", "kind": "settlement", "name": "", "name_ne": "", "tags": {"place": "hamlet"}}}, {"type": "Feature", "geometry": {"type": "Point", "coordinates": [86.2724, 27.61235]}, "properties": {"external_id": "osm:node/2252555890", "kind": "tourism", "name": "Cheaurdung Lodge", "name_ne": "", "tags": {"name": "Cheaurdung Lodge", "tourism": "guest_house"}}}, {"type": "Feature", "geometry": {"type": "Point", "coordinates": [86.57627, 27.56346]}, "properties": {"external_id": "osm:node/2252555904", "kind": "tourism", "name": "Everest View Lodge", "name_ne": "", "tags": {"name": "Everest View Lodge", "tourism": "guest_house"}}}, {"type": "Feature", "geometry": {"type": "Point", "coordinates": [86.46871, 27.57423]}, "properties": {"external_id": "osm:node/2252555915", "kind": "settlement", "name": "Goyam", "name_ne": "", "tags": {"name": "Goyam", "place": "hamlet"}}}, {"type": "Feature", "geometry": {"type": "Point", "coordinates": [86.62244, 27.59352]}, "properties": {"external_id": "osm:node/2252555985", "kind": "tourism", "name": "Mountain View Lodge", "name_ne": "", "tags": {"name": "Mountain View Lodge", "tourism": "guest_house"}}}, {"type": "Feature", "geometry": {"type": "Point", "coordinates": [86.44048, 27.57735]}, "properties": {"external_id": "osm:node/2252556026", "kind": "settlement", "name": "Sete", "name_ne": "", "tags": {"name": "Sete", "place": "village"}}}, {"type": "Feature", "geometry": {"type": "Point", "coordinates": [86.5179353, 27.5749216]}, "properties": {"external_id": "osm:node/2252556065", "kind": "tourism", "name": "Suman Lodge", "name_ne": "", "tags": {"name": "Suman Lodge", "tourism": "guest_house"}}}, {"type": "Feature", "geometry": {"type": "Point", "coordinates": [85.9568747, 27.9646238]}, "properties": {"external_id": "osm:node/2257810269", "kind": "settlement", "name": "Kodāri", "name_ne": "कोदारी", "tags": {"name": "कोदारी", "name:en": "Kodāri", "name:ne": "कोदारी", "place": "hamlet"}}}, {"type": "Feature", "geometry": {"type": "Point", "coordinates": [86.3070626, 27.6034]}, "properties": {"external_id": "osm:node/2299775156", "kind": "tourism", "name": "Sushila Lodge", "name_ne": "", "tags": {"name": "Sushila Lodge", "tourism": "guest_house"}}}, {"type": "Feature", "geometry": {"type": "Point", "coordinates": [86.3160748, 27.5951375]}, "properties": {"external_id": "osm:node/2299775157", "kind": "tourism", "name": "Thodung Sherpa", "name_ne": "", "tags": {"name": "Thodung Sherpa", "tourism": "guest_house"}}}, {"type": "Feature", "geometry": {"type": "Point", "coordinates": [86.3420011, 27.5782637]}, "properties": {"external_id": "osm:node/2299775159", "kind": "tourism", "name": "", "name_ne": "", "tags": {"tourism": "guest_house"}}}, {"type": "Feature", "geometry": {"type": "Point", "coordinates": [86.3426984, 27.5777882]}, "properties": {"external_id": "osm:node/2299775161", "kind": "tourism", "name": "Sunny", "name_ne": "", "tags": {"name": "Sunny", "tourism": "guest_house"}}}, {"type": "Feature", "geometry": {"type": "Point", "coordinates": [86.3447825, 27.5765163]}, "properties": {"external_id": "osm:node/2299775162", "kind": "tourism", "name": "Baudhasherpa", "name_ne": "", "tags": {"name": "Baudhasherpa", "tourism": "guest_house"}}}, {"type": "Feature", "geometry": {"type": "Point", "coordinates": [86.4248813, 27.5823813]}, "properties": {"external_id": "osm:node/2299775170", "kind": "settlement", "name": "Chhimbu", "name_ne": "", "tags": {"name": "Chhimbu", "place": "hamlet"}}}, {"type": "Feature", "geometry": {"type": "Point", "coordinates": [86.401817, 27.5847325]}, "properties": {"external_id": "osm:node/2299775171", "kind": "tourism", "name": "Uma Kund", "name_ne": "", "tags": {"name": "Uma Kund", "tourism": "guest_house"}}}, {"type": "Feature", "geometry": {"type": "Point", "coordinates": [86.3375218, 27.5801323]}, "properties": {"external_id": "osm:node/2299775210", "kind": "tourism", "name": "Solukhumbu", "name_ne": "", "tags": {"name": "Solukhumbu", "tourism": "guest_house"}}}, {"type": "Feature", "geometry": {"type": "Point", "coordinates": [86.3443749, 27.5769561]}, "properties": {"external_id": "osm:node/2299775214", "kind": "tourism", "name": "", "name_ne": "", "tags": {"tourism": "guest_house"}}}, {"type": "Feature", "geometry": {"type": "Point", "coordinates": [86.4093379, 27.5840669]}, "properties": {"external_id": "osm:node/2299775260", "kind": "police", "name": "", "name_ne": "", "tags": {"amenity": "police"}}}, {"type": "Feature", "geometry": {"type": "Point", "coordinates": [86.4549999, 27.5781908]}, "properties": {"external_id": "osm:node/2300364533", "kind": "settlement", "name": "Dakchu", "name_ne": "", "tags": {"name": "Dakchu", "place": "village"}}}, {"type": "Feature", "geometry": {"type": "Point", "coordinates": [86.0317054, 27.7474692]}, "properties": {"external_id": "osm:node/2662625467", "kind": "settlement", "name": "Kuri", "name_ne": "कुरी", "tags": {"name": "कुरी", "name:en": "Kuri", "name:ne": "कुरी", "place": "village"}}}, {"type": "Feature", "geometry": {"type": "Point", "coordinates": [86.0785213, 27.6201886]}, "properties": {"external_id": "osm:node/2662694372", "kind": "health", "name": "", "name_ne": "", "tags": {"amenity": "hospital"}}}, {"type": "Feature", "geometry": {"type": "Point", "coordinates": [86.2212293, 27.5991572]}, "properties": {"external_id": "osm:node/2841680330", "kind": "settlement", "name": "Bengkan", "name_ne": "बेङ्कान", "tags": {"name": "बेङ्कान", "name:en": "Bengkan", "name:ne": "बेङ्कान", "place": "hamlet"}}}, {"type": "Feature", "geometry": {"type": "Point", "coordinates": [86.0720167, 27.6783932]}, "properties": {"external_id": "osm:node/2901364738", "kind": "tourism", "name": "Bhaktapure Rajbhandari Hotel and Fastfood", "name_ne": "", "tags": {"name": "Bhaktapure Rajbhandari Hotel and Fastfood", "tourism": "hotel"}}}, {"type": "Feature", "geometry": {"type": "Point", "coordinates": [86.0736479, 27.6788134]}, "properties": {"external_id": "osm:node/2901364743", "kind": "tourism", "name": "Brikodar Lodge", "name_ne": "", "tags": {"name": "Brikodar Lodge", "tourism": "hotel"}}}, {"type": "Feature", "geometry": {"type": "Point", "coordinates": [86.0720264, 27.679262]}, "properties": {"external_id": "osm:node/2901364761", "kind": "health", "name": "Dolakha health post", "name_ne": "", "tags": {"amenity": "clinic", "name": "Dolakha health post"}}}, {"type": "Feature", "geometry": {"type": "Point", "coordinates": [86.0710963, 27.6788935]}, "properties": {"external_id": "osm:node/2901364762", "kind": "tourism", "name": "Dolakha lodge", "name_ne": "", "tags": {"name": "Dolakha lodge", "tourism": "hotel"}}}, {"type": "Feature", "geometry": {"type": "Point", "coordinates": [86.0752611, 27.6796691]}, "properties": {"external_id": "osm:node/2901364765", "kind": "health", "name": "Gaurishankar General Hospital", "name_ne": "", "tags": {"amenity": "hospital", "name": "Gaurishankar General Hospital"}}}, {"type": "Feature", "geometry": {"type": "Point", "coordinates": [86.0741239, 27.6796924]}, "properties": {"external_id": "osm:node/2901364766", "kind": "tourism", "name": "Gaurishankar Resort", "name_ne": "", "tags": {"name": "Gaurishankar Resort", "tourism": "hotel"}}}, {"type": "Feature", "geometry": {"type": "Point", "coordinates": [86.0726025, 27.679533]}, "properties": {"external_id": "osm:node/2901364768", "kind": "tourism", "name": "Goldi Guest House", "name_ne": "", "tags": {"name": "Goldi Guest House", "tourism": "hotel"}}}, {"type": "Feature", "geometry": {"type": "Point", "coordinates": [86.0759508, 27.6786922]}, "properties": {"external_id": "osm:node/2901364769", "kind": "tourism", "name": "Dolakha Darshan", "name_ne": "", "tags": {"name": "Dolakha Darshan", "tourism": "hotel"}}}, {"type": "Feature", "geometry": {"type": "Point", "coordinates": [86.0757181, 27.6795302]}, "properties": {"external_id": "osm:node/2901364775", "kind": "health", "name": "Dolakha Lions Eye Centre", "name_ne": "", "tags": {"amenity": "hospital", "name": "Dolakha Lions Eye Centre"}}}, {"type": "Feature", "geometry": {"type": "Point", "coordinates": [86.0737686, 27.6761635]}, "properties": {"external_id": "osm:node/2901364793", "kind": "school", "name": "Raj Kuleshwar School", "name_ne": "राज कुलेश्वर स्कुल", "tags": {"amenity": "school", "name": "Raj Kuleshwar School", "name:ne": "राज कुलेश्वर स्कुल"}}}, {"type": "Feature", "geometry": {"type": "Point", "coordinates": [86.0740237, 27.6782214]}, "properties": {"external_id": "osm:node/2901364796", "kind": "tourism", "name": "Sandesh Upadesh hotel", "name_ne": "", "tags": {"name": "Sandesh Upadesh hotel", "tourism": "hotel"}}}, {"type": "Feature", "geometry": {"type": "Point", "coordinates": [86.0726265, 27.6794082]}, "properties": {"external_id": "osm:node/2901364800", "kind": "tourism", "name": "Shankar Hotel & Lodge", "name_ne": "", "tags": {"name": "Shankar Hotel & Lodge", "tourism": "hotel"}}}, {"type": "Feature", "geometry": {"type": "Point", "coordinates": [86.0706403, 27.6791941]}, "properties": {"external_id": "osm:node/2901365401", "kind": "school", "name": "Bhim Uchha Madhyamik Vidyalaya", "name_ne": "", "tags": {"amenity": "school", "name": "Bhim Uchha Madhyamik Vidyalaya"}}}, {"type": "Feature", "geometry": {"type": "Point", "coordinates": [86.0606624, 27.6758272]}, "properties": {"external_id": "osm:node/2901365406", "kind": "school", "name": "Tikhatal School", "name_ne": "", "tags": {"amenity": "school", "name": "Tikhatal School"}}}, {"type": "Feature", "geometry": {"type": "Point", "coordinates": [86.0699526, 27.6788077]}, "properties": {"external_id": "osm:node/2905131445", "kind": "tourism", "name": "Lalbhairab Resort", "name_ne": "", "tags": {"name": "Lalbhairab Resort", "tourism": "hotel"}}}, {"type": "Feature", "geometry": {"type": "Point", "coordinates": [86.0715884, 27.6785241]}, "properties": {"external_id": "osm:node/2905467071", "kind": "tourism", "name": "Abhayapur Lodge", "name_ne": "", "tags": {"name": "Abhayapur Lodge", "tourism": "hotel"}}}, {"type": "Feature", "geometry": {"type": "Point", "coordinates": [86.0502118, 27.6689442]}, "properties": {"external_id": "osm:node/2905467081", "kind": "police", "name": "District Police Office", "name_ne": "जिल्ला प्रहरी कार्यालय", "tags": {"amenity": "police", "name": "जिल्ला प्रहरी कार्यालय", "name:en": "District Police Office", "name:ne": "जिल्ला प्रहरी कार्यालय", "operator": "Security"}}}, {"type": "Feature", "geometry": {"type": "Point", "coordinates": [86.4623845, 27.8691606]}, "properties": {"external_id": "osm:node/3031897854", "kind": "dam", "name": "", "name_ne": "", "tags": {"waterway": "weir"}}}, {"type": "Feature", "geometry": {"type": "Point", "coordinates": [86.1706396, 27.549186]}, "properties": {"external_id": "osm:node/3045498771", "kind": "settlement", "name": "", "name_ne": "", "tags": {"place": "village"}}}, {"type": "Feature", "geometry": {"type": "Point", "coordinates": [86.2844605, 27.546788]}, "properties": {"external_id": "osm:node/3120482192", "kind": "settlement", "name": "", "name_ne": "", "tags": {"place": "village"}}}, {"type": "Feature", "geometry": {"type": "Point", "coordinates": [86.3421145, 27.5597453]}, "properties": {"external_id": "osm:node/3120482953", "kind": "settlement", "name": "", "name_ne": "", "tags": {"place": "village"}}}, {"type": "Feature", "geometry": {"type": "Point", "coordinates": [86.339006, 27.5708114]}, "properties": {"external_id": "osm:node/3120483386", "kind": "settlement", "name": "Bhandar", "name_ne": "भण्डार", "tags": {"name": "भण्डार", "name:en": "Bhandar", "name:ne": "भण्डार", "place": "hamlet"}}}, {"type": "Feature", "geometry": {"type": "Point", "coordinates": [86.2916406, 27.5877844]}, "properties": {"external_id": "osm:node/3120483888", "kind": "settlement", "name": "Sotrekhani", "name_ne": "सोत्रेखानी", "tags": {"name": "सोत्रेखानी", "name:en": "Sotrekhani", "name:ne": "सोत्रेखानी", "place": "hamlet"}}}, {"type": "Feature", "geometry": {"type": "Point", "coordinates": [86.31957, 27.6461809]}, "properties": {"external_id": "osm:node/3120511731", "kind": "settlement", "name": "Garjang", "name_ne": "गर्जाङ", "tags": {"name": "गर्जाङ", "name:en": "Garjang", "name:ne": "गर्जाङ", "place": "hamlet"}}}, {"type": "Feature", "geometry": {"type": "Point", "coordinates": [86.2922454, 27.6527106]}, "properties": {"external_id": "osm:node/3120511732", "kind": "settlement", "name": "Pumpa", "name_ne": "पुम्पा", "tags": {"name": "पुम्पा", "name:en": "Pumpa", "name:ne": "पुम्पा", "place": "hamlet"}}}, {"type": "Feature", "geometry": {"type": "Point", "coordinates": [86.4297422, 27.6305136]}, "properties": {"external_id": "osm:node/3120550376", "kind": "settlement", "name": "Kyama", "name_ne": "क्यामा", "tags": {"name": "क्यामा", "name:en": "Kyama", "name:ne": "क्यामा", "place": "hamlet"}}}, {"type": "Feature", "geometry": {"type": "Point", "coordinates": [86.4694059, 27.6872829]}, "properties": {"external_id": "osm:node/3120550377", "kind": "settlement", "name": "Lhachhewar", "name_ne": "ल्हाछेवार", "tags": {"name": "ल्हाछेवार", "name:en": "Lhachhewar", "name:ne": "ल्हाछेवार", "place": "hamlet"}}}, {"type": "Feature", "geometry": {"type": "Point", "coordinates": [86.5166062, 27.7334185]}, "properties": {"external_id": "osm:node/3120550380", "kind": "settlement", "name": "Ngeju Kharka", "name_ne": "ङेजु खार्का", "tags": {"name": "ङेजु खार्का", "name:en": "Ngeju Kharka", "name:ne": "ङेजु खार्का", "place": "hamlet"}}}, {"type": "Feature", "geometry": {"type": "Point", "coordinates": [86.3238288, 27.6537188]}, "properties": {"external_id": "osm:node/3120556022", "kind": "settlement", "name": "", "name_ne": "", "tags": {"place": "village"}}}, {"type": "Feature", "geometry": {"type": "Point", "coordinates": [86.2349702, 27.8388122]}, "properties": {"external_id": "osm:node/3134662216", "kind": "settlement", "name": "Trashinam", "name_ne": "ट्रासिनम", "tags": {"name": "ट्रासिनम", "name:en": "Trashinam", "name:ne": "ट्रासिनम", "place": "hamlet"}}}, {"type": "Feature", "geometry": {"type": "Point", "coordinates": [86.6025962, 27.5828514]}, "properties": {"external_id": "osm:node/3147289353", "kind": "settlement", "name": "Daltsangma", "name_ne": "", "tags": {"name": "Daltsangma", "place": "village"}}}, {"type": "Feature", "geometry": {"type": "Point", "coordinates": [86.5452688, 27.5956828]}, "properties": {"external_id": "osm:node/3147289354", "kind": "settlement", "name": "Dzumshimta", "name_ne": "", "tags": {"name": "Dzumshimta", "place": "village"}}}, {"type": "Feature", "geometry": {"type": "Point", "coordinates": [86.5973248, 27.5922611]}, "properties": {"external_id": "osm:node/3147289355", "kind": "settlement", "name": "Gonbo", "name_ne": "", "tags": {"name": "Gonbo", "place": "village"}}}, {"type": "Feature", "geometry": {"type": "Point", "coordinates": [86.5493475, 27.5981059]}, "properties": {"external_id": "osm:node/3147289356", "kind": "settlement", "name": "Mopung", "name_ne": "मोपुङ", "tags": {"name": "Mopung", "name:ne": "मोपुङ", "place": "village"}}}, {"type": "Feature", "geometry": {"type": "Point", "coordinates": [86.5414494, 27.6038067]}, "properties": {"external_id": "osm:node/3147289357", "kind": "settlement", "name": "Pangkarma", "name_ne": "पङकर्मा", "tags": {"name": "Pangkarma", "name:ne": "पङकर्मा", "place": "village"}}}, {"type": "Feature", "geometry": {"type": "Point", "coordinates": [86.5501855, 27.6071523]}, "properties": {"external_id": "osm:node/3147289358", "kind": "settlement", "name": "Thubten Choling", "name_ne": "थुबतेन छोलिङ्ग", "tags": {"name": "Thubten Choling", "name:ne": "थुबतेन छोलिङ्ग", "place": "village"}}}, {"type": "Feature", "geometry": {"type": "Point", "coordinates": [86.5866086, 27.5923512]}, "properties": {"external_id": "osm:node/3147289359", "kind": "settlement", "name": "Tongnasa", "name_ne": "", "tags": {"name": "Tongnasa", "place": "village"}}}, {"type": "Feature", "geometry": {"type": "Point", "coordinates": [86.5869013, 27.5505058]}, "properties": {"external_id": "osm:node/3188795439", "kind": "settlement", "name": "Beni", "name_ne": "बेनी", "tags": {"name": "बेनी", "name:en": "Beni", "name:ne": "बेनी", "place": "isolated_dwelling"}}}, {"type": "Feature", "geometry": {"type": "Point", "coordinates": [86.5968507, 27.5356251]}, "properties": {"external_id": "osm:node/3188795440", "kind": "settlement", "name": "Chiwang", "name_ne": "", "tags": {"name": "Chiwang", "place": "isolated_dwelling"}}}, {"type": "Feature", "geometry": {"type": "Point", "coordinates": [86.5895464, 27.545755]}, "properties": {"external_id": "osm:node/3188795441", "kind": "settlement", "name": "Jambuk", "name_ne": "जम्बुक", "tags": {"name": "जम्बुक", "name:en": "Jambuk", "name:ne": "जम्बुक", "place": "isolated_dwelling"}}}, {"type": "Feature", "geometry": {"type": "Point", "coordinates": [86.584885, 27.514402]}, "properties": {"external_id": "osm:node/3188795442", "kind": "settlement", "name": "Phaplu", "name_ne": "", "tags": {"name": "Phaplu", "place": "village"}}}, {"type": "Feature", "geometry": {"type": "Point", "coordinates": [86.5924064, 27.5561477]}, "properties": {"external_id": "osm:node/3188795443", "kind": "settlement", "name": "Phera", "name_ne": "", "tags": {"name": "Phera", "place": "isolated_dwelling"}}}, {"type": "Feature", "geometry": {"type": "Point", "coordinates": [86.6292016, 27.6031355]}, "properties": {"external_id": "osm:node/3190439786", "kind": "settlement", "name": "Chhulemu", "name_ne": "", "tags": {"name": "Chhulemu", "place": "isolated_dwelling"}}}, {"type": "Feature", "geometry": {"type": "Point", "coordinates": [86.6373651, 27.5994012]}, "properties": {"external_id": "osm:node/3190439787", "kind": "settlement", "name": "Deku", "name_ne": "", "tags": {"name": "Deku", "place": "isolated_dwelling"}}}, {"type": "Feature", "geometry": {"type": "Point", "coordinates": [86.6430809, 27.6056888]}, "properties": {"external_id": "osm:node/3190439788", "kind": "settlement", "name": "Hewa", "name_ne": "हेवा", "tags": {"name": "हेवा", "name:en": "Hewa", "name:ne": "हेवा", "place": "isolated_dwelling"}}}, {"type": "Feature", "geometry": {"type": "Point", "coordinates": [86.4478374, 27.742438]}, "properties": {"external_id": "osm:node/3208572168", "kind": "settlement", "name": "Khola Kharka", "name_ne": "खोला खार्का", "tags": {"name": "खोला खार्का", "name:en": "Khola Kharka", "name:ne": "खोला खार्का", "place": "hamlet"}}}, {"type": "Feature", "geometry": {"type": "Point", "coordinates": [86.5907522, 27.677334]}, "properties": {"external_id": "osm:node/3208572169", "kind": "settlement", "name": "Saharsabeni", "name_ne": "", "tags": {"name": "Saharsabeni", "place": "hamlet"}}}, {"type": "Feature", "geometry": {"type": "Point", "coordinates": [86.3389667, 27.6806518]}, "properties": {"external_id": "osm:node/3208581638", "kind": "settlement", "name": "Khahare", "name_ne": "खहरे", "tags": {"name": "खहरे", "name:en": "Khahare", "name:ne": "खहरे", "place": "hamlet"}}}, {"type": "Feature", "geometry": {"type": "Point", "coordinates": [86.1605955, 27.736213]}, "properties": {"external_id": "osm:node/3230169715", "kind": "health", "name": "Singati Community Hospital", "name_ne": "", "tags": {"amenity": "hospital", "name": "Singati Community Hospital"}}}, {"type": "Feature", "geometry": {"type": "Point", "coordinates": [86.163925, 27.7361686]}, "properties": {"external_id": "osm:node/3255326993", "kind": "settlement", "name": "Singati", "name_ne": "सिंगटी", "tags": {"name": "सिंगटी", "name:en": "Singati", "name:ne": "सिंगटी", "place": "hamlet"}}}, {"type": "Feature", "geometry": {"type": "Point", "coordinates": [85.9644055, 27.702012]}, "properties": {"external_id": "osm:node/3275042912", "kind": "settlement", "name": "Khanidanda", "name_ne": "खानीडाँडा", "tags": {"name": "खानीडाँडा", "name:en": "Khanidanda", "name:ne": "खानीडाँडा", "place": "hamlet"}}}, {"type": "Feature", "geometry": {"type": "Point", "coordinates": [85.9547113, 27.7170954]}, "properties": {"external_id": "osm:node/3275042913", "kind": "settlement", "name": "Makaiban", "name_ne": "मकैबन", "tags": {"name": "मकैबन", "name:en": "Makaiban", "name:ne": "मकैबन", "place": "hamlet"}}}, {"type": "Feature", "geometry": {"type": "Point", "coordinates": [86.0607558, 27.3816177]}, "properties": {"external_id": "osm:node/3383548157", "kind": "town", "name": "Manthali", "name_ne": "मन्थली", "tags": {"name": "मन्थली", "name:en": "Manthali", "name:ne": "मन्थली", "place": "town"}}}, {"type": "Feature", "geometry": {"type": "Point", "coordinates": [86.559708, 27.440092]}, "properties": {"external_id": "osm:node/3383562720", "kind": "settlement", "name": "", "name_ne": "", "tags": {"place": "hamlet"}}}, {"type": "Feature", "geometry": {"type": "Point", "coordinates": [86.0488323, 27.6635631]}, "properties": {"external_id": "osm:node/3383645104", "kind": "town", "name": "Bhimeshwar", "name_ne": "भिमेश्वर", "tags": {"name": "भीमेश्वर", "name:en": "Bhimeshwar", "name:ne": "भिमेश्वर", "place": "town", "population": "22537"}}}, {"type": "Feature", "geometry": {"type": "Point", "coordinates": [86.2210288, 27.871222]}, "properties": {"external_id": "osm:node/3459771650", "kind": "settlement", "name": "Chetchet", "name_ne": "", "tags": {"name": "Chetchet", "place": "hamlet"}}}, {"type": "Feature", "geometry": {"type": "Point", "coordinates": [86.2177725, 27.8459143]}, "properties": {"external_id": "osm:node/3459771651", "kind": "settlement", "name": "Gonggar", "name_ne": "गोङ्गर", "tags": {"name": "गोङ्गर", "name:en": "Gonggar", "name:ne": "गोङ्गर", "place": "hamlet"}}}, {"type": "Feature", "geometry": {"type": "Point", "coordinates": [86.2273713, 27.8245885]}, "properties": {"external_id": "osm:node/3459771652", "kind": "settlement", "name": "Jagat", "name_ne": "जगत", "tags": {"name": "जगत", "name:en": "Jagat", "name:ne": "जगत", "place": "hamlet"}}}, {"type": "Feature", "geometry": {"type": "Point", "coordinates": [86.1016008, 27.4920323]}, "properties": {"external_id": "osm:node/3459771653", "kind": "settlement", "name": "Khimti", "name_ne": "खिम्ती", "tags": {"name": "खिम्ती", "name:en": "Khimti", "name:ne": "खिम्ती", "place": "hamlet"}}}, {"type": "Feature", "geometry": {"type": "Point", "coordinates": [86.2092297, 27.903125]}, "properties": {"external_id": "osm:node/3459771654", "kind": "settlement", "name": "Tallo Lamabagar", "name_ne": "तल्लो लामाबगर", "tags": {"name": "तल्लो लामाबगर", "name:en": "Tallo Lamabagar", "name:ne": "तल्लो लामाबगर", "place": "hamlet"}}}, {"type": "Feature", "geometry": {"type": "Point", "coordinates": [86.2353027, 27.8852309]}, "properties": {"external_id": "osm:node/3459771655", "kind": "settlement", "name": "Rikhu", "name_ne": "रिखु", "tags": {"name": "रिखु", "name:en": "Rikhu", "name:ne": "रिखु", "place": "hamlet"}}}, {"type": "Feature", "geometry": {"type": "Point", "coordinates": [86.3000616, 27.59885]}, "properties": {"external_id": "osm:node/3478785426", "kind": "settlement", "name": "Chyangpar", "name_ne": "च्याङपार", "tags": {"name": "च्याङपार", "name:en": "Chyangpar", "name:ne": "च्याङपार", "place": "hamlet"}}}, {"type": "Feature", "geometry": {"type": "Point", "coordinates": [86.2982788, 27.5935871]}, "properties": {"external_id": "osm:node/3478785427", "kind": "settlement", "name": "Bigu", "name_ne": "बिगु", "tags": {"name": "बिगु", "name:en": "Bigu", "name:ne": "बिगु", "place": "hamlet"}}}, {"type": "Feature", "geometry": {"type": "Point", "coordinates": [86.2836729, 27.5944968]}, "properties": {"external_id": "osm:node/3478786321", "kind": "settlement", "name": "Chorpatal", "name_ne": "चोरपतल", "tags": {"name": "चोरपतल", "name:en": "Chorpatal", "name:ne": "चोरपतल", "place": "hamlet"}}}, {"type": "Feature", "geometry": {"type": "Point", "coordinates": [86.2950638, 27.6089272]}, "properties": {"external_id": "osm:node/3478852271", "kind": "tourism", "name": "River Guest House", "name_ne": "", "tags": {"name": "Riverside Lodge", "name:en": "River Guest House", "tourism": "guest_house"}}}, {"type": "Feature", "geometry": {"type": "Point", "coordinates": [86.2532588, 27.6139605]}, "properties": {"external_id": "osm:node/3480088361", "kind": "settlement", "name": "Kuthame", "name_ne": "कुथामे", "tags": {"name": "कुथामे", "name:en": "Kuthame", "name:ne": "कुथामे", "place": "hamlet"}}}, {"type": "Feature", "geometry": {"type": "Point", "coordinates": [86.247142, 27.6064532]}, "properties": {"external_id": "osm:node/3480088362", "kind": "settlement", "name": "Kapsa", "name_ne": "काप्सा", "tags": {"name": "काप्सा", "name:en": "Kapsa", "name:ne": "काप्सा", "place": "hamlet"}}}, {"type": "Feature", "geometry": {"type": "Point", "coordinates": [85.9677176, 27.4620894]}, "properties": {"external_id": "osm:node/3481652843", "kind": "settlement", "name": "Kantar", "name_ne": "कानटार", "tags": {"name": "कानटार", "name:en": "Kantar", "name:ne": "कानटार", "place": "hamlet"}}}, {"type": "Feature", "geometry": {"type": "Point", "coordinates": [86.1074915, 27.7494805]}, "properties": {"external_id": "osm:node/3483843229", "kind": "settlement", "name": "", "name_ne": "", "tags": {"place": "hamlet"}}}, {"type": "Feature", "geometry": {"type": "Point", "coordinates": [86.2114297, 27.7763046]}, "properties": {"external_id": "osm:node/3484025078", "kind": "settlement", "name": "", "name_ne": "", "tags": {"place": "hamlet"}}}, {"type": "Feature", "geometry": {"type": "Point", "coordinates": [85.9632708, 27.8032997]}, "properties": {"external_id": "osm:node/3484098842", "kind": "settlement", "name": "Drumtali", "name_ne": "दुरुमथली", "tags": {"name": "दुरुमथली", "name:en": "Drumtali", "name:ne": "दुरुमथली", "place": "hamlet"}}}, {"type": "Feature", "geometry": {"type": "Point", "coordinates": [86.103335, 27.6720743]}, "properties": {"external_id": "osm:node/3484637817", "kind": "settlement", "name": "", "name_ne": "", "tags": {"place": "village"}}}, {"type": "Feature", "geometry": {"type": "Point", "coordinates": [86.1121514, 27.6892781]}, "properties": {"external_id": "osm:node/3484734136", "kind": "settlement", "name": "", "name_ne": "", "tags": {"place": "hamlet"}}}, {"type": "Feature", "geometry": {"type": "Point", "coordinates": [86.1659687, 27.682129]}, "properties": {"external_id": "osm:node/3485186409", "kind": "settlement", "name": "Biramsi", "name_ne": "बिरामसी", "tags": {"name": "बिरामसी", "name:en": "Biramsi", "name:ne": "बिरामसी", "place": "hamlet"}}}, {"type": "Feature", "geometry": {"type": "Point", "coordinates": [86.1692875, 27.6774508]}, "properties": {"external_id": "osm:node/3485186410", "kind": "settlement", "name": "Kaphle", "name_ne": "काफ्ले", "tags": {"name": "काफ्ले", "name:en": "Kaphle", "name:ne": "काफ्ले", "place": "hamlet"}}}, {"type": "Feature", "geometry": {"type": "Point", "coordinates": [86.1718283, 27.6847398]}, "properties": {"external_id": "osm:node/3485210307", "kind": "settlement", "name": "Lukuwa", "name_ne": "लुकुवा", "tags": {"name": "लुकुवा", "name:en": "Lukuwa", "name:ne": "लुकुवा", "place": "hamlet"}}}, {"type": "Feature", "geometry": {"type": "Point", "coordinates": [86.1883416, 27.7039882]}, "properties": {"external_id": "osm:node/3485342026", "kind": "settlement", "name": "Ganardi", "name_ne": "गानार्डी", "tags": {"name": "गानार्डी", "name:en": "Ganardi", "name:ne": "गानार्डी", "place": "hamlet"}}}, {"type": "Feature", "geometry": {"type": "Point", "coordinates": [86.1279135, 27.7729445]}, "properties": {"external_id": "osm:node/3485422031", "kind": "settlement", "name": "Sisneri", "name_ne": "सिस्नेरी", "tags": {"name": "सिस्नेरी", "name:en": "Sisneri", "name:ne": "सिस्नेरी", "place": "hamlet"}}}, {"type": "Feature", "geometry": {"type": "Point", "coordinates": [86.0664179, 27.8017938]}, "properties": {"external_id": "osm:node/3487439574", "kind": "settlement", "name": "", "name_ne": "", "tags": {"place": "hamlet"}}}, {"type": "Feature", "geometry": {"type": "Point", "coordinates": [86.0799301, 27.7156638]}, "properties": {"external_id": "osm:node/3489090768", "kind": "settlement", "name": "", "name_ne": "", "tags": {"place": "hamlet"}}}, {"type": "Feature", "geometry": {"type": "Point", "coordinates": [86.0655222, 27.6328378]}, "properties": {"external_id": "osm:node/3490216743", "kind": "settlement", "name": "KirantiChhap", "name_ne": "किराँतिछाप", "tags": {"name": "किराँतिछाप", "name:en": "KirantiChhap", "name:ne": "किराँतिछाप", "place": "hamlet"}}}, {"type": "Feature", "geometry": {"type": "Point", "coordinates": [85.9707759, 27.9600251]}, "properties": {"external_id": "osm:node/3490922199", "kind": "settlement", "name": "Goinsar", "name_ne": "", "tags": {"name": "立新社区", "name:en": "Goinsar", "place": "village"}}}, {"type": "Feature", "geometry": {"type": "Point", "coordinates": [86.139984, 27.7985]}, "properties": {"external_id": "osm:node/3490952292", "kind": "settlement", "name": "Chyasarpa", "name_ne": "च्यासर्प", "tags": {"name": "च्यासर्प", "name:en": "Chyasarpa", "name:ne": "च्यासर्प", "place": "hamlet"}}}, {"type": "Feature", "geometry": {"type": "Point", "coordinates": [86.2844695, 27.7777417]}, "properties": {"external_id": "osm:node/3490991177", "kind": "settlement", "name": "Sikpāsor Khāni", "name_ne": "सिकपासोर खानी", "tags": {"name": "सिकपासोर खानी", "name:en": "Sikpāsor Khāni", "name:ne": "सिकपासोर खानी", "place": "hamlet"}}}, {"type": "Feature", "geometry": {"type": "Point", "coordinates": [86.3755363, 27.9028109]}, "properties": {"external_id": "osm:node/3491013193", "kind": "settlement", "name": "Beding", "name_ne": "", "tags": {"name": "Beding", "place": "hamlet"}}}, {"type": "Feature", "geometry": {"type": "Point", "coordinates": [86.42678, 27.8814863]}, "properties": {"external_id": "osm:node/3491026788", "kind": "settlement", "name": "Na", "name_ne": "न", "tags": {"name": "Na", "name:en": "Na", "name:ne": "न", "place": "hamlet"}}}, {"type": "Feature", "geometry": {"type": "Point", "coordinates": [85.9890628, 27.4883685]}, "properties": {"external_id": "osm:node/3495073062", "kind": "settlement", "name": "Deurali", "name_ne": "देउराली", "tags": {"name": "देउराली", "name:en": "Deurali", "name:ne": "देउराली", "place": "hamlet"}}}, {"type": "Feature", "geometry": {"type": "Point", "coordinates": [85.9746032, 27.3604884]}, "properties": {"external_id": "osm:node/3499329864", "kind": "settlement", "name": "Benighat", "name_ne": "बेनीघाट", "tags": {"name": "बेनीघाट", "name:en": "Benighat", "name:ne": "बेनीघाट", "place": "hamlet"}}}, {"type": "Feature", "geometry": {"type": "Point", "coordinates": [86.1017263, 27.5541142]}, "properties": {"external_id": "osm:node/3499329865", "kind": "settlement", "name": "Tamakoshi", "name_ne": "तामाकोशी", "tags": {"name": "तामाकोशी", "name:en": "Tamakoshi", "name:ne": "तामाकोशी", "place": "village"}}}, {"type": "Feature", "geometry": {"type": "Point", "coordinates": [86.0594043, 27.5143552]}, "properties": {"external_id": "osm:node/3499329870", "kind": "settlement", "name": "Melung", "name_ne": "मेलुङ", "tags": {"name": "मेलुङ", "name:en": "Melung", "name:ne": "मेलुङ", "place": "village"}}}, {"type": "Feature", "geometry": {"type": "Point", "coordinates": [86.3416607, 27.5896577]}, "properties": {"external_id": "osm:node/3499329877", "kind": "settlement", "name": "Thodung", "name_ne": "थोडुङ", "tags": {"name": "थोडुङ", "name:en": "Thodung", "name:ne": "थोडुङ", "place": "hamlet"}}}, {"type": "Feature", "geometry": {"type": "Point", "coordinates": [86.2575736, 27.6197877]}, "properties": {"external_id": "osm:node/3500941037", "kind": "settlement", "name": "", "name_ne": "", "tags": {"place": "hamlet"}}}, {"type": "Feature", "geometry": {"type": "Point", "coordinates": [86.2646488, 27.6130573]}, "properties": {"external_id": "osm:node/3500941047", "kind": "settlement", "name": "", "name_ne": "", "tags": {"place": "hamlet"}}}, {"type": "Feature", "geometry": {"type": "Point", "coordinates": [86.2589898, 27.628319]}, "properties": {"external_id": "osm:node/3500941266", "kind": "settlement", "name": "", "name_ne": "", "tags": {"place": "hamlet"}}}, {"type": "Feature", "geometry": {"type": "Point", "coordinates": [86.2200096, 27.6234048]}, "properties": {"external_id": "osm:node/3509470099", "kind": "settlement", "name": "Hatdanda", "name_ne": "हाट डाँडा", "tags": {"name": "हाट डाँडा", "name:en": "Hatdanda", "name:ne": "हाट डाँडा", "place": "hamlet"}}}, {"type": "Feature", "geometry": {"type": "Point", "coordinates": [86.1369415, 27.648716]}, "properties": {"external_id": "osm:node/3509476216", "kind": "settlement", "name": "Mainapokhari", "name_ne": "मैनापोखरी", "tags": {"name": "मैनापोखरी", "name:en": "Mainapokhari", "name:ne": "मैनापोखरी", "place": "hamlet"}}}, {"type": "Feature", "geometry": {"type": "Point", "coordinates": [86.1678367, 27.5499382]}, "properties": {"external_id": "osm:node/3517429524", "kind": "hydropower", "name": "Khimti I Hydropower Plant", "name_ne": "", "tags": {"name": "Khimti I Hydropower Plant", "operator": "Himal Power Limited", "power": "generator"}}}, {"type": "Feature", "geometry": {"type": "Point", "coordinates": [86.6308459, 27.3831991]}, "properties": {"external_id": "osm:node/3524599639", "kind": "settlement", "name": "Sallyan", "name_ne": "", "tags": {"name": "Sallyan", "place": "hamlet"}}}, {"type": "Feature", "geometry": {"type": "Point", "coordinates": [86.217805, 27.9513097]}, "properties": {"external_id": "osm:node/3525480003", "kind": "tourism", "name": "", "name_ne": "", "tags": {"tourism": "camp_site"}}}, {"type": "Feature", "geometry": {"type": "Point", "coordinates": [86.2073091, 27.9848396]}, "properties": {"external_id": "osm:node/3526234972", "kind": "tourism", "name": "", "name_ne": "", "tags": {"tourism": "camp_site"}}}, {"type": "Feature", "geometry": {"type": "Point", "coordinates": [86.049564, 27.6713156]}, "properties": {"external_id": "osm:node/4240911790", "kind": "health", "name": "District Health Office", "name_ne": "जिल्ला स्वास्थ्य कार्यालय", "tags": {"amenity": "hospital", "name": "जिल्ला स्वास्थ्य कार्यालय", "name:en": "District Health Office", "name:ne": "जिल्ला स्वास्थ्य कार्यालय"}}}, {"type": "Feature", "geometry": {"type": "Point", "coordinates": [86.2321569, 27.8727192]}, "properties": {"external_id": "osm:node/4281452097", "kind": "tourism", "name": "sumigaun", "name_ne": "", "tags": {"name": "sumigaun", "tourism": "camp_site"}}}, {"type": "Feature", "geometry": {"type": "Point", "coordinates": [86.439324, 27.3511586]}, "properties": {"external_id": "osm:node/4382892268", "kind": "settlement", "name": "Rampur", "name_ne": "", "tags": {"name": "Rampur", "place": "village"}}}, {"type": "Feature", "geometry": {"type": "Point", "coordinates": [86.5868683, 27.5051857]}, "properties": {"external_id": "osm:node/4386692392", "kind": "tourism", "name": "Laxmi lodge & restaurant", "name_ne": "", "tags": {"name:en": "Laxmi lodge & restaurant", "tourism": "hotel"}}}, {"type": "Feature", "geometry": {"type": "Point", "coordinates": [86.6019303, 27.3872961]}, "properties": {"external_id": "osm:node/4386695896", "kind": "tourism", "name": "Salyan Hotel", "name_ne": "", "tags": {"name:en": "Salyan Hotel", "tourism": "guest_house"}}}, {"type": "Feature", "geometry": {"type": "Point", "coordinates": [86.6397098, 27.3547765]}, "properties": {"external_id": "osm:node/4386725789", "kind": "tourism", "name": "Bastola Hotel & lodge", "name_ne": "", "tags": {"name:en": "Bastola Hotel & lodge", "tourism": "guest_house"}}}, {"type": "Feature", "geometry": {"type": "Point", "coordinates": [86.5727597, 27.4580355]}, "properties": {"external_id": "osm:node/4427454498", "kind": "school", "name": "Garma School", "name_ne": "", "tags": {"amenity": "school", "name:en": "Garma School"}}}, {"type": "Feature", "geometry": {"type": "Point", "coordinates": [86.6210553, 27.4367565]}, "properties": {"external_id": "osm:node/4428610195", "kind": "school", "name": "Jogara School", "name_ne": "", "tags": {"amenity": "school", "name:en": "Jogara School"}}}, {"type": "Feature", "geometry": {"type": "Point", "coordinates": [86.5823491, 27.4648527]}, "properties": {"external_id": "osm:node/4438902993", "kind": "tourism", "name": "Himalaya Care Foundation", "name_ne": "", "tags": {"name:en": "Himalaya Care Foundation", "tourism": "alpine_hut"}}}, {"type": "Feature", "geometry": {"type": "Point", "coordinates": [86.5841361, 27.4580532]}, "properties": {"external_id": "osm:node/4438903890", "kind": "school", "name": "", "name_ne": "", "tags": {"amenity": "school"}}}, {"type": "Feature", "geometry": {"type": "Point", "coordinates": [86.0603697, 27.7582138]}, "properties": {"external_id": "osm:node/4484636412", "kind": "tourism", "name": "", "name_ne": "", "tags": {"tourism": "camp_site"}}}, {"type": "Feature", "geometry": {"type": "Point", "coordinates": [86.6061738, 27.5887679]}, "properties": {"external_id": "osm:node/4493549305", "kind": "tourism", "name": "Hotel Yak&Nak", "name_ne": "", "tags": {"name:en": "Hotel Yak&Nak", "tourism": "guest_house"}}}, {"type": "Feature", "geometry": {"type": "Point", "coordinates": [86.5844389, 27.5730801]}, "properties": {"external_id": "osm:node/4493563792", "kind": "tourism", "name": "Himalayan Lodge", "name_ne": "", "tags": {"name:en": "Himalayan Lodge", "tourism": "guest_house"}}}, {"type": "Feature", "geometry": {"type": "Point", "coordinates": [86.3154851, 27.6452402]}, "properties": {"external_id": "osm:node/4497769890", "kind": "tourism", "name": "Hotel Chuchure Inn", "name_ne": "", "tags": {"name:en": "Hotel Chuchure Inn", "tourism": "guest_house"}}}, {"type": "Feature", "geometry": {"type": "Point", "coordinates": [86.3673898, 27.6126123]}, "properties": {"external_id": "osm:node/4497770089", "kind": "tourism", "name": "Serding", "name_ne": "", "tags": {"name:en": "Serding", "tourism": "camp_site"}}}, {"type": "Feature", "geometry": {"type": "Point", "coordinates": [86.2199824, 27.6232757]}, "properties": {"external_id": "osm:node/4520476390", "kind": "tourism", "name": "Zurich View hotel", "name_ne": "", "tags": {"name:en": "Zurich View hotel", "tourism": "hotel"}}}, {"type": "Feature", "geometry": {"type": "Point", "coordinates": [86.6381758, 27.8856345]}, "properties": {"external_id": "osm:node/4525637990", "kind": "tourism", "name": "Cho-Oyu Lodge", "name_ne": "", "tags": {"name:en": "Cho-Oyu Lodge", "tourism": "guest_house"}}}, {"type": "Feature", "geometry": {"type": "Point", "coordinates": [86.0314236, 27.7477614]}, "properties": {"external_id": "osm:node/4526157189", "kind": "tourism", "name": "MP hotel and guesthouse", "name_ne": "", "tags": {"name:en": "MP hotel and guesthouse", "tourism": "guest_house"}}}, {"type": "Feature", "geometry": {"type": "Point", "coordinates": [86.5855169, 27.5141354]}, "properties": {"external_id": "osm:node/4533657007", "kind": "tourism", "name": "", "name_ne": "", "tags": {"tourism": "hotel"}}}, {"type": "Feature", "geometry": {"type": "Point", "coordinates": [86.5856296, 27.5142171]}, "properties": {"external_id": "osm:node/4533657296", "kind": "tourism", "name": "", "name_ne": "", "tags": {"tourism": "hotel"}}}, {"type": "Feature", "geometry": {"type": "Point", "coordinates": [86.046723, 27.5292639]}, "properties": {"external_id": "osm:node/4538161891", "kind": "school", "name": "Juke", "name_ne": "", "tags": {"amenity": "school", "name:en": "Juke"}}}, {"type": "Feature", "geometry": {"type": "Point", "coordinates": [86.0595392, 27.5282569]}, "properties": {"external_id": "osm:node/4538993489", "kind": "school", "name": "Bhim secondary school", "name_ne": "", "tags": {"amenity": "school", "name:en": "Bhim secondary school"}}}, {"type": "Feature", "geometry": {"type": "Point", "coordinates": [86.0592214, 27.3808559]}, "properties": {"external_id": "osm:node/4567911690", "kind": "tourism", "name": "Sunrise Food Cafe & Lodge", "name_ne": "", "tags": {"name:en": "Sunrise Food Cafe & Lodge", "operator": "Dinesh Kumar Karmacharya", "tourism": "hotel"}}}, {"type": "Feature", "geometry": {"type": "Point", "coordinates": [86.0468095, 27.536092]}, "properties": {"external_id": "osm:node/4603477789", "kind": "school", "name": "Shree Juke secondary school", "name_ne": "", "tags": {"amenity": "school", "name:en": "Shree Juke secondary school"}}}, {"type": "Feature", "geometry": {"type": "Point", "coordinates": [85.9795348, 27.6902334]}, "properties": {"external_id": "osm:node/4613985791", "kind": "school", "name": "", "name_ne": "", "tags": {"amenity": "school"}}}, {"type": "Feature", "geometry": {"type": "Point", "coordinates": [85.9800493, 27.6857847]}, "properties": {"external_id": "osm:node/4620297091", "kind": "school", "name": "Devi Secondary School, Boch Dolakha", "name_ne": "", "tags": {"amenity": "school", "name": "Shree Devi Uchha Ma Vi", "name:en": "Devi Secondary School, Boch Dolakha"}}}, {"type": "Feature", "geometry": {"type": "Point", "coordinates": [86.21802, 27.8460853]}, "properties": {"external_id": "osm:node/4668045493", "kind": "tourism", "name": "River Side Hotel and Lodge", "name_ne": "", "tags": {"name:en": "River Side Hotel and Lodge", "tourism": "hotel"}}}, {"type": "Feature", "geometry": {"type": "Point", "coordinates": [86.3383285, 27.5711517]}, "properties": {"external_id": "osm:node/4697791989", "kind": "tourism", "name": "Bhandar View Chuda Uncle House", "name_ne": "", "tags": {"name:en": "Bhandar View Chuda Uncle House", "tourism": "guest_house"}}}, {"type": "Feature", "geometry": {"type": "Point", "coordinates": [86.048895, 27.6606543]}, "properties": {"external_id": "osm:node/4744816921", "kind": "tourism", "name": "Ashirbad Hotel", "name_ne": "", "tags": {"name:en": "Ashirbad Hotel", "tourism": "hotel"}}}, {"type": "Feature", "geometry": {"type": "Point", "coordinates": [86.0593828, 27.3886569]}, "properties": {"external_id": "osm:node/4744816922", "kind": "tourism", "name": "Lalu Hotel", "name_ne": "", "tags": {"name:en": "Lalu Hotel", "tourism": "hotel"}}}, {"type": "Feature", "geometry": {"type": "Point", "coordinates": [86.1011333, 27.6338788]}, "properties": {"external_id": "osm:node/4754257521", "kind": "tourism", "name": "Karki Guest House", "name_ne": "", "tags": {"name:en": "Karki Guest House", "tourism": "guest_house"}}}, {"type": "Feature", "geometry": {"type": "Point", "coordinates": [86.5844952, 27.4979064]}, "properties": {"external_id": "osm:node/4757530326", "kind": "tourism", "name": "Mustang Guesthouse", "name_ne": "", "tags": {"name:en": "Mustang Guesthouse", "tourism": "guest_house"}}}, {"type": "Feature", "geometry": {"type": "Point", "coordinates": [86.0456708, 27.6663403]}, "properties": {"external_id": "osm:node/4780818421", "kind": "tourism", "name": "Hotel Kuber", "name_ne": "", "tags": {"name:en": "Hotel Kuber", "tourism": "hotel"}}}, {"type": "Feature", "geometry": {"type": "Point", "coordinates": [86.2952281, 27.6089746]}, "properties": {"external_id": "osm:node/4813351322", "kind": "tourism", "name": "Kalopatthar Lodge and Restaurant", "name_ne": "", "tags": {"name:en": "Kalopatthar Lodge and Restaurant", "tourism": "guest_house"}}}, {"type": "Feature", "geometry": {"type": "Point", "coordinates": [86.3337867, 27.5962176]}, "properties": {"external_id": "osm:node/4849628923", "kind": "tourism", "name": "Niru Lodge Homestay", "name_ne": "", "tags": {"name:en": "Niru Lodge Homestay", "operator": "Niru", "tourism": "guest_house"}}}, {"type": "Feature", "geometry": {"type": "Point", "coordinates": [86.5288152, 27.4273702]}, "properties": {"external_id": "osm:node/4853503422", "kind": "school", "name": "shree changresthan higher secondary school", "name_ne": "", "tags": {"amenity": "school", "name:en": "shree changresthan higher secondary school"}}}, {"type": "Feature", "geometry": {"type": "Point", "coordinates": [86.58433, 27.5142934]}, "properties": {"external_id": "osm:node/4853505623", "kind": "tourism", "name": "Green Land Hotel & Lodge", "name_ne": "", "tags": {"name:en": "Green Land Hotel & Lodge", "tourism": "hotel"}}}, {"type": "Feature", "geometry": {"type": "Point", "coordinates": [86.5846873, 27.5139816]}, "properties": {"external_id": "osm:node/4854221121", "kind": "tourism", "name": "Hotel Everest", "name_ne": "", "tags": {"name:en": "Hotel Everest", "operator": "Ang Nigma Lama", "tourism": "hotel"}}}, {"type": "Feature", "geometry": {"type": "Point", "coordinates": [86.5848707, 27.512462]}, "properties": {"external_id": "osm:node/4854233222", "kind": "tourism", "name": "Gyanu Lodge", "name_ne": "", "tags": {"name:en": "Gyanu Lodge", "operator": "Girmi Bajracharya", "tourism": "hotel"}}}, {"type": "Feature", "geometry": {"type": "Point", "coordinates": [86.6044012, 27.5877404]}, "properties": {"external_id": "osm:node/4864409023", "kind": "tourism", "name": "Sunrise Lodge & Restaurant", "name_ne": "", "tags": {"name:en": "Sunrise Lodge & Restaurant", "tourism": "guest_house"}}}, {"type": "Feature", "geometry": {"type": "Point", "coordinates": [86.2957122, 27.60888]}, "properties": {"external_id": "osm:node/4868335224", "kind": "tourism", "name": "The Shivalaya Hilton Hotel", "name_ne": "", "tags": {"name:en": "The Shivalaya Hilton Hotel", "tourism": "guest_house"}}}, {"type": "Feature", "geometry": {"type": "Point", "coordinates": [86.5718895, 27.8346045]}, "properties": {"external_id": "osm:node/4869775621", "kind": "tourism", "name": "Ngole", "name_ne": "", "tags": {"name": "Ngole", "tourism": "camp_site"}}}, {"type": "Feature", "geometry": {"type": "Point", "coordinates": [86.5642077, 27.839932]}, "properties": {"external_id": "osm:node/4869775622", "kind": "tourism", "name": "High Camp", "name_ne": "", "tags": {"name": "High Camp", "tourism": "camp_site"}}}, {"type": "Feature", "geometry": {"type": "Point", "coordinates": [86.3415729, 27.5895187]}, "properties": {"external_id": "osm:node/4894815553", "kind": "school", "name": "Thongdolsamten Choling Gumba Pra V", "name_ne": "", "tags": {"amenity": "school", "name": "Thongdolsamten Choling Gumba Pra V"}}}, {"type": "Feature", "geometry": {"type": "Point", "coordinates": [85.9827885, 27.45434]}, "properties": {"external_id": "osm:node/4896499553", "kind": "school", "name": "Devi Pra Vi", "name_ne": "", "tags": {"amenity": "school", "name": "Devi Pra Vi"}}}, {"type": "Feature", "geometry": {"type": "Point", "coordinates": [86.0535247, 27.3916664]}, "properties": {"external_id": "osm:node/4899414514", "kind": "school", "name": "Shri Srijanatmak Pra Vi", "name_ne": "", "tags": {"amenity": "school", "name": "Shri Srijanatmak Pra Vi"}}}, {"type": "Feature", "geometry": {"type": "Point", "coordinates": [86.2194458, 27.4036387]}, "properties": {"external_id": "osm:node/4901411323", "kind": "school", "name": "Rupa Devi Nimav", "name_ne": "", "tags": {"amenity": "school", "name": "Rupa Devi Nimav"}}}, {"type": "Feature", "geometry": {"type": "Point", "coordinates": [86.1871554, 27.4018754]}, "properties": {"external_id": "osm:node/4901439808", "kind": "school", "name": "Brikheshower Nimav", "name_ne": "", "tags": {"amenity": "school", "name": "Brikheshower Nimav"}}}, {"type": "Feature", "geometry": {"type": "Point", "coordinates": [86.0428264, 27.4605746]}, "properties": {"external_id": "osm:node/4901581715", "kind": "school", "name": "Hari Siddi Ma Vi", "name_ne": "", "tags": {"amenity": "school", "name": "Hari Siddi Ma Vi"}}}, {"type": "Feature", "geometry": {"type": "Point", "coordinates": [86.0409536, 27.4504521]}, "properties": {"external_id": "osm:node/4901611218", "kind": "school", "name": "Indrawati Pra Vi", "name_ne": "", "tags": {"amenity": "school", "name": "Indrawati Pra Vi"}}}, {"type": "Feature", "geometry": {"type": "Point", "coordinates": [86.048443, 27.4179965]}, "properties": {"external_id": "osm:node/4901641412", "kind": "school", "name": "Bhimeswor Rudra Uchhha Ma Vi", "name_ne": "", "tags": {"amenity": "school", "name": "Bhimeswor Rudra Uchhha Ma Vi"}}}, {"type": "Feature", "geometry": {"type": "Point", "coordinates": [86.0767332, 27.4155204]}, "properties": {"external_id": "osm:node/4901646393", "kind": "school", "name": "Bidhyashram Ni Ma V", "name_ne": "", "tags": {"amenity": "school", "name": "Bidhyashram Ni Ma V"}}}, {"type": "Feature", "geometry": {"type": "Point", "coordinates": [86.3149224, 27.6249466]}, "properties": {"external_id": "osm:node/4903152060", "kind": "school", "name": "Shree Kalidevi Pra Vi", "name_ne": "", "tags": {"amenity": "school", "name": "Shree Kalidevi Pra Vi"}}}, {"type": "Feature", "geometry": {"type": "Point", "coordinates": [85.9818671, 27.519436]}, "properties": {"external_id": "osm:node/4903159401", "kind": "school", "name": "Jyoti Pra. Vi", "name_ne": "", "tags": {"amenity": "school", "name": "Jyoti Pra. Vi"}}}, {"type": "Feature", "geometry": {"type": "Point", "coordinates": [85.9747667, 27.5084831]}, "properties": {"external_id": "osm:node/4903177599", "kind": "school", "name": "Devi Pra Vi", "name_ne": "", "tags": {"amenity": "school", "name": "Devi Pra Vi"}}}, {"type": "Feature", "geometry": {"type": "Point", "coordinates": [85.9980325, 27.4933959]}, "properties": {"external_id": "osm:node/4903177600", "kind": "school", "name": "Adarthamaovin Prav", "name_ne": "", "tags": {"amenity": "school", "name": "Adarthamaovin Prav"}}}, {"type": "Feature", "geometry": {"type": "Point", "coordinates": [85.9623538, 27.5407853]}, "properties": {"external_id": "osm:node/4903304989", "kind": "school", "name": "Nawanalanda Pra Vi", "name_ne": "", "tags": {"amenity": "school", "name": "Nawanalanda Pra Vi"}}}, {"type": "Feature", "geometry": {"type": "Point", "coordinates": [85.9951354, 27.5005907]}, "properties": {"external_id": "osm:node/4903376181", "kind": "school", "name": "Bhairab Kali prav", "name_ne": "", "tags": {"amenity": "school", "name": "Bhairab Kali prav"}}}, {"type": "Feature", "geometry": {"type": "Point", "coordinates": [86.17438, 27.3804746]}, "properties": {"external_id": "osm:node/4908456778", "kind": "school", "name": "Mahakali Pra Vi.", "name_ne": "", "tags": {"amenity": "school", "name": "Mahakali Pra Vi."}}}, {"type": "Feature", "geometry": {"type": "Point", "coordinates": [86.1630698, 27.3641878]}, "properties": {"external_id": "osm:node/4908595910", "kind": "school", "name": "Kakani Devi Pra vi", "name_ne": "", "tags": {"amenity": "school", "name": "Kakani Devi Pra vi"}}}, {"type": "Feature", "geometry": {"type": "Point", "coordinates": [86.2447458, 27.4521741]}, "properties": {"external_id": "osm:node/4912235538", "kind": "school", "name": "Tripureshwar Uchha Mavi", "name_ne": "", "tags": {"amenity": "school", "name": "Tripureshwar Uchha Mavi"}}}, {"type": "Feature", "geometry": {"type": "Point", "coordinates": [86.1605177, 27.4827469]}, "properties": {"external_id": "osm:node/4914016893", "kind": "school", "name": "Gangeshwori Pra Vi", "name_ne": "", "tags": {"amenity": "school", "name": "Gangeshwori Pra Vi"}}}, {"type": "Feature", "geometry": {"type": "Point", "coordinates": [86.1026222, 27.4576817]}, "properties": {"external_id": "osm:node/4914218457", "kind": "school", "name": "Indrawati Pra Vi", "name_ne": "", "tags": {"amenity": "school", "name": "Indrawati Pra Vi"}}}, {"type": "Feature", "geometry": {"type": "Point", "coordinates": [86.1847461, 27.3864972]}, "properties": {"external_id": "osm:node/4915954430", "kind": "school", "name": "Jana jyoti Pra Vi", "name_ne": "", "tags": {"amenity": "school", "name": "Jana jyoti Pra Vi"}}}, {"type": "Feature", "geometry": {"type": "Point", "coordinates": [86.2037522, 27.3785758]}, "properties": {"external_id": "osm:node/4915958945", "kind": "school", "name": "Kalpaswori Pra Vi", "name_ne": "", "tags": {"amenity": "school", "name": "Kalpaswori Pra Vi"}}}, {"type": "Feature", "geometry": {"type": "Point", "coordinates": [86.2296758, 27.5248635]}, "properties": {"external_id": "osm:node/4916150322", "kind": "school", "name": "Bhumeshwor Ni Ma Vi", "name_ne": "", "tags": {"amenity": "school", "name": "Bhumeshwor Ni Ma Vi"}}}, {"type": "Feature", "geometry": {"type": "Point", "coordinates": [86.0453888, 27.6397684]}, "properties": {"external_id": "osm:node/4922189421", "kind": "school", "name": "Mahendrodaya Ma Vi Mati", "name_ne": "", "tags": {"amenity": "school", "name": "Mahendrodaya Ma Vi Mati"}}}, {"type": "Feature", "geometry": {"type": "Point", "coordinates": [86.0862124, 27.3985689]}, "properties": {"external_id": "osm:node/4923571255", "kind": "school", "name": "Shree Kali Devi Pra Vi", "name_ne": "", "tags": {"amenity": "school", "name": "Shree Kali Devi Pra Vi"}}}, {"type": "Feature", "geometry": {"type": "Point", "coordinates": [85.9607105, 27.4997972]}, "properties": {"external_id": "osm:node/4928605937", "kind": "school", "name": "Buddhalaya Pra Vi", "name_ne": "", "tags": {"amenity": "school", "name": "Buddhalaya Pra Vi"}}}, {"type": "Feature", "geometry": {"type": "Point", "coordinates": [85.9577716, 27.46842]}, "properties": {"external_id": "osm:node/4930508970", "kind": "school", "name": "Shree Seti Devi Pra Vi", "name_ne": "", "tags": {"amenity": "school", "name": "Shree Seti Devi Pra Vi"}}}, {"type": "Feature", "geometry": {"type": "Point", "coordinates": [85.9513524, 27.4970612]}, "properties": {"external_id": "osm:node/4930522841", "kind": "school", "name": "Suryodaya Pra vi", "name_ne": "", "tags": {"amenity": "school", "name": "Suryodaya Pra vi"}}}, {"type": "Feature", "geometry": {"type": "Point", "coordinates": [86.1130272, 27.4669338]}, "properties": {"external_id": "osm:node/4943593419", "kind": "school", "name": "Tama Koshi Jana Jagriti Uchha Ma V", "name_ne": "", "tags": {"amenity": "school", "name": "Tama Koshi Jana Jagriti Uchha Ma V"}}}, {"type": "Feature", "geometry": {"type": "Point", "coordinates": [86.121851, 27.4517814]}, "properties": {"external_id": "osm:node/4946869554", "kind": "school", "name": "Deurali Dada Ni Ma Vi", "name_ne": "", "tags": {"amenity": "school", "name": "Deurali Dada Ni Ma Vi"}}}, {"type": "Feature", "geometry": {"type": "Point", "coordinates": [86.1335172, 27.4653976]}, "properties": {"external_id": "osm:node/4946881844", "kind": "school", "name": "Nagthali Ni Ma v", "name_ne": "", "tags": {"amenity": "school", "name": "Nagthali Ni Ma v"}}}, {"type": "Feature", "geometry": {"type": "Point", "coordinates": [86.0165682, 27.35135]}, "properties": {"external_id": "osm:node/4968224849", "kind": "school", "name": "Kuvinde Pra Vi", "name_ne": "", "tags": {"amenity": "school", "name": "Kuvinde Pra Vi"}}}, {"type": "Feature", "geometry": {"type": "Point", "coordinates": [85.9702197, 27.770557]}, "properties": {"external_id": "osm:node/4970034584", "kind": "school", "name": "Shri Ganesh PRA V", "name_ne": "", "tags": {"amenity": "school", "name": "Shri Ganesh PRA V"}}}, {"type": "Feature", "geometry": {"type": "Point", "coordinates": [85.969421, 27.7662242]}, "properties": {"external_id": "osm:node/4970045972", "kind": "school", "name": "Lalu Bal Bikash Kendra", "name_ne": "", "tags": {"amenity": "school", "name": "Lalu Bal Bikash Kendra"}}}, {"type": "Feature", "geometry": {"type": "Point", "coordinates": [85.9531428, 27.7793798]}, "properties": {"external_id": "osm:node/4973011975", "kind": "school", "name": "Setidevi Pra Vi", "name_ne": "", "tags": {"amenity": "school", "name": "Setidevi Pra Vi"}}}, {"type": "Feature", "geometry": {"type": "Point", "coordinates": [85.9558159, 27.7728341]}, "properties": {"external_id": "osm:node/4973026883", "kind": "school", "name": "Shri Ram Ma V", "name_ne": "", "tags": {"amenity": "school", "name": "Shri Ram Ma V"}}}, {"type": "Feature", "geometry": {"type": "Point", "coordinates": [85.9554944, 27.9577407]}, "properties": {"external_id": "osm:node/4978848589", "kind": "school", "name": "Shri Kodari Higher Secondary School", "name_ne": "", "tags": {"amenity": "school", "name": "Shri Kodari Higher Secondary School"}}}, {"type": "Feature", "geometry": {"type": "Point", "coordinates": [85.9512827, 27.932651]}, "properties": {"external_id": "osm:node/4978897870", "kind": "school", "name": "Shri Bhumiraj Primary School", "name_ne": "", "tags": {"amenity": "school", "name": "Shri Bhumiraj Primary School"}}}, {"type": "Feature", "geometry": {"type": "Point", "coordinates": [85.968214, 27.408413]}, "properties": {"external_id": "osm:node/4979232874", "kind": "school", "name": "Pashupati Pra V", "name_ne": "", "tags": {"amenity": "school", "name": "Pashupati Pra V"}}}, {"type": "Feature", "geometry": {"type": "Point", "coordinates": [86.0420915, 27.4777271]}, "properties": {"external_id": "osm:node/4979238724", "kind": "school", "name": "Kali Devi Uchha Ma Vi", "name_ne": "", "tags": {"amenity": "school", "name": "Kali Devi Uchha Ma Vi"}}}, {"type": "Feature", "geometry": {"type": "Point", "coordinates": [86.0708662, 27.4749084]}, "properties": {"external_id": "osm:node/4979275505", "kind": "school", "name": "hari chinde Ma Vi", "name_ne": "", "tags": {"amenity": "school", "name": "hari chinde Ma Vi"}}}, {"type": "Feature", "geometry": {"type": "Point", "coordinates": [86.0312419, 27.4961023]}, "properties": {"external_id": "osm:node/4979345736", "kind": "school", "name": "Milti Janajyoti Pra Vi", "name_ne": "", "tags": {"amenity": "school", "name": "Milti Janajyoti Pra Vi"}}}, {"type": "Feature", "geometry": {"type": "Point", "coordinates": [85.9926516, 27.4465948]}, "properties": {"external_id": "osm:node/4979348338", "kind": "school", "name": "Jana Jagriti Pra Vi", "name_ne": "", "tags": {"amenity": "school", "name": "Jana Jagriti Pra Vi"}}}, {"type": "Feature", "geometry": {"type": "Point", "coordinates": [86.0073757, 27.4584242]}, "properties": {"external_id": "osm:node/4979364583", "kind": "school", "name": "Gyan Devi Pra Vi", "name_ne": "", "tags": {"amenity": "school", "name": "Gyan Devi Pra Vi"}}}, {"type": "Feature", "geometry": {"type": "Point", "coordinates": [86.2194713, 27.4425792]}, "properties": {"external_id": "osm:node/4984208615", "kind": "school", "name": "Nava Shrijan", "name_ne": "", "tags": {"amenity": "school", "name": "Nava Shrijan"}}}, {"type": "Feature", "geometry": {"type": "Point", "coordinates": [85.9768396, 27.7791736]}, "properties": {"external_id": "osm:node/4987594682", "kind": "school", "name": "Shri Kageshwari Secondary School", "name_ne": "", "tags": {"amenity": "school", "name": "Shri Kageshwari Secondary School"}}}, {"type": "Feature", "geometry": {"type": "Point", "coordinates": [85.9914393, 27.7645493]}, "properties": {"external_id": "osm:node/4987600384", "kind": "school", "name": "Shree Sundhara Primary School", "name_ne": "", "tags": {"amenity": "school", "name": "Shree Sundhara Primary School"}}}, {"type": "Feature", "geometry": {"type": "Point", "coordinates": [85.9555854, 27.7876031]}, "properties": {"external_id": "osm:node/4987606419", "kind": "school", "name": "Shri Kumbheswari Primary School", "name_ne": "", "tags": {"amenity": "school", "name": "Shri Kumbheswari Primary School"}}}, {"type": "Feature", "geometry": {"type": "Point", "coordinates": [85.9766284, 27.7973395]}, "properties": {"external_id": "osm:node/4987678374", "kind": "school", "name": "Shree Setidevi Primary School", "name_ne": "", "tags": {"amenity": "school", "name": "Shree Setidevi Primary School"}}}, {"type": "Feature", "geometry": {"type": "Point", "coordinates": [85.9898888, 27.8128644]}, "properties": {"external_id": "osm:node/4987685907", "kind": "school", "name": "Shree Dolamsa Pra V", "name_ne": "", "tags": {"amenity": "school", "name": "Shree Dolamsa Pra V"}}}, {"type": "Feature", "geometry": {"type": "Point", "coordinates": [85.9901274, 27.8018217]}, "properties": {"external_id": "osm:node/4987693456", "kind": "school", "name": "Shri Bhumeshwari Lower Secondary School", "name_ne": "", "tags": {"amenity": "school", "name": "Shri Bhumeshwari Lower Secondary School"}}}, {"type": "Feature", "geometry": {"type": "Point", "coordinates": [86.1105602, 27.3622059]}, "properties": {"external_id": "osm:node/4987853899", "kind": "school", "name": "Shri Siddheswari Janata Pra V", "name_ne": "", "tags": {"amenity": "school", "name": "Shri Siddheswari Janata Pra V"}}}, {"type": "Feature", "geometry": {"type": "Point", "coordinates": [86.2904935, 27.5976997]}, "properties": {"external_id": "osm:node/4987924381", "kind": "school", "name": "Buddha Primary School", "name_ne": "", "tags": {"amenity": "school", "name": "Buddha Primary School"}}}, {"type": "Feature", "geometry": {"type": "Point", "coordinates": [86.2837571, 27.5943029]}, "properties": {"external_id": "osm:node/4987931613", "kind": "school", "name": "Seti Devi Pra Vi", "name_ne": "", "tags": {"amenity": "school", "name": "Seti Devi Pra Vi"}}}, {"type": "Feature", "geometry": {"type": "Point", "coordinates": [86.3808413, 27.4815014]}, "properties": {"external_id": "osm:node/4989214417", "kind": "settlement", "name": "Bhusinga", "name_ne": "भुसिनगा", "tags": {"name": "Bhusinga", "name:ne": "भुसिनगा", "place": "village"}}}, {"type": "Feature", "geometry": {"type": "Point", "coordinates": [86.479201, 27.3567991]}, "properties": {"external_id": "osm:node/4989225873", "kind": "school", "name": "Janaadarsha Pra Vi", "name_ne": "", "tags": {"amenity": "school", "name": "Janaadarsha Pra Vi"}}}, {"type": "Feature", "geometry": {"type": "Point", "coordinates": [86.4932673, 27.3558419]}, "properties": {"external_id": "osm:node/4989230517", "kind": "school", "name": "Shree Bigutar Uchha Ma Vi", "name_ne": "", "tags": {"amenity": "school", "name": "Shree Bigutar Uchha Ma Vi"}}}, {"type": "Feature", "geometry": {"type": "Point", "coordinates": [86.4199472, 27.3512304]}, "properties": {"external_id": "osm:node/4989459737", "kind": "school", "name": "Setidevi Pra V", "name_ne": "", "tags": {"amenity": "school", "name": "Setidevi Pra V"}}}, {"type": "Feature", "geometry": {"type": "Point", "coordinates": [86.4888672, 27.4044068]}, "properties": {"external_id": "osm:node/4989658902", "kind": "school", "name": "Nava Jyoti Ma Vi", "name_ne": "", "tags": {"amenity": "school", "name": "Nava Jyoti Ma Vi"}}}, {"type": "Feature", "geometry": {"type": "Point", "coordinates": [86.4738603, 27.4094961]}, "properties": {"external_id": "osm:node/4989661102", "kind": "school", "name": "Shree Bandana Singh Devi Pra Vi", "name_ne": "", "tags": {"amenity": "school", "name": "Shree Bandana Singh Devi Pra Vi"}}}, {"type": "Feature", "geometry": {"type": "Point", "coordinates": [86.3286003, 27.4927708]}, "properties": {"external_id": "osm:node/4989731851", "kind": "settlement", "name": "Khijikati", "name_ne": "खिजिकाटी", "tags": {"name": "Khijikati", "name:ne": "खिजिकाटी", "place": "village"}}}, {"type": "Feature", "geometry": {"type": "Point", "coordinates": [86.329675, 27.488618]}, "properties": {"external_id": "osm:node/4989738386", "kind": "school", "name": "Shree Sahashi Bal Bikash kendra", "name_ne": "", "tags": {"amenity": "school", "name": "Shree Sahashi Bal Bikash kendra"}}}, {"type": "Feature", "geometry": {"type": "Point", "coordinates": [86.3185705, 27.4889671]}, "properties": {"external_id": "osm:node/4989743973", "kind": "school", "name": "Shree Janahit Balbikash kendra", "name_ne": "", "tags": {"amenity": "school", "name": "Shree Janahit Balbikash kendra"}}}, {"type": "Feature", "geometry": {"type": "Point", "coordinates": [86.3818214, 27.429267]}, "properties": {"external_id": "osm:node/4989815003", "kind": "school", "name": "Shree Gyan Prakash Pra V", "name_ne": "", "tags": {"amenity": "school", "name": "Shree Gyan Prakash Pra V"}}}, {"type": "Feature", "geometry": {"type": "Point", "coordinates": [86.3838039, 27.4020991]}, "properties": {"external_id": "osm:node/4989818686", "kind": "settlement", "name": "Khijiphalante", "name_ne": "खिजिफलान्ते", "tags": {"name": "Khijiphalante", "name:ne": "खिजिफलान्ते", "place": "hamlet"}}}, {"type": "Feature", "geometry": {"type": "Point", "coordinates": [86.3606664, 27.4435189]}, "properties": {"external_id": "osm:node/4989866026", "kind": "school", "name": "Shree Thamtol Pra V", "name_ne": "", "tags": {"amenity": "school", "name": "Shree Thamtol Pra V"}}}, {"type": "Feature", "geometry": {"type": "Point", "coordinates": [86.2405914, 27.3615219]}, "properties": {"external_id": "osm:node/4992160369", "kind": "school", "name": "Shri Bhimsensthan Ma Vi Satlung Narmadeshwar", "name_ne": "", "tags": {"amenity": "school", "name": "Shri Bhimsensthan Ma Vi Satlung Narmadeshwar"}}}, {"type": "Feature", "geometry": {"type": "Point", "coordinates": [86.2406933, 27.3620115]}, "properties": {"external_id": "osm:node/4992167768", "kind": "settlement", "name": "Narmadeshwar", "name_ne": "", "tags": {"name": "Narmadeshwar", "place": "hamlet"}}}, {"type": "Feature", "geometry": {"type": "Point", "coordinates": [86.2551431, 27.3633039]}, "properties": {"external_id": "osm:node/4992168105", "kind": "school", "name": "Shree Gorakhnath Pra Vi", "name_ne": "", "tags": {"amenity": "school", "name": "Shree Gorakhnath Pra Vi"}}}, {"type": "Feature", "geometry": {"type": "Point", "coordinates": [86.4084819, 27.4370569]}, "properties": {"external_id": "osm:node/4993885813", "kind": "school", "name": "Pikey Phapre Pra V", "name_ne": "", "tags": {"amenity": "school", "name": "Pikey Phapre Pra V"}}}, {"type": "Feature", "geometry": {"type": "Point", "coordinates": [86.259271, 27.4275133]}, "properties": {"external_id": "osm:node/4993891574", "kind": "school", "name": "Shri Leti Ma Vi", "name_ne": "", "tags": {"amenity": "school", "name": "Shri Leti Ma Vi"}}}, {"type": "Feature", "geometry": {"type": "Point", "coordinates": [86.2585028, 27.4379251]}, "properties": {"external_id": "osm:node/4993894974", "kind": "school", "name": "Shree Purushottam Pra Vi", "name_ne": "", "tags": {"amenity": "school", "name": "Shree Purushottam Pra Vi"}}}, {"type": "Feature", "geometry": {"type": "Point", "coordinates": [86.2731669, 27.4160558]}, "properties": {"external_id": "osm:node/4993895731", "kind": "school", "name": "Shri Mahima Pra.Vi", "name_ne": "", "tags": {"amenity": "school", "name": "Shri Mahima Pra.Vi"}}}, {"type": "Feature", "geometry": {"type": "Point", "coordinates": [86.4221599, 27.3699015]}, "properties": {"external_id": "osm:node/4993908562", "kind": "school", "name": "Pancha kanya Pra V", "name_ne": "", "tags": {"amenity": "school", "name": "Pancha kanya Pra V"}}}, {"type": "Feature", "geometry": {"type": "Point", "coordinates": [86.4698968, 27.3602921]}, "properties": {"external_id": "osm:node/4993912822", "kind": "school", "name": "Bhanu Pra Vi", "name_ne": "", "tags": {"amenity": "school", "name": "Bhanu Pra Vi"}}}, {"type": "Feature", "geometry": {"type": "Point", "coordinates": [86.4587586, 27.3854689]}, "properties": {"external_id": "osm:node/4993912835", "kind": "school", "name": "Shree Jarana Pra Vi", "name_ne": "", "tags": {"amenity": "school", "name": "Shree Jarana Pra Vi"}}}, {"type": "Feature", "geometry": {"type": "Point", "coordinates": [86.4266367, 27.3624213]}, "properties": {"external_id": "osm:node/4993913673", "kind": "school", "name": "Shivaduti Uccha Ma V", "name_ne": "", "tags": {"amenity": "school", "name": "Shivaduti Uccha Ma V"}}}, {"type": "Feature", "geometry": {"type": "Point", "coordinates": [86.4681054, 27.3727372]}, "properties": {"external_id": "osm:node/4993925231", "kind": "school", "name": "Binda Basini Pra Vi", "name_ne": "", "tags": {"amenity": "school", "name": "Binda Basini Pra Vi"}}}, {"type": "Feature", "geometry": {"type": "Point", "coordinates": [86.2854989, 27.4623059]}, "properties": {"external_id": "osm:node/4993937527", "kind": "school", "name": "Shree Chuli Ni Ma Vi", "name_ne": "", "tags": {"amenity": "school", "name": "Shree Chuli Ni Ma Vi"}}}, {"type": "Feature", "geometry": {"type": "Point", "coordinates": [86.310288, 27.4138946]}, "properties": {"external_id": "osm:node/4994213962", "kind": "school", "name": "Shree Buddha Ni.Ma.Vi.", "name_ne": "", "tags": {"amenity": "school", "name": "Shree Buddha Ni.Ma.Vi."}}}, {"type": "Feature", "geometry": {"type": "Point", "coordinates": [86.3469958, 27.5155166]}, "properties": {"external_id": "osm:node/4994256358", "kind": "school", "name": "Shree Ranjana Devi Ni.Ma.V", "name_ne": "", "tags": {"amenity": "school", "name": "Shree Ranjana Devi Ni.Ma.V"}}}, {"type": "Feature", "geometry": {"type": "Point", "coordinates": [86.3557572, 27.5119986]}, "properties": {"external_id": "osm:node/4994265530", "kind": "school", "name": "Shree Himganga Ma Vi", "name_ne": "", "tags": {"amenity": "school", "name": "Shree Himganga Ma Vi"}}}, {"type": "Feature", "geometry": {"type": "Point", "coordinates": [86.4190914, 27.3799881]}, "properties": {"external_id": "osm:node/4994334352", "kind": "school", "name": "Sahid Pesal Pra V", "name_ne": "", "tags": {"amenity": "school", "name": "Sahid Pesal Pra V"}}}, {"type": "Feature", "geometry": {"type": "Point", "coordinates": [86.2599132, 27.41329]}, "properties": {"external_id": "osm:node/4994491885", "kind": "school", "name": "Shri Manakamana Pra Vi", "name_ne": "", "tags": {"amenity": "school", "name": "Shri Manakamana Pra Vi"}}}, {"type": "Feature", "geometry": {"type": "Point", "coordinates": [86.2288835, 27.3771346]}, "properties": {"external_id": "osm:node/4996010908", "kind": "school", "name": "Shree Kanyadevi Pra.V", "name_ne": "", "tags": {"amenity": "school", "name": "Shree Kanyadevi Pra.V"}}}, {"type": "Feature", "geometry": {"type": "Point", "coordinates": [86.2564399, 27.374728]}, "properties": {"external_id": "osm:node/4996015385", "kind": "school", "name": "shri Badadanda Ni Ma Vi", "name_ne": "", "tags": {"amenity": "school", "name": "shri Badadanda Ni Ma Vi"}}}, {"type": "Feature", "geometry": {"type": "Point", "coordinates": [86.2400858, 27.3772813]}, "properties": {"external_id": "osm:node/4996036219", "kind": "school", "name": "shri Yasam Ma Vi,Gairichaur", "name_ne": "", "tags": {"amenity": "school", "name": "shri Yasam Ma Vi,Gairichaur"}}}, {"type": "Feature", "geometry": {"type": "Point", "coordinates": [86.2364351, 27.3842761]}, "properties": {"external_id": "osm:node/4996037523", "kind": "school", "name": "Shree Siddhamanpurdevi Pra Vi", "name_ne": "", "tags": {"amenity": "school", "name": "Shree Siddhamanpurdevi Pra Vi"}}}, {"type": "Feature", "geometry": {"type": "Point", "coordinates": [86.2485853, 27.3813679]}, "properties": {"external_id": "osm:node/4996041480", "kind": "school", "name": "Ushri Tankeswari Pra.Vi.", "name_ne": "", "tags": {"amenity": "school", "name": "Ushri Tankeswari Pra.Vi."}}}, {"type": "Feature", "geometry": {"type": "Point", "coordinates": [85.950148, 27.3752699]}, "properties": {"external_id": "osm:node/5008660631", "kind": "school", "name": "Shri Bateshwari Pra V", "name_ne": "", "tags": {"amenity": "school", "name": "Shri Bateshwari Pra V"}}}, {"type": "Feature", "geometry": {"type": "Point", "coordinates": [85.9629898, 27.3550795]}, "properties": {"external_id": "osm:node/5008718425", "kind": "school", "name": "Vimsen Pra V", "name_ne": "", "tags": {"amenity": "school", "name": "Vimsen Pra V"}}}, {"type": "Feature", "geometry": {"type": "Point", "coordinates": [86.1026868, 27.7066677]}, "properties": {"external_id": "osm:node/5021429491", "kind": "school", "name": "Shree Majhuwa PRA V", "name_ne": "", "tags": {"amenity": "school", "name": "Shree Majhuwa PRA V"}}}, {"type": "Feature", "geometry": {"type": "Point", "coordinates": [86.0965693, 27.6998344]}, "properties": {"external_id": "osm:node/5021462021", "kind": "school", "name": "Shree Kalivir Seti Devi PRA V", "name_ne": "", "tags": {"amenity": "school", "name": "Shree Kalivir Seti Devi PRA V"}}}, {"type": "Feature", "geometry": {"type": "Point", "coordinates": [86.1031806, 27.6929947]}, "properties": {"external_id": "osm:node/5021483998", "kind": "school", "name": "Shree Saraswati Bidya Mandir PRA V", "name_ne": "", "tags": {"amenity": "school", "name": "Shree Saraswati Bidya Mandir PRA V"}}}, {"type": "Feature", "geometry": {"type": "Point", "coordinates": [86.1177624, 27.7014349]}, "properties": {"external_id": "osm:node/5021488468", "kind": "school", "name": "Shree Mahadevsthan PRA V", "name_ne": "", "tags": {"amenity": "school", "name": "Shree Mahadevsthan PRA V"}}}, {"type": "Feature", "geometry": {"type": "Point", "coordinates": [86.1309825, 27.7121666]}, "properties": {"external_id": "osm:node/5021555939", "kind": "school", "name": "Shree Saraswati PRA V", "name_ne": "", "tags": {"amenity": "school", "name": "Shree Saraswati PRA V"}}}, {"type": "Feature", "geometry": {"type": "Point", "coordinates": [86.1359882, 27.7056475]}, "properties": {"external_id": "osm:node/5021572087", "kind": "school", "name": "Shree Janta Ni Ma V", "name_ne": "", "tags": {"amenity": "school", "name": "Shree Janta Ni Ma V"}}}, {"type": "Feature", "geometry": {"type": "Point", "coordinates": [86.1153469, 27.7038718]}, "properties": {"external_id": "osm:node/5021577322", "kind": "school", "name": "Shree Suryodaya Ni Ma V", "name_ne": "", "tags": {"amenity": "school", "name": "Shree Suryodaya Ni Ma V"}}}, {"type": "Feature", "geometry": {"type": "Point", "coordinates": [86.1141837, 27.7173109]}, "properties": {"external_id": "osm:node/5021581959", "kind": "school", "name": "Shree Kalika Bhagwati PRA V", "name_ne": "", "tags": {"amenity": "school", "name": "Shree Kalika Bhagwati PRA V"}}}, {"type": "Feature", "geometry": {"type": "Point", "coordinates": [86.0988841, 27.7319356]}, "properties": {"external_id": "osm:node/5021588510", "kind": "school", "name": "Shree Janajyoti Ma V", "name_ne": "", "tags": {"amenity": "school", "name": "Shree Janajyoti Ma V"}}}, {"type": "Feature", "geometry": {"type": "Point", "coordinates": [86.0828284, 27.7364417]}, "properties": {"external_id": "osm:node/5021592292", "kind": "school", "name": "Shree Bhadrawati PRA V", "name_ne": "", "tags": {"amenity": "school", "name": "Shree Bhadrawati PRA V"}}}, {"type": "Feature", "geometry": {"type": "Point", "coordinates": [86.1292738, 27.6612616]}, "properties": {"external_id": "osm:node/5021595328", "kind": "school", "name": "Shri Dharmashala Ni Ma V", "name_ne": "", "tags": {"amenity": "school", "name": "Shri Dharmashala Ni Ma V"}}}, {"type": "Feature", "geometry": {"type": "Point", "coordinates": [86.1640646, 27.7052856]}, "properties": {"external_id": "osm:node/5021599001", "kind": "school", "name": "Shree Kali Devi Pra V", "name_ne": "", "tags": {"amenity": "school", "name": "Shree Kali Devi Pra V"}}}, {"type": "Feature", "geometry": {"type": "Point", "coordinates": [86.1629485, 27.6992739]}, "properties": {"external_id": "osm:node/5021604211", "kind": "school", "name": "Shree Yarsha Ni Ma V", "name_ne": "", "tags": {"amenity": "school", "name": "Shree Yarsha Ni Ma V"}}}, {"type": "Feature", "geometry": {"type": "Point", "coordinates": [86.1886906, 27.6843845]}, "properties": {"external_id": "osm:node/5021604925", "kind": "school", "name": "Shri Shiva Darshan Pra V", "name_ne": "", "tags": {"amenity": "school", "name": "Shri Shiva Darshan Pra V"}}}, {"type": "Feature", "geometry": {"type": "Point", "coordinates": [86.229369, 27.7315344]}, "properties": {"external_id": "osm:node/5021610928", "kind": "school", "name": "Shri Bhuvaneshwari Pra V", "name_ne": "", "tags": {"amenity": "school", "name": "Shri Bhuvaneshwari Pra V"}}}, {"type": "Feature", "geometry": {"type": "Point", "coordinates": [86.2115725, 27.7488799]}, "properties": {"external_id": "osm:node/5021618930", "kind": "school", "name": "Shree Bishnushwori Pra V", "name_ne": "", "tags": {"amenity": "school", "name": "Shree Bishnushwori Pra V"}}}, {"type": "Feature", "geometry": {"type": "Point", "coordinates": [86.2146722, 27.7049191]}, "properties": {"external_id": "osm:node/5021624863", "kind": "school", "name": "Shri Basapandit Pra V", "name_ne": "", "tags": {"amenity": "school", "name": "Shri Basapandit Pra V"}}}, {"type": "Feature", "geometry": {"type": "Point", "coordinates": [86.2660645, 27.7285568]}, "properties": {"external_id": "osm:node/5021625770", "kind": "school", "name": "Shri Buddha Jyoti Pra V", "name_ne": "", "tags": {"amenity": "school", "name": "Shri Buddha Jyoti Pra V"}}}, {"type": "Feature", "geometry": {"type": "Point", "coordinates": [86.1908099, 27.6985189]}, "properties": {"external_id": "osm:node/5021628656", "kind": "school", "name": "Shri Chandeshwari Pra VB", "name_ne": "", "tags": {"amenity": "school", "name": "Shri Chandeshwari Pra VB"}}}, {"type": "Feature", "geometry": {"type": "Point", "coordinates": [86.183366, 27.6349825]}, "properties": {"external_id": "osm:node/5021668800", "kind": "school", "name": "Chahare Pra V", "name_ne": "", "tags": {"amenity": "school", "name": "Chahare Pra V"}}}, {"type": "Feature", "geometry": {"type": "Point", "coordinates": [86.2283162, 27.6459606]}, "properties": {"external_id": "osm:node/5021668801", "kind": "school", "name": "Shri Cherdung Pra V", "name_ne": "", "tags": {"amenity": "school", "name": "Shri Cherdung Pra V"}}}, {"type": "Feature", "geometry": {"type": "Point", "coordinates": [86.2166884, 27.6839126]}, "properties": {"external_id": "osm:node/5021671825", "kind": "school", "name": "Shri Gurupadam Pra V", "name_ne": "", "tags": {"amenity": "school", "name": "Shri Gurupadam Pra V"}}}, {"type": "Feature", "geometry": {"type": "Point", "coordinates": [86.3231953, 27.6601555]}, "properties": {"external_id": "osm:node/5021687012", "kind": "school", "name": "Shree Pancha Pokhari Pra V", "name_ne": "", "tags": {"amenity": "school", "name": "Shree Pancha Pokhari Pra V"}}}, {"type": "Feature", "geometry": {"type": "Point", "coordinates": [86.1328457, 27.6782459]}, "properties": {"external_id": "osm:node/5021689329", "kind": "school", "name": "Shri Pragatisil Pra V", "name_ne": "", "tags": {"amenity": "school", "name": "Shri Pragatisil Pra V"}}}, {"type": "Feature", "geometry": {"type": "Point", "coordinates": [86.1384777, 27.6853998]}, "properties": {"external_id": "osm:node/5021697062", "kind": "school", "name": "Shri Nageswari Pra V", "name_ne": "", "tags": {"amenity": "school", "name": "Shri Nageswari Pra V"}}}, {"type": "Feature", "geometry": {"type": "Point", "coordinates": [86.1756067, 27.6947364]}, "properties": {"external_id": "osm:node/5021722443", "kind": "school", "name": "Marion Pra V", "name_ne": "", "tags": {"amenity": "school", "name": "Marion Pra V"}}}, {"type": "Feature", "geometry": {"type": "Point", "coordinates": [86.1665908, 27.6821395]}, "properties": {"external_id": "osm:node/5021722444", "kind": "school", "name": "Shri Nawakanchan Pra V", "name_ne": "", "tags": {"amenity": "school", "name": "Shri Nawakanchan Pra V"}}}, {"type": "Feature", "geometry": {"type": "Point", "coordinates": [86.1716593, 27.7190247]}, "properties": {"external_id": "osm:node/5021723595", "kind": "school", "name": "Shree Harisidhhi Pra V", "name_ne": "", "tags": {"amenity": "school", "name": "Shree Harisidhhi Pra V"}}}, {"type": "Feature", "geometry": {"type": "Point", "coordinates": [86.1838804, 27.7094895]}, "properties": {"external_id": "osm:node/5021726194", "kind": "school", "name": "Shri Sarsepu Ni Ma V", "name_ne": "", "tags": {"amenity": "school", "name": "Shri Sarsepu Ni Ma V"}}}, {"type": "Feature", "geometry": {"type": "Point", "coordinates": [86.1773922, 27.7223036]}, "properties": {"external_id": "osm:node/5021727020", "kind": "school", "name": "Shri Manedanda HSS", "name_ne": "", "tags": {"amenity": "school", "name": "Shri Manedanda HSS"}}}, {"type": "Feature", "geometry": {"type": "Point", "coordinates": [86.1981666, 27.6944486]}, "properties": {"external_id": "osm:node/5021729993", "kind": "school", "name": "Shri Jal Devi Pra V", "name_ne": "", "tags": {"amenity": "school", "name": "Shri Jal Devi Pra V"}}}, {"type": "Feature", "geometry": {"type": "Point", "coordinates": [86.1612002, 27.7195598]}, "properties": {"external_id": "osm:node/5021733518", "kind": "school", "name": "Shree Janashramik Ni Ma V", "name_ne": "", "tags": {"amenity": "school", "name": "Shree Janashramik Ni Ma V"}}}, {"type": "Feature", "geometry": {"type": "Point", "coordinates": [86.2111975, 27.7226039]}, "properties": {"external_id": "osm:node/5021738726", "kind": "school", "name": "Shree Ghattepu Pra V", "name_ne": "", "tags": {"amenity": "school", "name": "Shree Ghattepu Pra V"}}}, {"type": "Feature", "geometry": {"type": "Point", "coordinates": [86.1820762, 27.7373399]}, "properties": {"external_id": "osm:node/5021739859", "kind": "school", "name": "Shri Setidevi Pra V", "name_ne": "", "tags": {"amenity": "school", "name": "Shri Setidevi Pra V"}}}, {"type": "Feature", "geometry": {"type": "Point", "coordinates": [86.2191542, 27.6115819]}, "properties": {"external_id": "osm:node/5021747998", "kind": "school", "name": "Shree Bajyusthan Pra V", "name_ne": "", "tags": {"amenity": "school", "name": "Shree Bajyusthan Pra V"}}}, {"type": "Feature", "geometry": {"type": "Point", "coordinates": [86.2353919, 27.5964886]}, "properties": {"external_id": "osm:node/5021752147", "kind": "school", "name": "Shri Deurali Pra V", "name_ne": "", "tags": {"amenity": "school", "name": "Shri Deurali Pra V"}}}, {"type": "Feature", "geometry": {"type": "Point", "coordinates": [86.244679, 27.5934164]}, "properties": {"external_id": "osm:node/5021771223", "kind": "school", "name": "Shree Nageshwori Pra V", "name_ne": "", "tags": {"amenity": "school", "name": "Shree Nageshwori Pra V"}}}, {"type": "Feature", "geometry": {"type": "Point", "coordinates": [86.2697794, 27.6012514]}, "properties": {"external_id": "osm:node/5021773985", "kind": "school", "name": "Shree Seti Devi Pra V", "name_ne": "", "tags": {"amenity": "school", "name": "Shree Seti Devi Pra V"}}}, {"type": "Feature", "geometry": {"type": "Point", "coordinates": [86.305454, 27.6459247]}, "properties": {"external_id": "osm:node/5021780704", "kind": "school", "name": "Shree Garjangdhunga HSS", "name_ne": "", "tags": {"amenity": "school", "name": "Shree Garjangdhunga HSS"}}}, {"type": "Feature", "geometry": {"type": "Point", "coordinates": [86.2879769, 27.6738717]}, "properties": {"external_id": "osm:node/5021788433", "kind": "school", "name": "Samten Chhosling Gompa", "name_ne": "", "tags": {"amenity": "school", "name": "Samten Chhosling Gompa"}}}, {"type": "Feature", "geometry": {"type": "Point", "coordinates": [86.3308906, 27.6827546]}, "properties": {"external_id": "osm:node/5021805057", "kind": "school", "name": "Shree Pathibhara Pra V", "name_ne": "", "tags": {"amenity": "school", "name": "Shree Pathibhara Pra V"}}}, {"type": "Feature", "geometry": {"type": "Point", "coordinates": [86.2483024, 27.6030565]}, "properties": {"external_id": "osm:node/5021847189", "kind": "school", "name": "Shree Suryodaya Pra V", "name_ne": "", "tags": {"amenity": "school", "name": "Shree Suryodaya Pra V"}}}, {"type": "Feature", "geometry": {"type": "Point", "coordinates": [86.2416633, 27.6227943]}, "properties": {"external_id": "osm:node/5021852085", "kind": "school", "name": "Shree Jirishwori Pra V", "name_ne": "", "tags": {"amenity": "school", "name": "Shree Jirishwori Pra V"}}}, {"type": "Feature", "geometry": {"type": "Point", "coordinates": [86.2390737, 27.6105976]}, "properties": {"external_id": "osm:node/5021860868", "kind": "school", "name": "Shri Phujing Pra V", "name_ne": "", "tags": {"amenity": "school", "name": "Shri Phujing Pra V"}}}, {"type": "Feature", "geometry": {"type": "Point", "coordinates": [86.2223354, 27.6217786]}, "properties": {"external_id": "osm:node/5021881002", "kind": "school", "name": "Shree Jiri HSS", "name_ne": "", "tags": {"amenity": "school", "name": "Shree Jiri HSS"}}}, {"type": "Feature", "geometry": {"type": "Point", "coordinates": [86.2039641, 27.6256476]}, "properties": {"external_id": "osm:node/5021885020", "kind": "school", "name": "Shree Mathillo Shikri Pra V", "name_ne": "", "tags": {"amenity": "school", "name": "Shree Mathillo Shikri Pra V"}}}, {"type": "Feature", "geometry": {"type": "Point", "coordinates": [86.1990413, 27.6281056]}, "properties": {"external_id": "osm:node/5021888098", "kind": "school", "name": "Shri Sheralpa Pra V", "name_ne": "", "tags": {"amenity": "school", "name": "Shri Sheralpa Pra V"}}}, {"type": "Feature", "geometry": {"type": "Point", "coordinates": [86.215361, 27.62934]}, "properties": {"external_id": "osm:node/5021945083", "kind": "school", "name": "Jiri Campus", "name_ne": "", "tags": {"amenity": "school", "name": "Jiri Campus"}}}, {"type": "Feature", "geometry": {"type": "Point", "coordinates": [86.2047597, 27.592341]}, "properties": {"external_id": "osm:node/5023368766", "kind": "school", "name": "Shree Dhanmale Ni Ma V", "name_ne": "", "tags": {"amenity": "school", "name": "Shree Dhanmale Ni Ma V"}}}, {"type": "Feature", "geometry": {"type": "Point", "coordinates": [86.1304295, 27.728563]}, "properties": {"external_id": "osm:node/5023370627", "kind": "school", "name": "Shree Hilepani Uchha Ma V", "name_ne": "", "tags": {"amenity": "school", "name": "Shree Hilepani Uchha Ma V"}}}, {"type": "Feature", "geometry": {"type": "Point", "coordinates": [86.1861724, 27.5990384]}, "properties": {"external_id": "osm:node/5023371070", "kind": "school", "name": "Shree Kalidevi Ma V", "name_ne": "", "tags": {"amenity": "school", "name": "Shree Kalidevi Ma V"}}}, {"type": "Feature", "geometry": {"type": "Point", "coordinates": [86.1907835, 27.5903769]}, "properties": {"external_id": "osm:node/5023378866", "kind": "school", "name": "Shree Kalika Ma V", "name_ne": "", "tags": {"amenity": "school", "name": "Shree Kalika Ma V"}}}, {"type": "Feature", "geometry": {"type": "Point", "coordinates": [86.1851467, 27.7515579]}, "properties": {"external_id": "osm:node/5023382056", "kind": "school", "name": "Shri Karuna Pra V", "name_ne": "", "tags": {"amenity": "school", "name": "Shri Karuna Pra V"}}}, {"type": "Feature", "geometry": {"type": "Point", "coordinates": [86.2172943, 27.755504]}, "properties": {"external_id": "osm:node/5023390480", "kind": "school", "name": "Shree Nawajyoti Ni Ma V", "name_ne": "", "tags": {"amenity": "school", "name": "Shree Nawajyoti Ni Ma V"}}}, {"type": "Feature", "geometry": {"type": "Point", "coordinates": [86.1537647, 27.7383729]}, "properties": {"external_id": "osm:node/5023390590", "kind": "school", "name": "Shree Manakamana PRA V", "name_ne": "", "tags": {"amenity": "school", "name": "Shree Manakamana PRA V"}}}, {"type": "Feature", "geometry": {"type": "Point", "coordinates": [86.2142496, 27.7376654]}, "properties": {"external_id": "osm:node/5023392385", "kind": "school", "name": "Shree Haleshwor HSS", "name_ne": "", "tags": {"amenity": "school", "name": "Shree Haleshwor HSS"}}}, {"type": "Feature", "geometry": {"type": "Point", "coordinates": [86.2000417, 27.7393993]}, "properties": {"external_id": "osm:node/5023395409", "kind": "school", "name": "Shree Haleshwor Pra V", "name_ne": "", "tags": {"amenity": "school", "name": "Shree Haleshwor Pra V"}}}, {"type": "Feature", "geometry": {"type": "Point", "coordinates": [86.2558114, 27.73352]}, "properties": {"external_id": "osm:node/5023398895", "kind": "school", "name": "Shri Dibyashwari Ni Ma V", "name_ne": "", "tags": {"amenity": "school", "name": "Shri Dibyashwari Ni Ma V"}}}, {"type": "Feature", "geometry": {"type": "Point", "coordinates": [86.1456915, 27.729373]}, "properties": {"external_id": "osm:node/5023399818", "kind": "school", "name": "Shree Pokhare Ni Ma V", "name_ne": "", "tags": {"amenity": "school", "name": "Shree Pokhare Ni Ma V"}}}, {"type": "Feature", "geometry": {"type": "Point", "coordinates": [86.1209376, 27.7236606]}, "properties": {"external_id": "osm:node/5023403881", "kind": "school", "name": "Shree Bishmure PRA V", "name_ne": "", "tags": {"amenity": "school", "name": "Shree Bishmure PRA V"}}}, {"type": "Feature", "geometry": {"type": "Point", "coordinates": [86.1231711, 27.7355073]}, "properties": {"external_id": "osm:node/5023407834", "kind": "school", "name": "Shree Tettskoti PRA V", "name_ne": "", "tags": {"amenity": "school", "name": "Shree Tettskoti PRA V"}}}, {"type": "Feature", "geometry": {"type": "Point", "coordinates": [86.1440439, 27.7458941]}, "properties": {"external_id": "osm:node/5023410677", "kind": "school", "name": "Shree Kalidevi PRA V", "name_ne": "", "tags": {"amenity": "school", "name": "Shree Kalidevi PRA V"}}}, {"type": "Feature", "geometry": {"type": "Point", "coordinates": [86.1435819, 27.7421196]}, "properties": {"external_id": "osm:node/5023410686", "kind": "school", "name": "Shree Bhagawati Ma V", "name_ne": "", "tags": {"amenity": "school", "name": "Shree Bhagawati Ma V"}}}, {"type": "Feature", "geometry": {"type": "Point", "coordinates": [86.137402, 27.7448836]}, "properties": {"external_id": "osm:node/5023411314", "kind": "school", "name": "Shree Mahadeveshwori PRA V", "name_ne": "", "tags": {"amenity": "school", "name": "Shree Mahadeveshwori PRA V"}}}, {"type": "Feature", "geometry": {"type": "Point", "coordinates": [86.1387187, 27.756803]}, "properties": {"external_id": "osm:node/5023414146", "kind": "school", "name": "Shree Basapandit PRA V", "name_ne": "", "tags": {"amenity": "school", "name": "Shree Basapandit PRA V"}}}, {"type": "Feature", "geometry": {"type": "Point", "coordinates": [86.1281325, 27.7701467]}, "properties": {"external_id": "osm:node/5023414370", "kind": "school", "name": "Shree Pragatishil Milijuli Ni Ma V", "name_ne": "", "tags": {"amenity": "school", "name": "Shree Pragatishil Milijuli Ni Ma V"}}}, {"type": "Feature", "geometry": {"type": "Point", "coordinates": [86.1320966, 27.7553181]}, "properties": {"external_id": "osm:node/5023414700", "kind": "school", "name": "Shree Kamala PRA V", "name_ne": "", "tags": {"amenity": "school", "name": "Shree Kamala PRA V"}}}, {"type": "Feature", "geometry": {"type": "Point", "coordinates": [86.1307631, 27.7655031]}, "properties": {"external_id": "osm:node/5023416025", "kind": "school", "name": "Shree Jalpashwori Uchha Ma V", "name_ne": "", "tags": {"amenity": "school", "name": "Shree Jalpashwori Uchha Ma V"}}}, {"type": "Feature", "geometry": {"type": "Point", "coordinates": [86.1304453, 27.7726121]}, "properties": {"external_id": "osm:node/5023419207", "kind": "school", "name": "Shree Bindabasini Ni Ma V", "name_ne": "", "tags": {"amenity": "school", "name": "Shree Bindabasini Ni Ma V"}}}, {"type": "Feature", "geometry": {"type": "Point", "coordinates": [86.1113567, 27.7654734]}, "properties": {"external_id": "osm:node/5023422308", "kind": "school", "name": "Shree Laliguransh PRA V", "name_ne": "", "tags": {"amenity": "school", "name": "Shree Laliguransh PRA V"}}}, {"type": "Feature", "geometry": {"type": "Point", "coordinates": [86.1032171, 27.7894758]}, "properties": {"external_id": "osm:node/5023431395", "kind": "school", "name": "Shree Nikobhagawoti PRA V", "name_ne": "", "tags": {"amenity": "school", "name": "Shree Nikobhagawoti PRA V"}}}, {"type": "Feature", "geometry": {"type": "Point", "coordinates": [86.097835, 27.7877708]}, "properties": {"external_id": "osm:node/5023433874", "kind": "school", "name": "Shree Nikosaptamai PRA V", "name_ne": "", "tags": {"amenity": "school", "name": "Shree Nikosaptamai PRA V"}}}, {"type": "Feature", "geometry": {"type": "Point", "coordinates": [86.0825884, 27.7888928]}, "properties": {"external_id": "osm:node/5023436234", "kind": "school", "name": "Shree Divyashwori Ni Ma V", "name_ne": "", "tags": {"amenity": "school", "name": "Shree Divyashwori Ni Ma V"}}}, {"type": "Feature", "geometry": {"type": "Point", "coordinates": [86.0670494, 27.7866116]}, "properties": {"external_id": "osm:node/5023437475", "kind": "school", "name": "Shree Balodaya Ma V", "name_ne": "", "tags": {"amenity": "school", "name": "Shree Balodaya Ma V"}}}, {"type": "Feature", "geometry": {"type": "Point", "coordinates": [86.0887911, 27.7986955]}, "properties": {"external_id": "osm:node/5023447410", "kind": "school", "name": "Shree Kalinchwok Ni Ma V", "name_ne": "", "tags": {"amenity": "school", "name": "Shree Kalinchwok Ni Ma V"}}}, {"type": "Feature", "geometry": {"type": "Point", "coordinates": [86.1024668, 27.808856]}, "properties": {"external_id": "osm:node/5023455506", "kind": "school", "name": "Shree Jamuna PRA V", "name_ne": "", "tags": {"amenity": "school", "name": "Shree Jamuna PRA V"}}}, {"type": "Feature", "geometry": {"type": "Point", "coordinates": [86.0941871, 27.8142612]}, "properties": {"external_id": "osm:node/5023458457", "kind": "school", "name": "Shree Himalaya Higher Secondary School", "name_ne": "", "tags": {"amenity": "school", "name": "Shree Himalaya Higher Secondary School"}}}, {"type": "Feature", "geometry": {"type": "Point", "coordinates": [86.0583015, 27.82867]}, "properties": {"external_id": "osm:node/5023462197", "kind": "school", "name": "Shree Deudhunga PRA V", "name_ne": "", "tags": {"amenity": "school", "name": "Shree Deudhunga PRA V"}}}, {"type": "Feature", "geometry": {"type": "Point", "coordinates": [86.0784127, 27.8374664]}, "properties": {"external_id": "osm:node/5023467161", "kind": "school", "name": "Gaurishanker Lower Secondary School", "name_ne": "", "tags": {"amenity": "school", "name": "Gaurishanker Lower Secondary School"}}}, {"type": "Feature", "geometry": {"type": "Point", "coordinates": [86.0738536, 27.8454369]}, "properties": {"external_id": "osm:node/5023476876", "kind": "school", "name": "Shree Tashi Chime Gatsal Pra V", "name_ne": "", "tags": {"amenity": "school", "name": "Shree Tashi Chime Gatsal Pra V"}}}, {"type": "Feature", "geometry": {"type": "Point", "coordinates": [86.1545015, 27.7679142]}, "properties": {"external_id": "osm:node/5023486347", "kind": "school", "name": "Shree Dhungeshwori PRA V", "name_ne": "", "tags": {"amenity": "school", "name": "Shree Dhungeshwori PRA V"}}}, {"type": "Feature", "geometry": {"type": "Point", "coordinates": [86.1471919, 27.7821371]}, "properties": {"external_id": "osm:node/5023486805", "kind": "school", "name": "Shree Lingwa Pra V", "name_ne": "", "tags": {"amenity": "school", "name": "Shree Lingwa Pra V"}}}, {"type": "Feature", "geometry": {"type": "Point", "coordinates": [86.172474, 27.7833867]}, "properties": {"external_id": "osm:node/5023494577", "kind": "school", "name": "Shree Kalidevi Pra V", "name_ne": "", "tags": {"amenity": "school", "name": "Shree Kalidevi Pra V"}}}, {"type": "Feature", "geometry": {"type": "Point", "coordinates": [86.1694186, 27.801828]}, "properties": {"external_id": "osm:node/5023496624", "kind": "school", "name": "Shree Bulungkhani Pra V", "name_ne": "", "tags": {"amenity": "school", "name": "Shree Bulungkhani Pra V"}}}, {"type": "Feature", "geometry": {"type": "Point", "coordinates": [86.2000777, 27.7994563]}, "properties": {"external_id": "osm:node/5023499454", "kind": "school", "name": "Shree Devlingeshwor Ni Ma V", "name_ne": "", "tags": {"amenity": "school", "name": "Shree Devlingeshwor Ni Ma V"}}}, {"type": "Feature", "geometry": {"type": "Point", "coordinates": [86.2063205, 27.8152015]}, "properties": {"external_id": "osm:node/5023499462", "kind": "school", "name": "Shree Seti Devi Pra V", "name_ne": "", "tags": {"amenity": "school", "name": "Shree Seti Devi Pra V"}}}, {"type": "Feature", "geometry": {"type": "Point", "coordinates": [86.2130769, 27.8084351]}, "properties": {"external_id": "osm:node/5023921800", "kind": "school", "name": "Shree Deulang Khani PRA V", "name_ne": "", "tags": {"amenity": "school", "name": "Shree Deulang Khani PRA V"}}}, {"type": "Feature", "geometry": {"type": "Point", "coordinates": [86.187514, 27.7953591]}, "properties": {"external_id": "osm:node/5023926285", "kind": "school", "name": "Shree Shivalingeshwor Balbikas kendra", "name_ne": "", "tags": {"amenity": "school", "name": "Shree Shivalingeshwor Balbikas kendra"}}}, {"type": "Feature", "geometry": {"type": "Point", "coordinates": [86.1889292, 27.7813077]}, "properties": {"external_id": "osm:node/5023932449", "kind": "school", "name": "Shree Jana Kalyan PRA V", "name_ne": "", "tags": {"amenity": "school", "name": "Shree Jana Kalyan PRA V"}}}, {"type": "Feature", "geometry": {"type": "Point", "coordinates": [86.191123, 27.7743314]}, "properties": {"external_id": "osm:node/5023944281", "kind": "school", "name": "Shri Bhirmuni PRA V", "name_ne": "", "tags": {"amenity": "school", "name": "Shri Bhirmuni PRA V"}}}, {"type": "Feature", "geometry": {"type": "Point", "coordinates": [86.114226, 27.7842442]}, "properties": {"external_id": "osm:node/5023981884", "kind": "school", "name": "Shree Niko Mahankal PRA V", "name_ne": "", "tags": {"amenity": "school", "name": "Shree Niko Mahankal PRA V"}}}, {"type": "Feature", "geometry": {"type": "Point", "coordinates": [86.1040347, 27.7870047]}, "properties": {"external_id": "osm:node/5024019480", "kind": "school", "name": "Shree Niko Bhume Uchha Ma V", "name_ne": "", "tags": {"amenity": "school", "name": "Shree Niko Bhume Uchha Ma V"}}}, {"type": "Feature", "geometry": {"type": "Point", "coordinates": [86.1828733, 27.7646809]}, "properties": {"external_id": "osm:node/5024025142", "kind": "school", "name": "Shree Gyalsung PRA V", "name_ne": "", "tags": {"amenity": "school", "name": "Shree Gyalsung PRA V"}}}, {"type": "Feature", "geometry": {"type": "Point", "coordinates": [86.1649148, 27.7601766]}, "properties": {"external_id": "osm:node/5024030244", "kind": "school", "name": "Shree Chitre Ni Ma V", "name_ne": "", "tags": {"amenity": "school", "name": "Shree Chitre Ni Ma V"}}}, {"type": "Feature", "geometry": {"type": "Point", "coordinates": [86.1672092, 27.7513865]}, "properties": {"external_id": "osm:node/5024032707", "kind": "school", "name": "Shree Narayani Ni Ma V", "name_ne": "", "tags": {"amenity": "school", "name": "Shree Narayani Ni Ma V"}}}, {"type": "Feature", "geometry": {"type": "Point", "coordinates": [86.1530868, 27.7284018]}, "properties": {"external_id": "osm:node/5024102192", "kind": "school", "name": "Shree Seti Devi PRA V", "name_ne": "", "tags": {"amenity": "school", "name": "Shree Seti Devi PRA V"}}}, {"type": "Feature", "geometry": {"type": "Point", "coordinates": [86.1425432, 27.7176855]}, "properties": {"external_id": "osm:node/5024113009", "kind": "school", "name": "Shree Janakalyan PRA V", "name_ne": "", "tags": {"amenity": "school", "name": "Shree Janakalyan PRA V"}}}, {"type": "Feature", "geometry": {"type": "Point", "coordinates": [86.0627005, 27.6112379]}, "properties": {"external_id": "osm:node/5024114384", "kind": "school", "name": "Shree Bhadreshwor Ni Ma V", "name_ne": "", "tags": {"amenity": "school", "name": "Shree Bhadreshwor Ni Ma V"}}}, {"type": "Feature", "geometry": {"type": "Point", "coordinates": [86.0486641, 27.6166515]}, "properties": {"external_id": "osm:node/5024121902", "kind": "school", "name": "Shree Sangute Ma V", "name_ne": "", "tags": {"amenity": "school", "name": "Shree Sangute Ma V"}}}, {"type": "Feature", "geometry": {"type": "Point", "coordinates": [86.0340882, 27.620878]}, "properties": {"external_id": "osm:node/5024122280", "kind": "school", "name": "Shree Basundhara PRA V", "name_ne": "", "tags": {"amenity": "school", "name": "Shree Basundhara PRA V"}}}, {"type": "Feature", "geometry": {"type": "Point", "coordinates": [86.0250757, 27.6107916]}, "properties": {"external_id": "osm:node/5024123663", "kind": "school", "name": "Shree Kalika Uchha Ma V", "name_ne": "", "tags": {"amenity": "school", "name": "Shree Kalika Uchha Ma V"}}}, {"type": "Feature", "geometry": {"type": "Point", "coordinates": [86.0151203, 27.6153889]}, "properties": {"external_id": "osm:node/5024125618", "kind": "school", "name": "Shree Suryodaya Samudayak PRA V", "name_ne": "", "tags": {"amenity": "school", "name": "Shree Suryodaya Samudayak PRA V"}}}, {"type": "Feature", "geometry": {"type": "Point", "coordinates": [86.0045342, 27.6161646]}, "properties": {"external_id": "osm:node/5024127607", "kind": "school", "name": "Shree Sanjivani PRA V", "name_ne": "", "tags": {"amenity": "school", "name": "Shree Sanjivani PRA V"}}}, {"type": "Feature", "geometry": {"type": "Point", "coordinates": [86.0076895, 27.6026343]}, "properties": {"external_id": "osm:node/5024132492", "kind": "school", "name": "Shree Seti Devi Ni Ma V", "name_ne": "", "tags": {"amenity": "school", "name": "Shree Seti Devi Ni Ma V"}}}, {"type": "Feature", "geometry": {"type": "Point", "coordinates": [85.962601, 27.5878442]}, "properties": {"external_id": "osm:node/5024135854", "kind": "school", "name": "Shree Sailung Pra V", "name_ne": "", "tags": {"amenity": "school", "name": "Shree Sailung Pra V"}}}, {"type": "Feature", "geometry": {"type": "Point", "coordinates": [85.970465, 27.6340394]}, "properties": {"external_id": "osm:node/5027685321", "kind": "school", "name": "Shree Jugeshwori Pra V", "name_ne": "", "tags": {"amenity": "school", "name": "Shree Jugeshwori Pra V"}}}, {"type": "Feature", "geometry": {"type": "Point", "coordinates": [85.9719709, 27.6160115]}, "properties": {"external_id": "osm:node/5027686746", "kind": "school", "name": "Shree Kali Bhume Ma V", "name_ne": "", "tags": {"amenity": "school", "name": "Shree Kali Bhume Ma V"}}}, {"type": "Feature", "geometry": {"type": "Point", "coordinates": [85.9935479, 27.6291294]}, "properties": {"external_id": "osm:node/5027688872", "kind": "school", "name": "Shree Jana Kalyan Pra V", "name_ne": "", "tags": {"amenity": "school", "name": "Shree Jana Kalyan Pra V"}}}, {"type": "Feature", "geometry": {"type": "Point", "coordinates": [86.1449746, 27.6790044]}, "properties": {"external_id": "osm:node/5027706421", "kind": "school", "name": "Shri kutidanda Pra V", "name_ne": "", "tags": {"amenity": "school", "name": "Shri kutidanda Pra V"}}}, {"type": "Feature", "geometry": {"type": "Point", "coordinates": [86.1503318, 27.6957919]}, "properties": {"external_id": "osm:node/5027707841", "kind": "school", "name": "Shree Setidevi Pra V", "name_ne": "", "tags": {"amenity": "school", "name": "Shree Setidevi Pra V"}}}, {"type": "Feature", "geometry": {"type": "Point", "coordinates": [86.1486842, 27.6923942]}, "properties": {"external_id": "osm:node/5027708023", "kind": "school", "name": "Shree kalidevi Ni Ma V", "name_ne": "", "tags": {"amenity": "school", "name": "Shree kalidevi Ni Ma V"}}}, {"type": "Feature", "geometry": {"type": "Point", "coordinates": [86.1851011, 27.6828038]}, "properties": {"external_id": "osm:node/5027709801", "kind": "school", "name": "Shri Chetpu Pra V", "name_ne": "", "tags": {"amenity": "school", "name": "Shri Chetpu Pra V"}}}, {"type": "Feature", "geometry": {"type": "Point", "coordinates": [86.2658848, 27.632607]}, "properties": {"external_id": "osm:node/5027711466", "kind": "school", "name": "Shree Bauddha Bhuwaneshwary Ma V", "name_ne": "", "tags": {"amenity": "school", "name": "Shree Bauddha Bhuwaneshwary Ma V"}}}, {"type": "Feature", "geometry": {"type": "Point", "coordinates": [86.2201546, 27.5933745]}, "properties": {"external_id": "osm:node/5027716648", "kind": "school", "name": "Shree Thulochaur Pra V", "name_ne": "", "tags": {"amenity": "school", "name": "Shree Thulochaur Pra V"}}}, {"type": "Feature", "geometry": {"type": "Point", "coordinates": [86.1855655, 27.5737058]}, "properties": {"external_id": "osm:node/5027717895", "kind": "school", "name": "Shree Kusheshwor Ni Ma V", "name_ne": "", "tags": {"amenity": "school", "name": "Shree Kusheshwor Ni Ma V"}}}, {"type": "Feature", "geometry": {"type": "Point", "coordinates": [86.1615226, 27.5840083]}, "properties": {"external_id": "osm:node/5027719918", "kind": "school", "name": "Shree Kameshwor Ma V", "name_ne": "", "tags": {"amenity": "school", "name": "Shree Kameshwor Ma V"}}}, {"type": "Feature", "geometry": {"type": "Point", "coordinates": [86.2414129, 27.7324393]}, "properties": {"external_id": "osm:node/5027721213", "kind": "school", "name": "Shri Sepding Pra V", "name_ne": "", "tags": {"amenity": "school", "name": "Shri Sepding Pra V"}}}, {"type": "Feature", "geometry": {"type": "Point", "coordinates": [86.2645245, 27.6328186]}, "properties": {"external_id": "osm:node/5027722916", "kind": "school", "name": "Shree Sarbakhasa Gumba Guthi Bidhyalaya", "name_ne": "", "tags": {"amenity": "school", "name": "Shree Sarbakhasa Gumba Guthi Bidhyalaya"}}}, {"type": "Feature", "geometry": {"type": "Point", "coordinates": [86.2305925, 27.6350518]}, "properties": {"external_id": "osm:node/5027726760", "kind": "school", "name": "Jiri Technical School", "name_ne": "", "tags": {"amenity": "school", "name": "Jiri Technical School"}}}, {"type": "Feature", "geometry": {"type": "Point", "coordinates": [86.0277496, 27.5483406]}, "properties": {"external_id": "osm:node/5027733124", "kind": "school", "name": "Shree Dhungredevi Pra V", "name_ne": "", "tags": {"amenity": "school", "name": "Shree Dhungredevi Pra V"}}}, {"type": "Feature", "geometry": {"type": "Point", "coordinates": [86.050384, 27.5456659]}, "properties": {"external_id": "osm:node/5027735326", "kind": "school", "name": "Shree Aahaldanda Pra V", "name_ne": "", "tags": {"amenity": "school", "name": "Shree Aahaldanda Pra V"}}}, {"type": "Feature", "geometry": {"type": "Point", "coordinates": [86.1084139, 27.7452054]}, "properties": {"external_id": "osm:node/5027743653", "kind": "school", "name": "Lapilang Higher Secondary School", "name_ne": "", "tags": {"amenity": "school", "name": "Lapilang Higher Secondary School", "operator": "Government"}}}, {"type": "Feature", "geometry": {"type": "Point", "coordinates": [86.1084444, 27.7488479]}, "properties": {"external_id": "osm:node/5027754221", "kind": "school", "name": "Shree Deurali PRA V", "name_ne": "", "tags": {"amenity": "school", "name": "Shree Deurali PRA V"}}}, {"type": "Feature", "geometry": {"type": "Point", "coordinates": [86.121768, 27.7421983]}, "properties": {"external_id": "osm:node/5027759369", "kind": "school", "name": "Shree Golma Devi PRA V", "name_ne": "", "tags": {"amenity": "school", "name": "Shree Golma Devi PRA V"}}}, {"type": "Feature", "geometry": {"type": "Point", "coordinates": [86.1174451, 27.739632]}, "properties": {"external_id": "osm:node/5027808369", "kind": "school", "name": "Shree Bhagwati Ni Ma V", "name_ne": "", "tags": {"amenity": "school", "name": "Shree Bhagwati Ni Ma V"}}}, {"type": "Feature", "geometry": {"type": "Point", "coordinates": [86.1136648, 27.742554]}, "properties": {"external_id": "osm:node/5027816806", "kind": "school", "name": "Shree Guranshe PRA V", "name_ne": "", "tags": {"amenity": "school", "name": "Shree Guranshe PRA V"}}}, {"type": "Feature", "geometry": {"type": "Point", "coordinates": [86.0789952, 27.7030726]}, "properties": {"external_id": "osm:node/5027850367", "kind": "school", "name": "Shree Chandi Devi PRA V", "name_ne": "", "tags": {"amenity": "school", "name": "Shree Chandi Devi PRA V"}}}, {"type": "Feature", "geometry": {"type": "Point", "coordinates": [86.0786265, 27.713628]}, "properties": {"external_id": "osm:node/5027866848", "kind": "school", "name": "Shree Shringeshwor PRA V", "name_ne": "", "tags": {"amenity": "school", "name": "Shree Shringeshwor PRA V"}}}, {"type": "Feature", "geometry": {"type": "Point", "coordinates": [86.0690676, 27.7199862]}, "properties": {"external_id": "osm:node/5027885925", "kind": "school", "name": "Shree Saraswoti PRA V", "name_ne": "", "tags": {"amenity": "school", "name": "Shree Saraswoti PRA V"}}}, {"type": "Feature", "geometry": {"type": "Point", "coordinates": [86.0793459, 27.6984616]}, "properties": {"external_id": "osm:node/5027889698", "kind": "school", "name": "Shree Devi PRA V", "name_ne": "", "tags": {"amenity": "school", "name": "Shree Devi PRA V"}}}, {"type": "Feature", "geometry": {"type": "Point", "coordinates": [86.0720695, 27.7149772]}, "properties": {"external_id": "osm:node/5027892306", "kind": "school", "name": "Shree Kalika Uchha Ma V", "name_ne": "", "tags": {"amenity": "school", "name": "Shree Kalika Uchha Ma V"}}}, {"type": "Feature", "geometry": {"type": "Point", "coordinates": [86.0653637, 27.7179858]}, "properties": {"external_id": "osm:node/5027927155", "kind": "school", "name": "Shree Jagaran Bhimeshwor PRA V", "name_ne": "", "tags": {"amenity": "school", "name": "Shree Jagaran Bhimeshwor PRA V"}}}, {"type": "Feature", "geometry": {"type": "Point", "coordinates": [85.9812402, 27.587351]}, "properties": {"external_id": "osm:node/5027936725", "kind": "school", "name": "Shree Kalapani Pra V", "name_ne": "", "tags": {"amenity": "school", "name": "Shree Kalapani Pra V"}}}, {"type": "Feature", "geometry": {"type": "Point", "coordinates": [86.1173658, 27.8442353]}, "properties": {"external_id": "osm:node/5027943382", "kind": "school", "name": "Shree Himali Devi Pra V", "name_ne": "", "tags": {"amenity": "school", "name": "Shree Himali Devi Pra V"}}}, {"type": "Feature", "geometry": {"type": "Point", "coordinates": [86.1154654, 27.8372156]}, "properties": {"external_id": "osm:node/5027956267", "kind": "school", "name": "Shree Himkhande Bhuwaneshwari Pra V", "name_ne": "", "tags": {"amenity": "school", "name": "Shree Himkhande Bhuwaneshwari Pra V"}}}, {"type": "Feature", "geometry": {"type": "Point", "coordinates": [86.1259501, 27.8257055]}, "properties": {"external_id": "osm:node/5027958820", "kind": "school", "name": "Shree Janta Pra V", "name_ne": "", "tags": {"amenity": "school", "name": "Shree Janta Pra V"}}}, {"type": "Feature", "geometry": {"type": "Point", "coordinates": [86.0989292, 27.8386419]}, "properties": {"external_id": "osm:node/5027966952", "kind": "school", "name": "Shree Thampu Ma V", "name_ne": "", "tags": {"amenity": "school", "name": "Shree Thampu Ma V"}}}, {"type": "Feature", "geometry": {"type": "Point", "coordinates": [86.0923311, 27.8401213]}, "properties": {"external_id": "osm:node/5027968113", "kind": "school", "name": "Shree Mane Danda PRA V", "name_ne": "", "tags": {"amenity": "school", "name": "Shree Mane Danda PRA V"}}}, {"type": "Feature", "geometry": {"type": "Point", "coordinates": [85.9665307, 27.7074132]}, "properties": {"external_id": "osm:node/5028096331", "kind": "school", "name": "Shri Kali Devi PRA V", "name_ne": "", "tags": {"amenity": "school", "name": "Shri Kali Devi PRA V"}}}, {"type": "Feature", "geometry": {"type": "Point", "coordinates": [86.10358, 27.8181802]}, "properties": {"external_id": "osm:node/5028100259", "kind": "school", "name": "Shree Devitar Ni Ma V", "name_ne": "", "tags": {"amenity": "school", "name": "Shree Devitar Ni Ma V"}}}, {"type": "Feature", "geometry": {"type": "Point", "coordinates": [86.1219555, 27.7993319]}, "properties": {"external_id": "osm:node/5028104481", "kind": "school", "name": "Shree Chirkun Than Namuna PRA V", "name_ne": "", "tags": {"amenity": "school", "name": "Shree Chirkun Than Namuna PRA V"}}}, {"type": "Feature", "geometry": {"type": "Point", "coordinates": [86.0012859, 27.588418]}, "properties": {"external_id": "osm:node/5028168623", "kind": "school", "name": "Shree Sailungeshwor Ni Ma V", "name_ne": "", "tags": {"amenity": "school", "name": "Shree Sailungeshwor Ni Ma V"}}}, {"type": "Feature", "geometry": {"type": "Point", "coordinates": [85.9920696, 27.5657057]}, "properties": {"external_id": "osm:node/5028180021", "kind": "school", "name": "Shree Mahadev Pra V", "name_ne": "", "tags": {"amenity": "school", "name": "Shree Mahadev Pra V"}}}, {"type": "Feature", "geometry": {"type": "Point", "coordinates": [86.0782054, 27.5220091]}, "properties": {"external_id": "osm:node/5030691337", "kind": "school", "name": "Shri Karnakali Pra V", "name_ne": "", "tags": {"amenity": "school", "name": "Shri Karnakali Pra V"}}}, {"type": "Feature", "geometry": {"type": "Point", "coordinates": [86.0236999, 27.526623]}, "properties": {"external_id": "osm:node/5036456621", "kind": "school", "name": "Shree Chitre Pra V", "name_ne": "", "tags": {"amenity": "school", "name": "Shree Chitre Pra V"}}}, {"type": "Feature", "geometry": {"type": "Point", "coordinates": [86.0349015, 27.5272495]}, "properties": {"external_id": "osm:node/5036462001", "kind": "school", "name": "Shree Phadke Pra V", "name_ne": "", "tags": {"amenity": "school", "name": "Shree Phadke Pra V"}}}, {"type": "Feature", "geometry": {"type": "Point", "coordinates": [86.0636352, 27.6009764]}, "properties": {"external_id": "osm:node/5036486741", "kind": "school", "name": "Shree Simte Ni Ma Vi", "name_ne": "", "tags": {"amenity": "school", "name": "Shree Simte Ni Ma Vi"}}}, {"type": "Feature", "geometry": {"type": "Point", "coordinates": [86.0543773, 27.58281]}, "properties": {"external_id": "osm:node/5036501120", "kind": "school", "name": "Shree Bhangeri Ma V", "name_ne": "", "tags": {"amenity": "school", "name": "Shree Bhangeri Ma V"}}}, {"type": "Feature", "geometry": {"type": "Point", "coordinates": [86.0617951, 27.5810635]}, "properties": {"external_id": "osm:node/5036509685", "kind": "school", "name": "Shri Bindhabashini Ni Ma Vi", "name_ne": "", "tags": {"amenity": "school", "name": "Shri Bindhabashini Ni Ma Vi"}}}, {"type": "Feature", "geometry": {"type": "Point", "coordinates": [86.070939, 27.5835767]}, "properties": {"external_id": "osm:node/5038037672", "kind": "school", "name": "Shri Janata Pra V", "name_ne": "", "tags": {"amenity": "school", "name": "Shri Janata Pra V"}}}, {"type": "Feature", "geometry": {"type": "Point", "coordinates": [86.0678037, 27.5804598]}, "properties": {"external_id": "osm:node/5038041111", "kind": "school", "name": "Shri Seti Devi Pra V", "name_ne": "", "tags": {"amenity": "school", "name": "Shri Seti Devi Pra V"}}}, {"type": "Feature", "geometry": {"type": "Point", "coordinates": [86.068893, 27.5747948]}, "properties": {"external_id": "osm:node/5038044075", "kind": "school", "name": "Shri Diyalekharka Ni Ma Vi", "name_ne": "", "tags": {"amenity": "school", "name": "Shri Diyalekharka Ni Ma Vi"}}}, {"type": "Feature", "geometry": {"type": "Point", "coordinates": [86.0926508, 27.5812521]}, "properties": {"external_id": "osm:node/5038047946", "kind": "school", "name": "Shri Bhimeshwar Ni Ma Vi", "name_ne": "", "tags": {"amenity": "school", "name": "Shri Bhimeshwar Ni Ma Vi"}}}, {"type": "Feature", "geometry": {"type": "Point", "coordinates": [86.0871673, 27.5744267]}, "properties": {"external_id": "osm:node/5038048355", "kind": "school", "name": "Shri Indrawati Pra Vi", "name_ne": "", "tags": {"amenity": "school", "name": "Shri Indrawati Pra Vi"}}}, {"type": "Feature", "geometry": {"type": "Point", "coordinates": [86.087746, 27.5498586]}, "properties": {"external_id": "osm:node/5038058544", "kind": "school", "name": "Shri Sitapaila Uchha Ma Vi", "name_ne": "", "tags": {"amenity": "school", "name": "Shri Sitapaila Uchha Ma Vi"}}}, {"type": "Feature", "geometry": {"type": "Point", "coordinates": [86.1352157, 27.6046931]}, "properties": {"external_id": "osm:node/5038094734", "kind": "school", "name": "Shree kaileshwor PRA Vi", "name_ne": "", "tags": {"amenity": "school", "name": "Shree kaileshwor PRA Vi"}}}, {"type": "Feature", "geometry": {"type": "Point", "coordinates": [86.0896687, 27.5980779]}, "properties": {"external_id": "osm:node/5038106285", "kind": "school", "name": "Shri Narayani Uchha Ma Vi", "name_ne": "", "tags": {"amenity": "school", "name": "Shri Narayani Uchha Ma Vi"}}}, {"type": "Feature", "geometry": {"type": "Point", "coordinates": [86.0992278, 27.5811868]}, "properties": {"external_id": "osm:node/5038107223", "kind": "school", "name": "Shri Budhi Chandika PRA Vi", "name_ne": "", "tags": {"amenity": "school", "name": "Shri Budhi Chandika PRA Vi"}}}, {"type": "Feature", "geometry": {"type": "Point", "coordinates": [86.1077339, 27.5871302]}, "properties": {"external_id": "osm:node/5038107301", "kind": "school", "name": "Shri Ganesh Ni Ma Vi", "name_ne": "", "tags": {"amenity": "school", "name": "Shri Ganesh Ni Ma Vi"}}}, {"type": "Feature", "geometry": {"type": "Point", "coordinates": [86.09779, 27.591493]}, "properties": {"external_id": "osm:node/5038111618", "kind": "school", "name": "Shri Gaiyashwari Pra. Vi", "name_ne": "", "tags": {"amenity": "school", "name": "Shri Gaiyashwari Pra. Vi"}}}, {"type": "Feature", "geometry": {"type": "Point", "coordinates": [86.1101168, 27.5708073]}, "properties": {"external_id": "osm:node/5038115845", "kind": "school", "name": "Shree Janaprabhat Ma Vi", "name_ne": "", "tags": {"amenity": "school", "name": "Shree Janaprabhat Ma Vi"}}}, {"type": "Feature", "geometry": {"type": "Point", "coordinates": [86.1147716, 27.5582097]}, "properties": {"external_id": "osm:node/5038118506", "kind": "school", "name": "Shree Amar Uchha Ma Vi", "name_ne": "", "tags": {"amenity": "school", "name": "Shree Amar Uchha Ma Vi"}}}, {"type": "Feature", "geometry": {"type": "Point", "coordinates": [86.1070904, 27.5478294]}, "properties": {"external_id": "osm:node/5038122385", "kind": "school", "name": "Shree kalapani Ma Vi", "name_ne": "", "tags": {"amenity": "school", "name": "Shree kalapani Ma Vi"}}}, {"type": "Feature", "geometry": {"type": "Point", "coordinates": [86.0927648, 27.5372705]}, "properties": {"external_id": "osm:node/5038124958", "kind": "school", "name": "Shri Jagriti Pra Vi", "name_ne": "", "tags": {"amenity": "school", "name": "Shri Jagriti Pra Vi"}}}, {"type": "Feature", "geometry": {"type": "Point", "coordinates": [86.0954104, 27.5629695]}, "properties": {"external_id": "osm:node/5038126886", "kind": "school", "name": "Shri Chanaute Ni Ma Vi", "name_ne": "", "tags": {"amenity": "school", "name": "Shri Chanaute Ni Ma Vi"}}}, {"type": "Feature", "geometry": {"type": "Point", "coordinates": [86.1389818, 27.648927]}, "properties": {"external_id": "osm:node/5038127904", "kind": "school", "name": "Shri Jal Devi Ma V", "name_ne": "", "tags": {"amenity": "school", "name": "Shri Jal Devi Ma V"}}}, {"type": "Feature", "geometry": {"type": "Point", "coordinates": [86.1572009, 27.6458304]}, "properties": {"external_id": "osm:node/5038129124", "kind": "school", "name": "Shri Bal Bidyashram Pra Vi", "name_ne": "", "tags": {"amenity": "school", "name": "Shri Bal Bidyashram Pra Vi"}}}, {"type": "Feature", "geometry": {"type": "Point", "coordinates": [86.1270527, 27.6476819]}, "properties": {"external_id": "osm:node/5038130175", "kind": "school", "name": "Shri Jana Jagriti Pra V", "name_ne": "", "tags": {"amenity": "school", "name": "Shri Jana Jagriti Pra V"}}}, {"type": "Feature", "geometry": {"type": "Point", "coordinates": [86.1464132, 27.6396943]}, "properties": {"external_id": "osm:node/5038130299", "kind": "school", "name": "Shri Bhabisya Pra Vi", "name_ne": "", "tags": {"amenity": "school", "name": "Shri Bhabisya Pra Vi"}}}, {"type": "Feature", "geometry": {"type": "Point", "coordinates": [86.1348862, 27.6382272]}, "properties": {"external_id": "osm:node/5038133165", "kind": "school", "name": "Shri Netra Jyoti Ni Ma Vi", "name_ne": "", "tags": {"amenity": "school", "name": "Shri Netra Jyoti Ni Ma Vi"}}}, {"type": "Feature", "geometry": {"type": "Point", "coordinates": [86.1365782, 27.6152449]}, "properties": {"external_id": "osm:node/5038137678", "kind": "school", "name": "Shree Majhgaun Ni Ma Vi", "name_ne": "", "tags": {"amenity": "school", "name": "Shree Majhgaun Ni Ma Vi"}}}, {"type": "Feature", "geometry": {"type": "Point", "coordinates": [86.1283831, 27.5874083]}, "properties": {"external_id": "osm:node/5038146969", "kind": "school", "name": "Shree Himalaya Ni Ma Vi", "name_ne": "", "tags": {"amenity": "school", "name": "Shree Himalaya Ni Ma Vi"}}}, {"type": "Feature", "geometry": {"type": "Point", "coordinates": [86.0985913, 27.6042607]}, "properties": {"external_id": "osm:node/5038154557", "kind": "school", "name": "Shri Seti Devi Pra Vi", "name_ne": "", "tags": {"amenity": "school", "name": "Shri Seti Devi Pra Vi"}}}, {"type": "Feature", "geometry": {"type": "Point", "coordinates": [86.1243001, 27.5640383]}, "properties": {"external_id": "osm:node/5038154704", "kind": "school", "name": "Shree Janta Ni Ma Vi", "name_ne": "", "tags": {"amenity": "school", "name": "Shree Janta Ni Ma Vi"}}}, {"type": "Feature", "geometry": {"type": "Point", "coordinates": [86.117105, 27.5747909]}, "properties": {"external_id": "osm:node/5038155535", "kind": "school", "name": "Shree Naya Jyoti Pra Vi", "name_ne": "", "tags": {"amenity": "school", "name": "Shree Naya Jyoti Pra Vi"}}}, {"type": "Feature", "geometry": {"type": "Point", "coordinates": [86.0726952, 27.5400622]}, "properties": {"external_id": "osm:node/5038158094", "kind": "school", "name": "Shri Shiddheshwari Pra V", "name_ne": "", "tags": {"amenity": "school", "name": "Shri Shiddheshwari Pra V"}}}, {"type": "Feature", "geometry": {"type": "Point", "coordinates": [86.1058096, 27.5388102]}, "properties": {"external_id": "osm:node/5038158565", "kind": "school", "name": "Shree Gogan Danda Pra Vi", "name_ne": "", "tags": {"amenity": "school", "name": "Shree Gogan Danda Pra Vi"}}}, {"type": "Feature", "geometry": {"type": "Point", "coordinates": [86.1186098, 27.5372076]}, "properties": {"external_id": "osm:node/5038158710", "kind": "school", "name": "Shree Chhaude Ni Ma V", "name_ne": "", "tags": {"amenity": "school", "name": "Shree Chhaude Ni Ma V"}}}, {"type": "Feature", "geometry": {"type": "Point", "coordinates": [86.1083832, 27.523505]}, "properties": {"external_id": "osm:node/5038159546", "kind": "school", "name": "Shree Golmeshwor Campus", "name_ne": "", "tags": {"amenity": "school", "name": "Shree Golmeshwor Campus"}}}, {"type": "Feature", "geometry": {"type": "Point", "coordinates": [86.1075405, 27.5319699]}, "properties": {"external_id": "osm:node/5038160761", "kind": "school", "name": "Shree kirateshwor Pra Vi", "name_ne": "", "tags": {"amenity": "school", "name": "Shree kirateshwor Pra Vi"}}}, {"type": "Feature", "geometry": {"type": "Point", "coordinates": [86.0159209, 27.5574438]}, "properties": {"external_id": "osm:node/5038161818", "kind": "school", "name": "Shree Charnawati Ni Ma V", "name_ne": "", "tags": {"amenity": "school", "name": "Shree Charnawati Ni Ma V"}}}, {"type": "Feature", "geometry": {"type": "Point", "coordinates": [86.0635971, 27.5339157]}, "properties": {"external_id": "osm:node/5038165652", "kind": "school", "name": "Shree kalidevi Ni Ma Vi", "name_ne": "", "tags": {"amenity": "school", "name": "Shree kalidevi Ni Ma Vi"}}}, {"type": "Feature", "geometry": {"type": "Point", "coordinates": [86.0301278, 27.5528092]}, "properties": {"external_id": "osm:node/5038166677", "kind": "school", "name": "Shree Bishwo Bal Bikas Pra V", "name_ne": "", "tags": {"amenity": "school", "name": "Shree Bishwo Bal Bikas Pra V"}}}, {"type": "Feature", "geometry": {"type": "Point", "coordinates": [86.0587072, 27.555598]}, "properties": {"external_id": "osm:node/5038169695", "kind": "school", "name": "Shree Loktantrik Pra V", "name_ne": "", "tags": {"amenity": "school", "name": "Shree Loktantrik Pra V"}}}, {"type": "Feature", "geometry": {"type": "Point", "coordinates": [86.0578905, 27.5609812]}, "properties": {"external_id": "osm:node/5038173448", "kind": "school", "name": "Shree Saraswati Pra V", "name_ne": "", "tags": {"amenity": "school", "name": "Shree Saraswati Pra V"}}}, {"type": "Feature", "geometry": {"type": "Point", "coordinates": [86.0372465, 27.5052082]}, "properties": {"external_id": "osm:node/5038174082", "kind": "school", "name": "Shree Dhaneswor Pra Vi", "name_ne": "", "tags": {"amenity": "school", "name": "Shree Dhaneswor Pra Vi"}}}, {"type": "Feature", "geometry": {"type": "Point", "coordinates": [86.0199598, 27.5035214]}, "properties": {"external_id": "osm:node/5038178527", "kind": "school", "name": "Shree Indrawati Pra V", "name_ne": "", "tags": {"amenity": "school", "name": "Shree Indrawati Pra V"}}}, {"type": "Feature", "geometry": {"type": "Point", "coordinates": [86.0319464, 27.5088923]}, "properties": {"external_id": "osm:node/5038179270", "kind": "school", "name": "Shree Nigase Pra V", "name_ne": "", "tags": {"amenity": "school", "name": "Shree Nigase Pra V"}}}, {"type": "Feature", "geometry": {"type": "Point", "coordinates": [86.0179907, 27.5095919]}, "properties": {"external_id": "osm:node/5038300823", "kind": "school", "name": "Shree kopila Pra Vi", "name_ne": "", "tags": {"amenity": "school", "name": "Shree kopila Pra Vi"}}}, {"type": "Feature", "geometry": {"type": "Point", "coordinates": [86.0156996, 27.5967752]}, "properties": {"external_id": "osm:node/5038315314", "kind": "school", "name": "Shree Sailungheshwori Pra Vi", "name_ne": "", "tags": {"amenity": "school", "name": "Shree Sailungheshwori Pra Vi"}}}, {"type": "Feature", "geometry": {"type": "Point", "coordinates": [86.0300117, 27.5628709]}, "properties": {"external_id": "osm:node/5038321331", "kind": "school", "name": "Shree Jana Ekata Pra Vi", "name_ne": "", "tags": {"amenity": "school", "name": "Shree Jana Ekata Pra Vi"}}}, {"type": "Feature", "geometry": {"type": "Point", "coordinates": [86.0652805, 27.5524215]}, "properties": {"external_id": "osm:node/5038324668", "kind": "school", "name": "Shree Seti Devi Pra Vi", "name_ne": "", "tags": {"amenity": "school", "name": "Shree Seti Devi Pra Vi"}}}, {"type": "Feature", "geometry": {"type": "Point", "coordinates": [86.0365948, 27.5607801]}, "properties": {"external_id": "osm:node/5038335228", "kind": "school", "name": "Shree Laxmi Uchha Ma Vi", "name_ne": "", "tags": {"amenity": "school", "name": "Shree Laxmi Uchha Ma Vi"}}}, {"type": "Feature", "geometry": {"type": "Point", "coordinates": [86.067828, 27.5561919]}, "properties": {"external_id": "osm:node/5038339011", "kind": "school", "name": "Shree kalika Uchh Ma Vi", "name_ne": "", "tags": {"amenity": "school", "name": "Shree kalika Uchh Ma Vi"}}}, {"type": "Feature", "geometry": {"type": "Point", "coordinates": [86.0736627, 27.5544127]}, "properties": {"external_id": "osm:node/5038346829", "kind": "school", "name": "Shri Jana Jagriti Pra V", "name_ne": "", "tags": {"amenity": "school", "name": "Shri Jana Jagriti Pra V"}}}, {"type": "Feature", "geometry": {"type": "Point", "coordinates": [86.0281488, 27.5778182]}, "properties": {"external_id": "osm:node/5038352375", "kind": "school", "name": "Shree komendo Pra Vi", "name_ne": "", "tags": {"amenity": "school", "name": "Shree komendo Pra Vi"}}}, {"type": "Feature", "geometry": {"type": "Point", "coordinates": [86.0160782, 27.579624]}, "properties": {"external_id": "osm:node/5038364023", "kind": "school", "name": "Shree Chandika Pra Vi", "name_ne": "", "tags": {"amenity": "school", "name": "Shree Chandika Pra Vi"}}}, {"type": "Feature", "geometry": {"type": "Point", "coordinates": [86.0429864, 27.5757488]}, "properties": {"external_id": "osm:node/5038367220", "kind": "school", "name": "Shree Jaldhara Pra Vi", "name_ne": "", "tags": {"amenity": "school", "name": "Shree Jaldhara Pra Vi"}}}, {"type": "Feature", "geometry": {"type": "Point", "coordinates": [86.0398355, 27.5816454]}, "properties": {"external_id": "osm:node/5038371275", "kind": "school", "name": "Shree Sarada Ma Vi", "name_ne": "", "tags": {"amenity": "school", "name": "Shree Sarada Ma Vi"}}}, {"type": "Feature", "geometry": {"type": "Point", "coordinates": [86.0593274, 27.5129807]}, "properties": {"external_id": "osm:node/5038378331", "kind": "school", "name": "Shri Tribhuvan Uchha Ma Vi", "name_ne": "", "tags": {"amenity": "school", "name": "Shri Tribhuvan Uchha Ma Vi"}}}, {"type": "Feature", "geometry": {"type": "Point", "coordinates": [86.0844597, 27.5019295]}, "properties": {"external_id": "osm:node/5038393915", "kind": "school", "name": "Seti Devi Ni Ma Vi", "name_ne": "", "tags": {"amenity": "school", "name": "Seti Devi Ni Ma Vi"}}}, {"type": "Feature", "geometry": {"type": "Point", "coordinates": [86.0619798, 27.5178164]}, "properties": {"external_id": "osm:node/5038400450", "kind": "school", "name": "Shri Bhimsen Pra Vi", "name_ne": "", "tags": {"amenity": "school", "name": "Shri Bhimsen Pra Vi"}}}, {"type": "Feature", "geometry": {"type": "Point", "coordinates": [86.0704123, 27.5156149]}, "properties": {"external_id": "osm:node/5038413758", "kind": "school", "name": "Shri Bhimendra Ni Ma Vi", "name_ne": "", "tags": {"amenity": "school", "name": "Shri Bhimendra Ni Ma Vi"}}}, {"type": "Feature", "geometry": {"type": "Point", "coordinates": [86.0855989, 27.5093195]}, "properties": {"external_id": "osm:node/5038432083", "kind": "school", "name": "Shyamtar Pra Vi", "name_ne": "", "tags": {"amenity": "school", "name": "Shyamtar Pra Vi"}}}, {"type": "Feature", "geometry": {"type": "Point", "coordinates": [85.999252, 27.5252547]}, "properties": {"external_id": "osm:node/5038439715", "kind": "school", "name": "Shree Dudhile Bhanjyang Pra V", "name_ne": "", "tags": {"amenity": "school", "name": "Shree Dudhile Bhanjyang Pra V"}}}, {"type": "Feature", "geometry": {"type": "Point", "coordinates": [86.0464694, 27.5157396]}, "properties": {"external_id": "osm:node/5038439823", "kind": "school", "name": "Shri Devi Pra V", "name_ne": "", "tags": {"amenity": "school", "name": "Shri Devi Pra V"}}}, {"type": "Feature", "geometry": {"type": "Point", "coordinates": [86.0398527, 27.5954629]}, "properties": {"external_id": "osm:node/5038450152", "kind": "school", "name": "Shree Sailungheshwori Pra Vi", "name_ne": "", "tags": {"amenity": "school", "name": "Shree Sailungheshwori Pra Vi"}}}, {"type": "Feature", "geometry": {"type": "Point", "coordinates": [86.0718461, 27.5308278]}, "properties": {"external_id": "osm:node/5038450174", "kind": "school", "name": "Shri Bhim Ma Vi", "name_ne": "", "tags": {"amenity": "school", "name": "Shri Bhim Ma Vi"}}}, {"type": "Feature", "geometry": {"type": "Point", "coordinates": [86.2913242, 27.7865646]}, "properties": {"external_id": "osm:node/5042184479", "kind": "school", "name": "Shree Saraswati Pra V", "name_ne": "", "tags": {"amenity": "school", "name": "Shree Saraswati Pra V"}}}, {"type": "Feature", "geometry": {"type": "Point", "coordinates": [86.2710915, 27.7702967]}, "properties": {"external_id": "osm:node/5042184583", "kind": "school", "name": "Shree Marbu Pra V", "name_ne": "", "tags": {"amenity": "school", "name": "Shree Marbu Pra V"}}}, {"type": "Feature", "geometry": {"type": "Point", "coordinates": [86.2589309, 27.7676702]}, "properties": {"external_id": "osm:node/5042189308", "kind": "school", "name": "Shri Gokuleshwar Pra V", "name_ne": "", "tags": {"amenity": "school", "name": "Shri Gokuleshwar Pra V"}}}, {"type": "Feature", "geometry": {"type": "Point", "coordinates": [86.2390246, 27.7585941]}, "properties": {"external_id": "osm:node/5042189629", "kind": "school", "name": "Shri Maisthan Pra V", "name_ne": "", "tags": {"amenity": "school", "name": "Shri Maisthan Pra V"}}}, {"type": "Feature", "geometry": {"type": "Point", "coordinates": [86.2362979, 27.7493646]}, "properties": {"external_id": "osm:node/5042196134", "kind": "school", "name": "Shri Jayantipur Ni Ma V", "name_ne": "", "tags": {"amenity": "school", "name": "Shri Jayantipur Ni Ma V"}}}, {"type": "Feature", "geometry": {"type": "Point", "coordinates": [86.2680233, 27.7414051]}, "properties": {"external_id": "osm:node/5042199881", "kind": "school", "name": "Shri Hulak Pra V", "name_ne": "", "tags": {"amenity": "school", "name": "Shri Hulak Pra V"}}}, {"type": "Feature", "geometry": {"type": "Point", "coordinates": [86.0226505, 27.5171952]}, "properties": {"external_id": "osm:node/5042201474", "kind": "school", "name": "Shree Dandakharka Ma V", "name_ne": "", "tags": {"amenity": "school", "name": "Shree Dandakharka Ma V"}}}, {"type": "Feature", "geometry": {"type": "Point", "coordinates": [86.2473582, 27.7579883]}, "properties": {"external_id": "osm:node/5042203292", "kind": "school", "name": "Shri Bhume Gumba Ma V", "name_ne": "", "tags": {"amenity": "school", "name": "Shri Bhume Gumba Ma V"}}}, {"type": "Feature", "geometry": {"type": "Point", "coordinates": [86.0030691, 27.5115503]}, "properties": {"external_id": "osm:node/5042205072", "kind": "school", "name": "Shree Pakhe Danda Ni Ma V", "name_ne": "", "tags": {"amenity": "school", "name": "Shree Pakhe Danda Ni Ma V"}}}, {"type": "Feature", "geometry": {"type": "Point", "coordinates": [86.0772428, 27.547207]}, "properties": {"external_id": "osm:node/5042206607", "kind": "school", "name": "Shri Gaiya Kali Pra V", "name_ne": "", "tags": {"amenity": "school", "name": "Shri Gaiya Kali Pra V"}}}, {"type": "Feature", "geometry": {"type": "Point", "coordinates": [86.0762419, 27.5151197]}, "properties": {"external_id": "osm:node/5042208217", "kind": "school", "name": "Shri Ajadi Ma V", "name_ne": "", "tags": {"amenity": "school", "name": "Shri Ajadi Ma V"}}}, {"type": "Feature", "geometry": {"type": "Point", "coordinates": [86.1018011, 27.632944]}, "properties": {"external_id": "osm:node/5042213303", "kind": "school", "name": "Shri Baiteswar Uchha Ma V", "name_ne": "", "tags": {"amenity": "school", "name": "Shri Baiteswar Uchha Ma V"}}}, {"type": "Feature", "geometry": {"type": "Point", "coordinates": [86.1198932, 27.6280579]}, "properties": {"external_id": "osm:node/5042217772", "kind": "school", "name": "Ghimiretar PRA Vi", "name_ne": "", "tags": {"amenity": "school", "name": "Ghimiretar PRA Vi"}}}, {"type": "Feature", "geometry": {"type": "Point", "coordinates": [86.1441256, 27.6455995]}, "properties": {"external_id": "osm:node/5042218318", "kind": "school", "name": "Shri Hanumanteshwar Uchha Ma V", "name_ne": "", "tags": {"amenity": "school", "name": "Shri Hanumanteshwar Uchha Ma V"}}}, {"type": "Feature", "geometry": {"type": "Point", "coordinates": [86.1597635, 27.6321474]}, "properties": {"external_id": "osm:node/5042228007", "kind": "school", "name": "Shri Yarsa Pra Vi", "name_ne": "", "tags": {"amenity": "school", "name": "Shri Yarsa Pra Vi"}}}, {"type": "Feature", "geometry": {"type": "Point", "coordinates": [86.1492625, 27.6266275]}, "properties": {"external_id": "osm:node/5042231302", "kind": "school", "name": "Shri kalidhunga Uchha Ma V", "name_ne": "", "tags": {"amenity": "school", "name": "Shri kalidhunga Uchha Ma V"}}}, {"type": "Feature", "geometry": {"type": "Point", "coordinates": [86.1454272, 27.6194758]}, "properties": {"external_id": "osm:node/5042231713", "kind": "school", "name": "Shree Bal Kalyan Pra Vi", "name_ne": "", "tags": {"amenity": "school", "name": "Shree Bal Kalyan Pra Vi"}}}, {"type": "Feature", "geometry": {"type": "Point", "coordinates": [86.1532557, 27.6182847]}, "properties": {"external_id": "osm:node/5042232063", "kind": "school", "name": "Shree Janashramik Pra Vi", "name_ne": "", "tags": {"amenity": "school", "name": "Shree Janashramik Pra Vi"}}}, {"type": "Feature", "geometry": {"type": "Point", "coordinates": [86.1338411, 27.6201084]}, "properties": {"external_id": "osm:node/5042232894", "kind": "school", "name": "Shree Kalidevi Ni Ma V", "name_ne": "", "tags": {"amenity": "school", "name": "Shree Kalidevi Ni Ma V"}}}, {"type": "Feature", "geometry": {"type": "Point", "coordinates": [86.0878431, 27.6207119]}, "properties": {"external_id": "osm:node/5042233261", "kind": "school", "name": "Shri Busti Ni Ma Vi", "name_ne": "", "tags": {"amenity": "school", "name": "Shri Busti Ni Ma Vi"}}}, {"type": "Feature", "geometry": {"type": "Point", "coordinates": [86.096586, 27.6417485]}, "properties": {"external_id": "osm:node/5042235376", "kind": "school", "name": "Shri Khakaleshwari Pra Vi", "name_ne": "", "tags": {"amenity": "school", "name": "Shri Khakaleshwari Pra Vi"}}}, {"type": "Feature", "geometry": {"type": "Point", "coordinates": [86.1027775, 27.6619798]}, "properties": {"external_id": "osm:node/5042238304", "kind": "school", "name": "Shri Kalika Ma Vi", "name_ne": "", "tags": {"amenity": "school", "name": "Shri Kalika Ma Vi"}}}, {"type": "Feature", "geometry": {"type": "Point", "coordinates": [86.1271578, 27.6125819]}, "properties": {"external_id": "osm:node/5042240544", "kind": "school", "name": "Shree Jana Jyoti Uchha Ma.Vi", "name_ne": "", "tags": {"amenity": "school", "name": "Shree Jana Jyoti Uchha Ma.Vi"}}}, {"type": "Feature", "geometry": {"type": "Point", "coordinates": [86.1067074, 27.6709864]}, "properties": {"external_id": "osm:node/5042240905", "kind": "school", "name": "Shri Gauri Shankar Pra V", "name_ne": "", "tags": {"amenity": "school", "name": "Shri Gauri Shankar Pra V"}}}, {"type": "Feature", "geometry": {"type": "Point", "coordinates": [86.0987403, 27.663383]}, "properties": {"external_id": "osm:node/5042242200", "kind": "school", "name": "Shri Hanumanteshwar Pra V", "name_ne": "", "tags": {"amenity": "school", "name": "Shri Hanumanteshwar Pra V"}}}, {"type": "Feature", "geometry": {"type": "Point", "coordinates": [86.1060079, 27.5571147]}, "properties": {"external_id": "osm:node/5042243870", "kind": "school", "name": "Shree Jaya Ganesh Dalit Pra Vi", "name_ne": "", "tags": {"amenity": "school", "name": "Shree Jaya Ganesh Dalit Pra Vi"}}}, {"type": "Feature", "geometry": {"type": "Point", "coordinates": [86.1061518, 27.6521012]}, "properties": {"external_id": "osm:node/5042244051", "kind": "school", "name": "Shri Dhunge Kalika Pra Vi", "name_ne": "", "tags": {"amenity": "school", "name": "Shri Dhunge Kalika Pra Vi"}}}, {"type": "Feature", "geometry": {"type": "Point", "coordinates": [86.2270746, 27.8252458]}, "properties": {"external_id": "osm:node/5042246120", "kind": "school", "name": "Gari Shankar U Ma Vi", "name_ne": "", "tags": {"amenity": "school", "name": "Gari Shankar U Ma Vi"}}}, {"type": "Feature", "geometry": {"type": "Point", "coordinates": [86.2142716, 27.8430421]}, "properties": {"external_id": "osm:node/5042248773", "kind": "school", "name": "Shri Goganeshwari PRA Vi", "name_ne": "", "tags": {"amenity": "school", "name": "Shri Goganeshwari PRA Vi"}}}, {"type": "Feature", "geometry": {"type": "Point", "coordinates": [86.2174516, 27.8723258]}, "properties": {"external_id": "osm:node/5042250586", "kind": "school", "name": "Shri Thongthong PRA V", "name_ne": "", "tags": {"amenity": "school", "name": "Shri Thongthong PRA V"}}}, {"type": "Feature", "geometry": {"type": "Point", "coordinates": [86.2135509, 27.8533841]}, "properties": {"external_id": "osm:node/5042251647", "kind": "school", "name": "Shri Gongar Danda PRA Vi", "name_ne": "", "tags": {"amenity": "school", "name": "Shri Gongar Danda PRA Vi"}}}, {"type": "Feature", "geometry": {"type": "Point", "coordinates": [86.1065505, 27.6165656]}, "properties": {"external_id": "osm:node/5042253572", "kind": "school", "name": "Shri Gaurishankhar Pra. Vi.", "name_ne": "", "tags": {"amenity": "school", "name": "Shri Gaurishankhar Pra. Vi."}}}, {"type": "Feature", "geometry": {"type": "Point", "coordinates": [86.1234805, 27.6214526]}, "properties": {"external_id": "osm:node/5042256214", "kind": "school", "name": "Shree Jana Shramdam Pra. Via.", "name_ne": "", "tags": {"amenity": "school", "name": "Shree Jana Shramdam Pra. Via."}}}, {"type": "Feature", "geometry": {"type": "Point", "coordinates": [86.2303856, 27.872949]}, "properties": {"external_id": "osm:node/5042259288", "kind": "school", "name": "Simigaun Pra V", "name_ne": "", "tags": {"amenity": "school", "name": "Simigaun Pra V"}}}, {"type": "Feature", "geometry": {"type": "Point", "coordinates": [86.221826, 27.776733]}, "properties": {"external_id": "osm:node/5042263824", "kind": "school", "name": "Shree khare Ma V", "name_ne": "", "tags": {"amenity": "school", "name": "Shree khare Ma V"}}}, {"type": "Feature", "geometry": {"type": "Point", "coordinates": [86.22648, 27.7829063]}, "properties": {"external_id": "osm:node/5042263858", "kind": "school", "name": "Shri Chesakhare Ni Ma V", "name_ne": "", "tags": {"amenity": "school", "name": "Shri Chesakhare Ni Ma V"}}}, {"type": "Feature", "geometry": {"type": "Point", "coordinates": [86.2333214, 27.8426939]}, "properties": {"external_id": "osm:node/5042264221", "kind": "school", "name": "Shri Tashinam Pra V", "name_ne": "", "tags": {"amenity": "school", "name": "Shri Tashinam Pra V"}}}, {"type": "Feature", "geometry": {"type": "Point", "coordinates": [86.2264821, 27.8394502]}, "properties": {"external_id": "osm:node/5042265883", "kind": "school", "name": "Shri Balluwa Danda Pra V", "name_ne": "", "tags": {"amenity": "school", "name": "Shri Balluwa Danda Pra V"}}}, {"type": "Feature", "geometry": {"type": "Point", "coordinates": [86.22488, 27.7923631]}, "properties": {"external_id": "osm:node/5042268361", "kind": "school", "name": "Shri Mane Dande Pra V", "name_ne": "", "tags": {"amenity": "school", "name": "Shri Mane Dande Pra V"}}}, {"type": "Feature", "geometry": {"type": "Point", "coordinates": [86.2060766, 27.7778907]}, "properties": {"external_id": "osm:node/5042269387", "kind": "school", "name": "Shri Mani Smiriti Pra V", "name_ne": "", "tags": {"amenity": "school", "name": "Shri Mani Smiriti Pra V"}}}, {"type": "Feature", "geometry": {"type": "Point", "coordinates": [86.242139, 27.7671365]}, "properties": {"external_id": "osm:node/5042274264", "kind": "school", "name": "Hurpung Chautara Pra V", "name_ne": "", "tags": {"amenity": "school", "name": "Hurpung Chautara Pra V"}}}, {"type": "Feature", "geometry": {"type": "Point", "coordinates": [86.0623321, 27.7057483]}, "properties": {"external_id": "osm:node/5042276783", "kind": "school", "name": "Shree Mane Danda Pra V", "name_ne": "", "tags": {"amenity": "school", "name": "Shree Mane Danda Pra V"}}}, {"type": "Feature", "geometry": {"type": "Point", "coordinates": [86.0546062, 27.7046443]}, "properties": {"external_id": "osm:node/5042277812", "kind": "school", "name": "Shree Chemawati Uchha Ma", "name_ne": "", "tags": {"amenity": "school", "name": "Shree Chemawati Uchha Ma"}}}, {"type": "Feature", "geometry": {"type": "Point", "coordinates": [86.0253002, 27.6977135]}, "properties": {"external_id": "osm:node/5042280084", "kind": "school", "name": "Shree Buddha Pra V", "name_ne": "", "tags": {"amenity": "school", "name": "Shree Buddha Pra V"}}}, {"type": "Feature", "geometry": {"type": "Point", "coordinates": [86.0398753, 27.6984506]}, "properties": {"external_id": "osm:node/5042280085", "kind": "school", "name": "Shree Bhumeshwor Pra V", "name_ne": "", "tags": {"amenity": "school", "name": "Shree Bhumeshwor Pra V"}}}, {"type": "Feature", "geometry": {"type": "Point", "coordinates": [86.0572347, 27.7041424]}, "properties": {"external_id": "osm:node/5042281379", "kind": "school", "name": "Shree Bosimpa Pra V", "name_ne": "", "tags": {"amenity": "school", "name": "Shree Bosimpa Pra V"}}}, {"type": "Feature", "geometry": {"type": "Point", "coordinates": [86.0327914, 27.7005729]}, "properties": {"external_id": "osm:node/5042282588", "kind": "school", "name": "Shree Lamanagi Ni Vi", "name_ne": "", "tags": {"amenity": "school", "name": "Shree Lamanagi Ni Vi"}}}, {"type": "Feature", "geometry": {"type": "Point", "coordinates": [86.0549457, 27.6927139]}, "properties": {"external_id": "osm:node/5042293308", "kind": "school", "name": "Shree Sundrawati Ni Ma Vi", "name_ne": "", "tags": {"amenity": "school", "name": "Shree Sundrawati Ni Ma Vi"}}}, {"type": "Feature", "geometry": {"type": "Point", "coordinates": [86.0564617, 27.6999568]}, "properties": {"external_id": "osm:node/5042293641", "kind": "school", "name": "Shree Mahadevsthan Pra V", "name_ne": "", "tags": {"amenity": "school", "name": "Shree Mahadevsthan Pra V"}}}, {"type": "Feature", "geometry": {"type": "Point", "coordinates": [85.9929312, 27.7005139]}, "properties": {"external_id": "osm:node/5042300454", "kind": "school", "name": "Shree Prithivi Narayan Ni Ma Vi", "name_ne": "", "tags": {"amenity": "school", "name": "Shree Prithivi Narayan Ni Ma Vi"}}}, {"type": "Feature", "geometry": {"type": "Point", "coordinates": [85.9877386, 27.6815386]}, "properties": {"external_id": "osm:node/5042302749", "kind": "school", "name": "Shree Siddhartha Pra V", "name_ne": "", "tags": {"amenity": "school", "name": "Shree Siddhartha Pra V"}}}, {"type": "Feature", "geometry": {"type": "Point", "coordinates": [85.9804182, 27.6807463]}, "properties": {"external_id": "osm:node/5042303803", "kind": "school", "name": "Shree Prasad Danda Pra V", "name_ne": "", "tags": {"amenity": "school", "name": "Shree Prasad Danda Pra V"}}}, {"type": "Feature", "geometry": {"type": "Point", "coordinates": [86.0049232, 27.6484409]}, "properties": {"external_id": "osm:node/5042314432", "kind": "school", "name": "Shree Namuna Pra V", "name_ne": "", "tags": {"amenity": "school", "name": "Shree Namuna Pra V"}}}, {"type": "Feature", "geometry": {"type": "Point", "coordinates": [85.9933042, 27.6465153]}, "properties": {"external_id": "osm:node/5042315270", "kind": "school", "name": "Shree Kamala Ni Ma Vi", "name_ne": "", "tags": {"amenity": "school", "name": "Shree Kamala Ni Ma Vi"}}}, {"type": "Feature", "geometry": {"type": "Point", "coordinates": [85.9981284, 27.6731045]}, "properties": {"external_id": "osm:node/5042319119", "kind": "school", "name": "Shree Serabensi Pra Vi", "name_ne": "", "tags": {"amenity": "school", "name": "Shree Serabensi Pra Vi"}}}, {"type": "Feature", "geometry": {"type": "Point", "coordinates": [85.9942616, 27.6667057]}, "properties": {"external_id": "osm:node/5042321094", "kind": "school", "name": "Shree Pipaldanda Ni Ma Vi", "name_ne": "", "tags": {"amenity": "school", "name": "Shree Pipaldanda Ni Ma Vi"}}}, {"type": "Feature", "geometry": {"type": "Point", "coordinates": [86.0029849, 27.6589438]}, "properties": {"external_id": "osm:node/5042449095", "kind": "school", "name": "Shree Sidhyashwori Pra V", "name_ne": "", "tags": {"amenity": "school", "name": "Shree Sidhyashwori Pra V"}}}, {"type": "Feature", "geometry": {"type": "Point", "coordinates": [85.9590859, 27.6456483]}, "properties": {"external_id": "osm:node/5042451742", "kind": "school", "name": "Shree Man Mohan Sikshya Saran Pra V", "name_ne": "", "tags": {"amenity": "school", "name": "Shree Man Mohan Sikshya Saran Pra V"}}}, {"type": "Feature", "geometry": {"type": "Point", "coordinates": [85.965358, 27.6479319]}, "properties": {"external_id": "osm:node/5042460644", "kind": "school", "name": "Shree Durga Uchha Ma V", "name_ne": "", "tags": {"amenity": "school", "name": "Shree Durga Uchha Ma V"}}}, {"type": "Feature", "geometry": {"type": "Point", "coordinates": [86.1298968, 27.8054548]}, "properties": {"external_id": "osm:node/5042480101", "kind": "school", "name": "Shree Seti Devi PRA V", "name_ne": "", "tags": {"amenity": "school", "name": "Shree Seti Devi PRA V"}}}, {"type": "Feature", "geometry": {"type": "Point", "coordinates": [86.1264663, 27.8170847]}, "properties": {"external_id": "osm:node/5042481437", "kind": "school", "name": "Shree kaileshwori PRA V", "name_ne": "", "tags": {"amenity": "school", "name": "Shree kaileshwori PRA V"}}}, {"type": "Feature", "geometry": {"type": "Point", "coordinates": [85.9734389, 27.6684415]}, "properties": {"external_id": "osm:node/5042571877", "kind": "school", "name": "Shree Surke Ma V", "name_ne": "", "tags": {"amenity": "school", "name": "Shree Surke Ma V"}}}, {"type": "Feature", "geometry": {"type": "Point", "coordinates": [86.0193525, 27.6543901]}, "properties": {"external_id": "osm:node/5042609504", "kind": "school", "name": "Shree Seti Devi Ni Ma V", "name_ne": "", "tags": {"amenity": "school", "name": "Shree Seti Devi Ni Ma V"}}}, {"type": "Feature", "geometry": {"type": "Point", "coordinates": [86.0157001, 27.6783403]}, "properties": {"external_id": "osm:node/5042610044", "kind": "school", "name": "Shree Kutidanda Uchha Madhyamik Vidhyalaya", "name_ne": "", "tags": {"amenity": "school", "name": "Shree Kutidanda Uchha Madhyamik Vidhyalaya"}}}, {"type": "Feature", "geometry": {"type": "Point", "coordinates": [86.0246167, 27.6608349]}, "properties": {"external_id": "osm:node/5042618737", "kind": "school", "name": "Shree Birendra Prathamik Vidhayalaya", "name_ne": "", "tags": {"amenity": "school", "name": "Shree Birendra Prathamik Vidhayalaya"}}}, {"type": "Feature", "geometry": {"type": "Point", "coordinates": [86.0121172, 27.6640592]}, "properties": {"external_id": "osm:node/5042622048", "kind": "school", "name": "Shree kupridanda Ni Ma Vi", "name_ne": "", "tags": {"amenity": "school", "name": "Shree kupridanda Ni Ma Vi"}}}, {"type": "Feature", "geometry": {"type": "Point", "coordinates": [86.01251, 27.6715709]}, "properties": {"external_id": "osm:node/5042640086", "kind": "school", "name": "Shree Hari kirtan Ni Ma V", "name_ne": "", "tags": {"amenity": "school", "name": "Shree Hari kirtan Ni Ma V"}}}, {"type": "Feature", "geometry": {"type": "Point", "coordinates": [86.0353868, 27.6492421]}, "properties": {"external_id": "osm:node/5042642510", "kind": "school", "name": "Shree Bisuntol Ni Ma Vi", "name_ne": "", "tags": {"amenity": "school", "name": "Shree Bisuntol Ni Ma Vi"}}}, {"type": "Feature", "geometry": {"type": "Point", "coordinates": [86.1412551, 27.4150094]}, "properties": {"external_id": "osm:node/5045575724", "kind": "tourism", "name": "Dilu Guest House", "name_ne": "", "tags": {"name:en": "Dilu Guest House", "tourism": "guest_house"}}}, {"type": "Feature", "geometry": {"type": "Point", "coordinates": [86.1794329, 27.4267075]}, "properties": {"external_id": "osm:node/5045613023", "kind": "tourism", "name": "Bishal Hotel", "name_ne": "", "tags": {"name:en": "Bishal Hotel", "tourism": "hotel"}}}, {"type": "Feature", "geometry": {"type": "Point", "coordinates": [86.1727262, 27.4258098]}, "properties": {"external_id": "osm:node/5045613024", "kind": "police", "name": "Dhobi police office", "name_ne": "", "tags": {"amenity": "police", "name:en": "Dhobi police office"}}}, {"type": "Feature", "geometry": {"type": "Point", "coordinates": [86.1786902, 27.4266747]}, "properties": {"external_id": "osm:node/5045613321", "kind": "tourism", "name": "Sushma Hotel", "name_ne": "", "tags": {"name:en": "Sushma Hotel", "tourism": "hotel"}}}, {"type": "Feature", "geometry": {"type": "Point", "coordinates": [86.1788919, 27.4265167]}, "properties": {"external_id": "osm:node/5045613421", "kind": "tourism", "name": "Manju Hotel", "name_ne": "", "tags": {"name:en": "Manju Hotel", "tourism": "hotel"}}}, {"type": "Feature", "geometry": {"type": "Point", "coordinates": [86.0503316, 27.6498217]}, "properties": {"external_id": "osm:node/5045654154", "kind": "school", "name": "Shree Mathillo Mati Ni Ma Vi", "name_ne": "", "tags": {"amenity": "school", "name": "Shree Mathillo Mati Ni Ma Vi"}}}, {"type": "Feature", "geometry": {"type": "Point", "coordinates": [86.086711, 27.6789586]}, "properties": {"external_id": "osm:node/5045659612", "kind": "school", "name": "Shree Phulapa Pra V", "name_ne": "", "tags": {"amenity": "school", "name": "Shree Phulapa Pra V"}}}, {"type": "Feature", "geometry": {"type": "Point", "coordinates": [86.0855331, 27.6722506]}, "properties": {"external_id": "osm:node/5045663239", "kind": "school", "name": "Shree Dildhunga Pra V", "name_ne": "", "tags": {"amenity": "school", "name": "Shree Dildhunga Pra V"}}}, {"type": "Feature", "geometry": {"type": "Point", "coordinates": [86.0512173, 27.673376]}, "properties": {"external_id": "osm:node/5045663240", "kind": "school", "name": "Shree Darfe Devisthan Pra V", "name_ne": "", "tags": {"amenity": "school", "name": "Shree Darfe Devisthan Pra V"}}}, {"type": "Feature", "geometry": {"type": "Point", "coordinates": [86.0629553, 27.6498653]}, "properties": {"external_id": "osm:node/5045664941", "kind": "school", "name": "Shree Seti Devi Pra Vi", "name_ne": "", "tags": {"amenity": "school", "name": "Shree Seti Devi Pra Vi"}}}, {"type": "Feature", "geometry": {"type": "Point", "coordinates": [86.0801694, 27.6395293]}, "properties": {"external_id": "osm:node/5045664977", "kind": "school", "name": "Shree kalika Devi Pra V", "name_ne": "", "tags": {"amenity": "school", "name": "Shree kalika Devi Pra V"}}}, {"type": "Feature", "geometry": {"type": "Point", "coordinates": [86.0679074, 27.6554156]}, "properties": {"external_id": "osm:node/5045665845", "kind": "school", "name": "Shree Sarba Ma V", "name_ne": "", "tags": {"amenity": "school", "name": "Shree Sarba Ma V"}}}, {"type": "Feature", "geometry": {"type": "Point", "coordinates": [86.0682618, 27.6451754]}, "properties": {"external_id": "osm:node/5045666792", "kind": "school", "name": "Shree Chetanshil Pra V", "name_ne": "", "tags": {"amenity": "school", "name": "Shree Chetanshil Pra V"}}}, {"type": "Feature", "geometry": {"type": "Point", "coordinates": [86.0361722, 27.6697575]}, "properties": {"external_id": "osm:node/5045668005", "kind": "school", "name": "Shree Mahankal Pra V", "name_ne": "", "tags": {"amenity": "school", "name": "Shree Mahankal Pra V"}}}, {"type": "Feature", "geometry": {"type": "Point", "coordinates": [86.1119899, 27.5295635]}, "properties": {"external_id": "osm:node/5045670123", "kind": "school", "name": "Shree Suryodaya Pra V", "name_ne": "", "tags": {"amenity": "school", "name": "Shree Suryodaya Pra V"}}}, {"type": "Feature", "geometry": {"type": "Point", "coordinates": [86.0639333, 27.6313964]}, "properties": {"external_id": "osm:node/5045671766", "kind": "school", "name": "Shree Budhabhimsen Ma Vi", "name_ne": "", "tags": {"amenity": "school", "name": "Shree Budhabhimsen Ma Vi"}}}, {"type": "Feature", "geometry": {"type": "Point", "coordinates": [86.1190632, 27.5325244]}, "properties": {"external_id": "osm:node/5045675985", "kind": "school", "name": "Shree Setidevi Pra V", "name_ne": "", "tags": {"amenity": "school", "name": "Shree Setidevi Pra V"}}}, {"type": "Feature", "geometry": {"type": "Point", "coordinates": [86.1243187, 27.5216824]}, "properties": {"external_id": "osm:node/5045681227", "kind": "school", "name": "Shree Kalika Ni Ma V", "name_ne": "", "tags": {"amenity": "school", "name": "Shree Kalika Ni Ma V"}}}, {"type": "Feature", "geometry": {"type": "Point", "coordinates": [86.1352864, 27.5246059]}, "properties": {"external_id": "osm:node/5045684584", "kind": "school", "name": "Shree Janjyoti Ni Ma V", "name_ne": "", "tags": {"amenity": "school", "name": "Shree Janjyoti Ni Ma V"}}}, {"type": "Feature", "geometry": {"type": "Point", "coordinates": [86.139672, 27.5243298]}, "properties": {"external_id": "osm:node/5045686337", "kind": "school", "name": "Shree Suryodaya Pra V", "name_ne": "", "tags": {"amenity": "school", "name": "Shree Suryodaya Pra V"}}}, {"type": "Feature", "geometry": {"type": "Point", "coordinates": [86.139378, 27.5311147]}, "properties": {"external_id": "osm:node/5045686630", "kind": "school", "name": "Shree Mahendra HSS", "name_ne": "", "tags": {"amenity": "school", "name": "Shree Mahendra HSS"}}}, {"type": "Feature", "geometry": {"type": "Point", "coordinates": [86.2317659, 27.8728011]}, "properties": {"external_id": "osm:node/5045689658", "kind": "school", "name": "Shri Gauri Shankar Pra V", "name_ne": "", "tags": {"amenity": "school", "name": "Shri Gauri Shankar Pra V"}}}, {"type": "Feature", "geometry": {"type": "Point", "coordinates": [86.2306112, 27.8719297]}, "properties": {"external_id": "osm:node/5045694046", "kind": "settlement", "name": "Simi Gaun", "name_ne": "सिमी गाउँ", "tags": {"name": "सिमी गाउँ", "name:en": "Simi Gaun", "name:ne": "सिमी गाउँ", "place": "hamlet"}}}, {"type": "Feature", "geometry": {"type": "Point", "coordinates": [86.1787789, 27.4265229]}, "properties": {"external_id": "osm:node/5045694925", "kind": "tourism", "name": "Poudel Hotel", "name_ne": "", "tags": {"name:en": "Poudel Hotel", "tourism": "hotel"}}}, {"type": "Feature", "geometry": {"type": "Point", "coordinates": [86.2338938, 27.8713774]}, "properties": {"external_id": "osm:node/5045699845", "kind": "school", "name": "Shri Choing Choling Gumba", "name_ne": "", "tags": {"amenity": "school", "name": "Shri Choing Choling Gumba"}}}, {"type": "Feature", "geometry": {"type": "Point", "coordinates": [86.1789774, 27.4265536]}, "properties": {"external_id": "osm:node/5045712821", "kind": "tourism", "name": "Manju Hotel", "name_ne": "", "tags": {"name:en": "Manju Hotel", "tourism": "hotel"}}}, {"type": "Feature", "geometry": {"type": "Point", "coordinates": [86.1776773, 27.424741]}, "properties": {"external_id": "osm:node/5045719821", "kind": "health", "name": "Dhobi Health Post", "name_ne": "", "tags": {"amenity": "hospital", "name:en": "Dhobi Health Post"}}}, {"type": "Feature", "geometry": {"type": "Point", "coordinates": [86.1234726, 27.5076642]}, "properties": {"external_id": "osm:node/5045762870", "kind": "school", "name": "Shri Jalpadevi Ni Ma V", "name_ne": "", "tags": {"amenity": "school", "name": "Shri Jalpadevi Ni Ma V"}}}, {"type": "Feature", "geometry": {"type": "Point", "coordinates": [86.2425135, 27.7778759]}, "properties": {"external_id": "osm:node/5045798740", "kind": "school", "name": "Shri Bhumesthan Pra V", "name_ne": "", "tags": {"amenity": "school", "name": "Shri Bhumesthan Pra V"}}}, {"type": "Feature", "geometry": {"type": "Point", "coordinates": [86.1419406, 27.5790093]}, "properties": {"external_id": "osm:node/5045800445", "kind": "school", "name": "Shree Dumsijhang Ni Ma V", "name_ne": "", "tags": {"amenity": "school", "name": "Shree Dumsijhang Ni Ma V"}}}, {"type": "Feature", "geometry": {"type": "Point", "coordinates": [86.1206518, 27.5002449]}, "properties": {"external_id": "osm:node/5045807684", "kind": "school", "name": "Shri Janajagriti HSS", "name_ne": "", "tags": {"amenity": "school", "name": "Shri Janajagriti HSS"}}}, {"type": "Feature", "geometry": {"type": "Point", "coordinates": [86.1068755, 27.490244]}, "properties": {"external_id": "osm:node/5045809951", "kind": "school", "name": "Shri Trikuteswar Ma V", "name_ne": "", "tags": {"amenity": "school", "name": "Shri Trikuteswar Ma V"}}}, {"type": "Feature", "geometry": {"type": "Point", "coordinates": [86.1034922, 27.5213132]}, "properties": {"external_id": "osm:node/5045810016", "kind": "school", "name": "Shri Jagadambika Pra V", "name_ne": "", "tags": {"amenity": "school", "name": "Shri Jagadambika Pra V"}}}, {"type": "Feature", "geometry": {"type": "Point", "coordinates": [86.0886192, 27.521207]}, "properties": {"external_id": "osm:node/5045817906", "kind": "school", "name": "Shri Latteswar Pra V", "name_ne": "", "tags": {"amenity": "school", "name": "Shri Latteswar Pra V"}}}, {"type": "Feature", "geometry": {"type": "Point", "coordinates": [86.1181265, 27.5262056]}, "properties": {"external_id": "osm:node/5045820434", "kind": "school", "name": "Shree Gupteshwor Ma V", "name_ne": "", "tags": {"amenity": "school", "name": "Shree Gupteshwor Ma V"}}}, {"type": "Feature", "geometry": {"type": "Point", "coordinates": [86.1294939, 27.5270088]}, "properties": {"external_id": "osm:node/5045822271", "kind": "school", "name": "Shree Saraswati Pra V", "name_ne": "", "tags": {"amenity": "school", "name": "Shree Saraswati Pra V"}}}, {"type": "Feature", "geometry": {"type": "Point", "coordinates": [86.1306841, 27.5402996]}, "properties": {"external_id": "osm:node/5045827040", "kind": "school", "name": "Shree Siddheshwor Pra V", "name_ne": "", "tags": {"amenity": "school", "name": "Shree Siddheshwor Pra V"}}}, {"type": "Feature", "geometry": {"type": "Point", "coordinates": [86.1375622, 27.5410809]}, "properties": {"external_id": "osm:node/5045827775", "kind": "school", "name": "Shree Jana Kalyan Pra V", "name_ne": "", "tags": {"amenity": "school", "name": "Shree Jana Kalyan Pra V"}}}, {"type": "Feature", "geometry": {"type": "Point", "coordinates": [86.1394561, 27.5370989]}, "properties": {"external_id": "osm:node/5045830703", "kind": "school", "name": "Shree Balbatika Pra V", "name_ne": "", "tags": {"amenity": "school", "name": "Shree Balbatika Pra V"}}}, {"type": "Feature", "geometry": {"type": "Point", "coordinates": [86.1725209, 27.5607415]}, "properties": {"external_id": "osm:node/5045838246", "kind": "school", "name": "Shree Ambika Ni Ma V", "name_ne": "", "tags": {"amenity": "school", "name": "Shree Ambika Ni Ma V"}}}, {"type": "Feature", "geometry": {"type": "Point", "coordinates": [86.0959515, 27.5050171]}, "properties": {"external_id": "osm:node/5045838354", "kind": "school", "name": "Shri Mukteshwar Pra V", "name_ne": "", "tags": {"amenity": "school", "name": "Shri Mukteshwar Pra V"}}}, {"type": "Feature", "geometry": {"type": "Point", "coordinates": [86.1402514, 27.5018721]}, "properties": {"external_id": "osm:node/5045840775", "kind": "school", "name": "Shree Shankheshwor Ma V", "name_ne": "", "tags": {"amenity": "school", "name": "Shree Shankheshwor Ma V"}}}, {"type": "Feature", "geometry": {"type": "Point", "coordinates": [86.0964115, 27.5166986]}, "properties": {"external_id": "osm:node/5045845299", "kind": "school", "name": "Shree Siddheshwor Ma V", "name_ne": "", "tags": {"amenity": "school", "name": "Shree Siddheshwor Ma V"}}}, {"type": "Feature", "geometry": {"type": "Point", "coordinates": [86.1503894, 27.5506481]}, "properties": {"external_id": "osm:node/5045845706", "kind": "school", "name": "Shree Kalika Uchcha Ma V", "name_ne": "", "tags": {"amenity": "school", "name": "Shree Kalika Uchcha Ma V"}}}, {"type": "Feature", "geometry": {"type": "Point", "coordinates": [86.0605506, 27.5133304]}, "properties": {"external_id": "osm:node/5045854495", "kind": "school", "name": "Melung Campus", "name_ne": "", "tags": {"amenity": "school", "name": "Melung Campus"}}}, {"type": "Feature", "geometry": {"type": "Point", "coordinates": [86.0475796, 27.5548299]}, "properties": {"external_id": "osm:node/5045871481", "kind": "school", "name": "Shree Devisthan Bal Bikas kendra", "name_ne": "", "tags": {"amenity": "school", "name": "Shree Devisthan Bal Bikas kendra"}}}, {"type": "Feature", "geometry": {"type": "Point", "coordinates": [86.2301194, 27.6516436]}, "properties": {"external_id": "osm:node/5045873281", "kind": "school", "name": "Kunsal Thondoling Gumba", "name_ne": "", "tags": {"amenity": "school", "name": "Kunsal Thondoling Gumba"}}}, {"type": "Feature", "geometry": {"type": "Point", "coordinates": [86.0493338, 27.6714894]}, "properties": {"external_id": "osm:node/5138820224", "kind": "health", "name": "PHC Charikot Dolakha", "name_ne": "स्वास्थ्य चौकी", "tags": {"amenity": "hospital", "name": "स्वास्थ्य चौकी", "name:en": "PHC Charikot Dolakha", "name:ne": "स्वास्थ्य चौकी"}}}, {"type": "Feature", "geometry": {"type": "Point", "coordinates": [86.2222991, 27.8720534]}, "properties": {"external_id": "osm:node/5222901230", "kind": "tourism", "name": "", "name_ne": "", "tags": {"tourism": "camp_site"}}}, {"type": "Feature", "geometry": {"type": "Point", "coordinates": [86.288103, 27.9034258]}, "properties": {"external_id": "osm:node/5222951778", "kind": "settlement", "name": "Dongang", "name_ne": "", "tags": {"name": "Dongang", "place": "isolated_dwelling"}}}, {"type": "Feature", "geometry": {"type": "Point", "coordinates": [86.3682367, 27.9049642]}, "properties": {"external_id": "osm:node/5223155049", "kind": "school", "name": "Rolwaling Sangag Choling Monastary School", "name_ne": "रोल्वालिङ साङ्ग क्ष्योलिङ गुम्बा", "tags": {"amenity": "school", "name": "रोल्वालिङ साङ्ग क्ष्योलिङ गुम्बा", "name:en": "Rolwaling Sangag Choling Monastary School", "name:ne": "रोल्वालिङ साङ्ग क्ष्योलिङ गुम्बा"}}}, {"type": "Feature", "geometry": {"type": "Point", "coordinates": [86.3658643, 27.9069019]}, "properties": {"external_id": "osm:node/5223155078", "kind": "settlement", "name": "Chhimu", "name_ne": "", "tags": {"name": "Chhimu", "place": "hamlet"}}}, {"type": "Feature", "geometry": {"type": "Point", "coordinates": [86.3634476, 27.9070726]}, "properties": {"external_id": "osm:node/5223155117", "kind": "settlement", "name": "Ramding", "name_ne": "", "tags": {"name": "Ramding", "place": "hamlet"}}}, {"type": "Feature", "geometry": {"type": "Point", "coordinates": [86.2752002, 27.9009832]}, "properties": {"external_id": "osm:node/5223183040", "kind": "settlement", "name": "Kyalche", "name_ne": "", "tags": {"name": "Kyalche", "place": "isolated_dwelling"}}}, {"type": "Feature", "geometry": {"type": "Point", "coordinates": [86.2583426, 27.8879948]}, "properties": {"external_id": "osm:node/5223183079", "kind": "settlement", "name": "Surmuche", "name_ne": "", "tags": {"name": "Surmuche", "place": "isolated_dwelling"}}}, {"type": "Feature", "geometry": {"type": "Point", "coordinates": [86.2446445, 27.8862405]}, "properties": {"external_id": "osm:node/5223183087", "kind": "settlement", "name": "Bamboo Bhatti", "name_ne": "", "tags": {"name": "Bamboo Bhatti", "place": "isolated_dwelling"}}}, {"type": "Feature", "geometry": {"type": "Point", "coordinates": [86.4269744, 27.8808303]}, "properties": {"external_id": "osm:node/5223278623", "kind": "tourism", "name": "Na-View Point Hotel Camp Site", "name_ne": "", "tags": {"name": "Na-View Point Hotel Camp Site", "tourism": "camp_site"}}}, {"type": "Feature", "geometry": {"type": "Point", "coordinates": [86.4320183, 27.8564717]}, "properties": {"external_id": "osm:node/5223345068", "kind": "tourism", "name": "Yalung Ri High Camp", "name_ne": "", "tags": {"name": "Yalung Ri High Camp", "tourism": "camp_site"}}}, {"type": "Feature", "geometry": {"type": "Point", "coordinates": [86.4393622, 27.8638145]}, "properties": {"external_id": "osm:node/5223345444", "kind": "tourism", "name": "Yalung Ri Base Camp", "name_ne": "", "tags": {"name": "Yalung Ri Base Camp", "tourism": "camp_site"}}}, {"type": "Feature", "geometry": {"type": "Point", "coordinates": [86.4725451, 27.8590363]}, "properties": {"external_id": "osm:node/5223422672", "kind": "settlement", "name": "Chukyima", "name_ne": "", "tags": {"name": "Chukyima", "place": "isolated_dwelling"}}}, {"type": "Feature", "geometry": {"type": "Point", "coordinates": [86.4726216, 27.8589759]}, "properties": {"external_id": "osm:node/5223422673", "kind": "tourism", "name": "", "name_ne": "", "tags": {"tourism": "camp_site"}}}, {"type": "Feature", "geometry": {"type": "Point", "coordinates": [86.4692903, 27.8632466]}, "properties": {"external_id": "osm:node/5223422674", "kind": "tourism", "name": "", "name_ne": "", "tags": {"tourism": "camp_site"}}}, {"type": "Feature", "geometry": {"type": "Point", "coordinates": [86.5201463, 27.8320673]}, "properties": {"external_id": "osm:node/5223535427", "kind": "tourism", "name": "Glacier Camp", "name_ne": "", "tags": {"name": "Glacier Camp", "tourism": "camp_site"}}}, {"type": "Feature", "geometry": {"type": "Point", "coordinates": [86.5527527, 27.8473663]}, "properties": {"external_id": "osm:node/5224183913", "kind": "tourism", "name": "Tashi Labtsa Camp", "name_ne": "", "tags": {"name": "Tashi Labtsa Camp", "tourism": "camp_site"}}}, {"type": "Feature", "geometry": {"type": "Point", "coordinates": [86.6033041, 27.825058]}, "properties": {"external_id": "osm:node/5224230327", "kind": "settlement", "name": "Thyangbo", "name_ne": "", "tags": {"name": "Thyangbo", "place": "hamlet"}}}, {"type": "Feature", "geometry": {"type": "Point", "coordinates": [85.9543414, 27.7689843]}, "properties": {"external_id": "osm:node/5289211821", "kind": "health", "name": "Chokati Health Post, Tripurasundari Rural Municipality", "name_ne": "", "tags": {"amenity": "hospital", "name:en": "Chokati Health Post, Tripurasundari Rural Municipality"}}}, {"type": "Feature", "geometry": {"type": "Point", "coordinates": [85.9545638, 27.7152781]}, "properties": {"external_id": "osm:node/5291089222", "kind": "school", "name": "Surke Ma.Vi.", "name_ne": "", "tags": {"amenity": "school", "name:en": "Surke Ma.Vi."}}}, {"type": "Feature", "geometry": {"type": "Point", "coordinates": [86.411384, 27.7190715]}, "properties": {"external_id": "osm:node/5301955742", "kind": "settlement", "name": "Tershe", "name_ne": "", "tags": {"name": "Tershe", "place": "locality"}}}, {"type": "Feature", "geometry": {"type": "Point", "coordinates": [86.0319447, 27.7486]}, "properties": {"external_id": "osm:node/5409106221", "kind": "tourism", "name": "फ्याफुल्ला गेष्ट हाउस", "name_ne": "", "tags": {"name:en": "फ्याफुल्ला गेष्ट हाउस", "tourism": "hotel"}}}, {"type": "Feature", "geometry": {"type": "Point", "coordinates": [86.5497241, 27.4018716]}, "properties": {"external_id": "osm:node/5448007735", "kind": "police", "name": "Patale Police Office", "name_ne": "", "tags": {"amenity": "police", "name:en": "Patale Police Office"}}}, {"type": "Feature", "geometry": {"type": "Point", "coordinates": [86.5498544, 27.4020485]}, "properties": {"external_id": "osm:node/5448009526", "kind": "tourism", "name": "Himal Darshal Hôtel", "name_ne": "", "tags": {"name:en": "Himal Darshal Hôtel", "tourism": "alpine_hut"}}}, {"type": "Feature", "geometry": {"type": "Point", "coordinates": [86.5861054, 27.5037454]}, "properties": {"external_id": "osm:node/5549408523", "kind": "tourism", "name": "Sailendra Guesthouse", "name_ne": "", "tags": {"name:en": "Sailendra Guesthouse", "tourism": "guest_house"}}}, {"type": "Feature", "geometry": {"type": "Point", "coordinates": [86.6099067, 27.5914825]}, "properties": {"external_id": "osm:node/5549423221", "kind": "tourism", "name": "Sherpa Fast Food Lodge", "name_ne": "", "tags": {"name:en": "Sherpa Fast Food Lodge", "tourism": "guest_house"}}}, {"type": "Feature", "geometry": {"type": "Point", "coordinates": [86.32599, 27.655994]}, "properties": {"external_id": "osm:node/5552561322", "kind": "tourism", "name": "BPC Camp", "name_ne": "", "tags": {"name:en": "BPC Camp", "tourism": "hostel"}}}, {"type": "Feature", "geometry": {"type": "Point", "coordinates": [85.961515, 27.6406112]}, "properties": {"external_id": "osm:node/5599901323", "kind": "tourism", "name": "Bagkhor Sailung Rural Muncipility", "name_ne": "", "tags": {"name:en": "Bagkhor Sailung Rural Muncipility", "tourism": "guest_house"}}}, {"type": "Feature", "geometry": {"type": "Point", "coordinates": [86.2297721, 27.6364027]}, "properties": {"external_id": "osm:node/5637988728", "kind": "tourism", "name": "Hotel Jirel Gavila", "name_ne": "", "tags": {"name:en": "Hotel Jirel Gavila", "operator": "Keshev bd Jirel", "tourism": "hotel"}}}, {"type": "Feature", "geometry": {"type": "Point", "coordinates": [85.9599586, 27.3604608]}, "properties": {"external_id": "osm:node/5672201745", "kind": "settlement", "name": "Bhadaure Chainpur", "name_ne": "भदौरे चैनपुर", "tags": {"name": "भदौरे चैनपुर", "name:en": "Bhadaure Chainpur", "name:ne": "भदौरे चैनपुर", "place": "hamlet"}}}, {"type": "Feature", "geometry": {"type": "Point", "coordinates": [86.061373, 27.3795441]}, "properties": {"external_id": "osm:node/5696578923", "kind": "tourism", "name": "Namobuddha", "name_ne": "", "tags": {"name:en": "Namobuddha", "tourism": "hotel"}}}, {"type": "Feature", "geometry": {"type": "Point", "coordinates": [86.2179271, 27.3503235]}, "properties": {"external_id": "osm:node/5696578924", "kind": "tourism", "name": "Maila Ko Hotel", "name_ne": "", "tags": {"name:en": "Maila Ko Hotel", "operator": "Tej Bahadur Shrestha", "tourism": "hotel"}}}, {"type": "Feature", "geometry": {"type": "Point", "coordinates": [86.2444275, 27.3835312]}, "properties": {"external_id": "osm:node/5696595948", "kind": "tourism", "name": "Asam Likhu Rural Municipality ward 4", "name_ne": "", "tags": {"name:en": "Asam Likhu Rural Municipality ward 4", "tourism": "guest_house"}}}, {"type": "Feature", "geometry": {"type": "Point", "coordinates": [86.6041555, 27.5876758]}, "properties": {"external_id": "osm:node/5724815922", "kind": "tourism", "name": "Sunrise lodge and restaurant", "name_ne": "", "tags": {"name:en": "Sunrise lodge and restaurant", "operator": "Lhakpa Sherpa", "tourism": "guest_house"}}}, {"type": "Feature", "geometry": {"type": "Point", "coordinates": [86.4256417, 27.3584173]}, "properties": {"external_id": "osm:node/5742358723", "kind": "tourism", "name": "Local Hotel Village Top", "name_ne": "", "tags": {"name:en": "Local Hotel Village Top", "tourism": "hotel"}}}, {"type": "Feature", "geometry": {"type": "Point", "coordinates": [86.5856399, 27.5035377]}, "properties": {"external_id": "osm:node/5813967059", "kind": "tourism", "name": "Adarsha", "name_ne": "", "tags": {"name:en": "Adarsha", "tourism": "hostel"}}}, {"type": "Feature", "geometry": {"type": "Point", "coordinates": [86.061187, 27.3800555]}, "properties": {"external_id": "osm:node/5815425256", "kind": "health", "name": "Tamakoshi Hospital", "name_ne": "", "tags": {"amenity": "hospital", "name:en": "Tamakoshi Hospital"}}}, {"type": "Feature", "geometry": {"type": "Point", "coordinates": [86.0542766, 27.3811728]}, "properties": {"external_id": "osm:node/5815437854", "kind": "police", "name": "District Police Office Manthali Ramechhap", "name_ne": "", "tags": {"amenity": "police", "name:en": "District Police Office Manthali Ramechhap"}}}, {"type": "Feature", "geometry": {"type": "Point", "coordinates": [86.0617377, 27.3808649]}, "properties": {"external_id": "osm:node/5815490753", "kind": "health", "name": "District Health Office Manthali Ramechhap", "name_ne": "", "tags": {"amenity": "hospital", "name:en": "District Health Office Manthali Ramechhap"}}}, {"type": "Feature", "geometry": {"type": "Point", "coordinates": [86.0617361, 27.3817431]}, "properties": {"external_id": "osm:node/5815490853", "kind": "police", "name": "Nepal Army Manthali", "name_ne": "", "tags": {"amenity": "police", "name:en": "Nepal Army Manthali"}}}, {"type": "Feature", "geometry": {"type": "Point", "coordinates": [86.0743956, 27.6786055]}, "properties": {"external_id": "osm:node/5842956595", "kind": "tourism", "name": "Hotel Dwalkha Durbar", "name_ne": "", "tags": {"name": "Hotel Dwalkha Durbar", "tourism": "hotel"}}}, {"type": "Feature", "geometry": {"type": "Point", "coordinates": [85.9599568, 27.6418933]}, "properties": {"external_id": "osm:node/5871421787", "kind": "tourism", "name": "riommani lifestyle", "name_ne": "", "tags": {"name:en": "riommani lifestyle", "tourism": "hotel"}}}, {"type": "Feature", "geometry": {"type": "Point", "coordinates": [86.5846209, 27.5061841]}, "properties": {"external_id": "osm:node/5960665785", "kind": "police", "name": "जिल्ला प्रहरी कार्यालय सोलुखुम्बु", "name_ne": "", "tags": {"amenity": "police", "name:en": "जिल्ला प्रहरी कार्यालय सोलुखुम्बु"}}}, {"type": "Feature", "geometry": {"type": "Point", "coordinates": [86.5855989, 27.5026365]}, "properties": {"external_id": "osm:node/6006073986", "kind": "tourism", "name": "", "name_ne": "", "tags": {"tourism": "guest_house"}}}, {"type": "Feature", "geometry": {"type": "Point", "coordinates": [86.6475889, 27.8372002]}, "properties": {"external_id": "osm:node/6019522285", "kind": "tourism", "name": "Thame Teng Guesthouse & restaraunt", "name_ne": "", "tags": {"name:en": "Thame Teng Guesthouse & restaraunt", "tourism": "guest_house"}}}, {"type": "Feature", "geometry": {"type": "Point", "coordinates": [86.4849772, 27.8462753]}, "properties": {"external_id": "osm:node/6024730682", "kind": "tourism", "name": "", "name_ne": "", "tags": {"tourism": "camp_site"}}}, {"type": "Feature", "geometry": {"type": "Point", "coordinates": [86.2953346, 27.6089642]}, "properties": {"external_id": "osm:node/6078449186", "kind": "tourism", "name": "Sherpa Guide Lodge & Restaurant", "name_ne": "", "tags": {"name:en": "Sherpa Guide Lodge & Restaurant", "tourism": "guest_house"}}}, {"type": "Feature", "geometry": {"type": "Point", "coordinates": [86.5471541, 27.5816925]}, "properties": {"external_id": "osm:node/6078675088", "kind": "tourism", "name": "Everest Lodge & Restaurant", "name_ne": "", "tags": {"name:en": "Everest Lodge & Restaurant", "tourism": "guest_house"}}}, {"type": "Feature", "geometry": {"type": "Point", "coordinates": [86.5469778, 27.5816924]}, "properties": {"external_id": "osm:node/6078675090", "kind": "school", "name": "Shree Junbesi Secondary School", "name_ne": "", "tags": {"amenity": "school", "name:en": "Shree Junbesi Secondary School"}}}, {"type": "Feature", "geometry": {"type": "Point", "coordinates": [86.5472958, 27.5815292]}, "properties": {"external_id": "osm:node/6078676685", "kind": "tourism", "name": "Sagarmatha Lodge & Restaurant", "name_ne": "", "tags": {"name:en": "Sagarmatha Lodge & Restaurant", "tourism": "guest_house"}}}, {"type": "Feature", "geometry": {"type": "Point", "coordinates": [86.6061066, 27.8241236]}, "properties": {"external_id": "osm:node/6078676691", "kind": "tourism", "name": "Phar-Chamo View Lodger", "name_ne": "", "tags": {"name:en": "Phar-Chamo View Lodger", "tourism": "guest_house"}}}, {"type": "Feature", "geometry": {"type": "Point", "coordinates": [86.6435555, 27.8297349]}, "properties": {"external_id": "osm:node/6078676692", "kind": "school", "name": "", "name_ne": "", "tags": {"amenity": "school"}}}, {"type": "Feature", "geometry": {"type": "Point", "coordinates": [86.04562, 27.6672394]}, "properties": {"external_id": "osm:node/6092038985", "kind": "tourism", "name": "Charikot Inn & Events Venue", "name_ne": "", "tags": {"name:en": "Charikot Inn & Events Venue", "operator": "Suman K.C", "tourism": "hotel"}}}, {"type": "Feature", "geometry": {"type": "Point", "coordinates": [86.6098434, 27.4870347]}, "properties": {"external_id": "osm:node/6135784994", "kind": "settlement", "name": "", "name_ne": "", "tags": {"place": "hamlet"}}}, {"type": "Feature", "geometry": {"type": "Point", "coordinates": [86.5846801, 27.5126345]}, "properties": {"external_id": "osm:node/6148867185", "kind": "tourism", "name": "Mount Kailash Lodge", "name_ne": "", "tags": {"name:en": "Mount Kailash Lodge", "tourism": "guest_house"}}}, {"type": "Feature", "geometry": {"type": "Point", "coordinates": [86.062234, 27.3883088]}, "properties": {"external_id": "osm:node/6168205385", "kind": "tourism", "name": "sangita guest  house", "name_ne": "", "tags": {"name:en": "sangita guest  house", "tourism": "guest_house"}}}, {"type": "Feature", "geometry": {"type": "Point", "coordinates": [86.5350384, 27.387755]}, "properties": {"external_id": "osm:node/6176559785", "kind": "tourism", "name": "Magar Hotel and Lodge", "name_ne": "", "tags": {"name:en": "Magar Hotel and Lodge", "tourism": "guest_house"}}}, {"type": "Feature", "geometry": {"type": "Point", "coordinates": [86.5486224, 27.4087075]}, "properties": {"external_id": "osm:node/6178339190", "kind": "tourism", "name": "Himalayan Sherpa Lodge and Restaurant", "name_ne": "", "tags": {"name:en": "Himalayan Sherpa Lodge and Restaurant", "tourism": "guest_house"}}}, {"type": "Feature", "geometry": {"type": "Point", "coordinates": [86.5433935, 27.3944825]}, "properties": {"external_id": "osm:node/6178340687", "kind": "tourism", "name": "Nice View Lodge and Restaurant", "name_ne": "", "tags": {"name:en": "Nice View Lodge and Restaurant", "tourism": "guest_house"}}}, {"type": "Feature", "geometry": {"type": "Point", "coordinates": [86.2312142, 27.6364399]}, "properties": {"external_id": "osm:node/6326883488", "kind": "tourism", "name": "Hotel Sangrila", "name_ne": "", "tags": {"name:en": "Hotel Sangrila", "tourism": "guest_house"}}}, {"type": "Feature", "geometry": {"type": "Point", "coordinates": [86.2285964, 27.6364035]}, "properties": {"external_id": "osm:node/6339609585", "kind": "tourism", "name": "Hotel Everest Resturant and Bar", "name_ne": "", "tags": {"name": "Hotel Everest Resturant and Bar", "tourism": "hotel"}}}, {"type": "Feature", "geometry": {"type": "Point", "coordinates": [86.2310664, 27.6373777]}, "properties": {"external_id": "osm:node/6339947315", "kind": "town", "name": "Jiri", "name_ne": "जिरी", "tags": {"name": "जिरी", "name:en": "Jiri", "name:ne": "जिरी", "place": "town"}}}, {"type": "Feature", "geometry": {"type": "Point", "coordinates": [86.1307894, 27.6451347]}, "properties": {"external_id": "osm:node/6343115026", "kind": "health", "name": "HCH Hospital", "name_ne": "", "tags": {"amenity": "hospital", "name": "HCH Hospital", "operator": "Himalayan Care Hands"}}}, {"type": "Feature", "geometry": {"type": "Point", "coordinates": [86.5928131, 27.557297]}, "properties": {"external_id": "osm:node/6427718386", "kind": "tourism", "name": "Ferra fast food lodge and restaurant", "name_ne": "", "tags": {"name:en": "Ferra fast food lodge and restaurant", "tourism": "guest_house"}}}, {"type": "Feature", "geometry": {"type": "Point", "coordinates": [86.6035266, 27.5857992]}, "properties": {"external_id": "osm:node/6427746186", "kind": "school", "name": "", "name_ne": "", "tags": {"amenity": "school"}}}, {"type": "Feature", "geometry": {"type": "Point", "coordinates": [86.5971918, 27.5348522]}, "properties": {"external_id": "osm:node/6427746885", "kind": "tourism", "name": "Chiwang ABC lodge and restaurant", "name_ne": "", "tags": {"name:en": "Chiwang ABC lodge and restaurant", "tourism": "hotel"}}}, {"type": "Feature", "geometry": {"type": "Point", "coordinates": [85.9559969, 27.7723879]}, "properties": {"external_id": "osm:node/6434834687", "kind": "health", "name": "Chokati swastha chauki", "name_ne": "", "tags": {"amenity": "hospital", "name:en": "Chokati swastha chauki"}}}, {"type": "Feature", "geometry": {"type": "Point", "coordinates": [85.9630709, 27.6389029]}, "properties": {"external_id": "osm:node/6482083188", "kind": "tourism", "name": "hotel Shailung highland", "name_ne": "", "tags": {"name:en": "hotel Shailung highland", "tourism": "guest_house"}}}, {"type": "Feature", "geometry": {"type": "Point", "coordinates": [85.9685698, 27.5995104]}, "properties": {"external_id": "osm:node/6482083386", "kind": "tourism", "name": "Homestay Guesthouse", "name_ne": "", "tags": {"name:en": "Homestay Guesthouse", "tourism": "guest_house"}}}, {"type": "Feature", "geometry": {"type": "Point", "coordinates": [86.2301574, 27.6361891]}, "properties": {"external_id": "osm:node/6494186587", "kind": "tourism", "name": "Hotel Jiri", "name_ne": "", "tags": {"name:en": "Hotel Jiri", "tourism": "hotel"}}}, {"type": "Feature", "geometry": {"type": "Point", "coordinates": [86.2288548, 27.6365025]}, "properties": {"external_id": "osm:node/6497127844", "kind": "police", "name": "", "name_ne": "", "tags": {"amenity": "police"}}}, {"type": "Feature", "geometry": {"type": "Point", "coordinates": [86.2283408, 27.6364508]}, "properties": {"external_id": "osm:node/6497127845", "kind": "tourism", "name": "Abira Riverside Hotel and Resort Pvt. Ltd.", "name_ne": "", "tags": {"name": "Abira Riverside Hotel and Resort Pvt. Ltd.", "tourism": "hotel"}}}, {"type": "Feature", "geometry": {"type": "Point", "coordinates": [86.2301403, 27.6366378]}, "properties": {"external_id": "osm:node/6497127850", "kind": "tourism", "name": "Hotel Hemant", "name_ne": "", "tags": {"name": "Hotel Hemant", "tourism": "hotel"}}}, {"type": "Feature", "geometry": {"type": "Point", "coordinates": [86.230189, 27.6366382]}, "properties": {"external_id": "osm:node/6497127851", "kind": "tourism", "name": "New Sagarmatha Lodge and Resturant", "name_ne": "", "tags": {"name": "New Sagarmatha Lodge and Resturant", "tourism": "hotel"}}}, {"type": "Feature", "geometry": {"type": "Point", "coordinates": [86.2307392, 27.6367774]}, "properties": {"external_id": "osm:node/6497127856", "kind": "tourism", "name": "Sherpa Guest House and Resurant", "name_ne": "", "tags": {"name": "Sherpa Guest House and Resurant", "tourism": "guest_house"}}}, {"type": "Feature", "geometry": {"type": "Point", "coordinates": [86.2311876, 27.6366511]}, "properties": {"external_id": "osm:node/6497127857", "kind": "tourism", "name": "Hotel Yarsha", "name_ne": "", "tags": {"name": "Hotel Yarsha", "tourism": "hotel"}}}, {"type": "Feature", "geometry": {"type": "Point", "coordinates": [86.2318716, 27.6366303]}, "properties": {"external_id": "osm:node/6497127858", "kind": "tourism", "name": "Hotel Evergreen and Lodge", "name_ne": "", "tags": {"name": "Hotel Evergreen and Lodge", "tourism": "hotel"}}}, {"type": "Feature", "geometry": {"type": "Point", "coordinates": [86.254096, 27.6749035]}, "properties": {"external_id": "osm:node/6507381084", "kind": "tourism", "name": "", "name_ne": "", "tags": {"tourism": "camp_site"}}}, {"type": "Feature", "geometry": {"type": "Point", "coordinates": [86.2527435, 27.6745959]}, "properties": {"external_id": "osm:node/6507400236", "kind": "tourism", "name": "", "name_ne": "", "tags": {"tourism": "camp_site"}}}, {"type": "Feature", "geometry": {"type": "Point", "coordinates": [86.2340855, 27.6695437]}, "properties": {"external_id": "osm:node/6507400652", "kind": "settlement", "name": "Reckcheayang", "name_ne": "", "tags": {"name": "Reckcheayang", "place": "locality"}}}, {"type": "Feature", "geometry": {"type": "Point", "coordinates": [86.2341006, 27.6695427]}, "properties": {"external_id": "osm:node/6507400653", "kind": "tourism", "name": "", "name_ne": "", "tags": {"tourism": "camp_site"}}}, {"type": "Feature", "geometry": {"type": "Point", "coordinates": [86.2309559, 27.6683717]}, "properties": {"external_id": "osm:node/6507400781", "kind": "tourism", "name": "", "name_ne": "", "tags": {"tourism": "camp_site"}}}, {"type": "Feature", "geometry": {"type": "Point", "coordinates": [86.2286643, 27.6462877]}, "properties": {"external_id": "osm:node/6507401100", "kind": "settlement", "name": "Nabuk", "name_ne": "नाबुक", "tags": {"name": "नाबुक", "name:en": "Nabuk", "name:ne": "नाबुक", "place": "hamlet"}}}, {"type": "Feature", "geometry": {"type": "Point", "coordinates": [86.2293708, 27.6364465]}, "properties": {"external_id": "osm:node/6509152885", "kind": "tourism", "name": "Cherdung", "name_ne": "", "tags": {"name:en": "Cherdung", "tourism": "hotel"}}}, {"type": "Feature", "geometry": {"type": "Point", "coordinates": [86.2316355, 27.6358598]}, "properties": {"external_id": "osm:node/6509198586", "kind": "police", "name": "Sub Police Station", "name_ne": "", "tags": {"amenity": "police", "name": "Police Station", "name:en": "Sub Police Station"}}}, {"type": "Feature", "geometry": {"type": "Point", "coordinates": [86.2302877, 27.6366485]}, "properties": {"external_id": "osm:node/6509199485", "kind": "tourism", "name": "Sagarmatha Hotel", "name_ne": "", "tags": {"name:en": "Sagarmatha Hotel", "tourism": "hotel"}}}, {"type": "Feature", "geometry": {"type": "Point", "coordinates": [86.230605, 27.6369459]}, "properties": {"external_id": "osm:node/6509200485", "kind": "school", "name": "Saraswati Community School", "name_ne": "", "tags": {"amenity": "school", "name:en": "Saraswati Community School"}}}, {"type": "Feature", "geometry": {"type": "Point", "coordinates": [86.2318319, 27.6366575]}, "properties": {"external_id": "osm:node/6509200486", "kind": "tourism", "name": "Hotel Evergreen", "name_ne": "", "tags": {"name:en": "Hotel Evergreen", "tourism": "hotel"}}}, {"type": "Feature", "geometry": {"type": "Point", "coordinates": [86.2312204, 27.6350711]}, "properties": {"external_id": "osm:node/6509201486", "kind": "health", "name": "Dolakha District Hospital", "name_ne": "", "tags": {"amenity": "hospital", "name": "Dolakha District Hospital", "name:en": "Dolakha District Hospital"}}}, {"type": "Feature", "geometry": {"type": "Point", "coordinates": [86.2351683, 27.6385854]}, "properties": {"external_id": "osm:node/6511635269", "kind": "settlement", "name": "Botle", "name_ne": "", "tags": {"name": "Botle", "place": "hamlet"}}}, {"type": "Feature", "geometry": {"type": "Point", "coordinates": [86.2296511, 27.6364076]}, "properties": {"external_id": "osm:node/6514632385", "kind": "tourism", "name": "Hotel Gyabila", "name_ne": "", "tags": {"name:en": "Hotel Gyabila", "tourism": "hotel"}}}, {"type": "Feature", "geometry": {"type": "Point", "coordinates": [85.9698025, 27.7725355]}, "properties": {"external_id": "osm:node/6589024885", "kind": "tourism", "name": "Dahal Niwas", "name_ne": "", "tags": {"name:en": "Dahal Niwas", "tourism": "guest_house"}}}, {"type": "Feature", "geometry": {"type": "Point", "coordinates": [86.0660365, 27.6767558]}, "properties": {"external_id": "osm:node/6598432985", "kind": "tourism", "name": "Bhimeshwor Homestay", "name_ne": "", "tags": {"name:en": "Bhimeshwor Homestay", "operator": "Narendra Shrestha", "tourism": "guest_house"}}}, {"type": "Feature", "geometry": {"type": "Point", "coordinates": [86.075595, 27.6766813]}, "properties": {"external_id": "osm:node/6598432986", "kind": "tourism", "name": "Pandav Niwas", "name_ne": "", "tags": {"name:en": "Pandav Niwas", "tourism": "guest_house"}}}, {"type": "Feature", "geometry": {"type": "Point", "coordinates": [86.5784513, 27.4865487]}, "properties": {"external_id": "osm:node/6620661587", "kind": "tourism", "name": "Numa Hotel & Khaja Ghar", "name_ne": "", "tags": {"name:en": "Numa Hotel & Khaja Ghar", "operator": "Birkaji Rajbhandari", "tourism": "hotel"}}}, {"type": "Feature", "geometry": {"type": "Point", "coordinates": [86.5500987, 27.4024537]}, "properties": {"external_id": "osm:node/6875574486", "kind": "tourism", "name": "Ayush Hotel", "name_ne": "", "tags": {"name:en": "Ayush Hotel", "tourism": "hotel"}}}, {"type": "Feature", "geometry": {"type": "Point", "coordinates": [86.5873692, 27.5056162]}, "properties": {"external_id": "osm:node/6875574489", "kind": "tourism", "name": "Hotel Adawanda", "name_ne": "", "tags": {"name:en": "Hotel Adawanda", "tourism": "guest_house"}}}, {"type": "Feature", "geometry": {"type": "Point", "coordinates": [86.5597447, 27.4409097]}, "properties": {"external_id": "osm:node/6875591287", "kind": "tourism", "name": "", "name_ne": "", "tags": {"tourism": "guest_house"}}}, {"type": "Feature", "geometry": {"type": "Point", "coordinates": [86.5481614, 27.4047465]}, "properties": {"external_id": "osm:node/6875591389", "kind": "tourism", "name": "Himalaya Eco Home", "name_ne": "", "tags": {"name:en": "Himalaya Eco Home", "tourism": "hotel"}}}, {"type": "Feature", "geometry": {"type": "Point", "coordinates": [86.5596265, 27.44076]}, "properties": {"external_id": "osm:node/6875591390", "kind": "tourism", "name": "", "name_ne": "", "tags": {"tourism": "guest_house"}}}, {"type": "Feature", "geometry": {"type": "Point", "coordinates": [86.5843223, 27.5001696]}, "properties": {"external_id": "osm:node/6875591392", "kind": "tourism", "name": "", "name_ne": "", "tags": {"tourism": "hostel"}}}, {"type": "Feature", "geometry": {"type": "Point", "coordinates": [86.5886361, 27.5056666]}, "properties": {"external_id": "osm:node/6875591393", "kind": "tourism", "name": "", "name_ne": "", "tags": {"tourism": "guest_house"}}}, {"type": "Feature", "geometry": {"type": "Point", "coordinates": [86.5845664, 27.5139654]}, "properties": {"external_id": "osm:node/6885404286", "kind": "tourism", "name": "Kirat Hotel Lodge and Restaurant", "name_ne": "", "tags": {"name:en": "Kirat Hotel Lodge and Restaurant", "tourism": "guest_house"}}}, {"type": "Feature", "geometry": {"type": "Point", "coordinates": [86.584583, 27.513879]}, "properties": {"external_id": "osm:node/6885404287", "kind": "tourism", "name": "Hotel Sunshine", "name_ne": "", "tags": {"name:en": "Hotel Sunshine", "tourism": "guest_house"}}}, {"type": "Feature", "geometry": {"type": "Point", "coordinates": [86.5844963, 27.5138202]}, "properties": {"external_id": "osm:node/6885404288", "kind": "tourism", "name": "Rokding Hotel & Lodge", "name_ne": "", "tags": {"name:en": "Rokding Hotel & Lodge", "tourism": "guest_house"}}}, {"type": "Feature", "geometry": {"type": "Point", "coordinates": [86.5845809, 27.5137108]}, "properties": {"external_id": "osm:node/6885404289", "kind": "tourism", "name": "Namaste Hotel & Restaurant", "name_ne": "", "tags": {"name:en": "Namaste Hotel & Restaurant", "tourism": "guest_house"}}}, {"type": "Feature", "geometry": {"type": "Point", "coordinates": [86.5848185, 27.5136366]}, "properties": {"external_id": "osm:node/6885404290", "kind": "tourism", "name": "Sofiya Hotel & Lodge", "name_ne": "", "tags": {"name:en": "Sofiya Hotel & Lodge", "tourism": "guest_house"}}}, {"type": "Feature", "geometry": {"type": "Point", "coordinates": [86.5845762, 27.513588]}, "properties": {"external_id": "osm:node/6885404291", "kind": "tourism", "name": "Hotel Phaplu Lodge & Restaurant", "name_ne": "", "tags": {"name:en": "Hotel Phaplu Lodge & Restaurant", "tourism": "guest_house"}}}, {"type": "Feature", "geometry": {"type": "Point", "coordinates": [86.5847372, 27.5130537]}, "properties": {"external_id": "osm:node/6885404292", "kind": "tourism", "name": "Airport Hotel Lodge & Restaurant", "name_ne": "", "tags": {"name:en": "Airport Hotel Lodge & Restaurant", "tourism": "guest_house"}}}, {"type": "Feature", "geometry": {"type": "Point", "coordinates": [86.5848631, 27.5141808]}, "properties": {"external_id": "osm:node/6885406685", "kind": "tourism", "name": "Shangri-La Guesthouse", "name_ne": "", "tags": {"name:en": "Shangri-La Guesthouse", "tourism": "guest_house"}}}, {"type": "Feature", "geometry": {"type": "Point", "coordinates": [86.5847982, 27.5137166]}, "properties": {"external_id": "osm:node/6885406686", "kind": "tourism", "name": "Thamserku Lodge & Restaurant", "name_ne": "", "tags": {"name:en": "Thamserku Lodge & Restaurant", "tourism": "guest_house"}}}, {"type": "Feature", "geometry": {"type": "Point", "coordinates": [86.5951285, 27.5372578]}, "properties": {"external_id": "osm:node/6885413885", "kind": "tourism", "name": "Scenic Rock View Lodge & Restaurant", "name_ne": "", "tags": {"name:en": "Scenic Rock View Lodge & Restaurant", "tourism": "guest_house"}}}, {"type": "Feature", "geometry": {"type": "Point", "coordinates": [86.5845168, 27.514093]}, "properties": {"external_id": "osm:node/6885419886", "kind": "tourism", "name": "Bijay & Bikash Hotel", "name_ne": "", "tags": {"name:en": "Bijay & Bikash Hotel", "tourism": "guest_house"}}}, {"type": "Feature", "geometry": {"type": "Point", "coordinates": [86.5845351, 27.5140407]}, "properties": {"external_id": "osm:node/6885419887", "kind": "tourism", "name": "Khumbila Hotel & Lodge", "name_ne": "", "tags": {"name:en": "Khumbila Hotel & Lodge", "tourism": "guest_house"}}}, {"type": "Feature", "geometry": {"type": "Point", "coordinates": [86.5845231, 27.5153203]}, "properties": {"external_id": "osm:node/6951865985", "kind": "tourism", "name": "Hotel Dream Lodge & Restaurant", "name_ne": "", "tags": {"name:en": "Hotel Dream Lodge & Restaurant", "operator": "Sonam Sherpa", "tourism": "hotel"}}}, {"type": "Feature", "geometry": {"type": "Point", "coordinates": [86.6021647, 27.5826383]}, "properties": {"external_id": "osm:node/6957187985", "kind": "tourism", "name": "garden view lodge & restaurant", "name_ne": "", "tags": {"name:en": "garden view lodge & restaurant", "tourism": "guest_house"}}}, {"type": "Feature", "geometry": {"type": "Point", "coordinates": [86.5724086, 27.4450081]}, "properties": {"external_id": "osm:node/6959122188", "kind": "settlement", "name": "Salme Bazar", "name_ne": "", "tags": {"name": "Salme Bazar", "place": "hamlet"}}}, {"type": "Feature", "geometry": {"type": "Point", "coordinates": [86.6492786, 27.8317147]}, "properties": {"external_id": "osm:node/7030686485", "kind": "tourism", "name": "Valley View Lodge", "name_ne": "", "tags": {"name:en": "Valley View Lodge", "tourism": "guest_house"}}}, {"type": "Feature", "geometry": {"type": "Point", "coordinates": [86.6480942, 27.8365307]}, "properties": {"external_id": "osm:node/7054808849", "kind": "tourism", "name": "Sonam Guest House and Restaurant", "name_ne": "", "tags": {"name": "Sonam Guest House and Restaurant", "tourism": "guest_house"}}}, {"type": "Feature", "geometry": {"type": "Point", "coordinates": [86.5806909, 27.4917222]}, "properties": {"external_id": "osm:node/7140574585", "kind": "tourism", "name": "Sakura guest house", "name_ne": "", "tags": {"name:en": "Sakura guest house", "tourism": "guest_house"}}}, {"type": "Feature", "geometry": {"type": "Point", "coordinates": [86.0591771, 27.3824997]}, "properties": {"external_id": "osm:node/7160263486", "kind": "tourism", "name": "Alina Chuhure", "name_ne": "", "tags": {"name:en": "Alina Chuhure", "tourism": "guest_house"}}}, {"type": "Feature", "geometry": {"type": "Point", "coordinates": [86.2953912, 27.6087212]}, "properties": {"external_id": "osm:node/7168522285", "kind": "tourism", "name": "Paradise hotel & lodge", "name_ne": "", "tags": {"name:en": "Paradise hotel & lodge", "tourism": "guest_house"}}}, {"type": "Feature", "geometry": {"type": "Point", "coordinates": [86.0014768, 27.6905999]}, "properties": {"external_id": "osm:node/7650128352", "kind": "tourism", "name": "Mitjiu Organic Homestay", "name_ne": "", "tags": {"name": "Mitjiu Organic Homestay", "tourism": "guest_house"}}}, {"type": "Feature", "geometry": {"type": "Point", "coordinates": [86.4260522, 27.8812452]}, "properties": {"external_id": "osm:node/8015923985", "kind": "tourism", "name": "Josef Phurba Lodge", "name_ne": "", "tags": {"name:en": "Josef Phurba Lodge", "tourism": "alpine_hut"}}}, {"type": "Feature", "geometry": {"type": "Point", "coordinates": [86.6359842, 27.4381897]}, "properties": {"external_id": "osm:node/8221119379", "kind": "town", "name": "Nele Bazar", "name_ne": "", "tags": {"name": "Nele Bazar", "place": "town"}}}, {"type": "Feature", "geometry": {"type": "Point", "coordinates": [85.9816083, 27.5013175]}, "properties": {"external_id": "osm:node/8363245083", "kind": "school", "name": "", "name_ne": "", "tags": {"amenity": "school"}}}, {"type": "Feature", "geometry": {"type": "Point", "coordinates": [86.5926293, 27.5144779]}, "properties": {"external_id": "osm:node/8566432417", "kind": "school", "name": "Phaplu Community School", "name_ne": "", "tags": {"amenity": "school", "name:en": "Phaplu Community School"}}}, {"type": "Feature", "geometry": {"type": "Point", "coordinates": [86.2127918, 27.9236448]}, "properties": {"external_id": "osm:node/8566585928", "kind": "settlement", "name": "Tamakoshi Hydroelectric", "name_ne": "", "tags": {"name": "Tamakoshi Hydroelectric", "place": "locality"}}}, {"type": "Feature", "geometry": {"type": "Point", "coordinates": [85.9588764, 27.9258527]}, "properties": {"external_id": "osm:node/8703133593", "kind": "settlement", "name": "Namtan", "name_ne": "नामथान", "tags": {"name": "नामथान", "name:en": "Namtan", "name:ne": "नामथान", "place": "hamlet"}}}, {"type": "Feature", "geometry": {"type": "Point", "coordinates": [85.9808822, 27.7703248]}, "properties": {"external_id": "osm:node/8710473443", "kind": "settlement", "name": "Tungathali", "name_ne": "तुङ्गाथाली", "tags": {"name": "तुङ्गाथाली", "name:en": "Tungathali", "name:ne": "तुङ्गाथाली", "place": "hamlet"}}}, {"type": "Feature", "geometry": {"type": "Point", "coordinates": [85.9775227, 27.7838302]}, "properties": {"external_id": "osm:node/8710473444", "kind": "settlement", "name": "Ghorthali", "name_ne": "घोरथाली", "tags": {"name": "घोरथाली", "name:en": "Ghorthali", "name:ne": "घोरथाली", "place": "hamlet"}}}, {"type": "Feature", "geometry": {"type": "Point", "coordinates": [85.9916822, 27.8120896]}, "properties": {"external_id": "osm:node/8710473445", "kind": "settlement", "name": "Dolansa", "name_ne": "डोलान्सा", "tags": {"name": "डोलान्सा", "name:en": "Dolansa", "name:ne": "डोलान्सा", "place": "hamlet"}}}, {"type": "Feature", "geometry": {"type": "Point", "coordinates": [86.0549868, 27.8048569]}, "properties": {"external_id": "osm:node/8710473446", "kind": "settlement", "name": "Bhumisthan", "name_ne": "भूमिस्थान", "tags": {"name": "भूमिस्थान", "name:en": "Bhumisthan", "name:ne": "भूमिस्थान", "place": "hamlet"}}}, {"type": "Feature", "geometry": {"type": "Point", "coordinates": [86.0536815, 27.7985567]}, "properties": {"external_id": "osm:node/8710473447", "kind": "settlement", "name": "", "name_ne": "", "tags": {"place": "hamlet"}}}, {"type": "Feature", "geometry": {"type": "Point", "coordinates": [86.0656028, 27.7905164]}, "properties": {"external_id": "osm:node/8710473448", "kind": "settlement", "name": "Tarebhir", "name_ne": "तारेभीर", "tags": {"name": "तारेभीर", "name:en": "Tarebhir", "name:ne": "तारेभीर", "place": "hamlet"}}}, {"type": "Feature", "geometry": {"type": "Point", "coordinates": [86.0736127, 27.7928581]}, "properties": {"external_id": "osm:node/8710473449", "kind": "settlement", "name": "Dhusikharka", "name_ne": "धुसिखर्क", "tags": {"name": "धुसिखर्क", "name:en": "Dhusikharka", "name:ne": "धुसिखर्क", "place": "hamlet"}}}, {"type": "Feature", "geometry": {"type": "Point", "coordinates": [86.0967715, 27.7984816]}, "properties": {"external_id": "osm:node/8710473450", "kind": "settlement", "name": "Bunmadada", "name_ne": "बन्मा डाँडा", "tags": {"name": "बन्मा डाँडा", "name:en": "Bunmadada", "name:ne": "बन्मा डाँडा", "place": "hamlet"}}}, {"type": "Feature", "geometry": {"type": "Point", "coordinates": [86.1222195, 27.7984489]}, "properties": {"external_id": "osm:node/8710473451", "kind": "settlement", "name": "Thapagau", "name_ne": "थापागाउँ", "tags": {"name": "थापागाउँ", "name:en": "Thapagau", "name:ne": "थापागाउँ", "place": "hamlet"}}}, {"type": "Feature", "geometry": {"type": "Point", "coordinates": [86.12197, 27.7916758]}, "properties": {"external_id": "osm:node/8710473452", "kind": "settlement", "name": "Laisep", "name_ne": "लाइसेप", "tags": {"name": "लाइसेप", "name:en": "Laisep", "name:ne": "लाइसेप", "place": "hamlet"}}}, {"type": "Feature", "geometry": {"type": "Point", "coordinates": [86.1366157, 27.7541736]}, "properties": {"external_id": "osm:node/8710473453", "kind": "settlement", "name": "Karmathali", "name_ne": "कर्माथाली", "tags": {"name": "कर्माथाली", "name:en": "Karmathali", "name:ne": "कर्माथाली", "place": "hamlet"}}}, {"type": "Feature", "geometry": {"type": "Point", "coordinates": [86.1133592, 27.7651015]}, "properties": {"external_id": "osm:node/8710473454", "kind": "settlement", "name": "Dadagau", "name_ne": "डाँडा गाउँ", "tags": {"name": "डाँडा गाउँ", "name:en": "Dadagau", "name:ne": "डाँडा गाउँ", "place": "hamlet"}}}, {"type": "Feature", "geometry": {"type": "Point", "coordinates": [86.1292406, 27.7659129]}, "properties": {"external_id": "osm:node/8710473455", "kind": "settlement", "name": "Sinkhu", "name_ne": "संखु", "tags": {"name": "संखु", "name:en": "Sinkhu", "name:ne": "संखु", "place": "hamlet"}}}, {"type": "Feature", "geometry": {"type": "Point", "coordinates": [86.1147054, 27.7830613]}, "properties": {"external_id": "osm:node/8710473457", "kind": "settlement", "name": "", "name_ne": "", "tags": {"place": "hamlet"}}}, {"type": "Feature", "geometry": {"type": "Point", "coordinates": [86.105671, 27.7915215]}, "properties": {"external_id": "osm:node/8710473458", "kind": "settlement", "name": "Kutisyau", "name_ne": "कुटिस्याउ", "tags": {"name": "कुटिस्याउ", "name:en": "Kutisyau", "name:ne": "कुटिस्याउ", "place": "hamlet"}}}, {"type": "Feature", "geometry": {"type": "Point", "coordinates": [86.1041781, 27.7872797]}, "properties": {"external_id": "osm:node/8710473459", "kind": "settlement", "name": "Phusre", "name_ne": "फुस्रे", "tags": {"name": "फुस्रे", "name:en": "Phusre", "name:ne": "फुस्रे", "place": "hamlet"}}}, {"type": "Feature", "geometry": {"type": "Point", "coordinates": [86.0962511, 27.7872263]}, "properties": {"external_id": "osm:node/8710473460", "kind": "settlement", "name": "Kyanpal", "name_ne": "क्यानपाल", "tags": {"name": "क्यानपाल", "name:en": "Kyanpal", "name:ne": "क्यानपाल", "place": "hamlet"}}}, {"type": "Feature", "geometry": {"type": "Point", "coordinates": [86.0845342, 27.7843804]}, "properties": {"external_id": "osm:node/8710473698", "kind": "settlement", "name": "Lapse", "name_ne": "लप्से", "tags": {"name": "लप्से", "name:en": "Lapse", "name:ne": "लप्से", "place": "hamlet"}}}, {"type": "Feature", "geometry": {"type": "Point", "coordinates": [86.0713343, 27.7732973]}, "properties": {"external_id": "osm:node/8710473699", "kind": "settlement", "name": "Golma", "name_ne": "गोलमा", "tags": {"name": "गोलमा", "name:en": "Golma", "name:ne": "गोलमा", "place": "hamlet"}}}, {"type": "Feature", "geometry": {"type": "Point", "coordinates": [86.069825, 27.785013]}, "properties": {"external_id": "osm:node/8710473700", "kind": "settlement", "name": "Benpa", "name_ne": "बेनपा", "tags": {"name": "बेनपा", "name:en": "Benpa", "name:ne": "बेनपा", "place": "hamlet"}}}, {"type": "Feature", "geometry": {"type": "Point", "coordinates": [86.0841094, 27.791819]}, "properties": {"external_id": "osm:node/8710473701", "kind": "settlement", "name": "Begumpa", "name_ne": "बेगमपा", "tags": {"name": "बेगमपा", "name:en": "Begumpa", "name:ne": "बेगमपा", "place": "hamlet"}}}, {"type": "Feature", "geometry": {"type": "Point", "coordinates": [86.087127, 27.7984223]}, "properties": {"external_id": "osm:node/8710473702", "kind": "settlement", "name": "Thamichagu", "name_ne": "थामिचागु", "tags": {"name": "थामिचागु", "name:en": "Thamichagu", "name:ne": "थामिचागु", "place": "hamlet"}}}, {"type": "Feature", "geometry": {"type": "Point", "coordinates": [86.1294233, 27.7991202]}, "properties": {"external_id": "osm:node/8710473703", "kind": "settlement", "name": "Bharentol", "name_ne": "भरेन्टोल", "tags": {"name": "भरेन्टोल", "name:en": "Bharentol", "name:ne": "भरेन्टोल", "place": "hamlet"}}}, {"type": "Feature", "geometry": {"type": "Point", "coordinates": [86.1276189, 27.8179665]}, "properties": {"external_id": "osm:node/8710473705", "kind": "settlement", "name": "Pheldar", "name_ne": "फेल्दार", "tags": {"name": "फेल्दार", "name:en": "Pheldar", "name:ne": "फेल्दार", "place": "hamlet"}}}, {"type": "Feature", "geometry": {"type": "Point", "coordinates": [86.0766183, 27.847744]}, "properties": {"external_id": "osm:node/8710473769", "kind": "settlement", "name": "Koyan", "name_ne": "कोयन", "tags": {"name": "कोयन", "name:en": "Koyan", "name:ne": "कोयन", "place": "hamlet"}}}, {"type": "Feature", "geometry": {"type": "Point", "coordinates": [86.0582084, 27.829165]}, "properties": {"external_id": "osm:node/8710473770", "kind": "settlement", "name": "Ajok", "name_ne": "आजोक", "tags": {"name": "आजोक", "name:en": "Ajok", "name:ne": "आजोक", "place": "hamlet"}}}, {"type": "Feature", "geometry": {"type": "Point", "coordinates": [86.0700187, 27.8403321]}, "properties": {"external_id": "osm:node/8710473771", "kind": "settlement", "name": "Gyalwasin", "name_ne": "ग्यालवासिन", "tags": {"name": "ग्यालवासिन", "name:en": "Gyalwasin", "name:ne": "ग्यालवासिन", "place": "hamlet"}}}, {"type": "Feature", "geometry": {"type": "Point", "coordinates": [86.0782556, 27.8372386]}, "properties": {"external_id": "osm:node/8710473772", "kind": "settlement", "name": "Bigu", "name_ne": "विगु", "tags": {"name": "विगु", "name:en": "Bigu", "name:ne": "विगु", "place": "village"}}}, {"type": "Feature", "geometry": {"type": "Point", "coordinates": [86.0880423, 27.8411846]}, "properties": {"external_id": "osm:node/8710473773", "kind": "settlement", "name": "Nangara", "name_ne": "नाङ्गारा", "tags": {"name": "नाङ्गारा", "name:en": "Nangara", "name:ne": "नाङ्गारा", "place": "hamlet"}}}, {"type": "Feature", "geometry": {"type": "Point", "coordinates": [86.0963066, 27.8396645]}, "properties": {"external_id": "osm:node/8710473774", "kind": "settlement", "name": "Nagara", "name_ne": "नागरा", "tags": {"name": "नागरा", "name:en": "Nagara", "name:ne": "नागरा", "place": "hamlet"}}}, {"type": "Feature", "geometry": {"type": "Point", "coordinates": [86.0969721, 27.8431296]}, "properties": {"external_id": "osm:node/8710473775", "kind": "settlement", "name": "Dawithan", "name_ne": "दाविथान", "tags": {"name": "दाविथान", "name:en": "Dawithan", "name:ne": "दाविथान", "place": "hamlet"}}}, {"type": "Feature", "geometry": {"type": "Point", "coordinates": [86.113847, 27.8445011]}, "properties": {"external_id": "osm:node/8710473776", "kind": "settlement", "name": "Syakhu", "name_ne": "स्याखु", "tags": {"name": "स्याखु", "name:en": "Syakhu", "name:ne": "स्याखु", "place": "hamlet"}}}, {"type": "Feature", "geometry": {"type": "Point", "coordinates": [86.1045591, 27.8381924]}, "properties": {"external_id": "osm:node/8710473777", "kind": "settlement", "name": "Gosesa", "name_ne": "", "tags": {"name": "Gosesa", "place": "locality"}}}, {"type": "Feature", "geometry": {"type": "Point", "coordinates": [86.0974963, 27.8372408]}, "properties": {"external_id": "osm:node/8710473778", "kind": "settlement", "name": "Alampu", "name_ne": "आलम्पु", "tags": {"name": "आलम्पु", "name:en": "Alampu", "name:ne": "आलम्पु", "place": "hamlet"}}}, {"type": "Feature", "geometry": {"type": "Point", "coordinates": [86.0946909, 27.8248904]}, "properties": {"external_id": "osm:node/8710473779", "kind": "settlement", "name": "Sangba Bazar", "name_ne": "शनिबार बजार", "tags": {"name": "शनिबार बजार", "name:en": "Sangba Bazar", "name:ne": "शनिबार बजार", "place": "locality"}}}, {"type": "Feature", "geometry": {"type": "Point", "coordinates": [86.0894062, 27.8181937]}, "properties": {"external_id": "osm:node/8710473780", "kind": "settlement", "name": "Chagu", "name_ne": "चागु", "tags": {"name": "चागु", "name:en": "Chagu", "name:ne": "चागु", "place": "hamlet"}}}, {"type": "Feature", "geometry": {"type": "Point", "coordinates": [86.0868278, 27.8288547]}, "properties": {"external_id": "osm:node/8710473781", "kind": "settlement", "name": "Ambatole Danda Ghar", "name_ne": "अम्बतोले डाँडा घर", "tags": {"name": "अम्बतोले डाँडा घर", "name:en": "Ambatole Danda Ghar", "name:ne": "अम्बतोले डाँडा घर", "place": "hamlet"}}}, {"type": "Feature", "geometry": {"type": "Point", "coordinates": [85.9539116, 27.7791843]}, "properties": {"external_id": "osm:node/8736013686", "kind": "settlement", "name": "Bhumethan", "name_ne": "भुमेथान", "tags": {"name": "भुमेथान", "name:en": "Bhumethan", "name:ne": "भुमेथान", "place": "hamlet"}}}, {"type": "Feature", "geometry": {"type": "Point", "coordinates": [85.9635949, 27.7882733]}, "properties": {"external_id": "osm:node/8736013687", "kind": "settlement", "name": "Kabhre", "name_ne": "काभ्रे", "tags": {"name": "काभ्रे", "name:en": "Kabhre", "name:ne": "काभ्रे", "place": "hamlet"}}}, {"type": "Feature", "geometry": {"type": "Point", "coordinates": [85.966684, 27.7956309]}, "properties": {"external_id": "osm:node/8736013688", "kind": "settlement", "name": "Timure", "name_ne": "टिमुरे", "tags": {"name": "टिमुरे", "name:en": "Timure", "name:ne": "टिमुरे", "place": "hamlet"}}}, {"type": "Feature", "geometry": {"type": "Point", "coordinates": [85.9771384, 27.796043]}, "properties": {"external_id": "osm:node/8736013689", "kind": "settlement", "name": "Ripar", "name_ne": "रिपर", "tags": {"name": "रिपर", "name:en": "Ripar", "name:ne": "रिपर", "place": "hamlet"}}}, {"type": "Feature", "geometry": {"type": "Point", "coordinates": [85.9583897, 27.7855561]}, "properties": {"external_id": "osm:node/8736013690", "kind": "settlement", "name": "Baseri", "name_ne": "बसेरी", "tags": {"name": "बसेरी", "name:en": "Baseri", "name:ne": "बसेरी", "place": "hamlet"}}}, {"type": "Feature", "geometry": {"type": "Point", "coordinates": [85.9884118, 27.7950276]}, "properties": {"external_id": "osm:node/8758375125", "kind": "settlement", "name": "Chyanarsa", "name_ne": "च्यानरसा", "tags": {"name": "च्यानरसा", "name:en": "Chyanarsa", "name:ne": "च्यानरसा", "place": "hamlet"}}}, {"type": "Feature", "geometry": {"type": "Point", "coordinates": [86.2102982, 27.8232642]}, "properties": {"external_id": "osm:node/8766281628", "kind": "settlement", "name": "Keore", "name_ne": "", "tags": {"name": "Keore", "place": "locality"}}}, {"type": "Feature", "geometry": {"type": "Point", "coordinates": [86.2145246, 27.8296473]}, "properties": {"external_id": "osm:node/8766281629", "kind": "settlement", "name": "Thadi", "name_ne": "ठाढी", "tags": {"name": "ठाढी", "name:en": "Thadi", "name:ne": "ठाढी", "place": "hamlet"}}}, {"type": "Feature", "geometry": {"type": "Point", "coordinates": [86.1899072, 27.7959746]}, "properties": {"external_id": "osm:node/8770470184", "kind": "settlement", "name": "Yarsa", "name_ne": "यार्सा", "tags": {"name": "यार्सा", "name:en": "Yarsa", "name:ne": "यार्सा", "place": "hamlet"}}}, {"type": "Feature", "geometry": {"type": "Point", "coordinates": [86.5648026, 27.3516337]}, "properties": {"external_id": "osm:node/8812588587", "kind": "settlement", "name": "Gairhigaon", "name_ne": "", "tags": {"name": "Gairhigaon", "place": "village"}}}, {"type": "Feature", "geometry": {"type": "Point", "coordinates": [86.5302782, 27.4157764]}, "properties": {"external_id": "osm:node/8812605737", "kind": "settlement", "name": "Lakhop", "name_ne": "", "tags": {"name": "Lakhop", "place": "village"}}}, {"type": "Feature", "geometry": {"type": "Point", "coordinates": [86.5418819, 27.4351976]}, "properties": {"external_id": "osm:node/8812605738", "kind": "settlement", "name": "Kerung", "name_ne": "केरुङ", "tags": {"name": "केरुङ", "name:en": "Kerung", "name:ne": "केरुङ", "place": "village"}}}, {"type": "Feature", "geometry": {"type": "Point", "coordinates": [86.5848967, 27.4310103]}, "properties": {"external_id": "osm:node/8812605739", "kind": "settlement", "name": "Tingnasa", "name_ne": "टिंगनासा", "tags": {"name": "टिंगनासा", "name:en": "Tingnasa", "name:ne": "टिंगनासा", "place": "hamlet"}}}, {"type": "Feature", "geometry": {"type": "Point", "coordinates": [86.607529, 27.41565]}, "properties": {"external_id": "osm:node/8812605740", "kind": "settlement", "name": "Tingla", "name_ne": "", "tags": {"name": "Tingla", "place": "hamlet"}}}, {"type": "Feature", "geometry": {"type": "Point", "coordinates": [86.5603633, 27.4799359]}, "properties": {"external_id": "osm:node/8812605741", "kind": "settlement", "name": "khoria", "name_ne": "खोरिया", "tags": {"name": "खोरिया", "name:en": "khoria", "name:ne": "खोरिया", "place": "hamlet"}}}, {"type": "Feature", "geometry": {"type": "Point", "coordinates": [86.5867895, 27.4773137]}, "properties": {"external_id": "osm:node/8812605742", "kind": "settlement", "name": "Chhukyamu", "name_ne": "", "tags": {"name": "Chhukyamu", "place": "hamlet"}}}, {"type": "Feature", "geometry": {"type": "Point", "coordinates": [86.5720433, 27.4581303]}, "properties": {"external_id": "osm:node/8812605743", "kind": "settlement", "name": "Garma", "name_ne": "", "tags": {"name": "Garma", "place": "village"}}}, {"type": "Feature", "geometry": {"type": "Point", "coordinates": [86.6311645, 27.4346012]}, "properties": {"external_id": "osm:node/8862882918", "kind": "settlement", "name": "Thumse Danda", "name_ne": "ठुम्से डण्डा", "tags": {"name": "ठुम्से डण्डा", "name:en": "Thumse Danda", "name:ne": "ठुम्से डण्डा", "place": "locality"}}}, {"type": "Feature", "geometry": {"type": "Point", "coordinates": [86.6155045, 27.6313125]}, "properties": {"external_id": "osm:node/9034719017", "kind": "tourism", "name": "Numbur Guest House", "name_ne": "", "tags": {"name:en": "Numbur Guest House", "tourism": "guest_house"}}}, {"type": "Feature", "geometry": {"type": "Point", "coordinates": [86.3240144, 27.6708972]}, "properties": {"external_id": "osm:node/9056756788", "kind": "settlement", "name": "", "name_ne": "", "tags": {"place": "isolated_dwelling"}}}, {"type": "Feature", "geometry": {"type": "Point", "coordinates": [86.3241727, 27.6616453]}, "properties": {"external_id": "osm:node/9056892675", "kind": "settlement", "name": "", "name_ne": "", "tags": {"place": "hamlet"}}}, {"type": "Feature", "geometry": {"type": "Point", "coordinates": [86.0244485, 27.6866585]}, "properties": {"external_id": "osm:node/9555819317", "kind": "tourism", "name": "Aryan Khaja Ghar", "name_ne": "", "tags": {"name": "Aryan Khaja Ghar", "tourism": "hotel"}}}, {"type": "Feature", "geometry": {"type": "Point", "coordinates": [86.0244925, 27.6865704]}, "properties": {"external_id": "osm:node/9555819417", "kind": "tourism", "name": "Namaste Hotel & Lodge", "name_ne": "", "tags": {"name": "Namaste Hotel & Lodge", "tourism": "hotel"}}}, {"type": "Feature", "geometry": {"type": "Point", "coordinates": [86.0244728, 27.686253]}, "properties": {"external_id": "osm:node/9555819517", "kind": "tourism", "name": "Sherpa Himalayan Hotel", "name_ne": "", "tags": {"name": "Sherpa Himalayan Hotel", "tourism": "hotel"}}}, {"type": "Feature", "geometry": {"type": "Point", "coordinates": [86.0243347, 27.686644]}, "properties": {"external_id": "osm:node/9555819717", "kind": "tourism", "name": "Namobuddha Hotel & Lodge", "name_ne": "", "tags": {"name": "Namobuddha Hotel & Lodge", "tourism": "hotel"}}}, {"type": "Feature", "geometry": {"type": "Point", "coordinates": [86.0243757, 27.6864924]}, "properties": {"external_id": "osm:node/9555819817", "kind": "tourism", "name": "Kalinchowk Hotel & Lodge", "name_ne": "", "tags": {"name": "Kalinchowk Hotel & Lodge", "tourism": "hotel"}}}, {"type": "Feature", "geometry": {"type": "Point", "coordinates": [86.0313839, 27.7455688]}, "properties": {"external_id": "osm:node/9555819818", "kind": "tourism", "name": "Hotel Fireside", "name_ne": "", "tags": {"name": "Hotel Fireside", "tourism": "hotel"}}}, {"type": "Feature", "geometry": {"type": "Point", "coordinates": [86.0332922, 27.7443544]}, "properties": {"external_id": "osm:node/9555819917", "kind": "tourism", "name": "Miracle View Resort", "name_ne": "", "tags": {"name": "Miracle View Resort", "tourism": "hotel"}}}, {"type": "Feature", "geometry": {"type": "Point", "coordinates": [86.032292, 27.7450716]}, "properties": {"external_id": "osm:node/9555820017", "kind": "tourism", "name": "Granville Resort", "name_ne": "", "tags": {"name": "Granville Resort", "tourism": "hotel"}}}, {"type": "Feature", "geometry": {"type": "Point", "coordinates": [86.0316775, 27.7452432]}, "properties": {"external_id": "osm:node/9555820517", "kind": "tourism", "name": "Hotel Mount View", "name_ne": "", "tags": {"name": "Hotel Mount View", "tourism": "hotel"}}}, {"type": "Feature", "geometry": {"type": "Point", "coordinates": [86.0317296, 27.7463368]}, "properties": {"external_id": "osm:node/9555820518", "kind": "tourism", "name": "Diki Hotel", "name_ne": "", "tags": {"name": "Diki Hotel", "tourism": "hotel"}}}, {"type": "Feature", "geometry": {"type": "Point", "coordinates": [86.0307181, 27.7457732]}, "properties": {"external_id": "osm:node/9555820617", "kind": "tourism", "name": "Tripura Resort", "name_ne": "", "tags": {"name": "Tripura Resort", "tourism": "hotel"}}}, {"type": "Feature", "geometry": {"type": "Point", "coordinates": [86.0321369, 27.745135]}, "properties": {"external_id": "osm:node/9556092617", "kind": "tourism", "name": "Hotel Sajina", "name_ne": "", "tags": {"name": "Hotel Sajina", "tourism": "hotel"}}}, {"type": "Feature", "geometry": {"type": "Point", "coordinates": [86.0315118, 27.7473512]}, "properties": {"external_id": "osm:node/9556093317", "kind": "tourism", "name": "Hotel Mek Kuri Village Pvt Ltd.", "name_ne": "", "tags": {"name": "Hotel Mek Kuri Village Pvt Ltd.", "tourism": "hotel"}}}, {"type": "Feature", "geometry": {"type": "Point", "coordinates": [86.0318116, 27.7476047]}, "properties": {"external_id": "osm:node/9556093318", "kind": "tourism", "name": "Hotel Sunapati", "name_ne": "", "tags": {"name": "Hotel Sunapati", "tourism": "hotel"}}}, {"type": "Feature", "geometry": {"type": "Point", "coordinates": [86.0318627, 27.7484521]}, "properties": {"external_id": "osm:node/9556093418", "kind": "tourism", "name": "Highland Hotel & Lodge", "name_ne": "", "tags": {"name": "Highland Hotel & Lodge", "tourism": "hotel"}}}, {"type": "Feature", "geometry": {"type": "Point", "coordinates": [86.0317764, 27.7476362]}, "properties": {"external_id": "osm:node/9556094317", "kind": "health", "name": "सामुदायिक स्वास्थ्य इकाइ", "name_ne": "सामुदायिक स्वास्थ्य इकाइ", "tags": {"amenity": "clinic", "name": "सामुदायिक स्वास्थ्य इकाइ"}}}, {"type": "Feature", "geometry": {"type": "Point", "coordinates": [86.0314951, 27.7475913]}, "properties": {"external_id": "osm:node/9556094318", "kind": "tourism", "name": "Hotel Shangri-la & Guest House", "name_ne": "", "tags": {"name": "Hotel Shangri-la & Guest House", "tourism": "hotel"}}}, {"type": "Feature", "geometry": {"type": "Point", "coordinates": [86.0316595, 27.7485055]}, "properties": {"external_id": "osm:node/9556094417", "kind": "tourism", "name": "Hotel Tashidile", "name_ne": "", "tags": {"name": "Hotel Tashidile", "tourism": "hotel"}}}, {"type": "Feature", "geometry": {"type": "Point", "coordinates": [86.0316525, 27.7480332]}, "properties": {"external_id": "osm:node/9557169617", "kind": "tourism", "name": "Hotel in Kalinchowk Guest House", "name_ne": "", "tags": {"name": "Hotel in Kalinchowk Guest House", "tourism": "hostel"}}}, {"type": "Feature", "geometry": {"type": "Point", "coordinates": [86.031866, 27.7470369]}, "properties": {"external_id": "osm:node/9557169717", "kind": "tourism", "name": "Hotel Golden Stupa", "name_ne": "", "tags": {"name": "Hotel Golden Stupa", "tourism": "hotel"}}}, {"type": "Feature", "geometry": {"type": "Point", "coordinates": [86.0188753, 27.7207937]}, "properties": {"external_id": "osm:node/9557169817", "kind": "tourism", "name": "Gauri Hotel & Khaja Ghar", "name_ne": "", "tags": {"name": "Gauri Hotel & Khaja Ghar", "tourism": "hotel"}}}, {"type": "Feature", "geometry": {"type": "Point", "coordinates": [86.0260891, 27.6860782]}, "properties": {"external_id": "osm:node/9557169818", "kind": "tourism", "name": "Suspa Deurali Organic Resort", "name_ne": "", "tags": {"name": "Suspa Deurali Organic Resort", "tourism": "hotel"}}}, {"type": "Feature", "geometry": {"type": "Point", "coordinates": [86.0435249, 27.668083]}, "properties": {"external_id": "osm:node/9557176818", "kind": "tourism", "name": "Thakali Bhanchaghar & Lodge", "name_ne": "", "tags": {"name": "Thakali Bhanchaghar & Lodge", "tourism": "hotel"}}}, {"type": "Feature", "geometry": {"type": "Point", "coordinates": [86.047534, 27.6637752]}, "properties": {"external_id": "osm:node/9557176918", "kind": "health", "name": "Hamro Gauri Shankar Poly Clinic", "name_ne": "", "tags": {"amenity": "clinic", "name": "Hamro Gauri Shankar Poly Clinic"}}}, {"type": "Feature", "geometry": {"type": "Point", "coordinates": [86.0464213, 27.665462]}, "properties": {"external_id": "osm:node/9557176919", "kind": "tourism", "name": "Hotel Subhakamana", "name_ne": "", "tags": {"name": "Hotel Subhakamana", "tourism": "hotel"}}}, {"type": "Feature", "geometry": {"type": "Point", "coordinates": [86.0360137, 27.6708835]}, "properties": {"external_id": "osm:node/9557177117", "kind": "tourism", "name": "Chandeshowri Bhojanalaya", "name_ne": "", "tags": {"name": "Chandeshowri Bhojanalaya", "tourism": "hotel"}}}, {"type": "Feature", "geometry": {"type": "Point", "coordinates": [86.4462277, 27.4734649]}, "properties": {"external_id": "osm:node/9585290917", "kind": "tourism", "name": "Bhulbule Lodge", "name_ne": "", "tags": {"name:en": "Bhulbule Lodge", "tourism": "hotel"}}}, {"type": "Feature", "geometry": {"type": "Point", "coordinates": [86.4390095, 27.4903077]}, "properties": {"external_id": "osm:node/9585290918", "kind": "tourism", "name": "Lhamuje Lodge", "name_ne": "", "tags": {"name:en": "Lhamuje Lodge", "tourism": "guest_house"}}}, {"type": "Feature", "geometry": {"type": "Point", "coordinates": [86.4755023, 27.4421317]}, "properties": {"external_id": "osm:node/9585403217", "kind": "tourism", "name": "Himalayan Lama Hotel", "name_ne": "", "tags": {"name:en": "Himalayan Lama Hotel", "tourism": "hotel"}}}, {"type": "Feature", "geometry": {"type": "Point", "coordinates": [86.6115623, 27.6186842]}, "properties": {"external_id": "osm:node/9608322417", "kind": "settlement", "name": "Bhedigoth", "name_ne": "", "tags": {"name:en": "Bhedigoth", "place": "locality"}}}, {"type": "Feature", "geometry": {"type": "Point", "coordinates": [86.6112005, 27.6207631]}, "properties": {"external_id": "osm:node/9608324017", "kind": "settlement", "name": "Sarkaripati", "name_ne": "", "tags": {"name:en": "Sarkaripati", "place": "locality"}}}, {"type": "Feature", "geometry": {"type": "Point", "coordinates": [86.6262365, 27.9195938]}, "properties": {"external_id": "osm:node/9679946617", "kind": "tourism", "name": "Arya guesthouse", "name_ne": "", "tags": {"name:en": "Arya guesthouse", "tourism": "guest_house"}}}, {"type": "Feature", "geometry": {"type": "Point", "coordinates": [86.0483262, 27.6669151]}, "properties": {"external_id": "osm:node/9782714633", "kind": "school", "name": "Tripura Glorious Academy", "name_ne": "", "tags": {"amenity": "school", "name": "Tripura Glorious Academy"}}}, {"type": "Feature", "geometry": {"type": "Point", "coordinates": [86.0429, 27.6672]}, "properties": {"external_id": "osm:node/9782714634", "kind": "school", "name": "The Rising Star English Boarding School", "name_ne": "", "tags": {"amenity": "school", "name": "The Rising Star English Boarding School"}}}, {"type": "Feature", "geometry": {"type": "Point", "coordinates": [86.0464, 27.6618]}, "properties": {"external_id": "osm:node/9782714635", "kind": "school", "name": "Mount Valley English Boarding School", "name_ne": "", "tags": {"amenity": "school", "name": "Mount Valley English Boarding School"}}}, {"type": "Feature", "geometry": {"type": "Point", "coordinates": [86.0463543, 27.6692251]}, "properties": {"external_id": "osm:node/9782714636", "kind": "school", "name": "Modern Nepal School", "name_ne": "", "tags": {"amenity": "school", "name": "Modern Nepal School"}}}, {"type": "Feature", "geometry": {"type": "Point", "coordinates": [86.046, 27.6675]}, "properties": {"external_id": "osm:node/9782714637", "kind": "school", "name": "Kalinchowk English Boarding School", "name_ne": "", "tags": {"amenity": "school", "name": "Kalinchowk English Boarding School"}}}, {"type": "Feature", "geometry": {"type": "Point", "coordinates": [86.0467, 27.6631]}, "properties": {"external_id": "osm:node/9782714638", "kind": "school", "name": "Himalayan Crown English Boarding School", "name_ne": "", "tags": {"amenity": "school", "name": "Himalayan Crown English Boarding School"}}}, {"type": "Feature", "geometry": {"type": "Point", "coordinates": [86.0486, 27.6658]}, "properties": {"external_id": "osm:node/9782714639", "kind": "school", "name": "Garurishankar English Boarding School", "name_ne": "", "tags": {"amenity": "school", "name": "Garurishankar English Boarding School"}}}, {"type": "Feature", "geometry": {"type": "Point", "coordinates": [86.0426403, 27.6687567]}, "properties": {"external_id": "osm:node/9782714640", "kind": "school", "name": "Cho Rolpa Nursing College", "name_ne": "", "tags": {"amenity": "school", "name": "Cho Rolpa Nursing College"}}}, {"type": "Feature", "geometry": {"type": "Point", "coordinates": [86.0480242, 27.665035]}, "properties": {"external_id": "osm:node/9782714641", "kind": "school", "name": "Bal Udhyan Academy", "name_ne": "", "tags": {"amenity": "school", "name": "Bal Udhyan Academy"}}}, {"type": "Feature", "geometry": {"type": "Point", "coordinates": [86.0497, 27.6597]}, "properties": {"external_id": "osm:node/9782714642", "kind": "school", "name": "Apex English Boarding School", "name_ne": "", "tags": {"amenity": "school", "name": "Apex English Boarding School"}}}, {"type": "Feature", "geometry": {"type": "Point", "coordinates": [86.0449, 27.6685]}, "properties": {"external_id": "osm:node/9782714643", "kind": "school", "name": "Alpine English Boarding School", "name_ne": "", "tags": {"amenity": "school", "name": "Alpine English Boarding School"}}}, {"type": "Feature", "geometry": {"type": "Point", "coordinates": [86.060483, 27.636771]}, "properties": {"external_id": "osm:node/9782714644", "kind": "school", "name": "Akura English Boarding School", "name_ne": "", "tags": {"amenity": "school", "name": "Akura English Boarding School"}}}, {"type": "Feature", "geometry": {"type": "Point", "coordinates": [86.047459, 27.6643429]}, "properties": {"external_id": "osm:node/9782761001", "kind": "health", "name": "Tsho Rolpa Hospital", "name_ne": "", "tags": {"amenity": "hospital", "name": "Tsho Rolpa Hospital"}}}, {"type": "Feature", "geometry": {"type": "Point", "coordinates": [86.046197, 27.6658833]}, "properties": {"external_id": "osm:node/9782761002", "kind": "health", "name": "Dolakha Samudayik Hospital", "name_ne": "", "tags": {"amenity": "hospital", "name": "Dolakha Samudayik Hospital"}}}, {"type": "Feature", "geometry": {"type": "Point", "coordinates": [86.073334, 27.688239]}, "properties": {"external_id": "osm:node/9782761003", "kind": "health", "name": "Rampa City Health Center", "name_ne": "", "tags": {"amenity": "clinic", "name": "Rampa City Health Center"}}}, {"type": "Feature", "geometry": {"type": "Point", "coordinates": [86.012095, 27.663708]}, "properties": {"external_id": "osm:node/9782761004", "kind": "health", "name": "Kupri City Health Center", "name_ne": "", "tags": {"amenity": "clinic", "name": "Kupri City Health Center"}}}, {"type": "Feature", "geometry": {"type": "Point", "coordinates": [86.084443, 27.674692]}, "properties": {"external_id": "osm:node/9782761005", "kind": "health", "name": "Fulapa Dildhunga City Health Center", "name_ne": "", "tags": {"amenity": "clinic", "name": "Fulapa Dildhunga City Health Center"}}}, {"type": "Feature", "geometry": {"type": "Point", "coordinates": [86.049398, 27.6716126]}, "properties": {"external_id": "osm:node/9782761010", "kind": "health", "name": "Charikot Hospital", "name_ne": "", "tags": {"amenity": "hospital", "name": "Charikot Hospital"}}}, {"type": "Feature", "geometry": {"type": "Point", "coordinates": [86.058588, 27.70193]}, "properties": {"external_id": "osm:node/9782761011", "kind": "health", "name": "Suspa Chemawati Health Post", "name_ne": "", "tags": {"amenity": "clinic", "name": "Suspa Chemawati Health Post"}}}, {"type": "Feature", "geometry": {"type": "Point", "coordinates": [86.045036, 27.640368]}, "properties": {"external_id": "osm:node/9782761012", "kind": "health", "name": "Mati Swastha Post", "name_ne": "", "tags": {"amenity": "clinic", "name": "Mati Swastha Post"}}}, {"type": "Feature", "geometry": {"type": "Point", "coordinates": [86.014314, 27.672787]}, "properties": {"external_id": "osm:node/9782761013", "kind": "health", "name": "Makaibari Health Post", "name_ne": "", "tags": {"amenity": "clinic", "name": "Makaibari Health Post"}}}, {"type": "Feature", "geometry": {"type": "Point", "coordinates": [85.9687, 27.6735]}, "properties": {"external_id": "osm:node/9782761014", "kind": "health", "name": "Lakuridanda Health Post", "name_ne": "", "tags": {"amenity": "clinic", "name": "Lakuridanda Health Post"}}}, {"type": "Feature", "geometry": {"type": "Point", "coordinates": [85.9798361, 27.6886682]}, "properties": {"external_id": "osm:node/9782761015", "kind": "health", "name": "Bocha Health Post", "name_ne": "", "tags": {"amenity": "clinic", "name": "Bocha Health Post"}}}, {"type": "Feature", "geometry": {"type": "Point", "coordinates": [86.071777, 27.65453]}, "properties": {"external_id": "osm:node/9782761016", "kind": "health", "name": "Adharbhut Health Center", "name_ne": "", "tags": {"amenity": "clinic", "name": "Adharbhut Health Center"}}}, {"type": "Feature", "geometry": {"type": "Point", "coordinates": [86.035667, 27.648967]}, "properties": {"external_id": "osm:node/9782763917", "kind": "health", "name": "Saunepani City Health Center", "name_ne": "", "tags": {"amenity": "clinic", "name": "Saunepani City Health Center"}}}, {"type": "Feature", "geometry": {"type": "Point", "coordinates": [86.065237, 27.628132]}, "properties": {"external_id": "osm:node/9782763918", "kind": "health", "name": "Kiratichap City Health Center", "name_ne": "", "tags": {"amenity": "clinic", "name": "Kiratichap City Health Center"}}}, {"type": "Feature", "geometry": {"type": "Point", "coordinates": [86.092987, 27.673899]}, "properties": {"external_id": "osm:node/9782763919", "kind": "health", "name": "Gaughar Clinic", "name_ne": "", "tags": {"amenity": "clinic", "name": "Gaughar Clinic"}}}, {"type": "Feature", "geometry": {"type": "Point", "coordinates": [86.065012, 27.628289]}, "properties": {"external_id": "osm:node/9782763920", "kind": "health", "name": "Ayurvedic Gaughar Clinic", "name_ne": "", "tags": {"amenity": "clinic", "name": "Ayurvedic Gaughar Clinic"}}}, {"type": "Feature", "geometry": {"type": "Point", "coordinates": [86.1013343, 27.7439337]}, "properties": {"external_id": "osm:node/9794203113", "kind": "school", "name": "Balambu Basic School", "name_ne": "", "tags": {"amenity": "school", "name": "Balambu Basic School"}}}, {"type": "Feature", "geometry": {"type": "Point", "coordinates": [86.2956372, 27.6090657]}, "properties": {"external_id": "osm:node/9794204709", "kind": "school", "name": "Shree Shiva Basic School", "name_ne": "", "tags": {"amenity": "school", "name": "Shree Shiva Basic School"}}}, {"type": "Feature", "geometry": {"type": "Point", "coordinates": [86.2651138, 27.5959911]}, "properties": {"external_id": "osm:node/9794204710", "kind": "school", "name": "Shree Generation English Boarding School", "name_ne": "", "tags": {"amenity": "school", "name": "Shree Generation English Boarding School"}}}, {"type": "Feature", "geometry": {"type": "Point", "coordinates": [86.1240985, 27.7048808]}, "properties": {"external_id": "osm:node/9794225855", "kind": "school", "name": "Janatabasicschool", "name_ne": "", "tags": {"amenity": "school", "name": "Janatabasicschool"}}}, {"type": "Feature", "geometry": {"type": "Point", "coordinates": [86.0276286, 27.5861134]}, "properties": {"external_id": "osm:node/9794232369", "kind": "school", "name": "Enlightenmate Bording School", "name_ne": "", "tags": {"amenity": "school", "name": "Enlightenmate Bording School"}}}, {"type": "Feature", "geometry": {"type": "Point", "coordinates": [86.0341933, 27.6107091]}, "properties": {"external_id": "osm:node/9794232370", "kind": "school", "name": "Shree Kalika Higer Secondary Sechool", "name_ne": "", "tags": {"amenity": "school", "name": "Shree Kalika Higer Secondary Sechool"}}}, {"type": "Feature", "geometry": {"type": "Point", "coordinates": [85.9931979, 27.568241]}, "properties": {"external_id": "osm:node/9794232372", "kind": "school", "name": "Shree Mahedeb Prabi", "name_ne": "", "tags": {"amenity": "school", "name": "Shree Mahedeb Prabi"}}}, {"type": "Feature", "geometry": {"type": "Point", "coordinates": [85.9637222, 27.6438989]}, "properties": {"external_id": "osm:node/9794232375", "kind": "school", "name": "Peace Start Boarding School", "name_ne": "", "tags": {"amenity": "school", "name": "Peace Start Boarding School"}}}, {"type": "Feature", "geometry": {"type": "Point", "coordinates": [86.5471238, 27.581776]}, "properties": {"external_id": "osm:node/9861542017", "kind": "tourism", "name": "Hotel Kunsal", "name_ne": "", "tags": {"name:en": "Hotel Kunsal", "tourism": "guest_house"}}}, {"type": "Feature", "geometry": {"type": "Point", "coordinates": [86.5971088, 27.51499]}, "properties": {"external_id": "osm:node/10219947817", "kind": "tourism", "name": "Garikhasa", "name_ne": "", "tags": {"name:en": "Garikhasa", "tourism": "guest_house"}}}, {"type": "Feature", "geometry": {"type": "Point", "coordinates": [86.0466385, 27.3785742]}, "properties": {"external_id": "osm:node/10237594109", "kind": "tourism", "name": "Hotel Facebook", "name_ne": "", "tags": {"name:en": "Hotel Facebook", "tourism": "hotel"}}}, {"type": "Feature", "geometry": {"type": "Point", "coordinates": [86.379388, 27.5550685]}, "properties": {"external_id": "osm:node/10239394409", "kind": "tourism", "name": "Paris Hotel and Lodge", "name_ne": "", "tags": {"name:en": "Paris Hotel and Lodge", "tourism": "guest_house"}}}, {"type": "Feature", "geometry": {"type": "Point", "coordinates": [86.3927581, 27.5308521]}, "properties": {"external_id": "osm:node/10241856309", "kind": "school", "name": "Goli Aa. Vi", "name_ne": "", "tags": {"amenity": "school", "name:en": "Goli Aa. Vi"}}}, {"type": "Feature", "geometry": {"type": "Point", "coordinates": [86.4761304, 27.4416495]}, "properties": {"external_id": "osm:node/10566671110", "kind": "settlement", "name": "Jhapre", "name_ne": "", "tags": {"name:en": "Jhapre", "place": "hamlet"}}}, {"type": "Feature", "geometry": {"type": "Point", "coordinates": [86.5350573, 27.3875381]}, "properties": {"external_id": "osm:node/10566671111", "kind": "settlement", "name": "Dhap", "name_ne": "", "tags": {"name:en": "Dhap", "place": "hamlet"}}}, {"type": "Feature", "geometry": {"type": "Point", "coordinates": [86.4765631, 27.4419248]}, "properties": {"external_id": "osm:node/10566672609", "kind": "tourism", "name": "Panorama View Hotel", "name_ne": "", "tags": {"name:en": "Panorama View Hotel", "tourism": "guest_house"}}}, {"type": "Feature", "geometry": {"type": "Point", "coordinates": [85.9819722, 27.3524839]}, "properties": {"external_id": "osm:node/10858214718", "kind": "tourism", "name": "Beni", "name_ne": "", "tags": {"name:en": "Beni", "tourism": "camp_site"}}}, {"type": "Feature", "geometry": {"type": "Point", "coordinates": [86.2819064, 27.6027608]}, "properties": {"external_id": "osm:node/10898553376", "kind": "settlement", "name": "Ekamphedi", "name_ne": "एकाम्फेदी", "tags": {"name": "एकाम्फेदी", "name:en": "Ekamphedi", "name:ne": "एकाम्फेदी", "place": "hamlet"}}}, {"type": "Feature", "geometry": {"type": "Point", "coordinates": [86.4952598, 27.4416814]}, "properties": {"external_id": "osm:node/10902384751", "kind": "school", "name": "Khamding Lower Secondary School", "name_ne": "", "tags": {"amenity": "school", "name:en": "Khamding Lower Secondary School"}}}, {"type": "Feature", "geometry": {"type": "Point", "coordinates": [86.5013804, 27.4473923]}, "properties": {"external_id": "osm:node/10902386935", "kind": "health", "name": "Wongchhu Memorial Hospital", "name_ne": "", "tags": {"amenity": "hospital", "name:en": "Wongchhu Memorial Hospital"}}}, {"type": "Feature", "geometry": {"type": "Point", "coordinates": [86.544098, 27.5367888]}, "properties": {"external_id": "osm:node/10915473305", "kind": "school", "name": "Loading School", "name_ne": "", "tags": {"amenity": "school", "name:en": "Loading School"}}}, {"type": "Feature", "geometry": {"type": "Point", "coordinates": [86.5722591, 27.4720003]}, "properties": {"external_id": "osm:node/10915631105", "kind": "health", "name": "Solu Community Hospital", "name_ne": "", "tags": {"amenity": "hospital", "name:en": "Solu Community Hospital"}}}, {"type": "Feature", "geometry": {"type": "Point", "coordinates": [86.5720253, 27.4719263]}, "properties": {"external_id": "osm:node/10915641005", "kind": "health", "name": "Solu Community Hospital", "name_ne": "", "tags": {"amenity": "hospital", "name:en": "Solu Community Hospital"}}}, {"type": "Feature", "geometry": {"type": "Point", "coordinates": [86.2583097, 27.8878572]}, "properties": {"external_id": "osm:node/11342719569", "kind": "tourism", "name": "Surmuche Hotel", "name_ne": "", "tags": {"name:en": "Surmuche Hotel", "tourism": "hotel"}}}, {"type": "Feature", "geometry": {"type": "Point", "coordinates": [86.3266575, 27.9034087]}, "properties": {"external_id": "osm:node/11360233151", "kind": "settlement", "name": "Thangdinam", "name_ne": "", "tags": {"name": "Thangdinam", "place": "isolated_dwelling"}}}, {"type": "Feature", "geometry": {"type": "Point", "coordinates": [86.5104816, 27.5755765]}, "properties": {"external_id": "osm:node/11804683769", "kind": "tourism", "name": "Green View Hotel and Restaurant", "name_ne": "", "tags": {"name:en": "Green View Hotel and Restaurant", "tourism": "guest_house"}}}, {"type": "Feature", "geometry": {"type": "Point", "coordinates": [86.121135, 27.3816408]}, "properties": {"external_id": "osm:node/11835786458", "kind": "school", "name": "", "name_ne": "", "tags": {"amenity": "school"}}}, {"type": "Feature", "geometry": {"type": "Point", "coordinates": [86.1209208, 27.3816244]}, "properties": {"external_id": "osm:node/11836390903", "kind": "school", "name": "", "name_ne": "", "tags": {"amenity": "school"}}}, {"type": "Feature", "geometry": {"type": "Point", "coordinates": [86.6486889, 27.8312726]}, "properties": {"external_id": "osm:node/11949617771", "kind": "tourism", "name": "Thame Tara Lodge", "name_ne": "", "tags": {"name:en": "Thame Tara Lodge", "tourism": "guest_house"}}}, {"type": "Feature", "geometry": {"type": "Point", "coordinates": [86.1979875, 27.3862079]}, "properties": {"external_id": "osm:node/11990536471", "kind": "health", "name": "Gothgau Swastha Chauki", "name_ne": "", "tags": {"amenity": "clinic", "name": "Gothgau Swastha Chauki", "operator": "government"}}}, {"type": "Feature", "geometry": {"type": "Point", "coordinates": [86.2143785, 27.3532583]}, "properties": {"external_id": "osm:node/11990539006", "kind": "health", "name": "Sangutar BHCC", "name_ne": "", "tags": {"amenity": "clinic", "name": "Sangutar BHCC", "operator": "government"}}}, {"type": "Feature", "geometry": {"type": "Point", "coordinates": [86.2154245, 27.3504376]}, "properties": {"external_id": "osm:node/11990541677", "kind": "school", "name": "Himganga Secondary School", "name_ne": "", "tags": {"amenity": "school", "name": "Himganga Secondary School", "operator": "government"}}}, {"type": "Feature", "geometry": {"type": "Point", "coordinates": [86.0297057, 27.6752503]}, "properties": {"external_id": "osm:node/12020239471", "kind": "settlement", "name": "", "name_ne": "", "tags": {"place": "hamlet"}}}, {"type": "Feature", "geometry": {"type": "Point", "coordinates": [86.08518, 27.8282215]}, "properties": {"external_id": "osm:node/12123621302", "kind": "settlement", "name": "Gaira Ghar", "name_ne": "गैरा घर", "tags": {"name": "गैरा घर", "name:en": "Gaira Ghar", "name:ne": "गैरा घर", "place": "hamlet"}}}, {"type": "Feature", "geometry": {"type": "Point", "coordinates": [86.0829005, 27.8251642]}, "properties": {"external_id": "osm:node/12123621303", "kind": "settlement", "name": "Syarbari", "name_ne": "स्यारबारी", "tags": {"name": "स्यारबारी", "name:en": "Syarbari", "name:ne": "स्यारबारी", "place": "hamlet"}}}, {"type": "Feature", "geometry": {"type": "Point", "coordinates": [86.0788766, 27.8270177]}, "properties": {"external_id": "osm:node/12123621304", "kind": "settlement", "name": "Vhede", "name_ne": "भेडे", "tags": {"name": "भेडे", "name:en": "Vhede", "name:ne": "भेडे", "place": "hamlet"}}}, {"type": "Feature", "geometry": {"type": "Point", "coordinates": [86.0770006, 27.8297171]}, "properties": {"external_id": "osm:node/12123621305", "kind": "settlement", "name": "Chapsing", "name_ne": "चाप्सिङ", "tags": {"name": "चाप्सिङ", "name:en": "Chapsing", "name:ne": "चाप्सिङ", "place": "hamlet"}}}, {"type": "Feature", "geometry": {"type": "Point", "coordinates": [86.0857421, 27.8251696]}, "properties": {"external_id": "osm:node/12123661852", "kind": "settlement", "name": "Falam Danda", "name_ne": "फालम डाँडा", "tags": {"name": "फालम डाँडा", "name:en": "Falam Danda", "name:ne": "फालम डाँडा", "place": "hamlet"}}}, {"type": "Feature", "geometry": {"type": "Point", "coordinates": [86.047549, 27.7593886]}, "properties": {"external_id": "osm:node/12138725586", "kind": "settlement", "name": "Kalinchok", "name_ne": "कालिन्चोक", "tags": {"name": "कालिन्चोक", "name:en": "Kalinchok", "name:ne": "कालिन्चोक", "place": "hamlet"}}}, {"type": "Feature", "geometry": {"type": "Point", "coordinates": [86.0956337, 27.8280945]}, "properties": {"external_id": "osm:node/12139961866", "kind": "settlement", "name": "Amanthali Bazar", "name_ne": "", "tags": {"name": "Amanthali Bazar", "place": "locality"}}}, {"type": "Feature", "geometry": {"type": "Point", "coordinates": [86.6155769, 27.9356661]}, "properties": {"external_id": "osm:node/12206592041", "kind": "settlement", "name": "Hāuche", "name_ne": "", "tags": {"name": "Hāuche", "place": "hamlet"}}}, {"type": "Feature", "geometry": {"type": "Point", "coordinates": [86.6170429, 27.9375026]}, "properties": {"external_id": "osm:node/12206592042", "kind": "settlement", "name": "Thokchambo", "name_ne": "", "tags": {"name": "Thokchambo", "place": "hamlet"}}}, {"type": "Feature", "geometry": {"type": "Point", "coordinates": [86.6069604, 27.9423181]}, "properties": {"external_id": "osm:node/12206592043", "kind": "settlement", "name": "Chulung Marsang", "name_ne": "", "tags": {"name": "Chuluṅ Marsāṅ", "name:en": "Chulung Marsang", "place": "hamlet"}}}, {"type": "Feature", "geometry": {"type": "Point", "coordinates": [86.6322628, 27.9027271]}, "properties": {"external_id": "osm:node/12206592044", "kind": "settlement", "name": "Gomo", "name_ne": "", "tags": {"name": "Gomo", "place": "hamlet"}}}, {"type": "Feature", "geometry": {"type": "Point", "coordinates": [86.3833881, 27.6128869]}, "properties": {"external_id": "osm:node/12314197401", "kind": "tourism", "name": "", "name_ne": "", "tags": {"tourism": "camp_site"}}}, {"type": "Feature", "geometry": {"type": "Point", "coordinates": [86.4515792, 27.5465665]}, "properties": {"external_id": "osm:node/12670144135", "kind": "tourism", "name": "Numbur View Hotel & Lodge", "name_ne": "", "tags": {"name": "Numbur View Hotel & Lodge", "tourism": "guest_house"}}}, {"type": "Feature", "geometry": {"type": "Point", "coordinates": [86.0522995, 27.6567466]}, "properties": {"external_id": "osm:node/12688119502", "kind": "tourism", "name": "Charikot  Panorama resort", "name_ne": "", "tags": {"name": "Charikot  Panorama resort", "tourism": "hotel"}}}, {"type": "Feature", "geometry": {"type": "Point", "coordinates": [86.0415452, 27.457016]}, "properties": {"external_id": "osm:node/12704520508", "kind": "settlement", "name": "", "name_ne": "", "tags": {"place": "hamlet"}}}, {"type": "Feature", "geometry": {"type": "Point", "coordinates": [86.1031083, 27.8191111]}, "properties": {"external_id": "osm:node/12717458741", "kind": "health", "name": "Health Center Propel / Brepal", "name_ne": "", "tags": {"amenity": "hospital", "name": "Health Center Propel / Brepal", "operator": "Brepal e.V."}}}, {"type": "Feature", "geometry": {"type": "Point", "coordinates": [86.5863557, 27.5139529]}, "properties": {"external_id": "osm:node/12736838300", "kind": "tourism", "name": "Hotel peaceful", "name_ne": "", "tags": {"name": "Hotel peaceful", "tourism": "hotel"}}}, {"type": "Feature", "geometry": {"type": "Point", "coordinates": [86.569334, 27.4993475]}, "properties": {"external_id": "osm:node/12783493037", "kind": "settlement", "name": "", "name_ne": "", "tags": {"place": "hamlet"}}}, {"type": "Feature", "geometry": {"type": "Point", "coordinates": [86.2512898, 28.0125883]}, "properties": {"external_id": "osm:node/12985990910", "kind": "settlement", "name": "学扎", "name_ne": "", "tags": {"name": "学扎", "place": "isolated_dwelling"}}}, {"type": "Feature", "geometry": {"type": "Point", "coordinates": [86.4257935, 27.3569583]}, "properties": {"external_id": "osm:node/13127309213", "kind": "settlement", "name": "Molung", "name_ne": "मोलुङ", "tags": {"name": "मोलुङ", "name:en": "Molung", "name:ne": "मोलुङ", "place": "village"}}}, {"type": "Feature", "geometry": {"type": "Point", "coordinates": [86.2372491, 27.3794616]}, "properties": {"external_id": "osm:node/13127309216", "kind": "settlement", "name": "Likhu", "name_ne": "लिखु", "tags": {"name": "लिखु", "name:en": "Likhu", "name:ne": "लिखु", "place": "village"}}}, {"type": "Feature", "geometry": {"type": "Point", "coordinates": [86.3389954, 27.4338241]}, "properties": {"external_id": "osm:node/13127309217", "kind": "settlement", "name": "Khijidemba", "name_ne": "खिजिदेम्बा", "tags": {"name": "खिजिदेम्बा", "name:en": "Khijidemba", "name:ne": "खिजिदेम्बा", "place": "village"}}}, {"type": "Feature", "geometry": {"type": "Point", "coordinates": [86.3796917, 27.5560002]}, "properties": {"external_id": "osm:node/13152168053", "kind": "settlement", "name": "Likhupike", "name_ne": "लिखु पिके", "tags": {"name": "लिखु पिके", "name:en": "Likhupike", "name:ne": "लिखु पिके", "place": "village"}}}, {"type": "Feature", "geometry": {"type": "Point", "coordinates": [86.6400039, 27.3543206]}, "properties": {"external_id": "osm:node/13152168054", "kind": "settlement", "name": "Nechasalyan", "name_ne": "नेचासल्यान", "tags": {"name": "नेचासल्यान", "name:en": "Nechasalyan", "name:ne": "नेचासल्यान", "place": "village"}}}, {"type": "Feature", "geometry": {"type": "Point", "coordinates": [85.9507776, 27.9415901]}, "properties": {"external_id": "osm:node/13184327804", "kind": "settlement", "name": "柯尔卡利", "name_ne": "", "tags": {"name": "柯尔卡利", "place": "locality"}}}, {"type": "Feature", "geometry": {"type": "Point", "coordinates": [85.9743674, 27.9423303]}, "properties": {"external_id": "osm:node/13184327805", "kind": "settlement", "name": "Xoibogang", "name_ne": "", "tags": {"name": "雪布岗社区", "name:en": "Xoibogang", "place": "village"}}}, {"type": "Feature", "geometry": {"type": "Point", "coordinates": [85.978283, 27.9774003]}, "properties": {"external_id": "osm:node/13184327807", "kind": "settlement", "name": "达来玛", "name_ne": "", "tags": {"name": "达来玛", "place": "locality"}}}, {"type": "Feature", "geometry": {"type": "Point", "coordinates": [85.9834936, 27.978836]}, "properties": {"external_id": "osm:node/13184359739", "kind": "settlement", "name": "卡日给嘎", "name_ne": "", "tags": {"name": "卡日给嘎", "place": "locality"}}}, {"type": "Feature", "geometry": {"type": "Point", "coordinates": [86.003067, 27.9563183]}, "properties": {"external_id": "osm:node/13184359741", "kind": "settlement", "name": "仁庆岗", "name_ne": "", "tags": {"name": "仁庆岗", "place": "locality"}}}, {"type": "Feature", "geometry": {"type": "Point", "coordinates": [86.0122087, 27.9618902]}, "properties": {"external_id": "osm:node/13184359742", "kind": "settlement", "name": "扎西德玛", "name_ne": "", "tags": {"name": "扎西德玛", "place": "locality"}}}, {"type": "Feature", "geometry": {"type": "Point", "coordinates": [86.0306701, 27.9628467]}, "properties": {"external_id": "osm:node/13184359743", "kind": "settlement", "name": "纽生玛", "name_ne": "", "tags": {"name": "纽生玛", "place": "locality"}}}, {"type": "Feature", "geometry": {"type": "Point", "coordinates": [86.0418566, 27.9177979]}, "properties": {"external_id": "osm:node/13184359744", "kind": "settlement", "name": "桑错", "name_ne": "", "tags": {"name": "桑错", "place": "locality"}}}, {"type": "Feature", "geometry": {"type": "Point", "coordinates": [86.0597654, 27.9314512]}, "properties": {"external_id": "osm:node/13184359746", "kind": "settlement", "name": "普玛布", "name_ne": "", "tags": {"name": "普玛布", "place": "locality"}}}, {"type": "Feature", "geometry": {"type": "Point", "coordinates": [86.0364741, 27.9346747]}, "properties": {"external_id": "osm:node/13185230998", "kind": "settlement", "name": "仁滇", "name_ne": "", "tags": {"name": "仁滇", "place": "locality"}}}, {"type": "Feature", "geometry": {"type": "Point", "coordinates": [86.2865865, 28.0132047]}, "properties": {"external_id": "osm:node/13185261152", "kind": "settlement", "name": "曲么滚穷", "name_ne": "", "tags": {"name": "曲么滚穷", "place": "locality"}}}, {"type": "Feature", "geometry": {"type": "Point", "coordinates": [86.2981179, 27.9948202]}, "properties": {"external_id": "osm:node/13185261153", "kind": "settlement", "name": "曲么滚琼", "name_ne": "", "tags": {"name": "曲么滚琼", "place": "locality"}}}, {"type": "Feature", "geometry": {"type": "Point", "coordinates": [86.3062859, 28.0444596]}, "properties": {"external_id": "osm:node/13185261154", "kind": "settlement", "name": "俄末穷", "name_ne": "", "tags": {"name": "俄末穷", "place": "locality"}}}, {"type": "Feature", "geometry": {"type": "Point", "coordinates": [86.3221172, 28.0426996]}, "properties": {"external_id": "osm:node/13185261155", "kind": "settlement", "name": "曲嘎", "name_ne": "", "tags": {"name": "曲嘎", "place": "locality"}}}, {"type": "Feature", "geometry": {"type": "Point", "coordinates": [86.3185636, 28.0480441]}, "properties": {"external_id": "osm:node/13185261156", "kind": "settlement", "name": "恰色", "name_ne": "", "tags": {"name": "恰色", "place": "locality"}}}, {"type": "Feature", "geometry": {"type": "Point", "coordinates": [86.3772812, 27.9757477]}, "properties": {"external_id": "osm:node/13185281415", "kind": "settlement", "name": "雅洛姐沙", "name_ne": "", "tags": {"name": "雅洛姐沙", "place": "locality"}}}, {"type": "Feature", "geometry": {"type": "Point", "coordinates": [86.3950796, 27.9935951]}, "properties": {"external_id": "osm:node/13185281416", "kind": "settlement", "name": "雄觉巴", "name_ne": "", "tags": {"name": "雄觉巴", "place": "locality"}}}, {"type": "Feature", "geometry": {"type": "Point", "coordinates": [86.4417497, 28.0337528]}, "properties": {"external_id": "osm:node/13185281418", "kind": "settlement", "name": "折布当", "name_ne": "", "tags": {"name": "折布当", "place": "locality"}}}, {"type": "Feature", "geometry": {"type": "Point", "coordinates": [86.2397622, 27.9759083]}, "properties": {"external_id": "osm:node/13197254780", "kind": "settlement", "name": "聂鲁桥", "name_ne": "", "tags": {"name": "聂鲁桥", "place": "locality"}}}, {"type": "Feature", "geometry": {"type": "Point", "coordinates": [86.3538275, 27.5733691]}, "properties": {"external_id": "osm:node/13228785401", "kind": "tourism", "name": "Bandar Guest House & Hotel", "name_ne": "", "tags": {"name": "Bandar Guest House & Hotel", "tourism": "guest_house"}}}, {"type": "Feature", "geometry": {"type": "Point", "coordinates": [86.3782202, 27.5703657]}, "properties": {"external_id": "osm:node/13229950302", "kind": "tourism", "name": "", "name_ne": "", "tags": {"tourism": "guest_house"}}}, {"type": "Feature", "geometry": {"type": "Point", "coordinates": [86.3840116, 27.5641487]}, "properties": {"external_id": "osm:node/13229950401", "kind": "tourism", "name": "Sherpa hotel & Lodge", "name_ne": "", "tags": {"name": "Sherpa hotel & Lodge", "tourism": "guest_house"}}}, {"type": "Feature", "geometry": {"type": "Point", "coordinates": [86.3931285, 27.5558541]}, "properties": {"external_id": "osm:node/13229955501", "kind": "tourism", "name": "Sherpa Lodge", "name_ne": "", "tags": {"name": "Sherpa Lodge", "tourism": "guest_house"}}}, {"type": "Feature", "geometry": {"type": "Point", "coordinates": [86.4083711, 27.5473434]}, "properties": {"external_id": "osm:node/13232213701", "kind": "tourism", "name": "Sherpa Guide Lodge", "name_ne": "", "tags": {"name": "Sherpa Guide Lodge", "tourism": "guest_house"}}}, {"type": "Feature", "geometry": {"type": "Point", "coordinates": [86.1026133, 27.6322332]}, "properties": {"external_id": "osm:node/13239176469", "kind": "settlement", "name": "Baiteshwor", "name_ne": "वैतेश्वर", "tags": {"name": "वैतेश्वर", "name:en": "Baiteshwor", "name:ne": "वैतेश्वर", "place": "village"}}}, {"type": "Feature", "geometry": {"type": "Point", "coordinates": [85.9645339, 27.6374859]}, "properties": {"external_id": "osm:node/13239176470", "kind": "settlement", "name": "Sailung", "name_ne": "शैलुङ", "tags": {"name": "शैलुङ", "name:en": "Sailung", "name:ne": "शैलुङ", "place": "village"}}}, {"type": "Feature", "geometry": {"type": "Point", "coordinates": [86.0790286, 27.7883289]}, "properties": {"external_id": "osm:node/13239176471", "kind": "settlement", "name": "Kalinchok", "name_ne": "कालिन्चोक", "tags": {"name": "कालिन्चोक", "name:en": "Kalinchok", "name:ne": "कालिन्चोक", "place": "village"}}}, {"type": "Feature", "geometry": {"type": "Point", "coordinates": [86.2004973, 27.7415141]}, "properties": {"external_id": "osm:node/13239775370", "kind": "settlement", "name": "Gaurishankar", "name_ne": "गौरीशङ्कर", "tags": {"name": "गौरीशङ्कर", "name:en": "Gaurishankar", "name:ne": "गौरीशङ्कर", "place": "village"}}}, {"type": "Feature", "geometry": {"type": "Point", "coordinates": [86.2923307, 27.5103373]}, "properties": {"external_id": "osm:node/13246237915", "kind": "settlement", "name": "Umakunda", "name_ne": "उमाकुण्ड", "tags": {"name": "उमाकुण्ड", "name:en": "Umakunda", "name:ne": "उमाकुण्ड", "place": "village"}}}, {"type": "Feature", "geometry": {"type": "Point", "coordinates": [86.1711128, 27.5156838]}, "properties": {"external_id": "osm:node/13246237916", "kind": "settlement", "name": "Gokulganga", "name_ne": "गोकुलगङ्गा", "tags": {"name": "गोकुलगङ्गा", "name:en": "Gokulganga", "name:ne": "गोकुलगङ्गा", "place": "village"}}}, {"type": "Feature", "geometry": {"type": "Point", "coordinates": [86.1772368, 27.4266966]}, "properties": {"external_id": "osm:node/13246237917", "kind": "settlement", "name": "Likhu Tamakoshi", "name_ne": "लिखु तामाकोशी", "tags": {"name": "लिखु तामाकोशी", "name:en": "Likhu Tamakoshi", "name:ne": "लिखु तामाकोशी", "place": "village"}}}, {"type": "Feature", "geometry": {"type": "Point", "coordinates": [85.9560885, 27.4427745]}, "properties": {"external_id": "osm:node/13246237918", "kind": "settlement", "name": "Khandadevi", "name_ne": "खाँडादेवी", "tags": {"name": "खाँडादेवी", "name:en": "Khandadevi", "name:ne": "खाँडादेवी", "place": "village"}}}, {"type": "Feature", "geometry": {"type": "Point", "coordinates": [86.5859114, 27.5135806]}, "properties": {"external_id": "osm:node/13276833901", "kind": "tourism", "name": "Kyirmu Lodge", "name_ne": "", "tags": {"name:en": "Kyirmu Lodge", "tourism": "alpine_hut"}}}, {"type": "Feature", "geometry": {"type": "Point", "coordinates": [86.5097113, 27.410604]}, "properties": {"external_id": "osm:node/13279507001", "kind": "tourism", "name": "Mountain view lodge", "name_ne": "", "tags": {"name": "Mountain view lodge", "tourism": "alpine_hut"}}}, {"type": "Feature", "geometry": {"type": "Point", "coordinates": [86.4843291, 27.4345058]}, "properties": {"external_id": "osm:node/13279507101", "kind": "tourism", "name": "Number view Lama Hotel", "name_ne": "", "tags": {"name": "Number view Lama Hotel", "tourism": "alpine_hut"}}}, {"type": "Feature", "geometry": {"type": "Point", "coordinates": [86.4836384, 27.4354922]}, "properties": {"external_id": "osm:node/13279507201", "kind": "tourism", "name": "Guesthouse", "name_ne": "", "tags": {"name": "Guesthouse", "tourism": "alpine_hut"}}}, {"type": "Feature", "geometry": {"type": "Point", "coordinates": [86.4832763, 27.4352345]}, "properties": {"external_id": "osm:node/13279507301", "kind": "tourism", "name": "Pikey lodge", "name_ne": "", "tags": {"name": "Pikey lodge", "tourism": "alpine_hut"}}}, {"type": "Feature", "geometry": {"type": "Point", "coordinates": [86.4780211, 27.4401439]}, "properties": {"external_id": "osm:node/13279507401", "kind": "tourism", "name": "Mountain view hotel", "name_ne": "", "tags": {"name": "Mountain view hotel", "tourism": "alpine_hut"}}}, {"type": "Feature", "geometry": {"type": "Point", "coordinates": [86.4767321, 27.4416605]}, "properties": {"external_id": "osm:node/13279507501", "kind": "tourism", "name": "Everest view point", "name_ne": "", "tags": {"name": "Everest view point", "tourism": "alpine_hut"}}}, {"type": "Feature", "geometry": {"type": "Point", "coordinates": [86.50963, 27.4106243]}, "properties": {"external_id": "osm:node/13284820801", "kind": "tourism", "name": "Moutain view lodge & restaurant", "name_ne": "", "tags": {"name": "Moutain view lodge & restaurant", "tourism": "guest_house"}}}, {"type": "Feature", "geometry": {"type": "Point", "coordinates": [86.2874471, 28.0423739]}, "properties": {"external_id": "osm:node/13288931546", "kind": "town", "name": "Rongxar", "name_ne": "", "tags": {"name": "绒辖镇", "name:en": "Rongxar", "place": "town"}}}, {"type": "Feature", "geometry": {"type": "Point", "coordinates": [86.5860388, 27.5034009]}, "properties": {"external_id": "osm:node/13299754688", "kind": "town", "name": "Salleri", "name_ne": "सल्लेरी", "tags": {"name": "सल्लेरी", "name:en": "Salleri", "name:ne": "सल्लेरी", "place": "town"}}}, {"type": "Feature", "geometry": {"type": "Point", "coordinates": [86.5505512, 27.4036724]}, "properties": {"external_id": "osm:node/13429912701", "kind": "tourism", "name": "P.F.C Kitchen and Lodge", "name_ne": "", "tags": {"name": "P.F.C Kitchen and Lodge", "tourism": "hotel"}}}, {"type": "Feature", "geometry": {"type": "Point", "coordinates": [86.6367044, 27.9047675]}, "properties": {"external_id": "osm:node/13508231162", "kind": "tourism", "name": "Lungden view lodge & restaurant", "name_ne": "", "tags": {"name:en": "Lungden view lodge & restaurant", "tourism": "guest_house"}}}, {"type": "Feature", "geometry": {"type": "Point", "coordinates": [86.3160023, 27.5951254]}, "properties": {"external_id": "osm:node/13544678646", "kind": "settlement", "name": "Khasrubas", "name_ne": "", "tags": {"name:en": "Khasrubas", "place": "hamlet"}}}, {"type": "Feature", "geometry": {"type": "Point", "coordinates": [86.3075002, 27.6032938]}, "properties": {"external_id": "osm:node/13544678715", "kind": "settlement", "name": "Sangbadanba", "name_ne": "", "tags": {"name:en": "Sangbadanba", "place": "hamlet"}}}, {"type": "Feature", "geometry": {"type": "Point", "coordinates": [86.305275, 27.6048719]}, "properties": {"external_id": "osm:node/13544678716", "kind": "settlement", "name": "Bajhghari", "name_ne": "", "tags": {"name:en": "Bajhghari", "place": "hamlet"}}}, {"type": "Feature", "geometry": {"type": "Point", "coordinates": [86.3003674, 27.6082568]}, "properties": {"external_id": "osm:node/13544678805", "kind": "settlement", "name": "Manedanda", "name_ne": "", "tags": {"name:en": "Manedanda", "place": "hamlet"}}}, {"type": "Feature", "geometry": {"type": "Point", "coordinates": [86.6153965, 27.6329446]}, "properties": {"external_id": "osm:node/13565964401", "kind": "tourism", "name": "Everest View Point", "name_ne": "", "tags": {"name": "Everest View Point", "tourism": "guest_house"}}}, {"type": "Feature", "geometry": {"type": "Point", "coordinates": [86.4099383, 27.5844292]}, "properties": {"external_id": "osm:node/13574637021", "kind": "settlement", "name": "Kinja", "name_ne": "", "tags": {"name:en": "Kinja", "place": "village"}}}, {"type": "Feature", "geometry": {"type": "Point", "coordinates": [86.612815, 27.6110152]}, "properties": {"external_id": "osm:node/13583015010", "kind": "settlement", "name": "Kerungpati", "name_ne": "", "tags": {"name": "Kerungpati", "place": "locality"}}}, {"type": "Feature", "geometry": {"type": "Point", "coordinates": [86.6086552, 27.6527108]}, "properties": {"external_id": "osm:node/13583015866", "kind": "settlement", "name": "Jamlay khola", "name_ne": "", "tags": {"name": "Jamlay khola", "place": "locality"}}}, {"type": "Feature", "geometry": {"type": "Point", "coordinates": [86.5961307, 27.6620611]}, "properties": {"external_id": "osm:node/13583016141", "kind": "settlement", "name": "Sanobeni Height", "name_ne": "", "tags": {"name": "Sanobeni Height", "place": "locality"}}}, {"type": "Feature", "geometry": {"type": "Point", "coordinates": [86.6456139, 27.5880793]}, "properties": {"external_id": "osm:node/13583603640", "kind": "tourism", "name": "Water Garden Guest House", "name_ne": "", "tags": {"name": "Water Garden Guest House", "tourism": "guest_house"}}}, {"type": "Feature", "geometry": {"type": "Point", "coordinates": [86.6151752, 27.633016]}, "properties": {"external_id": "osm:node/13583616224", "kind": "settlement", "name": "Kamodanda", "name_ne": "", "tags": {"name": "Kamodanda", "place": "locality"}}}, {"type": "Feature", "geometry": {"type": "Point", "coordinates": [85.9818386, 27.9896375]}, "properties": {"external_id": "osm:node/13614142859", "kind": "settlement", "name": "Zhangmu community", "name_ne": "", "tags": {"name": "樟木社区", "name:en": "Zhangmu community", "place": "village"}}}, {"type": "Feature", "geometry": {"type": "Point", "coordinates": [85.9846721, 27.9933265]}, "properties": {"external_id": "osm:node/13614142860", "kind": "settlement", "name": "Bangcoin", "name_ne": "", "tags": {"name": "帮市区社区", "name:en": "Bangcoin", "place": "village"}}}, {"type": "Feature", "geometry": {"type": "Point", "coordinates": [86.535077, 27.3877814]}, "properties": {"external_id": "osm:node/13622631801", "kind": "tourism", "name": "Magar Hotel Dhap", "name_ne": "", "tags": {"name": "Magar Hotel Dhap", "tourism": "guest_house"}}}, {"type": "Feature", "geometry": {"type": "Point", "coordinates": [86.4757149, 27.4419564]}, "properties": {"external_id": "osm:node/13624671801", "kind": "tourism", "name": "Himalayan Lama Hotel", "name_ne": "", "tags": {"name": "Himalayan Lama Hotel", "tourism": "guest_house"}}}, {"type": "Feature", "geometry": {"type": "Point", "coordinates": [86.2316919, 27.8728608]}, "properties": {"external_id": "osm:node/13724325001", "kind": "tourism", "name": "Gaurishankar hotel", "name_ne": "", "tags": {"name:en": "Gaurishankar hotel", "tourism": "hotel"}}}, {"type": "Feature", "geometry": {"type": "Point", "coordinates": [86.5476743, 27.3998325]}, "properties": {"external_id": "osm:node/13786550601", "kind": "police", "name": "Check post", "name_ne": "", "tags": {"amenity": "police", "name": "Check post"}}}, {"type": "Feature", "geometry": {"type": "Point", "coordinates": [85.9627474, 27.9692971]}, "properties": {"external_id": "osm:node/13852698028", "kind": "settlement", "name": "德斯岗", "name_ne": "", "tags": {"name": "德斯岗", "place": "locality"}}}, {"type": "Feature", "geometry": {"type": "Point", "coordinates": [85.964216, 27.9735358]}, "properties": {"external_id": "osm:way/112661344", "kind": "bridge", "name": "Sino-Nepal Friendship Bridge", "name_ne": "", "tags": {"highway": "trunk", "name": "Sino-Nepal Friendship Bridge", "name:en": "Sino-Nepal Friendship Bridge"}}}, {"type": "Feature", "geometry": {"type": "Point", "coordinates": [86.0788749, 27.6200453]}, "properties": {"external_id": "osm:way/138513012", "kind": "bridge", "name": "", "name_ne": "", "tags": {"highway": "primary"}}}, {"type": "Feature", "geometry": {"type": "Point", "coordinates": [86.317521, 28.0436171]}, "properties": {"external_id": "osm:way/167175490", "kind": "bridge", "name": "双陈线", "name_ne": "", "tags": {"highway": "primary", "name": "双陈线"}}}, {"type": "Feature", "geometry": {"type": "Point", "coordinates": [86.3018185, 28.04039]}, "properties": {"external_id": "osm:way/167175491", "kind": "bridge", "name": "双陈线", "name_ne": "", "tags": {"highway": "primary", "name": "双陈线"}}}, {"type": "Feature", "geometry": {"type": "Point", "coordinates": [86.0652915, 27.379746]}, "properties": {"external_id": "osm:way/229239646", "kind": "school", "name": "", "name_ne": "", "tags": {"amenity": "school"}}}, {"type": "Feature", "geometry": {"type": "Point", "coordinates": [85.9592446, 27.9687804]}, "properties": {"external_id": "osm:way/231610617", "kind": "bridge", "name": "", "name_ne": "", "tags": {"highway": "trunk"}}}, {"type": "Feature", "geometry": {"type": "Point", "coordinates": [86.1345894, 27.7163448]}, "properties": {"external_id": "osm:way/260711721", "kind": "bridge", "name": "gumukhola bridge", "name_ne": "", "tags": {"highway": "secondary", "name": "gumukhola bridge"}}}, {"type": "Feature", "geometry": {"type": "Point", "coordinates": [86.0747719, 27.6770343]}, "properties": {"external_id": "osm:way/305670354", "kind": "school", "name": "Shree Bal Mandir Pra V", "name_ne": "", "tags": {"amenity": "school", "name": "Shree Bal Mandir Pra V"}}}, {"type": "Feature", "geometry": {"type": "Point", "coordinates": [86.1629314, 27.737549]}, "properties": {"external_id": "osm:way/306788062", "kind": "tourism", "name": "Budhathokki Hotel", "name_ne": "", "tags": {"name": "Budhathokki Hotel", "tourism": "hotel"}}}, {"type": "Feature", "geometry": {"type": "Point", "coordinates": [86.1629534, 27.7374201]}, "properties": {"external_id": "osm:way/306788078", "kind": "tourism", "name": "Hotel Mountain", "name_ne": "", "tags": {"name": "Hotel Mountain", "operator": "Kumar Shrestha", "tourism": "hotel"}}}, {"type": "Feature", "geometry": {"type": "Point", "coordinates": [86.159812, 27.7347834]}, "properties": {"external_id": "osm:way/307827001", "kind": "school", "name": "Pratap Smiriti College", "name_ne": "", "tags": {"amenity": "school", "name": "Pratap Smiriti College"}}}, {"type": "Feature", "geometry": {"type": "Point", "coordinates": [86.2028682, 27.7722391]}, "properties": {"external_id": "osm:way/308179125", "kind": "bridge", "name": "", "name_ne": "", "tags": {"highway": "tertiary"}}}, {"type": "Feature", "geometry": {"type": "Point", "coordinates": [86.5858754, 27.515368]}, "properties": {"external_id": "osm:way/312966050", "kind": "health", "name": "Phaplu Hospital", "name_ne": "", "tags": {"amenity": "hospital", "name": "Solukhumbu District Hospital", "name:en": "Phaplu Hospital"}}}, {"type": "Feature", "geometry": {"type": "Point", "coordinates": [86.6469119, 27.5892785]}, "properties": {"external_id": "osm:way/313133130", "kind": "tourism", "name": "Danfe Lodge & Restaurant", "name_ne": "", "tags": {"name:en": "Danfe Lodge & Restaurant", "tourism": "guest_house"}}}, {"type": "Feature", "geometry": {"type": "Point", "coordinates": [86.6424504, 27.5875471]}, "properties": {"external_id": "osm:way/313133135", "kind": "tourism", "name": "Mountain Sherpa Lodge and Restaurant", "name_ne": "", "tags": {"name": "Mountain Sherpa Lodge and Restaurant", "tourism": "guest_house"}}}, {"type": "Feature", "geometry": {"type": "Point", "coordinates": [86.6043253, 27.5874601]}, "properties": {"external_id": "osm:way/313133174", "kind": "tourism", "name": "Center Sherpa Lodge", "name_ne": "", "tags": {"name:en": "Center Sherpa Lodge", "tourism": "guest_house"}}}, {"type": "Feature", "geometry": {"type": "Point", "coordinates": [86.6447016, 27.5881043]}, "properties": {"external_id": "osm:way/313133175", "kind": "tourism", "name": "Tiny Guest House", "name_ne": "", "tags": {"name:en": "Tiny Guest House", "tourism": "guest_house"}}}, {"type": "Feature", "geometry": {"type": "Point", "coordinates": [86.6208412, 27.5936686]}, "properties": {"external_id": "osm:way/313133176", "kind": "tourism", "name": "Panorama Guest House", "name_ne": "", "tags": {"name": "Panorama Guest House", "tourism": "guest_house"}}}, {"type": "Feature", "geometry": {"type": "Point", "coordinates": [86.6174919, 27.5923564]}, "properties": {"external_id": "osm:way/313133178", "kind": "tourism", "name": "Hiltop Guest House", "name_ne": "", "tags": {"name:en": "Hiltop Guest House", "tourism": "guest_house"}}}, {"type": "Feature", "geometry": {"type": "Point", "coordinates": [86.6467162, 27.5891116]}, "properties": {"external_id": "osm:way/313133184", "kind": "tourism", "name": "Hotel Everest", "name_ne": "", "tags": {"name:en": "Hotel Everest", "tourism": "guest_house"}}}, {"type": "Feature", "geometry": {"type": "Point", "coordinates": [86.646814, 27.588679]}, "properties": {"external_id": "osm:way/313133187", "kind": "tourism", "name": "Sherpa Guest House and Restaurant", "name_ne": "", "tags": {"name": "Sherpa Guest House and Restaurant", "tourism": "guest_house"}}}, {"type": "Feature", "geometry": {"type": "Point", "coordinates": [86.6039864, 27.5874914]}, "properties": {"external_id": "osm:way/313133190", "kind": "tourism", "name": "Numbur View Cheese Factory Lodge and Restaurant", "name_ne": "", "tags": {"name:en": "Numbur View Cheese Factory Lodge and Restaurant", "tourism": "guest_house"}}}, {"type": "Feature", "geometry": {"type": "Point", "coordinates": [86.6459785, 27.5883972]}, "properties": {"external_id": "osm:way/313133191", "kind": "tourism", "name": "Hotel Nuning", "name_ne": "", "tags": {"name": "Hotel Nuning", "tourism": "guest_house"}}}, {"type": "Feature", "geometry": {"type": "Point", "coordinates": [86.6466856, 27.5884833]}, "properties": {"external_id": "osm:way/313133195", "kind": "tourism", "name": "Thamserku Guest House", "name_ne": "", "tags": {"name:en": "Thamserku Guest House", "tourism": "guest_house"}}}, {"type": "Feature", "geometry": {"type": "Point", "coordinates": [86.647106, 27.5894478]}, "properties": {"external_id": "osm:way/313133199", "kind": "tourism", "name": "Rai Guest House", "name_ne": "", "tags": {"name:en": "Rai Guest House", "tourism": "guest_house"}}}, {"type": "Feature", "geometry": {"type": "Point", "coordinates": [86.6465819, 27.5888828]}, "properties": {"external_id": "osm:way/313133202", "kind": "tourism", "name": "", "name_ne": "", "tags": {"tourism": "guest_house"}}}, {"type": "Feature", "geometry": {"type": "Point", "coordinates": [86.6451378, 27.588262]}, "properties": {"external_id": "osm:way/313133205", "kind": "tourism", "name": "Shangrila Guest House", "name_ne": "", "tags": {"name": "Shangrila Guest House", "tourism": "guest_house"}}}, {"type": "Feature", "geometry": {"type": "Point", "coordinates": [86.6470192, 27.5889643]}, "properties": {"external_id": "osm:way/313133218", "kind": "tourism", "name": "Himalayan Trekker Lodge & Restaurant", "name_ne": "", "tags": {"name:en": "Himalayan Trekker Lodge & Restaurant", "tourism": "guest_house"}}}, {"type": "Feature", "geometry": {"type": "Point", "coordinates": [86.6444159, 27.588091]}, "properties": {"external_id": "osm:way/313133220", "kind": "tourism", "name": "Tasi Hotel & Lodge", "name_ne": "", "tags": {"name": "Tasi Hotel & Lodge", "tourism": "guest_house"}}}, {"type": "Feature", "geometry": {"type": "Point", "coordinates": [86.5726766, 27.4445892]}, "properties": {"external_id": "osm:way/314460957", "kind": "bridge", "name": "Salme -Tingla Bridge", "name_ne": "", "tags": {"highway": "primary", "name": "Salme -Tingla Bridge"}}}, {"type": "Feature", "geometry": {"type": "Point", "coordinates": [86.5856041, 27.5141227]}, "properties": {"external_id": "osm:way/314882351", "kind": "tourism", "name": "Shangri La Guest House", "name_ne": "", "tags": {"name": "Shangri La Guest House", "tourism": "guest_house"}}}, {"type": "Feature", "geometry": {"type": "Point", "coordinates": [86.346454, 27.5754308]}, "properties": {"external_id": "osm:way/315257110", "kind": "tourism", "name": "Lobha lodge & Restaurant", "name_ne": "", "tags": {"name": "Lobha lodge & Restaurant", "tourism": "guest_house"}}}, {"type": "Feature", "geometry": {"type": "Point", "coordinates": [86.2265628, 27.8199637]}, "properties": {"external_id": "osm:way/316832673", "kind": "bridge", "name": "", "name_ne": "", "tags": {"highway": "tertiary"}}}, {"type": "Feature", "geometry": {"type": "Point", "coordinates": [86.031663, 27.7485254]}, "properties": {"external_id": "osm:way/317050218", "kind": "tourism", "name": "", "name_ne": "", "tags": {"tourism": "guest_house"}}}, {"type": "Feature", "geometry": {"type": "Point", "coordinates": [86.0318829, 27.7490207]}, "properties": {"external_id": "osm:way/317050223", "kind": "tourism", "name": "", "name_ne": "", "tags": {"tourism": "guest_house"}}}, {"type": "Feature", "geometry": {"type": "Point", "coordinates": [86.0317551, 27.7486942]}, "properties": {"external_id": "osm:way/317050230", "kind": "tourism", "name": "", "name_ne": "", "tags": {"tourism": "guest_house"}}}, {"type": "Feature", "geometry": {"type": "Point", "coordinates": [86.0316203, 27.7470176]}, "properties": {"external_id": "osm:way/317050232", "kind": "tourism", "name": "", "name_ne": "", "tags": {"tourism": "guest_house"}}}, {"type": "Feature", "geometry": {"type": "Point", "coordinates": [86.076834, 27.6128174]}, "properties": {"external_id": "osm:way/317128303", "kind": "bridge", "name": "", "name_ne": "", "tags": {"highway": "secondary"}}}, {"type": "Feature", "geometry": {"type": "Point", "coordinates": [86.0846915, 27.5277]}, "properties": {"external_id": "osm:way/317128304", "kind": "bridge", "name": "", "name_ne": "", "tags": {"highway": "secondary"}}}, {"type": "Feature", "geometry": {"type": "Point", "coordinates": [86.0872437, 27.5700008]}, "properties": {"external_id": "osm:way/317151977", "kind": "bridge", "name": "", "name_ne": "", "tags": {"highway": "secondary"}}}, {"type": "Feature", "geometry": {"type": "Point", "coordinates": [86.0868409, 27.5481223]}, "properties": {"external_id": "osm:way/317151978", "kind": "bridge", "name": "", "name_ne": "", "tags": {"highway": "secondary"}}}, {"type": "Feature", "geometry": {"type": "Point", "coordinates": [86.1186427, 27.4767341]}, "properties": {"external_id": "osm:way/317239234", "kind": "bridge", "name": "", "name_ne": "", "tags": {"highway": "secondary"}}}, {"type": "Feature", "geometry": {"type": "Point", "coordinates": [86.1173049, 27.4721112]}, "properties": {"external_id": "osm:way/317239235", "kind": "bridge", "name": "", "name_ne": "", "tags": {"highway": "secondary"}}}, {"type": "Feature", "geometry": {"type": "Point", "coordinates": [86.0904455, 27.4989802]}, "properties": {"external_id": "osm:way/317239236", "kind": "bridge", "name": "", "name_ne": "", "tags": {"highway": "secondary"}}}, {"type": "Feature", "geometry": {"type": "Point", "coordinates": [86.1052987, 27.4904632]}, "properties": {"external_id": "osm:way/317239237", "kind": "bridge", "name": "", "name_ne": "", "tags": {"highway": "secondary"}}}, {"type": "Feature", "geometry": {"type": "Point", "coordinates": [86.0589566, 27.3779156]}, "properties": {"external_id": "osm:way/317582423", "kind": "bridge", "name": "", "name_ne": "", "tags": {"highway": "secondary"}}}, {"type": "Feature", "geometry": {"type": "Point", "coordinates": [86.1097188, 27.4462137]}, "properties": {"external_id": "osm:way/317582424", "kind": "bridge", "name": "", "name_ne": "", "tags": {"highway": "secondary"}}}, {"type": "Feature", "geometry": {"type": "Point", "coordinates": [86.0867229, 27.426018]}, "properties": {"external_id": "osm:way/317582425", "kind": "bridge", "name": "", "name_ne": "", "tags": {"highway": "secondary"}}}, {"type": "Feature", "geometry": {"type": "Point", "coordinates": [86.228058, 27.6365691]}, "properties": {"external_id": "osm:way/318192885", "kind": "bridge", "name": "", "name_ne": "", "tags": {"highway": "secondary"}}}, {"type": "Feature", "geometry": {"type": "Point", "coordinates": [86.23189, 27.6364582]}, "properties": {"external_id": "osm:way/318192890", "kind": "bridge", "name": "", "name_ne": "", "tags": {"highway": "secondary"}}}, {"type": "Feature", "geometry": {"type": "Point", "coordinates": [86.2289981, 27.6365336]}, "properties": {"external_id": "osm:way/318192891", "kind": "bridge", "name": "Khadichaur - Jiri Highway", "name_ne": "", "tags": {"highway": "secondary", "name": "Khadichaur - Jiri Highway"}}}, {"type": "Feature", "geometry": {"type": "Point", "coordinates": [86.1659624, 27.6458189]}, "properties": {"external_id": "osm:way/319071032", "kind": "bridge", "name": "Khadichaur - Jiri Highway", "name_ne": "", "tags": {"highway": "secondary", "name": "Khadichaur - Jiri Highway"}}}, {"type": "Feature", "geometry": {"type": "Point", "coordinates": [86.1672057, 27.6502404]}, "properties": {"external_id": "osm:way/319071033", "kind": "bridge", "name": "Khadichaur - Jiri Highway", "name_ne": "", "tags": {"highway": "secondary", "name": "Khadichaur - Jiri Highway"}}}, {"type": "Feature", "geometry": {"type": "Point", "coordinates": [85.9986766, 27.7069434]}, "properties": {"external_id": "osm:way/319746058", "kind": "bridge", "name": "", "name_ne": "", "tags": {"highway": "primary"}}}, {"type": "Feature", "geometry": {"type": "Point", "coordinates": [86.1795895, 27.3679044]}, "properties": {"external_id": "osm:way/335562714", "kind": "bridge", "name": "", "name_ne": "", "tags": {"highway": "tertiary"}}}, {"type": "Feature", "geometry": {"type": "Point", "coordinates": [86.2167055, 27.8445411]}, "properties": {"external_id": "osm:way/338831881", "kind": "police", "name": "Nepal Armed Police Force Camp", "name_ne": "", "tags": {"amenity": "police", "name": "Nepal Armed Police Force Camp"}}}, {"type": "Feature", "geometry": {"type": "Point", "coordinates": [86.2139373, 27.9239729]}, "properties": {"external_id": "osm:way/338831887", "kind": "dam", "name": "Upper Tamakoshi Headworks Diversion Dam", "name_ne": "", "tags": {"name": "Upper Tamakoshi Headworks Diversion Dam", "waterway": "dam"}}}, {"type": "Feature", "geometry": {"type": "Point", "coordinates": [86.1696781, 27.5504355]}, "properties": {"external_id": "osm:way/338831897", "kind": "dam", "name": "", "name_ne": "", "tags": {"waterway": "dam"}}}, {"type": "Feature", "geometry": {"type": "Point", "coordinates": [86.1077837, 27.487137]}, "properties": {"external_id": "osm:way/338831899", "kind": "school", "name": "", "name_ne": "", "tags": {"amenity": "school"}}}, {"type": "Feature", "geometry": {"type": "Point", "coordinates": [86.2342924, 27.6309579]}, "properties": {"external_id": "osm:way/340466470", "kind": "bridge", "name": "Khadichaur - Jiri Highway", "name_ne": "", "tags": {"highway": "secondary", "name": "Khadichaur - Jiri Highway"}}}, {"type": "Feature", "geometry": {"type": "Point", "coordinates": [86.0752224, 27.4529332]}, "properties": {"external_id": "osm:way/340479353", "kind": "school", "name": "Sharda Uchha Ma Vi", "name_ne": "", "tags": {"amenity": "school", "name": "Sharda Uchha Ma Vi"}}}, {"type": "Feature", "geometry": {"type": "Point", "coordinates": [86.023262, 27.3885692]}, "properties": {"external_id": "osm:way/340589638", "kind": "bridge", "name": "", "name_ne": "", "tags": {"highway": "tertiary"}}}, {"type": "Feature", "geometry": {"type": "Point", "coordinates": [86.2004634, 27.5591354]}, "properties": {"external_id": "osm:way/340627687", "kind": "bridge", "name": "", "name_ne": "", "tags": {"highway": "tertiary"}}}, {"type": "Feature", "geometry": {"type": "Point", "coordinates": [86.5471778, 27.5840602]}, "properties": {"external_id": "osm:way/340657137", "kind": "tourism", "name": "Noryang Hotel", "name_ne": "", "tags": {"name": "Noryang Hotel", "tourism": "guest_house"}}}, {"type": "Feature", "geometry": {"type": "Point", "coordinates": [86.5466069, 27.5811059]}, "properties": {"external_id": "osm:way/340657161", "kind": "tourism", "name": "Apple Garden Guest House", "name_ne": "", "tags": {"name:en": "Apple Garden Guest House", "tourism": "guest_house"}}}, {"type": "Feature", "geometry": {"type": "Point", "coordinates": [86.5453988, 27.5789891]}, "properties": {"external_id": "osm:way/340657171", "kind": "tourism", "name": "Jumbesi Home Stay", "name_ne": "", "tags": {"name": "Namaste Lodge", "name:en": "Jumbesi Home Stay", "tourism": "guest_house"}}}, {"type": "Feature", "geometry": {"type": "Point", "coordinates": [86.5467653, 27.5834278]}, "properties": {"external_id": "osm:way/340660721", "kind": "tourism", "name": "Zambala Guest House", "name_ne": "", "tags": {"name:en": "Zambala Guest House", "tourism": "guest_house"}}}, {"type": "Feature", "geometry": {"type": "Point", "coordinates": [86.1659713, 27.7716363]}, "properties": {"external_id": "osm:way/340678682", "kind": "school", "name": "Shree Shanti Adarsha Uchha Ma V", "name_ne": "", "tags": {"amenity": "school", "name": "Shree Shanti Adarsha Uchha Ma V"}}}, {"type": "Feature", "geometry": {"type": "Point", "coordinates": [86.2502175, 27.6209701]}, "properties": {"external_id": "osm:way/340740573", "kind": "tourism", "name": "Solukhumbu Lodge", "name_ne": "", "tags": {"name": "Solukhumbu Lodge", "tourism": "guest_house"}}}, {"type": "Feature", "geometry": {"type": "Point", "coordinates": [86.4914751, 27.5429516]}, "properties": {"external_id": "osm:way/340887898", "kind": "tourism", "name": "Pikey Everest Lodge an Restaurant", "name_ne": "", "tags": {"name:en": "Pikey Everest Lodge an Restaurant", "tourism": "guest_house"}}}, {"type": "Feature", "geometry": {"type": "Point", "coordinates": [86.2283114, 27.4134307]}, "properties": {"external_id": "osm:way/340963452", "kind": "school", "name": "Kalika Devi Ni Ma Vi", "name_ne": "", "tags": {"amenity": "school", "name": "Kalika Devi Ni Ma Vi"}}}, {"type": "Feature", "geometry": {"type": "Point", "coordinates": [86.0319657, 27.7492303]}, "properties": {"external_id": "osm:way/341037316", "kind": "tourism", "name": "", "name_ne": "", "tags": {"tourism": "guest_house"}}}, {"type": "Feature", "geometry": {"type": "Point", "coordinates": [86.1086753, 27.7448117]}, "properties": {"external_id": "osm:way/341170415", "kind": "health", "name": "Ayurvedic Hospital", "name_ne": "", "tags": {"name": "Ayurvedic Hospital", "operator": "Government"}}}, {"type": "Feature", "geometry": {"type": "Point", "coordinates": [86.1231558, 27.6715528]}, "properties": {"external_id": "osm:way/341182299", "kind": "school", "name": "Shri Kshatrawati HSS", "name_ne": "", "tags": {"amenity": "school", "name": "Shri Kshatrawati HSS"}}}, {"type": "Feature", "geometry": {"type": "Point", "coordinates": [86.1141838, 27.677124]}, "properties": {"external_id": "osm:way/341183018", "kind": "school", "name": "Shree Setidevi Pra V", "name_ne": "", "tags": {"amenity": "school", "name": "Shree Setidevi Pra V"}}}, {"type": "Feature", "geometry": {"type": "Point", "coordinates": [86.2614003, 27.6338114]}, "properties": {"external_id": "osm:way/341210232", "kind": "bridge", "name": "", "name_ne": "", "tags": {"highway": "tertiary"}}}, {"type": "Feature", "geometry": {"type": "Point", "coordinates": [86.2687349, 27.6337097]}, "properties": {"external_id": "osm:way/341211405", "kind": "bridge", "name": "", "name_ne": "", "tags": {"highway": "tertiary"}}}, {"type": "Feature", "geometry": {"type": "Point", "coordinates": [86.1795388, 27.7809124]}, "properties": {"external_id": "osm:way/341272648", "kind": "school", "name": "Shree Sarada Ma V", "name_ne": "", "tags": {"amenity": "school", "name": "Shree Sarada Ma V"}}}, {"type": "Feature", "geometry": {"type": "Point", "coordinates": [86.1584542, 27.6951577]}, "properties": {"external_id": "osm:way/341283659", "kind": "school", "name": "Shree Nilakantheshwor HSS", "name_ne": "", "tags": {"amenity": "school", "name": "Shree Nilakantheshwor HSS"}}}, {"type": "Feature", "geometry": {"type": "Point", "coordinates": [86.2150127, 27.8458555]}, "properties": {"external_id": "osm:way/341292964", "kind": "bridge", "name": "", "name_ne": "", "tags": {"highway": "tertiary"}}}, {"type": "Feature", "geometry": {"type": "Point", "coordinates": [85.986961, 27.6562092]}, "properties": {"external_id": "osm:way/341321981", "kind": "school", "name": "Shree Maga Pauwa Ma Vi", "name_ne": "", "tags": {"amenity": "school", "name": "Shree Maga Pauwa Ma Vi"}}}, {"type": "Feature", "geometry": {"type": "Point", "coordinates": [85.9575673, 27.9629657]}, "properties": {"external_id": "osm:way/341536894", "kind": "tourism", "name": "", "name_ne": "", "tags": {"tourism": "hotel"}}}, {"type": "Feature", "geometry": {"type": "Point", "coordinates": [85.9526762, 27.9658041]}, "properties": {"external_id": "osm:way/341536898", "kind": "school", "name": "Shri Thamigaun Primary School", "name_ne": "", "tags": {"amenity": "school", "name": "Shri Thamigaun Primary School"}}}, {"type": "Feature", "geometry": {"type": "Point", "coordinates": [86.638016, 27.8855119]}, "properties": {"external_id": "osm:way/341561474", "kind": "tourism", "name": "Riverside Lodge&Restaurant", "name_ne": "", "tags": {"name:en": "Riverside Lodge&Restaurant", "tourism": "guest_house"}}}, {"type": "Feature", "geometry": {"type": "Point", "coordinates": [86.6411279, 27.8697622]}, "properties": {"external_id": "osm:way/341561524", "kind": "tourism", "name": "Tarnga Guest House", "name_ne": "", "tags": {"name:en": "Tarnga Guest House", "tourism": "guest_house"}}}, {"type": "Feature", "geometry": {"type": "Point", "coordinates": [86.6256695, 27.9192388]}, "properties": {"external_id": "osm:way/341561527", "kind": "tourism", "name": "Arya Guest House", "name_ne": "", "tags": {"name": "Arya Guest House", "tourism": "guest_house"}}}, {"type": "Feature", "geometry": {"type": "Point", "coordinates": [86.6499155, 27.832076]}, "properties": {"external_id": "osm:way/341564941", "kind": "tourism", "name": "Everest Summiter Lodge", "name_ne": "", "tags": {"name": "Everest Summiter Lodge", "tourism": "guest_house"}}}, {"type": "Feature", "geometry": {"type": "Point", "coordinates": [86.6361305, 27.9069682]}, "properties": {"external_id": "osm:way/341568319", "kind": "tourism", "name": "Lungden Guest House", "name_ne": "", "tags": {"name": "Lungden Guest House", "tourism": "guest_house"}}}, {"type": "Feature", "geometry": {"type": "Point", "coordinates": [86.6365329, 27.9055598]}, "properties": {"external_id": "osm:way/341568326", "kind": "tourism", "name": "Lungden View Lodge & Restaurant", "name_ne": "", "tags": {"name": "Lungden View Lodge & Restaurant", "tourism": "guest_house"}}}, {"type": "Feature", "geometry": {"type": "Point", "coordinates": [86.6374109, 27.8894557]}, "properties": {"external_id": "osm:way/341568331", "kind": "tourism", "name": "Namaste Lodge", "name_ne": "", "tags": {"name": "Namaste Lodge", "tourism": "guest_house"}}}, {"type": "Feature", "geometry": {"type": "Point", "coordinates": [85.9690275, 27.421279]}, "properties": {"external_id": "osm:way/341670510", "kind": "school", "name": "Shri Prayageshwar Uccha Ma Vi", "name_ne": "", "tags": {"amenity": "school", "name": "Shri Prayageshwar Uccha Ma Vi"}}}, {"type": "Feature", "geometry": {"type": "Point", "coordinates": [86.6435915, 27.8300863]}, "properties": {"external_id": "osm:way/341711097", "kind": "tourism", "name": "Tashi Delek Lodge, Restaurant and Bakery", "name_ne": "", "tags": {"name:en": "Tashi Delek Lodge, Restaurant and Bakery", "operator": "Yangi Sherpa", "tourism": "guest_house"}}}, {"type": "Feature", "geometry": {"type": "Point", "coordinates": [86.3769387, 27.9020155]}, "properties": {"external_id": "osm:way/341722786", "kind": "tourism", "name": "Maelungtse View Lodge", "name_ne": "", "tags": {"name": "Maelungtse View Lodge", "tourism": "guest_house"}}}, {"type": "Feature", "geometry": {"type": "Point", "coordinates": [86.1099675, 27.7444571]}, "properties": {"external_id": "osm:way/341762842", "kind": "tourism", "name": "", "name_ne": "", "tags": {"tourism": "guest_house"}}}, {"type": "Feature", "geometry": {"type": "Point", "coordinates": [86.0033751, 27.6368851]}, "properties": {"external_id": "osm:way/341809476", "kind": "school", "name": "Shree Birendra Uchha Ma V", "name_ne": "", "tags": {"amenity": "school", "name": "Shree Birendra Uchha Ma V"}}}, {"type": "Feature", "geometry": {"type": "Point", "coordinates": [86.5467577, 27.5827623]}, "properties": {"external_id": "osm:way/341891566", "kind": "tourism", "name": "Sherpa Home Stay", "name_ne": "", "tags": {"name:en": "Sherpa Home Stay", "tourism": "guest_house"}}}, {"type": "Feature", "geometry": {"type": "Point", "coordinates": [86.546532, 27.5818591]}, "properties": {"external_id": "osm:way/341891605", "kind": "tourism", "name": "Ang Chhokpa’s Lodge & Restaurant", "name_ne": "", "tags": {"name:en": "Ang Chhokpa’s Lodge & Restaurant", "tourism": "guest_house"}}}, {"type": "Feature", "geometry": {"type": "Point", "coordinates": [86.5462059, 27.5817746]}, "properties": {"external_id": "osm:way/341891607", "kind": "tourism", "name": "Ang Domi Lodge", "name_ne": "", "tags": {"name:en": "Ang Domi Lodge", "tourism": "guest_house"}}}, {"type": "Feature", "geometry": {"type": "Point", "coordinates": [86.5468791, 27.5819041]}, "properties": {"external_id": "osm:way/341891611", "kind": "tourism", "name": "J.B. Lodge & Restaurant", "name_ne": "", "tags": {"name:en": "J.B. Lodge & Restaurant", "tourism": "guest_house"}}}, {"type": "Feature", "geometry": {"type": "Point", "coordinates": [86.5463034, 27.5807999]}, "properties": {"external_id": "osm:way/341891614", "kind": "tourism", "name": "Sherpa Guide Lodge & Restaurant", "name_ne": "", "tags": {"name:en": "Sherpa Guide Lodge & Restaurant", "operator": "Ang. Chhoti Sherpa", "tourism": "guest_house"}}}, {"type": "Feature", "geometry": {"type": "Point", "coordinates": [86.0616845, 27.380833]}, "properties": {"external_id": "osm:way/342057018", "kind": "health", "name": "District Health Center", "name_ne": "", "tags": {"amenity": "hospital", "name": "District Health Center"}}}, {"type": "Feature", "geometry": {"type": "Point", "coordinates": [86.1851564, 27.4696719]}, "properties": {"external_id": "osm:way/342062945", "kind": "school", "name": "Muna Devi Ni Mav", "name_ne": "", "tags": {"amenity": "school", "name": "Muna Devi Ni Mav"}}}, {"type": "Feature", "geometry": {"type": "Point", "coordinates": [85.983583, 27.4485927]}, "properties": {"external_id": "osm:way/342144652", "kind": "school", "name": "Bharati uccha Ma Vi", "name_ne": "", "tags": {"amenity": "school", "name": "Bharati uccha Ma Vi"}}}, {"type": "Feature", "geometry": {"type": "Point", "coordinates": [86.5466009, 27.535089]}, "properties": {"external_id": "osm:way/342326547", "kind": "school", "name": "", "name_ne": "", "tags": {"amenity": "school"}}}, {"type": "Feature", "geometry": {"type": "Point", "coordinates": [86.2008019, 27.3535574]}, "properties": {"external_id": "osm:way/342343715", "kind": "school", "name": "", "name_ne": "", "tags": {"amenity": "school"}}}, {"type": "Feature", "geometry": {"type": "Point", "coordinates": [86.2005805, 27.3534716]}, "properties": {"external_id": "osm:way/342343887", "kind": "school", "name": "", "name_ne": "", "tags": {"amenity": "school"}}}, {"type": "Feature", "geometry": {"type": "Point", "coordinates": [86.513673, 27.5766756]}, "properties": {"external_id": "osm:way/342386289", "kind": "tourism", "name": "Shanti Chetra Lodge", "name_ne": "", "tags": {"name": "Shanti Chetra Lodge", "tourism": "guest_house"}}}, {"type": "Feature", "geometry": {"type": "Point", "coordinates": [86.4873116, 27.5725117]}, "properties": {"external_id": "osm:way/342386326", "kind": "tourism", "name": "Himalaya lodge Dolma kuharica", "name_ne": "", "tags": {"name": "Himalaya Lodge", "name:en": "Himalaya lodge Dolma kuharica", "tourism": "guest_house"}}}, {"type": "Feature", "geometry": {"type": "Point", "coordinates": [86.4862951, 27.5720082]}, "properties": {"external_id": "osm:way/342386328", "kind": "tourism", "name": "Hotel Numbur View Lodge & Sherpa Restaurant", "name_ne": "", "tags": {"name": "Numbur View", "name:en": "Hotel Numbur View Lodge & Sherpa Restaurant", "tourism": "guest_house"}}}, {"type": "Feature", "geometry": {"type": "Point", "coordinates": [86.0486717, 27.6983048]}, "properties": {"external_id": "osm:way/342558329", "kind": "bridge", "name": "", "name_ne": "", "tags": {"highway": "secondary"}}}, {"type": "Feature", "geometry": {"type": "Point", "coordinates": [86.0988282, 27.7006343]}, "properties": {"external_id": "osm:way/342599909", "kind": "school", "name": "Kalinag Multiple Campus", "name_ne": "", "tags": {"amenity": "school", "name": "Kalinag Multiple Campus"}}}, {"type": "Feature", "geometry": {"type": "Point", "coordinates": [86.4643128, 27.5267526]}, "properties": {"external_id": "osm:way/342609704", "kind": "tourism", "name": "Hotel Mountain View Lodge & Restaurant", "name_ne": "", "tags": {"name": "Hotel Mountain View Lodge & Restaurant", "operator": "Tendi Sherpa", "tourism": "alpine_hut"}}}, {"type": "Feature", "geometry": {"type": "Point", "coordinates": [86.0377474, 27.375705]}, "properties": {"external_id": "osm:way/342661032", "kind": "school", "name": "Pancha Kanya Pra Vi", "name_ne": "", "tags": {"amenity": "school", "name": "Pancha Kanya Pra Vi"}}}, {"type": "Feature", "geometry": {"type": "Point", "coordinates": [86.6225442, 27.5941268]}, "properties": {"external_id": "osm:way/342665265", "kind": "tourism", "name": "Takassindu Resort", "name_ne": "", "tags": {"name:en": "Takassindu Resort", "tourism": "guest_house"}}}, {"type": "Feature", "geometry": {"type": "Point", "coordinates": [86.6330412, 27.5873881]}, "properties": {"external_id": "osm:way/342665738", "kind": "tourism", "name": "", "name_ne": "", "tags": {"tourism": "guest_house"}}}, {"type": "Feature", "geometry": {"type": "Point", "coordinates": [86.4119277, 27.5843341]}, "properties": {"external_id": "osm:way/342711270", "kind": "tourism", "name": "", "name_ne": "", "tags": {"tourism": "guest_house"}}}, {"type": "Feature", "geometry": {"type": "Point", "coordinates": [86.4120631, 27.5840695]}, "properties": {"external_id": "osm:way/342711307", "kind": "tourism", "name": "Sanam Lodge", "name_ne": "", "tags": {"name": "Sanam Lodge", "tourism": "guest_house"}}}, {"type": "Feature", "geometry": {"type": "Point", "coordinates": [86.3303732, 27.5826111]}, "properties": {"external_id": "osm:way/342747374", "kind": "tourism", "name": "Penang Guest House & Restaurant", "name_ne": "", "tags": {"name": "Penang Guest House & Restaurant", "tourism": "guest_house"}}}, {"type": "Feature", "geometry": {"type": "Point", "coordinates": [86.3306044, 27.5825033]}, "properties": {"external_id": "osm:way/342747426", "kind": "tourism", "name": "Highland Sherpa Guest House and Restaurant", "name_ne": "", "tags": {"name": "Highland Sherpa Guest House and Restaurant", "tourism": "guest_house"}}}, {"type": "Feature", "geometry": {"type": "Point", "coordinates": [86.2660618, 27.6122978]}, "properties": {"external_id": "osm:way/342816944", "kind": "tourism", "name": "Mali Lodge", "name_ne": "", "tags": {"name": "Mali Lodge", "tourism": "guest_house"}}}, {"type": "Feature", "geometry": {"type": "Point", "coordinates": [86.236261, 27.5871951]}, "properties": {"external_id": "osm:way/342895967", "kind": "bridge", "name": "", "name_ne": "", "tags": {"highway": "tertiary"}}}, {"type": "Feature", "geometry": {"type": "Point", "coordinates": [86.423888, 27.582671]}, "properties": {"external_id": "osm:way/342896592", "kind": "tourism", "name": "Hilltop Lodge", "name_ne": "", "tags": {"name": "Hilltop Lodge", "tourism": "guest_house"}}}, {"type": "Feature", "geometry": {"type": "Point", "coordinates": [86.4382521, 27.5779349]}, "properties": {"external_id": "osm:way/342896594", "kind": "tourism", "name": "Sunrise Lodge and Restaurant", "name_ne": "", "tags": {"name": "Sunrise Lodge and Restaurant", "tourism": "guest_house"}}}, {"type": "Feature", "geometry": {"type": "Point", "coordinates": [86.4190713, 27.5835093]}, "properties": {"external_id": "osm:way/342896603", "kind": "tourism", "name": "Sayapatri", "name_ne": "", "tags": {"name": "Sayapatri", "tourism": "guest_house"}}}, {"type": "Feature", "geometry": {"type": "Point", "coordinates": [86.6092761, 27.5909122]}, "properties": {"external_id": "osm:way/342898859", "kind": "tourism", "name": "Quite view", "name_ne": "", "tags": {"name": "Quite view", "tourism": "guest_house"}}}, {"type": "Feature", "geometry": {"type": "Point", "coordinates": [86.4407731, 27.5770295]}, "properties": {"external_id": "osm:way/342984373", "kind": "tourism", "name": "Sherpa Guide Guesthouse", "name_ne": "", "tags": {"name:en": "Sherpa Guide Guesthouse", "tourism": "guest_house"}}}, {"type": "Feature", "geometry": {"type": "Point", "coordinates": [86.4550401, 27.5782327]}, "properties": {"external_id": "osm:way/343027407", "kind": "tourism", "name": "Maya Sherpa", "name_ne": "", "tags": {"name": "Maya Sherpa", "tourism": "guest_house"}}}, {"type": "Feature", "geometry": {"type": "Point", "coordinates": [86.5701418, 27.4813822]}, "properties": {"external_id": "osm:way/343046807", "kind": "hydropower", "name": "Salleri Chyalsa Power House", "name_ne": "", "tags": {"name": "Salleri Chyalsa Power House", "operator": "Salleri Chyalsa Hydro Electric Company", "power": "generator"}}}, {"type": "Feature", "geometry": {"type": "Point", "coordinates": [86.4034754, 27.5445345]}, "properties": {"external_id": "osm:way/343051327", "kind": "tourism", "name": "Hill Top Lodge", "name_ne": "", "tags": {"name": "Hill Top Lodge", "tourism": "guest_house"}}}, {"type": "Feature", "geometry": {"type": "Point", "coordinates": [86.2226295, 27.8046311]}, "properties": {"external_id": "osm:way/343053520", "kind": "bridge", "name": "", "name_ne": "", "tags": {"highway": "tertiary"}}}, {"type": "Feature", "geometry": {"type": "Point", "coordinates": [86.141775, 27.3795013]}, "properties": {"external_id": "osm:way/343055928", "kind": "school", "name": "Shree Siddheshwor Ma Vi", "name_ne": "", "tags": {"amenity": "school", "name": "Shree Siddheshwor Ma Vi"}}}, {"type": "Feature", "geometry": {"type": "Point", "coordinates": [86.0986096, 27.6969128]}, "properties": {"external_id": "osm:way/343114606", "kind": "school", "name": "Shree Kalinaag Uchha Ma V", "name_ne": "", "tags": {"amenity": "school", "name": "Shree Kalinaag Uchha Ma V"}}}, {"type": "Feature", "geometry": {"type": "Point", "coordinates": [86.2319248, 27.6341953]}, "properties": {"external_id": "osm:way/343115153", "kind": "tourism", "name": "Jiri Hospital", "name_ne": "", "tags": {"name": "Jiri Hospital", "tourism": "hostel"}}}, {"type": "Feature", "geometry": {"type": "Point", "coordinates": [85.9638284, 27.9735732]}, "properties": {"external_id": "osm:way/343231162", "kind": "bridge", "name": "Sino-Nepal Friendship Bridge", "name_ne": "", "tags": {"highway": "trunk", "name": "Sino-Nepal Friendship Bridge", "name:en": "Sino-Nepal Friendship Bridge"}}}, {"type": "Feature", "geometry": {"type": "Point", "coordinates": [86.2699267, 27.450196]}, "properties": {"external_id": "osm:way/343281291", "kind": "school", "name": "Shree Narmadeshwar Ma Vi", "name_ne": "", "tags": {"amenity": "school", "name": "Shree Narmadeshwar Ma Vi"}}}, {"type": "Feature", "geometry": {"type": "Point", "coordinates": [86.2532313, 27.3949567]}, "properties": {"external_id": "osm:way/343439848", "kind": "school", "name": "Shri Gramodaya Yugakabi Siddhicharan Uchcha Ma.vi", "name_ne": "", "tags": {"amenity": "school", "name": "Shri Gramodaya Yugakabi Siddhicharan Uchcha Ma.vi"}}}, {"type": "Feature", "geometry": {"type": "Point", "coordinates": [86.5088806, 27.4399335]}, "properties": {"external_id": "osm:way/343482696", "kind": "school", "name": "", "name_ne": "", "tags": {"amenity": "school"}}}, {"type": "Feature", "geometry": {"type": "Point", "coordinates": [86.1123638, 27.4668948]}, "properties": {"external_id": "osm:way/343583379", "kind": "school", "name": "Shree tamakoshi jana jagrit uchha madhyamik bidhyalaya", "name_ne": "", "tags": {"amenity": "school", "name": "Shree tamakoshi jana jagrit uchha madhyamik bidhyalaya"}}}, {"type": "Feature", "geometry": {"type": "Point", "coordinates": [86.0270893, 27.3885642]}, "properties": {"external_id": "osm:way/343712083", "kind": "school", "name": "Shri Rudraksheshwar Uchha Ma V", "name_ne": "", "tags": {"amenity": "school", "name": "Shri Rudraksheshwar Uchha Ma V"}}}, {"type": "Feature", "geometry": {"type": "Point", "coordinates": [86.2252211, 27.3883157]}, "properties": {"external_id": "osm:way/344122479", "kind": "hydropower", "name": "", "name_ne": "", "tags": {"power": "generator"}}}, {"type": "Feature", "geometry": {"type": "Point", "coordinates": [86.5270362, 27.3508251]}, "properties": {"external_id": "osm:way/349628289", "kind": "bridge", "name": "", "name_ne": "", "tags": {"highway": "primary"}}}, {"type": "Feature", "geometry": {"type": "Point", "coordinates": [86.3019951, 27.4637095]}, "properties": {"external_id": "osm:way/351000045", "kind": "health", "name": "Khiji chandeshwori Healthpost", "name_ne": "", "tags": {"amenity": "hospital", "name": "Khiji chandeshwori Healthpost", "operator": "खिजी चण्डेश्वरी"}}}, {"type": "Feature", "geometry": {"type": "Point", "coordinates": [86.051258, 27.3773289]}, "properties": {"external_id": "osm:way/355333279", "kind": "bridge", "name": "Khurkot Manthali Rd", "name_ne": "", "tags": {"highway": "secondary", "name": "Khurkot Manthali Rd"}}}, {"type": "Feature", "geometry": {"type": "Point", "coordinates": [86.090895, 27.5823445]}, "properties": {"external_id": "osm:way/355730208", "kind": "bridge", "name": "", "name_ne": "", "tags": {"highway": "secondary"}}}, {"type": "Feature", "geometry": {"type": "Point", "coordinates": [86.0908259, 27.5848651]}, "properties": {"external_id": "osm:way/355730209", "kind": "bridge", "name": "", "name_ne": "", "tags": {"highway": "secondary"}}}, {"type": "Feature", "geometry": {"type": "Point", "coordinates": [86.2196395, 27.8349387]}, "properties": {"external_id": "osm:way/356645593", "kind": "bridge", "name": "", "name_ne": "", "tags": {"highway": "secondary"}}}, {"type": "Feature", "geometry": {"type": "Point", "coordinates": [86.2079341, 27.9012269]}, "properties": {"external_id": "osm:way/356645594", "kind": "bridge", "name": "", "name_ne": "", "tags": {"highway": "secondary"}}}, {"type": "Feature", "geometry": {"type": "Point", "coordinates": [86.1107104, 27.4576633]}, "properties": {"external_id": "osm:way/372804618", "kind": "bridge", "name": "", "name_ne": "", "tags": {"highway": "secondary"}}}, {"type": "Feature", "geometry": {"type": "Point", "coordinates": [86.2330641, 27.6365314]}, "properties": {"external_id": "osm:way/394321584", "kind": "school", "name": "Dhugeshowari Nimna Madhyamik Bidhyalaya", "name_ne": "", "tags": {"amenity": "school", "name": "Dhugeshowari Nimna Madhyamik Bidhyalaya"}}}, {"type": "Feature", "geometry": {"type": "Point", "coordinates": [85.9754977, 27.3595149]}, "properties": {"external_id": "osm:way/481257896", "kind": "bridge", "name": "BP Highway", "name_ne": "", "tags": {"highway": "trunk", "name": "BP Highway"}}}, {"type": "Feature", "geometry": {"type": "Point", "coordinates": [86.0790409, 27.8263397]}, "properties": {"external_id": "osm:way/488058679", "kind": "school", "name": "Shree Saraswoti Pimary School", "name_ne": "", "tags": {"amenity": "school", "name": "Shree Saraswoti Pimary School"}}}, {"type": "Feature", "geometry": {"type": "Point", "coordinates": [86.3475776, 27.5495316]}, "properties": {"external_id": "osm:way/497974114", "kind": "school", "name": "Swotarmu Pra V", "name_ne": "", "tags": {"amenity": "school", "name": "Swotarmu Pra V"}}}, {"type": "Feature", "geometry": {"type": "Point", "coordinates": [86.3295679, 27.5812149]}, "properties": {"external_id": "osm:way/497974983", "kind": "school", "name": "Thodung Pra V", "name_ne": "", "tags": {"amenity": "school", "name": "Thodung Pra V"}}}, {"type": "Feature", "geometry": {"type": "Point", "coordinates": [86.3602518, 27.5712016]}, "properties": {"external_id": "osm:way/497975078", "kind": "school", "name": "Shree Jana Kalyan Model Pra V", "name_ne": "", "tags": {"amenity": "school", "name": "Shree Jana Kalyan Model Pra V"}}}, {"type": "Feature", "geometry": {"type": "Point", "coordinates": [86.3421073, 27.577949]}, "properties": {"external_id": "osm:way/497975240", "kind": "school", "name": "Siddhartha Boudha Pra V", "name_ne": "", "tags": {"amenity": "school", "name": "Siddhartha Boudha Pra V"}}}, {"type": "Feature", "geometry": {"type": "Point", "coordinates": [86.3325171, 27.556004]}, "properties": {"external_id": "osm:way/497975356", "kind": "school", "name": "Bauddha Pra V", "name_ne": "", "tags": {"amenity": "school", "name": "Bauddha Pra V"}}}, {"type": "Feature", "geometry": {"type": "Point", "coordinates": [86.3478535, 27.565557]}, "properties": {"external_id": "osm:way/497978323", "kind": "school", "name": "Siddheshwar Uchha Ma V", "name_ne": "", "tags": {"amenity": "school", "name": "Siddheshwar Uchha Ma V"}}}, {"type": "Feature", "geometry": {"type": "Point", "coordinates": [86.1712881, 27.5406301]}, "properties": {"external_id": "osm:way/497990596", "kind": "school", "name": "Bhumeshwori Ni Ma Vi", "name_ne": "", "tags": {"amenity": "school", "name": "Bhumeshwori Ni Ma Vi"}}}, {"type": "Feature", "geometry": {"type": "Point", "coordinates": [86.1948044, 27.5168151]}, "properties": {"external_id": "osm:way/497990827", "kind": "school", "name": "Setidevi Ni Ma V", "name_ne": "", "tags": {"amenity": "school", "name": "Setidevi Ni Ma V"}}}, {"type": "Feature", "geometry": {"type": "Point", "coordinates": [86.1671621, 27.5334071]}, "properties": {"external_id": "osm:way/497991253", "kind": "school", "name": "Janajgrit Uchha Ma Vi", "name_ne": "", "tags": {"amenity": "school", "name": "Janajgrit Uchha Ma Vi"}}}, {"type": "Feature", "geometry": {"type": "Point", "coordinates": [86.1550953, 27.5148452]}, "properties": {"external_id": "osm:way/497991950", "kind": "school", "name": "Gokulganga Ni Ma Vi", "name_ne": "", "tags": {"amenity": "school", "name": "Gokulganga Ni Ma Vi"}}}, {"type": "Feature", "geometry": {"type": "Point", "coordinates": [86.1715265, 27.5249643]}, "properties": {"external_id": "osm:way/497993079", "kind": "school", "name": "Shiva Ni Ma V", "name_ne": "", "tags": {"amenity": "school", "name": "Shiva Ni Ma V"}}}, {"type": "Feature", "geometry": {"type": "Point", "coordinates": [86.1753872, 27.5366018]}, "properties": {"external_id": "osm:way/497993735", "kind": "school", "name": "Jangala Devi Pra V", "name_ne": "", "tags": {"amenity": "school", "name": "Jangala Devi Pra V"}}}, {"type": "Feature", "geometry": {"type": "Point", "coordinates": [86.165301, 27.5220781]}, "properties": {"external_id": "osm:way/497994388", "kind": "school", "name": "Sidda Jyoti Hari Mishra Ni Ma Vi", "name_ne": "", "tags": {"amenity": "school", "name": "Sidda Jyoti Hari Mishra Ni Ma Vi"}}}, {"type": "Feature", "geometry": {"type": "Point", "coordinates": [85.9733089, 27.4860214]}, "properties": {"external_id": "osm:way/498160400", "kind": "school", "name": "Chirankhu Pra vi", "name_ne": "", "tags": {"amenity": "school", "name": "Chirankhu Pra vi"}}}, {"type": "Feature", "geometry": {"type": "Point", "coordinates": [85.9860862, 27.4762505]}, "properties": {"external_id": "osm:way/498160524", "kind": "school", "name": "Kalika Devi Ni Ma Vi", "name_ne": "", "tags": {"amenity": "school", "name": "Kalika Devi Ni Ma Vi"}}}, {"type": "Feature", "geometry": {"type": "Point", "coordinates": [85.9715011, 27.4534356]}, "properties": {"external_id": "osm:way/498166588", "kind": "school", "name": "Namo Buddha Ni Ma Vi", "name_ne": "", "tags": {"amenity": "school", "name": "Namo Buddha Ni Ma Vi"}}}, {"type": "Feature", "geometry": {"type": "Point", "coordinates": [85.9658685, 27.4752749]}, "properties": {"external_id": "osm:way/498166589", "kind": "school", "name": "Mahakali Pra Vi", "name_ne": "", "tags": {"amenity": "school", "name": "Mahakali Pra Vi"}}}, {"type": "Feature", "geometry": {"type": "Point", "coordinates": [85.9769037, 27.4405529]}, "properties": {"external_id": "osm:way/498168118", "kind": "school", "name": "Manakamana Pra Vi", "name_ne": "", "tags": {"amenity": "school", "name": "Manakamana Pra Vi"}}}, {"type": "Feature", "geometry": {"type": "Point", "coordinates": [85.9720321, 27.4606193]}, "properties": {"external_id": "osm:way/498168376", "kind": "school", "name": "Mahakali Jana Jyoti Pra Vi", "name_ne": "", "tags": {"amenity": "school", "name": "Mahakali Jana Jyoti Pra Vi"}}}, {"type": "Feature", "geometry": {"type": "Point", "coordinates": [85.9817317, 27.4649383]}, "properties": {"external_id": "osm:way/498169016", "kind": "school", "name": "Sange Buddha Pra Vi", "name_ne": "", "tags": {"amenity": "school", "name": "Sange Buddha Pra Vi"}}}, {"type": "Feature", "geometry": {"type": "Point", "coordinates": [86.0085484, 27.4217142]}, "properties": {"external_id": "osm:way/498176322", "kind": "school", "name": "Kapileswor Ni Ma Vi", "name_ne": "", "tags": {"amenity": "school", "name": "Kapileswor Ni Ma Vi"}}}, {"type": "Feature", "geometry": {"type": "Point", "coordinates": [86.0506371, 27.3975848]}, "properties": {"external_id": "osm:way/498177470", "kind": "school", "name": "Nilkanthswar Pra Vi", "name_ne": "", "tags": {"amenity": "school", "name": "Nilkanthswar Pra Vi"}}}, {"type": "Feature", "geometry": {"type": "Point", "coordinates": [86.0203813, 27.4098026]}, "properties": {"external_id": "osm:way/498177748", "kind": "school", "name": "Rameswor Pra Vi", "name_ne": "", "tags": {"amenity": "school", "name": "Rameswor Pra Vi"}}}, {"type": "Feature", "geometry": {"type": "Point", "coordinates": [85.9921971, 27.4359526]}, "properties": {"external_id": "osm:way/498183151", "kind": "school", "name": "Kalika Devi Ni Ma Vi", "name_ne": "", "tags": {"amenity": "school", "name": "Kalika Devi Ni Ma Vi"}}}, {"type": "Feature", "geometry": {"type": "Point", "coordinates": [86.0225926, 27.3920388]}, "properties": {"external_id": "osm:way/498544494", "kind": "school", "name": "Shree Durga Devi Pra Vi", "name_ne": "", "tags": {"amenity": "school", "name": "Shree Durga Devi Pra Vi"}}}, {"type": "Feature", "geometry": {"type": "Point", "coordinates": [85.9977593, 27.4388847]}, "properties": {"external_id": "osm:way/498544610", "kind": "school", "name": "Bal Kalyan Pra Vi", "name_ne": "", "tags": {"amenity": "school", "name": "Bal Kalyan Pra Vi"}}}, {"type": "Feature", "geometry": {"type": "Point", "coordinates": [86.0092981, 27.4052893]}, "properties": {"external_id": "osm:way/498545239", "kind": "school", "name": "Shree Nava Durga Pra V", "name_ne": "", "tags": {"amenity": "school", "name": "Shree Nava Durga Pra V"}}}, {"type": "Feature", "geometry": {"type": "Point", "coordinates": [85.9579298, 27.4055871]}, "properties": {"external_id": "osm:way/498547028", "kind": "school", "name": "Devi Pra V", "name_ne": "", "tags": {"amenity": "school", "name": "Devi Pra V"}}}, {"type": "Feature", "geometry": {"type": "Point", "coordinates": [85.9516929, 27.4187697]}, "properties": {"external_id": "osm:way/498748354", "kind": "school", "name": "Laligurash PRA V", "name_ne": "", "tags": {"amenity": "school", "name": "Laligurash PRA V"}}}, {"type": "Feature", "geometry": {"type": "Point", "coordinates": [86.2680999, 27.4678777]}, "properties": {"external_id": "osm:way/498749932", "kind": "school", "name": "Thinkepu Nimavi", "name_ne": "", "tags": {"amenity": "school", "name": "Thinkepu Nimavi"}}}, {"type": "Feature", "geometry": {"type": "Point", "coordinates": [86.2783391, 27.4839259]}, "properties": {"external_id": "osm:way/498752449", "kind": "school", "name": "Kasthem Mavi", "name_ne": "", "tags": {"amenity": "school", "name": "Kasthem Mavi"}}}, {"type": "Feature", "geometry": {"type": "Point", "coordinates": [86.2097645, 27.4071539]}, "properties": {"external_id": "osm:way/498760369", "kind": "school", "name": "Bhirengeshwor Ma V", "name_ne": "", "tags": {"amenity": "school", "name": "Bhirengeshwor Ma V"}}}, {"type": "Feature", "geometry": {"type": "Point", "coordinates": [86.1916863, 27.4215619]}, "properties": {"external_id": "osm:way/498768217", "kind": "school", "name": "Seti Devi Parvi", "name_ne": "", "tags": {"amenity": "school", "name": "Seti Devi Parvi"}}}, {"type": "Feature", "geometry": {"type": "Point", "coordinates": [86.1724773, 27.4034462]}, "properties": {"external_id": "osm:way/498802940", "kind": "school", "name": "Balkanaya Devi Ni Mavi", "name_ne": "", "tags": {"amenity": "school", "name": "Balkanaya Devi Ni Mavi"}}}, {"type": "Feature", "geometry": {"type": "Point", "coordinates": [86.2217787, 27.3883578]}, "properties": {"external_id": "osm:way/498803776", "kind": "school", "name": "Gaiyashwori Ni Ma Vi", "name_ne": "", "tags": {"amenity": "school", "name": "Gaiyashwori Ni Ma Vi"}}}, {"type": "Feature", "geometry": {"type": "Point", "coordinates": [86.2061099, 27.4179066]}, "properties": {"external_id": "osm:way/498805969", "kind": "school", "name": "Bhirengeshwor Mav", "name_ne": "", "tags": {"amenity": "school", "name": "Bhirengeshwor Mav"}}}, {"type": "Feature", "geometry": {"type": "Point", "coordinates": [86.0465742, 27.4410216]}, "properties": {"external_id": "osm:way/498824391", "kind": "school", "name": "Saraswati Ma Vi", "name_ne": "", "tags": {"amenity": "school", "name": "Saraswati Ma Vi"}}}, {"type": "Feature", "geometry": {"type": "Point", "coordinates": [86.039935, 27.4206876]}, "properties": {"external_id": "osm:way/498831719", "kind": "school", "name": "Jagadamba Ni Ma Vi", "name_ne": "", "tags": {"amenity": "school", "name": "Jagadamba Ni Ma Vi"}}}, {"type": "Feature", "geometry": {"type": "Point", "coordinates": [86.0647098, 27.4019486]}, "properties": {"external_id": "osm:way/498832020", "kind": "school", "name": "Narmadeshower Pra Vi", "name_ne": "", "tags": {"amenity": "school", "name": "Narmadeshower Pra Vi"}}}, {"type": "Feature", "geometry": {"type": "Point", "coordinates": [86.0403292, 27.4102666]}, "properties": {"external_id": "osm:way/498832386", "kind": "school", "name": "Kapileshwor Pra Vi", "name_ne": "", "tags": {"amenity": "school", "name": "Kapileshwor Pra Vi"}}}, {"type": "Feature", "geometry": {"type": "Point", "coordinates": [86.3151799, 27.6458508]}, "properties": {"external_id": "osm:way/498832971", "kind": "school", "name": "Shree Jattesswori Uccha Ma Vi", "name_ne": "", "tags": {"amenity": "school", "name": "Shree Jattesswori Uccha Ma Vi"}}}, {"type": "Feature", "geometry": {"type": "Point", "coordinates": [86.3243802, 27.6547868]}, "properties": {"external_id": "osm:way/498833150", "kind": "school", "name": "Shree Valepokhari Pra Vi", "name_ne": "", "tags": {"amenity": "school", "name": "Shree Valepokhari Pra Vi"}}}, {"type": "Feature", "geometry": {"type": "Point", "coordinates": [86.3068004, 27.6040002]}, "properties": {"external_id": "osm:way/498833592", "kind": "school", "name": "Shree seti devi Ma vi", "name_ne": "", "tags": {"amenity": "school", "name": "Shree seti devi Ma vi"}}}, {"type": "Feature", "geometry": {"type": "Point", "coordinates": [86.327284, 27.6446836]}, "properties": {"external_id": "osm:way/498983226", "kind": "school", "name": "Shree Kusmawati Pra Vi", "name_ne": "", "tags": {"amenity": "school", "name": "Shree Kusmawati Pra Vi"}}}, {"type": "Feature", "geometry": {"type": "Point", "coordinates": [86.3109769, 27.6140198]}, "properties": {"external_id": "osm:way/498983576", "kind": "school", "name": "Shree Mahadeveswori Pra Vi", "name_ne": "", "tags": {"amenity": "school", "name": "Shree Mahadeveswori Pra Vi"}}}, {"type": "Feature", "geometry": {"type": "Point", "coordinates": [85.9808014, 27.5403668]}, "properties": {"external_id": "osm:way/498984341", "kind": "school", "name": "Shelungswori Pra Vi..", "name_ne": "", "tags": {"amenity": "school", "name": "Shelungswori Pra Vi.."}}}, {"type": "Feature", "geometry": {"type": "Point", "coordinates": [86.0074065, 27.4918053]}, "properties": {"external_id": "osm:way/499006515", "kind": "school", "name": "Gyanjyoti Pra Vi", "name_ne": "", "tags": {"amenity": "school", "name": "Gyanjyoti Pra Vi"}}}, {"type": "Feature", "geometry": {"type": "Point", "coordinates": [86.0195743, 27.4940728]}, "properties": {"external_id": "osm:way/499007319", "kind": "school", "name": "Siddhartha Jana jyoti Ni Ma Vi.", "name_ne": "", "tags": {"amenity": "school", "name": "Siddhartha Jana jyoti Ni Ma Vi."}}}, {"type": "Feature", "geometry": {"type": "Point", "coordinates": [85.9605346, 27.5065234]}, "properties": {"external_id": "osm:way/499007602", "kind": "school", "name": "Nawabuda Pra Vi", "name_ne": "", "tags": {"amenity": "school", "name": "Nawabuda Pra Vi"}}}, {"type": "Feature", "geometry": {"type": "Point", "coordinates": [85.9716335, 27.5219401]}, "properties": {"external_id": "osm:way/499580210", "kind": "school", "name": "Sangiwani ni ma vi", "name_ne": "", "tags": {"amenity": "school", "name": "Sangiwani ni ma vi"}}}, {"type": "Feature", "geometry": {"type": "Point", "coordinates": [85.9870739, 27.4994478]}, "properties": {"external_id": "osm:way/499580509", "kind": "school", "name": "Surke Daurali Uchha Ma Vi", "name_ne": "", "tags": {"amenity": "school", "name": "Surke Daurali Uchha Ma Vi"}}}, {"type": "Feature", "geometry": {"type": "Point", "coordinates": [86.1855622, 27.3643777]}, "properties": {"external_id": "osm:way/499593236", "kind": "school", "name": "Jalpa Devi Pra Vi", "name_ne": "", "tags": {"amenity": "school", "name": "Jalpa Devi Pra Vi"}}}, {"type": "Feature", "geometry": {"type": "Point", "coordinates": [86.1898643, 27.3503411]}, "properties": {"external_id": "osm:way/499593404", "kind": "school", "name": "Champa Devi Pra Vi.", "name_ne": "", "tags": {"amenity": "school", "name": "Champa Devi Pra Vi."}}}, {"type": "Feature", "geometry": {"type": "Point", "coordinates": [86.1589144, 27.3788055]}, "properties": {"external_id": "osm:way/499593991", "kind": "school", "name": "Shree Setidevi Pra Vi", "name_ne": "", "tags": {"amenity": "school", "name": "Shree Setidevi Pra Vi"}}}, {"type": "Feature", "geometry": {"type": "Point", "coordinates": [86.1721692, 27.373752]}, "properties": {"external_id": "osm:way/499594056", "kind": "school", "name": "Shitala Devi Ma Vi", "name_ne": "", "tags": {"amenity": "school", "name": "Shitala Devi Ma Vi"}}}, {"type": "Feature", "geometry": {"type": "Point", "coordinates": [86.1736896, 27.3566304]}, "properties": {"external_id": "osm:way/499594222", "kind": "school", "name": "Kalika Devi ma vi", "name_ne": "", "tags": {"amenity": "school", "name": "Kalika Devi ma vi"}}}, {"type": "Feature", "geometry": {"type": "Point", "coordinates": [86.1682009, 27.3554285]}, "properties": {"external_id": "osm:way/499595518", "kind": "school", "name": "Nawa Jana jagriti Pra vi..", "name_ne": "", "tags": {"amenity": "school", "name": "Nawa Jana jagriti Pra vi.."}}}, {"type": "Feature", "geometry": {"type": "Point", "coordinates": [86.2297759, 27.4732326]}, "properties": {"external_id": "osm:way/500072764", "kind": "school", "name": "Shankareshowri Ni Mavi", "name_ne": "", "tags": {"amenity": "school", "name": "Shankareshowri Ni Mavi"}}}, {"type": "Feature", "geometry": {"type": "Point", "coordinates": [86.2337963, 27.4578982]}, "properties": {"external_id": "osm:way/500083352", "kind": "school", "name": "Siddheshwor Pra Vi", "name_ne": "", "tags": {"amenity": "school", "name": "Siddheshwor Pra Vi"}}}, {"type": "Feature", "geometry": {"type": "Point", "coordinates": [86.133147, 27.4798159]}, "properties": {"external_id": "osm:way/500309697", "kind": "school", "name": "Bharati Pravi", "name_ne": "", "tags": {"amenity": "school", "name": "Bharati Pravi"}}}, {"type": "Feature", "geometry": {"type": "Point", "coordinates": [86.1629565, 27.4725537]}, "properties": {"external_id": "osm:way/500321479", "kind": "school", "name": "Jyamkiri Pra Vi", "name_ne": "", "tags": {"amenity": "school", "name": "Jyamkiri Pra Vi"}}}, {"type": "Feature", "geometry": {"type": "Point", "coordinates": [86.156074, 27.4674925]}, "properties": {"external_id": "osm:way/500321601", "kind": "school", "name": "Gaiyashwori Pra Vi", "name_ne": "", "tags": {"amenity": "school", "name": "Gaiyashwori Pra Vi"}}}, {"type": "Feature", "geometry": {"type": "Point", "coordinates": [86.0934185, 27.467709]}, "properties": {"external_id": "osm:way/500325612", "kind": "school", "name": "Sikral Ma Vi", "name_ne": "", "tags": {"amenity": "school", "name": "Sikral Ma Vi"}}}, {"type": "Feature", "geometry": {"type": "Point", "coordinates": [86.069513, 27.4311533]}, "properties": {"external_id": "osm:way/500325928", "kind": "school", "name": "Manakamana Ma Vi", "name_ne": "", "tags": {"amenity": "school", "name": "Manakamana Ma Vi"}}}, {"type": "Feature", "geometry": {"type": "Point", "coordinates": [86.0697075, 27.4505151]}, "properties": {"external_id": "osm:way/500326664", "kind": "school", "name": "Laharebar Pra Vi", "name_ne": "", "tags": {"amenity": "school", "name": "Laharebar Pra Vi"}}}, {"type": "Feature", "geometry": {"type": "Point", "coordinates": [86.0894343, 27.4374286]}, "properties": {"external_id": "osm:way/500336230", "kind": "school", "name": "Kalikadevi Pra Vi", "name_ne": "", "tags": {"amenity": "school", "name": "Kalikadevi Pra Vi"}}}, {"type": "Feature", "geometry": {"type": "Point", "coordinates": [86.0780096, 27.4425673]}, "properties": {"external_id": "osm:way/500339989", "kind": "school", "name": "Tamakoshi Pra Vi", "name_ne": "", "tags": {"amenity": "school", "name": "Tamakoshi Pra Vi"}}}, {"type": "Feature", "geometry": {"type": "Point", "coordinates": [86.0669946, 27.4569252]}, "properties": {"external_id": "osm:way/500358127", "kind": "school", "name": "Gyandan Pra Vi", "name_ne": "", "tags": {"amenity": "school", "name": "Gyandan Pra Vi"}}}, {"type": "Feature", "geometry": {"type": "Point", "coordinates": [86.054797, 27.4682279]}, "properties": {"external_id": "osm:way/500359153", "kind": "school", "name": "Ranikunja Pra Vi.", "name_ne": "", "tags": {"amenity": "school", "name": "Ranikunja Pra Vi."}}}, {"type": "Feature", "geometry": {"type": "Point", "coordinates": [86.2090201, 27.3769883]}, "properties": {"external_id": "osm:way/500574648", "kind": "school", "name": "Chandeswori Uchha Ma Vi..", "name_ne": "", "tags": {"amenity": "school", "name": "Chandeswori Uchha Ma Vi.."}}}, {"type": "Feature", "geometry": {"type": "Point", "coordinates": [86.1922831, 27.3884441]}, "properties": {"external_id": "osm:way/500574806", "kind": "school", "name": "Vhumeshwor Ni Ma Vi", "name_ne": "", "tags": {"amenity": "school", "name": "Vhumeshwor Ni Ma Vi"}}}, {"type": "Feature", "geometry": {"type": "Point", "coordinates": [86.2040338, 27.389866]}, "properties": {"external_id": "osm:way/500575708", "kind": "school", "name": "Sideshwor Pra Vi", "name_ne": "", "tags": {"amenity": "school", "name": "Sideshwor Pra Vi"}}}, {"type": "Feature", "geometry": {"type": "Point", "coordinates": [86.4112858, 27.6138939]}, "properties": {"external_id": "osm:way/500575885", "kind": "school", "name": "Pabitra Dristi Numbur Himalayan Pra V", "name_ne": "", "tags": {"amenity": "school", "name": "Pabitra Dristi Numbur Himalayan Pra V"}}}, {"type": "Feature", "geometry": {"type": "Point", "coordinates": [86.3812985, 27.5822557]}, "properties": {"external_id": "osm:way/500575974", "kind": "school", "name": "Jadibuti Ni Ma V", "name_ne": "", "tags": {"amenity": "school", "name": "Jadibuti Ni Ma V"}}}, {"type": "Feature", "geometry": {"type": "Point", "coordinates": [86.4110357, 27.5985613]}, "properties": {"external_id": "osm:way/500576047", "kind": "school", "name": "Bal Jyoti Pra V", "name_ne": "", "tags": {"amenity": "school", "name": "Bal Jyoti Pra V"}}}, {"type": "Feature", "geometry": {"type": "Point", "coordinates": [86.4234359, 27.6171731]}, "properties": {"external_id": "osm:way/500576076", "kind": "school", "name": "Mahalangur Uchha Ma V", "name_ne": "", "tags": {"amenity": "school", "name": "Mahalangur Uchha Ma V"}}}, {"type": "Feature", "geometry": {"type": "Point", "coordinates": [86.4271494, 27.6295634]}, "properties": {"external_id": "osm:way/500576305", "kind": "school", "name": "Shree Umathirtha Pra Vi", "name_ne": "", "tags": {"amenity": "school", "name": "Shree Umathirtha Pra Vi"}}}, {"type": "Feature", "geometry": {"type": "Point", "coordinates": [86.4590737, 27.6806559]}, "properties": {"external_id": "osm:way/500576362", "kind": "school", "name": "Himalaya Pra V", "name_ne": "", "tags": {"amenity": "school", "name": "Himalaya Pra V"}}}, {"type": "Feature", "geometry": {"type": "Point", "coordinates": [86.4239388, 27.6090418]}, "properties": {"external_id": "osm:way/500576572", "kind": "school", "name": "Walding Pra V", "name_ne": "", "tags": {"amenity": "school", "name": "Walding Pra V"}}}, {"type": "Feature", "geometry": {"type": "Point", "coordinates": [86.2697573, 27.5119938]}, "properties": {"external_id": "osm:way/500580080", "kind": "school", "name": "Kaileshwor Uchha Ma Vi", "name_ne": "", "tags": {"amenity": "school", "name": "Kaileshwor Uchha Ma Vi"}}}, {"type": "Feature", "geometry": {"type": "Point", "coordinates": [86.2591436, 27.5204576]}, "properties": {"external_id": "osm:way/500609194", "kind": "school", "name": "Gupteshwor Pra Vi", "name_ne": "", "tags": {"amenity": "school", "name": "Gupteshwor Pra Vi"}}}, {"type": "Feature", "geometry": {"type": "Point", "coordinates": [86.2482689, 27.5274859]}, "properties": {"external_id": "osm:way/500610057", "kind": "school", "name": "Kali Devi Pra Vi", "name_ne": "", "tags": {"amenity": "school", "name": "Kali Devi Pra Vi"}}}, {"type": "Feature", "geometry": {"type": "Point", "coordinates": [86.1318469, 27.397695]}, "properties": {"external_id": "osm:way/501587804", "kind": "school", "name": "Gunjeswori ra. Via.", "name_ne": "", "tags": {"amenity": "school", "name": "Gunjeswori ra. Via."}}}, {"type": "Feature", "geometry": {"type": "Point", "coordinates": [86.1012475, 27.4044495]}, "properties": {"external_id": "osm:way/501588176", "kind": "school", "name": "Shree Ghauri Shankar Pra V", "name_ne": "", "tags": {"amenity": "school", "name": "Shree Ghauri Shankar Pra V"}}}, {"type": "Feature", "geometry": {"type": "Point", "coordinates": [86.1080281, 27.3944007]}, "properties": {"external_id": "osm:way/501598682", "kind": "school", "name": "Nil Kantheswor Uchha Ma Vi", "name_ne": "", "tags": {"amenity": "school", "name": "Nil Kantheswor Uchha Ma Vi"}}}, {"type": "Feature", "geometry": {"type": "Point", "coordinates": [86.1160477, 27.3920308]}, "properties": {"external_id": "osm:way/501644506", "kind": "school", "name": "Mahadev Pra V", "name_ne": "", "tags": {"amenity": "school", "name": "Mahadev Pra V"}}}, {"type": "Feature", "geometry": {"type": "Point", "coordinates": [86.0930826, 27.3772771]}, "properties": {"external_id": "osm:way/501645074", "kind": "school", "name": "Kalika Ni Ma Vi.", "name_ne": "", "tags": {"amenity": "school", "name": "Kalika Ni Ma Vi."}}}, {"type": "Feature", "geometry": {"type": "Point", "coordinates": [86.1008231, 27.379513]}, "properties": {"external_id": "osm:way/501645495", "kind": "school", "name": "JalKanya Pra V", "name_ne": "", "tags": {"amenity": "school", "name": "JalKanya Pra V"}}}, {"type": "Feature", "geometry": {"type": "Point", "coordinates": [86.121041, 27.3817081]}, "properties": {"external_id": "osm:way/501645896", "kind": "school", "name": "Archale Pra Vi", "name_ne": "", "tags": {"amenity": "school", "name": "Archale Pra Vi"}}}, {"type": "Feature", "geometry": {"type": "Point", "coordinates": [85.9578202, 27.483829]}, "properties": {"external_id": "osm:way/501648310", "kind": "school", "name": "Shree Saraswoti Pra vi", "name_ne": "", "tags": {"amenity": "school", "name": "Shree Saraswoti Pra vi"}}}, {"type": "Feature", "geometry": {"type": "Point", "coordinates": [85.9586513, 27.4759478]}, "properties": {"external_id": "osm:way/502660142", "kind": "school", "name": "Gaurisankar Pra Vi", "name_ne": "", "tags": {"amenity": "school", "name": "Gaurisankar Pra Vi"}}}, {"type": "Feature", "geometry": {"type": "Point", "coordinates": [86.1447295, 27.4445192]}, "properties": {"external_id": "osm:way/504537633", "kind": "school", "name": "Shree Ma Vi Jaymirekhani", "name_ne": "", "tags": {"amenity": "school", "name": "Shree Ma Vi Jaymirekhani"}}}, {"type": "Feature", "geometry": {"type": "Point", "coordinates": [86.1259649, 27.4600367]}, "properties": {"external_id": "osm:way/504538490", "kind": "school", "name": "Narmadeshwor Pra.V", "name_ne": "", "tags": {"amenity": "school", "name": "Narmadeshwor Pra.V"}}}, {"type": "Feature", "geometry": {"type": "Point", "coordinates": [86.1343132, 27.4402113]}, "properties": {"external_id": "osm:way/504538777", "kind": "school", "name": "Jana Shakti Pra Vi", "name_ne": "", "tags": {"amenity": "school", "name": "Jana Shakti Pra Vi"}}}, {"type": "Feature", "geometry": {"type": "Point", "coordinates": [86.1659492, 27.4400994]}, "properties": {"external_id": "osm:way/504539133", "kind": "school", "name": "Kaileshwor Prv Vi", "name_ne": "", "tags": {"amenity": "school", "name": "Kaileshwor Prv Vi"}}}, {"type": "Feature", "geometry": {"type": "Point", "coordinates": [86.1399485, 27.4598564]}, "properties": {"external_id": "osm:way/504539801", "kind": "school", "name": "Bhumethan Pa Vi", "name_ne": "", "tags": {"amenity": "school", "name": "Bhumethan Pa Vi"}}}, {"type": "Feature", "geometry": {"type": "Point", "coordinates": [86.3506035, 27.54123]}, "properties": {"external_id": "osm:way/504540069", "kind": "school", "name": "Shree Saraswati Pra Vi", "name_ne": "", "tags": {"amenity": "school", "name": "Shree Saraswati Pra Vi"}}}, {"type": "Feature", "geometry": {"type": "Point", "coordinates": [86.3417864, 27.5258048]}, "properties": {"external_id": "osm:way/504540158", "kind": "school", "name": "Shree Himaganga Pra Vi", "name_ne": "", "tags": {"amenity": "school", "name": "Shree Himaganga Pra Vi"}}}, {"type": "Feature", "geometry": {"type": "Point", "coordinates": [86.32775, 27.5372037]}, "properties": {"external_id": "osm:way/504540339", "kind": "school", "name": "Shree Jana Chakshu Pra V", "name_ne": "", "tags": {"amenity": "school", "name": "Shree Jana Chakshu Pra V"}}}, {"type": "Feature", "geometry": {"type": "Point", "coordinates": [86.3257361, 27.5268398]}, "properties": {"external_id": "osm:way/504540565", "kind": "school", "name": "Shree Chandeswori Ni Ma Vi", "name_ne": "", "tags": {"amenity": "school", "name": "Shree Chandeswori Ni Ma Vi"}}}, {"type": "Feature", "geometry": {"type": "Point", "coordinates": [86.3435181, 27.5341661]}, "properties": {"external_id": "osm:way/506439846", "kind": "school", "name": "Janata Ma Vi", "name_ne": "", "tags": {"amenity": "school", "name": "Janata Ma Vi"}}}, {"type": "Feature", "geometry": {"type": "Point", "coordinates": [86.3296478, 27.5202589]}, "properties": {"external_id": "osm:way/506440423", "kind": "school", "name": "Shree Bhagwati Ni Ma Vi", "name_ne": "", "tags": {"amenity": "school", "name": "Shree Bhagwati Ni Ma Vi"}}}, {"type": "Feature", "geometry": {"type": "Point", "coordinates": [86.3427788, 27.5416837]}, "properties": {"external_id": "osm:way/506440624", "kind": "school", "name": "Shree Jana Jyoti Pra Vi", "name_ne": "", "tags": {"amenity": "school", "name": "Shree Jana Jyoti Pra Vi"}}}, {"type": "Feature", "geometry": {"type": "Point", "coordinates": [85.965562, 27.4390079]}, "properties": {"external_id": "osm:way/506659029", "kind": "school", "name": "Bhumisthan Bal Bikas Kendra", "name_ne": "भूमिस्थान बाल बिकाश केन्द्र", "tags": {"amenity": "school", "name": "Bhumisthan Bal Bikas Kendra", "name:ne": "भूमिस्थान बाल बिकाश केन्द्र"}}}, {"type": "Feature", "geometry": {"type": "Point", "coordinates": [85.9598141, 27.4573187]}, "properties": {"external_id": "osm:way/506659717", "kind": "school", "name": "Tarkeswori Ni Ma Vi", "name_ne": "तार्केशोरी निम्न माध्यमिक बिद्यालय", "tags": {"amenity": "school", "name": "Tarkeswori Ni Ma Vi", "name:ne": "तार्केशोरी निम्न माध्यमिक बिद्यालय"}}}, {"type": "Feature", "geometry": {"type": "Point", "coordinates": [85.9600688, 27.447122]}, "properties": {"external_id": "osm:way/506666255", "kind": "school", "name": "Bishnu Jana Jyoti Ma Vi", "name_ne": "", "tags": {"amenity": "school", "name": "Bishnu Jana Jyoti Ma Vi"}}}, {"type": "Feature", "geometry": {"type": "Point", "coordinates": [85.9559483, 27.4448161]}, "properties": {"external_id": "osm:way/507280309", "kind": "school", "name": "Sunadevi Pra Vi", "name_ne": "", "tags": {"amenity": "school", "name": "Sunadevi Pra Vi"}}}, {"type": "Feature", "geometry": {"type": "Point", "coordinates": [86.0291365, 27.3589673]}, "properties": {"external_id": "osm:way/507281096", "kind": "school", "name": "Kalika Ma Vi", "name_ne": "", "tags": {"amenity": "school", "name": "Kalika Ma Vi"}}}, {"type": "Feature", "geometry": {"type": "Point", "coordinates": [86.0138163, 27.3760731]}, "properties": {"external_id": "osm:way/507284100", "kind": "school", "name": "Siddeshwor Pra Vi", "name_ne": "", "tags": {"amenity": "school", "name": "Siddeshwor Pra Vi"}}}, {"type": "Feature", "geometry": {"type": "Point", "coordinates": [86.0343429, 27.3644695]}, "properties": {"external_id": "osm:way/508616679", "kind": "school", "name": "Bhimeshower Pra Vi", "name_ne": "", "tags": {"amenity": "school", "name": "Bhimeshower Pra Vi"}}}, {"type": "Feature", "geometry": {"type": "Point", "coordinates": [86.0499067, 27.360257]}, "properties": {"external_id": "osm:way/508619730", "kind": "school", "name": "Devisthan Pra V", "name_ne": "", "tags": {"amenity": "school", "name": "Devisthan Pra V"}}}, {"type": "Feature", "geometry": {"type": "Point", "coordinates": [85.9970015, 27.3702327]}, "properties": {"external_id": "osm:way/508624839", "kind": "school", "name": "Nava Jyoti Pra Vi", "name_ne": "", "tags": {"amenity": "school", "name": "Nava Jyoti Pra Vi"}}}, {"type": "Feature", "geometry": {"type": "Point", "coordinates": [86.0644604, 27.3799495]}, "properties": {"external_id": "osm:way/508625616", "kind": "school", "name": "Manthali Uchha Ma Vi", "name_ne": "", "tags": {"amenity": "school", "name": "Manthali Uchha Ma Vi"}}}, {"type": "Feature", "geometry": {"type": "Point", "coordinates": [86.077677, 27.4027695]}, "properties": {"external_id": "osm:way/508625951", "kind": "school", "name": "Tarma Kaushika Ni Ma V", "name_ne": "", "tags": {"amenity": "school", "name": "Tarma Kaushika Ni Ma V"}}}, {"type": "Feature", "geometry": {"type": "Point", "coordinates": [86.076747, 27.3983427]}, "properties": {"external_id": "osm:way/508626192", "kind": "school", "name": "Bal Kanya Pra Vi", "name_ne": "", "tags": {"amenity": "school", "name": "Bal Kanya Pra Vi"}}}, {"type": "Feature", "geometry": {"type": "Point", "coordinates": [86.0593067, 27.3897969]}, "properties": {"external_id": "osm:way/508626293", "kind": "school", "name": "Nagh Kanya Ma Vi", "name_ne": "", "tags": {"amenity": "school", "name": "Nagh Kanya Ma Vi"}}}, {"type": "Feature", "geometry": {"type": "Point", "coordinates": [86.0837727, 27.404643]}, "properties": {"external_id": "osm:way/508626445", "kind": "school", "name": "Radha Krishna Pra Vi", "name_ne": "", "tags": {"amenity": "school", "name": "Radha Krishna Pra Vi"}}}, {"type": "Feature", "geometry": {"type": "Point", "coordinates": [86.1385263, 27.4179311]}, "properties": {"external_id": "osm:way/508626797", "kind": "school", "name": "Buddha Jana Priya Ma Vi", "name_ne": "", "tags": {"amenity": "school", "name": "Buddha Jana Priya Ma Vi"}}}, {"type": "Feature", "geometry": {"type": "Point", "coordinates": [86.1164699, 27.4219517]}, "properties": {"external_id": "osm:way/508627114", "kind": "school", "name": "Seti Devi Pra Vi", "name_ne": "", "tags": {"amenity": "school", "name": "Seti Devi Pra Vi"}}}, {"type": "Feature", "geometry": {"type": "Point", "coordinates": [86.1479384, 27.4274529]}, "properties": {"external_id": "osm:way/508628282", "kind": "school", "name": "Rupa Devi Pra Vi", "name_ne": "", "tags": {"amenity": "school", "name": "Rupa Devi Pra Vi"}}}, {"type": "Feature", "geometry": {"type": "Point", "coordinates": [86.1365421, 27.4307903]}, "properties": {"external_id": "osm:way/508632137", "kind": "school", "name": "Ranjita Pra Vi", "name_ne": "", "tags": {"amenity": "school", "name": "Ranjita Pra Vi"}}}, {"type": "Feature", "geometry": {"type": "Point", "coordinates": [86.1296837, 27.4063277]}, "properties": {"external_id": "osm:way/508632313", "kind": "school", "name": "Malika Pra Vi", "name_ne": "", "tags": {"amenity": "school", "name": "Malika Pra Vi"}}}, {"type": "Feature", "geometry": {"type": "Point", "coordinates": [86.1742932, 27.4269954]}, "properties": {"external_id": "osm:way/508633574", "kind": "school", "name": "Jhatteshwor Uchha Ma Vi", "name_ne": "", "tags": {"amenity": "school", "name": "Jhatteshwor Uchha Ma Vi"}}}, {"type": "Feature", "geometry": {"type": "Point", "coordinates": [86.1603775, 27.4290929]}, "properties": {"external_id": "osm:way/508633960", "kind": "school", "name": "Laliguras Chhering Primary School", "name_ne": "", "tags": {"amenity": "school", "name": "Laliguras Chhering Primary School"}}}, {"type": "Feature", "geometry": {"type": "Point", "coordinates": [86.1401376, 27.4083267]}, "properties": {"external_id": "osm:way/508634189", "kind": "school", "name": "Manedada Mahadeba Pra Vi", "name_ne": "", "tags": {"amenity": "school", "name": "Manedada Mahadeba Pra Vi"}}}, {"type": "Feature", "geometry": {"type": "Point", "coordinates": [86.1634557, 27.4998525]}, "properties": {"external_id": "osm:way/508634936", "kind": "school", "name": "Kamala Devi Uchha Mavi", "name_ne": "", "tags": {"amenity": "school", "name": "Kamala Devi Uchha Mavi"}}}, {"type": "Feature", "geometry": {"type": "Point", "coordinates": [86.1853047, 27.5089482]}, "properties": {"external_id": "osm:way/508635028", "kind": "school", "name": "Kalika Ni Ma Vi", "name_ne": "", "tags": {"amenity": "school", "name": "Kalika Ni Ma Vi"}}}, {"type": "Feature", "geometry": {"type": "Point", "coordinates": [86.1724737, 27.4915823]}, "properties": {"external_id": "osm:way/508635619", "kind": "school", "name": "Bhanu Bhakta Nimav", "name_ne": "", "tags": {"amenity": "school", "name": "Bhanu Bhakta Nimav"}}}, {"type": "Feature", "geometry": {"type": "Point", "coordinates": [86.1550809, 27.5064402]}, "properties": {"external_id": "osm:way/508639852", "kind": "school", "name": "Shivalaya Pra Vi", "name_ne": "", "tags": {"amenity": "school", "name": "Shivalaya Pra Vi"}}}, {"type": "Feature", "geometry": {"type": "Point", "coordinates": [85.9822507, 27.3840269]}, "properties": {"external_id": "osm:way/508647211", "kind": "school", "name": "Sarada Devi Pra Vi", "name_ne": "", "tags": {"amenity": "school", "name": "Sarada Devi Pra Vi"}}}, {"type": "Feature", "geometry": {"type": "Point", "coordinates": [85.9576066, 27.430879]}, "properties": {"external_id": "osm:way/508647294", "kind": "school", "name": "Karma Pra Vi", "name_ne": "", "tags": {"amenity": "school", "name": "Karma Pra Vi"}}}, {"type": "Feature", "geometry": {"type": "Point", "coordinates": [85.9755539, 27.4210869]}, "properties": {"external_id": "osm:way/508649246", "kind": "school", "name": "YugJyoti Pra V", "name_ne": "", "tags": {"amenity": "school", "name": "YugJyoti Pra V"}}}, {"type": "Feature", "geometry": {"type": "Point", "coordinates": [86.000532, 27.3885853]}, "properties": {"external_id": "osm:way/508651376", "kind": "school", "name": "Ganesh Pra Vi", "name_ne": "", "tags": {"amenity": "school", "name": "Ganesh Pra Vi"}}}, {"type": "Feature", "geometry": {"type": "Point", "coordinates": [85.9683783, 27.3838256]}, "properties": {"external_id": "osm:way/508652431", "kind": "school", "name": "Seti Devi Pra V", "name_ne": "", "tags": {"amenity": "school", "name": "Seti Devi Pra V"}}}, {"type": "Feature", "geometry": {"type": "Point", "coordinates": [85.9864189, 27.4040947]}, "properties": {"external_id": "osm:way/508653972", "kind": "school", "name": "Raktamala Ni Ma Vi", "name_ne": "", "tags": {"amenity": "school", "name": "Raktamala Ni Ma Vi"}}}, {"type": "Feature", "geometry": {"type": "Point", "coordinates": [85.9863756, 27.4109198]}, "properties": {"external_id": "osm:way/508655099", "kind": "school", "name": "Bikash Pra V", "name_ne": "", "tags": {"amenity": "school", "name": "Bikash Pra V"}}}, {"type": "Feature", "geometry": {"type": "Point", "coordinates": [85.9706132, 27.4323508]}, "properties": {"external_id": "osm:way/508656593", "kind": "school", "name": "Jana Kalyan Pra V", "name_ne": "", "tags": {"amenity": "school", "name": "Jana Kalyan Pra V"}}}, {"type": "Feature", "geometry": {"type": "Point", "coordinates": [86.0040819, 27.377242]}, "properties": {"external_id": "osm:way/508657129", "kind": "school", "name": "Bhimeshwar Prasun Kandel Ma Vi", "name_ne": "", "tags": {"amenity": "school", "name": "Bhimeshwar Prasun Kandel Ma Vi"}}}, {"type": "Feature", "geometry": {"type": "Point", "coordinates": [85.9934191, 27.389579]}, "properties": {"external_id": "osm:way/508657443", "kind": "school", "name": "Pakarbash Pra Vi", "name_ne": "", "tags": {"amenity": "school", "name": "Pakarbash Pra Vi"}}}, {"type": "Feature", "geometry": {"type": "Point", "coordinates": [86.0082984, 27.3975848]}, "properties": {"external_id": "osm:way/508658418", "kind": "school", "name": "Shree Shahidh Baburam Smriti Pra V", "name_ne": "", "tags": {"amenity": "school", "name": "Shree Shahidh Baburam Smriti Pra V"}}}, {"type": "Feature", "geometry": {"type": "Point", "coordinates": [86.0844053, 27.4795434]}, "properties": {"external_id": "osm:way/508661468", "kind": "school", "name": "Set Devi Pra Vi", "name_ne": "", "tags": {"amenity": "school", "name": "Set Devi Pra Vi"}}}, {"type": "Feature", "geometry": {"type": "Point", "coordinates": [86.0859979, 27.4884552]}, "properties": {"external_id": "osm:way/508661893", "kind": "school", "name": "Indra Devi Ni Ma Vi", "name_ne": "", "tags": {"amenity": "school", "name": "Indra Devi Ni Ma Vi"}}}, {"type": "Feature", "geometry": {"type": "Point", "coordinates": [86.0993151, 27.4933002]}, "properties": {"external_id": "osm:way/508663711", "kind": "school", "name": "Sankhe Ni Ma Vi", "name_ne": "", "tags": {"amenity": "school", "name": "Sankhe Ni Ma Vi"}}}, {"type": "Feature", "geometry": {"type": "Point", "coordinates": [86.064514, 27.4916941]}, "properties": {"external_id": "osm:way/508663923", "kind": "school", "name": "Sideswor Pra Vi", "name_ne": "", "tags": {"amenity": "school", "name": "Sideswor Pra Vi"}}}, {"type": "Feature", "geometry": {"type": "Point", "coordinates": [86.0620665, 27.4807017]}, "properties": {"external_id": "osm:way/508664141", "kind": "school", "name": "Harisiddi Ma Vi", "name_ne": "", "tags": {"amenity": "school", "name": "Harisiddi Ma Vi"}}}, {"type": "Feature", "geometry": {"type": "Point", "coordinates": [86.0295012, 27.4921718]}, "properties": {"external_id": "osm:way/508665867", "kind": "school", "name": "Bauddha Ma Vi", "name_ne": "", "tags": {"amenity": "school", "name": "Bauddha Ma Vi"}}}, {"type": "Feature", "geometry": {"type": "Point", "coordinates": [86.0467374, 27.4928067]}, "properties": {"external_id": "osm:way/508671811", "kind": "school", "name": "Vhimeswor Pra Vi", "name_ne": "", "tags": {"amenity": "school", "name": "Vhimeswor Pra Vi"}}}, {"type": "Feature", "geometry": {"type": "Point", "coordinates": [86.0480333, 27.4789432]}, "properties": {"external_id": "osm:way/508677209", "kind": "school", "name": "Rastriya Shiksha and Buddhism Teaching School", "name_ne": "", "tags": {"amenity": "school", "name": "Rastriya Shiksha and Buddhism Teaching School"}}}, {"type": "Feature", "geometry": {"type": "Point", "coordinates": [85.9883688, 27.4597761]}, "properties": {"external_id": "osm:way/508677319", "kind": "school", "name": "Nawadurga Pra Vi", "name_ne": "", "tags": {"amenity": "school", "name": "Nawadurga Pra Vi"}}}, {"type": "Feature", "geometry": {"type": "Point", "coordinates": [85.9945405, 27.4763344]}, "properties": {"external_id": "osm:way/508677746", "kind": "school", "name": "Gogane Ni Ma Vi", "name_ne": "", "tags": {"amenity": "school", "name": "Gogane Ni Ma Vi"}}}, {"type": "Feature", "geometry": {"type": "Point", "coordinates": [86.006357, 27.4524032]}, "properties": {"external_id": "osm:way/508678104", "kind": "school", "name": "Jana Kiran Ni Ma Vi", "name_ne": "", "tags": {"amenity": "school", "name": "Jana Kiran Ni Ma Vi"}}}, {"type": "Feature", "geometry": {"type": "Point", "coordinates": [85.9976466, 27.4447131]}, "properties": {"external_id": "osm:way/508678271", "kind": "school", "name": "Manedanda Ma Vi", "name_ne": "", "tags": {"amenity": "school", "name": "Manedanda Ma Vi"}}}, {"type": "Feature", "geometry": {"type": "Point", "coordinates": [85.9826758, 27.442656]}, "properties": {"external_id": "osm:way/508678524", "kind": "school", "name": "Vhimeswor Pra Vi", "name_ne": "", "tags": {"amenity": "school", "name": "Vhimeswor Pra Vi"}}}, {"type": "Feature", "geometry": {"type": "Point", "coordinates": [85.9942275, 27.4668612]}, "properties": {"external_id": "osm:way/508679497", "kind": "school", "name": "Kalidevi Pra Vi", "name_ne": "", "tags": {"amenity": "school", "name": "Kalidevi Pra Vi"}}}, {"type": "Feature", "geometry": {"type": "Point", "coordinates": [86.3245771, 27.5117363]}, "properties": {"external_id": "osm:way/508679855", "kind": "school", "name": "Himganga Pra Vi", "name_ne": "", "tags": {"amenity": "school", "name": "Himganga Pra Vi"}}}, {"type": "Feature", "geometry": {"type": "Point", "coordinates": [86.2968913, 27.4880662]}, "properties": {"external_id": "osm:way/508680066", "kind": "school", "name": "Tahanthali Pra Vi", "name_ne": "", "tags": {"amenity": "school", "name": "Tahanthali Pra Vi"}}}, {"type": "Feature", "geometry": {"type": "Point", "coordinates": [86.3082048, 27.495561]}, "properties": {"external_id": "osm:way/508680149", "kind": "school", "name": "Airawati Pra Vi", "name_ne": "", "tags": {"amenity": "school", "name": "Airawati Pra Vi"}}}, {"type": "Feature", "geometry": {"type": "Point", "coordinates": [86.304439, 27.5347765]}, "properties": {"external_id": "osm:way/508680276", "kind": "school", "name": "Kalika Devi Ni Ma Vi", "name_ne": "", "tags": {"amenity": "school", "name": "Kalika Devi Ni Ma Vi"}}}, {"type": "Feature", "geometry": {"type": "Point", "coordinates": [86.2895293, 27.5195655]}, "properties": {"external_id": "osm:way/508680379", "kind": "school", "name": "Kali Devi Pra Vi", "name_ne": "", "tags": {"amenity": "school", "name": "Kali Devi Pra Vi"}}}, {"type": "Feature", "geometry": {"type": "Point", "coordinates": [86.2865225, 27.5618143]}, "properties": {"external_id": "osm:way/508680535", "kind": "school", "name": "Seti Devi Ni Ma Vi", "name_ne": "", "tags": {"amenity": "school", "name": "Seti Devi Ni Ma Vi"}}}, {"type": "Feature", "geometry": {"type": "Point", "coordinates": [86.3125065, 27.508859]}, "properties": {"external_id": "osm:way/508680715", "kind": "school", "name": "Saraswoti Ma Vi", "name_ne": "", "tags": {"amenity": "school", "name": "Saraswoti Ma Vi"}}}, {"type": "Feature", "geometry": {"type": "Point", "coordinates": [86.2923321, 27.5098826]}, "properties": {"external_id": "osm:way/508680823", "kind": "school", "name": "Chandeshwori Uchha Ma Vi", "name_ne": "", "tags": {"amenity": "school", "name": "Chandeshwori Uchha Ma Vi"}}}, {"type": "Feature", "geometry": {"type": "Point", "coordinates": [86.2748455, 27.5190584]}, "properties": {"external_id": "osm:way/508681208", "kind": "school", "name": "Debishwar Pra Vi", "name_ne": "", "tags": {"amenity": "school", "name": "Debishwar Pra Vi"}}}, {"type": "Feature", "geometry": {"type": "Point", "coordinates": [86.2987689, 27.5450941]}, "properties": {"external_id": "osm:way/508681240", "kind": "school", "name": "Shree Mane Lahare Namuna Pra Vi", "name_ne": "", "tags": {"amenity": "school", "name": "Shree Mane Lahare Namuna Pra Vi"}}}, {"type": "Feature", "geometry": {"type": "Point", "coordinates": [86.2673032, 27.5406052]}, "properties": {"external_id": "osm:way/508682041", "kind": "school", "name": "Shree Maidane Pra Vi", "name_ne": "", "tags": {"amenity": "school", "name": "Shree Maidane Pra Vi"}}}, {"type": "Feature", "geometry": {"type": "Point", "coordinates": [86.310653, 27.5235523]}, "properties": {"external_id": "osm:way/508871094", "kind": "school", "name": "Janjagriti Pra Vi", "name_ne": "", "tags": {"amenity": "school", "name": "Janjagriti Pra Vi"}}}, {"type": "Feature", "geometry": {"type": "Point", "coordinates": [86.2919373, 27.4968893]}, "properties": {"external_id": "osm:way/508871095", "kind": "school", "name": "Pragatisil Pra Vi", "name_ne": "", "tags": {"amenity": "school", "name": "Pragatisil Pra Vi"}}}, {"type": "Feature", "geometry": {"type": "Point", "coordinates": [86.0191532, 27.4707725]}, "properties": {"external_id": "osm:way/508875315", "kind": "school", "name": "Thanapati Ni Ma Vi", "name_ne": "", "tags": {"amenity": "school", "name": "Thanapati Ni Ma Vi"}}}, {"type": "Feature", "geometry": {"type": "Point", "coordinates": [86.0237311, 27.4454641]}, "properties": {"external_id": "osm:way/508875316", "kind": "school", "name": "Shree Punya Ni Ma Vi", "name_ne": "", "tags": {"amenity": "school", "name": "Shree Punya Ni Ma Vi"}}}, {"type": "Feature", "geometry": {"type": "Point", "coordinates": [86.018702, 27.4285346]}, "properties": {"external_id": "osm:way/508875317", "kind": "school", "name": "Shree Sthanapati Secondary school", "name_ne": "", "tags": {"amenity": "school", "name": "Shree Sthanapati Secondary school"}}}, {"type": "Feature", "geometry": {"type": "Point", "coordinates": [86.0258977, 27.4371737]}, "properties": {"external_id": "osm:way/508876322", "kind": "school", "name": "Navadipeshwor Pra Vi", "name_ne": "", "tags": {"amenity": "school", "name": "Navadipeshwor Pra Vi"}}}, {"type": "Feature", "geometry": {"type": "Point", "coordinates": [86.0310194, 27.4533808]}, "properties": {"external_id": "osm:way/508876323", "kind": "school", "name": "Pragyadatri Pra Vi", "name_ne": "", "tags": {"amenity": "school", "name": "Pragyadatri Pra Vi"}}}, {"type": "Feature", "geometry": {"type": "Point", "coordinates": [86.0316047, 27.4278049]}, "properties": {"external_id": "osm:way/508876324", "kind": "school", "name": "Kali Devi Pra Vi", "name_ne": "", "tags": {"amenity": "school", "name": "Kali Devi Pra Vi"}}}, {"type": "Feature", "geometry": {"type": "Point", "coordinates": [86.0574799, 27.35125]}, "properties": {"external_id": "osm:way/508896328", "kind": "school", "name": "Kebaleshwor Pra Vi", "name_ne": "", "tags": {"amenity": "school", "name": "Kebaleshwor Pra Vi"}}}, {"type": "Feature", "geometry": {"type": "Point", "coordinates": [86.0727129, 27.3532737]}, "properties": {"external_id": "osm:way/508897936", "kind": "school", "name": "Balkalyan Pra Vi", "name_ne": "", "tags": {"amenity": "school", "name": "Balkalyan Pra Vi"}}}, {"type": "Feature", "geometry": {"type": "Point", "coordinates": [86.058945, 27.3597844]}, "properties": {"external_id": "osm:way/508898247", "kind": "school", "name": "Sam Pra Vi", "name_ne": "", "tags": {"amenity": "school", "name": "Sam Pra Vi"}}}, {"type": "Feature", "geometry": {"type": "Point", "coordinates": [86.2020534, 27.5668841]}, "properties": {"external_id": "osm:way/508941437", "kind": "school", "name": "Gokulganga Uchha Ma Vi", "name_ne": "", "tags": {"amenity": "school", "name": "Gokulganga Uchha Ma Vi"}}}, {"type": "Feature", "geometry": {"type": "Point", "coordinates": [86.1845241, 27.5483039]}, "properties": {"external_id": "osm:way/508942135", "kind": "school", "name": "Bhim Ni Ma Vi", "name_ne": "", "tags": {"amenity": "school", "name": "Bhim Ni Ma Vi"}}}, {"type": "Feature", "geometry": {"type": "Point", "coordinates": [86.1965505, 27.5668047]}, "properties": {"external_id": "osm:way/508942284", "kind": "school", "name": "Jatteshwar Ni Ma Vi", "name_ne": "", "tags": {"amenity": "school", "name": "Jatteshwar Ni Ma Vi"}}}, {"type": "Feature", "geometry": {"type": "Point", "coordinates": [86.2089429, 27.54178]}, "properties": {"external_id": "osm:way/508942844", "kind": "school", "name": "Tawe Ni Ma Vi", "name_ne": "", "tags": {"amenity": "school", "name": "Tawe Ni Ma Vi"}}}, {"type": "Feature", "geometry": {"type": "Point", "coordinates": [86.2239976, 27.5793939]}, "properties": {"external_id": "osm:way/508943442", "kind": "school", "name": "Bhairabi Ni Ma Vi", "name_ne": "", "tags": {"amenity": "school", "name": "Bhairabi Ni Ma Vi"}}}, {"type": "Feature", "geometry": {"type": "Point", "coordinates": [86.2210095, 27.5367047]}, "properties": {"external_id": "osm:way/508944764", "kind": "school", "name": "Seti Devi Pra Vi", "name_ne": "", "tags": {"amenity": "school", "name": "Seti Devi Pra Vi"}}}, {"type": "Feature", "geometry": {"type": "Point", "coordinates": [86.2152482, 27.5754681]}, "properties": {"external_id": "osm:way/508945492", "kind": "school", "name": "Purna Pra Vi", "name_ne": "", "tags": {"amenity": "school", "name": "Purna Pra Vi"}}}, {"type": "Feature", "geometry": {"type": "Point", "coordinates": [86.2202143, 27.4263443]}, "properties": {"external_id": "osm:way/508951380", "kind": "school", "name": "Chhita Devi Pra Vi", "name_ne": "", "tags": {"amenity": "school", "name": "Chhita Devi Pra Vi"}}}, {"type": "Feature", "geometry": {"type": "Point", "coordinates": [86.2345347, 27.4214935]}, "properties": {"external_id": "osm:way/508951381", "kind": "school", "name": "Namuna Pra Vi", "name_ne": "", "tags": {"amenity": "school", "name": "Namuna Pra Vi"}}}, {"type": "Feature", "geometry": {"type": "Point", "coordinates": [86.2290709, 27.4418496]}, "properties": {"external_id": "osm:way/508951649", "kind": "school", "name": "Sahid Smrit Mav", "name_ne": "", "tags": {"amenity": "school", "name": "Sahid Smrit Mav"}}}, {"type": "Feature", "geometry": {"type": "Point", "coordinates": [86.2435415, 27.4249891]}, "properties": {"external_id": "osm:way/508951650", "kind": "school", "name": "Likhu Pra Vi", "name_ne": "", "tags": {"amenity": "school", "name": "Likhu Pra Vi"}}}, {"type": "Feature", "geometry": {"type": "Point", "coordinates": [86.2376312, 27.4380641]}, "properties": {"external_id": "osm:way/508957319", "kind": "school", "name": "Chandeshwari Uchha Mav", "name_ne": "", "tags": {"amenity": "school", "name": "Chandeshwari Uchha Mav"}}}, {"type": "Feature", "geometry": {"type": "Point", "coordinates": [86.1500939, 27.3859668]}, "properties": {"external_id": "osm:way/509141305", "kind": "school", "name": "Shree Seti Devi Pra V", "name_ne": "", "tags": {"amenity": "school", "name": "Shree Seti Devi Pra V"}}}, {"type": "Feature", "geometry": {"type": "Point", "coordinates": [86.1257839, 27.3676856]}, "properties": {"external_id": "osm:way/509141938", "kind": "school", "name": "Shree Pra V Samalisthan", "name_ne": "", "tags": {"amenity": "school", "name": "Shree Pra V Samalisthan"}}}, {"type": "Feature", "geometry": {"type": "Point", "coordinates": [86.1378453, 27.3739818]}, "properties": {"external_id": "osm:way/509164733", "kind": "school", "name": "Bhimeshwor Ni Ma Vi", "name_ne": "", "tags": {"amenity": "school", "name": "Bhimeshwor Ni Ma Vi"}}}, {"type": "Feature", "geometry": {"type": "Point", "coordinates": [86.1369713, 27.3588453]}, "properties": {"external_id": "osm:way/509167888", "kind": "school", "name": "Shree Setidevi Uchha Ma V", "name_ne": "", "tags": {"amenity": "school", "name": "Shree Setidevi Uchha Ma V"}}}, {"type": "Feature", "geometry": {"type": "Point", "coordinates": [86.1494483, 27.364856]}, "properties": {"external_id": "osm:way/509187634", "kind": "school", "name": "Kalika Devi Bal Bikas Kendra", "name_ne": "", "tags": {"amenity": "school", "name": "Kalika Devi Bal Bikas Kendra"}}}, {"type": "Feature", "geometry": {"type": "Point", "coordinates": [86.1301873, 27.3521094]}, "properties": {"external_id": "osm:way/509188969", "kind": "school", "name": "Shree Devithan Pra Vi", "name_ne": "", "tags": {"amenity": "school", "name": "Shree Devithan Pra Vi"}}}, {"type": "Feature", "geometry": {"type": "Point", "coordinates": [86.1937047, 27.3607408]}, "properties": {"external_id": "osm:way/509189283", "kind": "school", "name": "Kakani Ni Ma Vi", "name_ne": "", "tags": {"amenity": "school", "name": "Kakani Ni Ma Vi"}}}, {"type": "Feature", "geometry": {"type": "Point", "coordinates": [86.2066919, 27.3612751]}, "properties": {"external_id": "osm:way/509190020", "kind": "school", "name": "Kalika Ishoweri Ni Ma Vi", "name_ne": "", "tags": {"amenity": "school", "name": "Kalika Ishoweri Ni Ma Vi"}}}, {"type": "Feature", "geometry": {"type": "Point", "coordinates": [86.2006181, 27.3535657]}, "properties": {"external_id": "osm:way/509190899", "kind": "school", "name": "Shree Seti Devi Ni Ma Vi", "name_ne": "", "tags": {"amenity": "school", "name": "Shree Seti Devi Ni Ma Vi"}}}, {"type": "Feature", "geometry": {"type": "Point", "coordinates": [86.1980586, 27.3697576]}, "properties": {"external_id": "osm:way/509191134", "kind": "school", "name": "Shree Jalpa Gutheshwori Pra Vi", "name_ne": "", "tags": {"amenity": "school", "name": "Shree Jalpa Gutheshwori Pra Vi"}}}, {"type": "Feature", "geometry": {"type": "Point", "coordinates": [85.9854917, 27.7950984]}, "properties": {"external_id": "osm:way/509536197", "kind": "school", "name": "Shree Sundari Primary School", "name_ne": "", "tags": {"amenity": "school", "name": "Shree Sundari Primary School"}}}, {"type": "Feature", "geometry": {"type": "Point", "coordinates": [85.9810381, 27.7699448]}, "properties": {"external_id": "osm:way/509536830", "kind": "school", "name": "Shree Setidevi Primary School", "name_ne": "", "tags": {"amenity": "school", "name": "Shree Setidevi Primary School"}}}, {"type": "Feature", "geometry": {"type": "Point", "coordinates": [85.9664536, 27.7951056]}, "properties": {"external_id": "osm:way/509546741", "kind": "school", "name": "Durgamsthali Pra V", "name_ne": "", "tags": {"amenity": "school", "name": "Durgamsthali Pra V"}}}, {"type": "Feature", "geometry": {"type": "Point", "coordinates": [85.9644905, 27.8047919]}, "properties": {"external_id": "osm:way/509547162", "kind": "school", "name": "Shree Mangaladevi Janajagriti Primary School", "name_ne": "", "tags": {"amenity": "school", "name": "Shree Mangaladevi Janajagriti Primary School"}}}, {"type": "Feature", "geometry": {"type": "Point", "coordinates": [86.1023874, 27.3576827]}, "properties": {"external_id": "osm:way/509571314", "kind": "school", "name": "Shree Bhairabi Ma V", "name_ne": "", "tags": {"amenity": "school", "name": "Shree Bhairabi Ma V"}}}, {"type": "Feature", "geometry": {"type": "Point", "coordinates": [86.0915235, 27.3632413]}, "properties": {"external_id": "osm:way/509571863", "kind": "school", "name": "Shri Jana Bijaya Pra V", "name_ne": "", "tags": {"amenity": "school", "name": "Shri Jana Bijaya Pra V"}}}, {"type": "Feature", "geometry": {"type": "Point", "coordinates": [86.282866, 27.6028691]}, "properties": {"external_id": "osm:way/509582498", "kind": "school", "name": "Gupteshwori Ni Ma Vi", "name_ne": "", "tags": {"amenity": "school", "name": "Gupteshwori Ni Ma Vi"}}}, {"type": "Feature", "geometry": {"type": "Point", "coordinates": [86.2637961, 27.5697785]}, "properties": {"external_id": "osm:way/509582966", "kind": "school", "name": "Jala Kali Ni Ma Vi", "name_ne": "", "tags": {"amenity": "school", "name": "Jala Kali Ni Ma Vi"}}}, {"type": "Feature", "geometry": {"type": "Point", "coordinates": [86.3032724, 27.5949142]}, "properties": {"external_id": "osm:way/509583257", "kind": "school", "name": "Sansaridevi Primary School", "name_ne": "", "tags": {"amenity": "school", "name": "Sansaridevi Primary School"}}}, {"type": "Feature", "geometry": {"type": "Point", "coordinates": [86.2594664, 27.5869675]}, "properties": {"external_id": "osm:way/509583405", "kind": "school", "name": "Panchakanya Pra Vi", "name_ne": "", "tags": {"amenity": "school", "name": "Panchakanya Pra Vi"}}}, {"type": "Feature", "geometry": {"type": "Point", "coordinates": [86.2717972, 27.5876224]}, "properties": {"external_id": "osm:way/509583668", "kind": "school", "name": "Bhumeshwari Pra Vi", "name_ne": "", "tags": {"amenity": "school", "name": "Bhumeshwari Pra Vi"}}}, {"type": "Feature", "geometry": {"type": "Point", "coordinates": [86.2631018, 27.5960703]}, "properties": {"external_id": "osm:way/509583842", "kind": "school", "name": "Sarada Uchha Ma Vi", "name_ne": "", "tags": {"amenity": "school", "name": "Sarada Uchha Ma Vi"}}}, {"type": "Feature", "geometry": {"type": "Point", "coordinates": [86.1117941, 27.4336243]}, "properties": {"external_id": "osm:way/509583934", "kind": "school", "name": "Nawadarshan Uchha Ma.V", "name_ne": "", "tags": {"amenity": "school", "name": "Nawadarshan Uchha Ma.V"}}}, {"type": "Feature", "geometry": {"type": "Point", "coordinates": [86.1146064, 27.438958]}, "properties": {"external_id": "osm:way/509584190", "kind": "school", "name": "Bal jyoti Ma Vi", "name_ne": "", "tags": {"amenity": "school", "name": "Bal jyoti Ma Vi"}}}, {"type": "Feature", "geometry": {"type": "Point", "coordinates": [86.0990307, 27.4312126]}, "properties": {"external_id": "osm:way/509584267", "kind": "school", "name": "Shree Pashupati Pra Vi", "name_ne": "", "tags": {"amenity": "school", "name": "Shree Pashupati Pra Vi"}}}, {"type": "Feature", "geometry": {"type": "Point", "coordinates": [86.1060172, 27.4133275]}, "properties": {"external_id": "osm:way/509584990", "kind": "school", "name": "Saraswati Pra Vi", "name_ne": "", "tags": {"amenity": "school", "name": "Saraswati Pra Vi"}}}, {"type": "Feature", "geometry": {"type": "Point", "coordinates": [86.1077801, 27.4232451]}, "properties": {"external_id": "osm:way/509586305", "kind": "school", "name": "Nawa Jyoti Pra Vi", "name_ne": "", "tags": {"amenity": "school", "name": "Nawa Jyoti Pra Vi"}}}, {"type": "Feature", "geometry": {"type": "Point", "coordinates": [86.1241472, 27.4278742]}, "properties": {"external_id": "osm:way/509586306", "kind": "school", "name": "Gautam Buddha Pra v", "name_ne": "", "tags": {"amenity": "school", "name": "Gautam Buddha Pra v"}}}, {"type": "Feature", "geometry": {"type": "Point", "coordinates": [86.1013958, 27.4254345]}, "properties": {"external_id": "osm:way/509586363", "kind": "school", "name": "Sahid smriti Pra V", "name_ne": "", "tags": {"amenity": "school", "name": "Sahid smriti Pra V"}}}, {"type": "Feature", "geometry": {"type": "Point", "coordinates": [86.3816131, 27.4821041]}, "properties": {"external_id": "osm:way/509730981", "kind": "school", "name": "Shree Buddha Pra.Vi.", "name_ne": "", "tags": {"amenity": "school", "name": "Shree Buddha Pra.Vi."}}}, {"type": "Feature", "geometry": {"type": "Point", "coordinates": [86.3798526, 27.5066643]}, "properties": {"external_id": "osm:way/509731377", "kind": "school", "name": "Shree Bhusinga Ni Ma Vi,Pike", "name_ne": "", "tags": {"amenity": "school", "name": "Shree Bhusinga Ni Ma Vi,Pike"}}}, {"type": "Feature", "geometry": {"type": "Point", "coordinates": [86.3679887, 27.4981381]}, "properties": {"external_id": "osm:way/509731833", "kind": "school", "name": "Shree Dembahil Pra Vi", "name_ne": "", "tags": {"amenity": "school", "name": "Shree Dembahil Pra Vi"}}}, {"type": "Feature", "geometry": {"type": "Point", "coordinates": [86.3659797, 27.514429]}, "properties": {"external_id": "osm:way/509731946", "kind": "school", "name": "Shree Saraswati Pra.V,Rawa Bhusinga", "name_ne": "", "tags": {"amenity": "school", "name": "Shree Saraswati Pra.V,Rawa Bhusinga"}}}, {"type": "Feature", "geometry": {"type": "Point", "coordinates": [86.3838945, 27.5124991]}, "properties": {"external_id": "osm:way/509732165", "kind": "school", "name": "Shree Siddhartha Samudayik Pra Vi", "name_ne": "", "tags": {"amenity": "school", "name": "Shree Siddhartha Samudayik Pra Vi"}}}, {"type": "Feature", "geometry": {"type": "Point", "coordinates": [86.5060441, 27.3557253]}, "properties": {"external_id": "osm:way/509733424", "kind": "school", "name": "Shree Ratna Pra Vi", "name_ne": "", "tags": {"amenity": "school", "name": "Shree Ratna Pra Vi"}}}, {"type": "Feature", "geometry": {"type": "Point", "coordinates": [86.48162, 27.3898111]}, "properties": {"external_id": "osm:way/509735311", "kind": "school", "name": "Shree Sherpa Samudayik Pra Vi", "name_ne": "", "tags": {"amenity": "school", "name": "Shree Sherpa Samudayik Pra Vi"}}}, {"type": "Feature", "geometry": {"type": "Point", "coordinates": [86.3164636, 27.3578481]}, "properties": {"external_id": "osm:way/509737089", "kind": "school", "name": "Shree Kalpeswor Ma.Vi.", "name_ne": "", "tags": {"amenity": "school", "name": "Shree Kalpeswor Ma.Vi."}}}, {"type": "Feature", "geometry": {"type": "Point", "coordinates": [86.3063234, 27.3615521]}, "properties": {"external_id": "osm:way/509738875", "kind": "school", "name": "Saraswoti Pra. Vi.", "name_ne": "", "tags": {"amenity": "school", "name": "Saraswoti Pra. Vi."}}}, {"type": "Feature", "geometry": {"type": "Point", "coordinates": [86.2915672, 27.3496322]}, "properties": {"external_id": "osm:way/509749262", "kind": "school", "name": "Shree Seti Devi Pra. Vi.", "name_ne": "", "tags": {"amenity": "school", "name": "Shree Seti Devi Pra. Vi."}}}, {"type": "Feature", "geometry": {"type": "Point", "coordinates": [86.2390729, 27.3955438]}, "properties": {"external_id": "osm:way/509763229", "kind": "school", "name": "Shree Gramonnati Ni.Ma.Vi", "name_ne": "", "tags": {"amenity": "school", "name": "Shree Gramonnati Ni.Ma.Vi"}}}, {"type": "Feature", "geometry": {"type": "Point", "coordinates": [86.2795404, 27.3916749]}, "properties": {"external_id": "osm:way/509765021", "kind": "school", "name": "Shree Gram Jyoti Ni Ma Vi", "name_ne": "", "tags": {"amenity": "school", "name": "Shree Gram Jyoti Ni Ma Vi"}}}, {"type": "Feature", "geometry": {"type": "Point", "coordinates": [86.2608487, 27.3874612]}, "properties": {"external_id": "osm:way/509766393", "kind": "school", "name": "Shri Ramche Pra Vi", "name_ne": "", "tags": {"amenity": "school", "name": "Shri Ramche Pra Vi"}}}, {"type": "Feature", "geometry": {"type": "Point", "coordinates": [86.2667618, 27.3974132]}, "properties": {"external_id": "osm:way/509768318", "kind": "school", "name": "Shri Gram Bikas Pra Vi", "name_ne": "", "tags": {"amenity": "school", "name": "Shri Gram Bikas Pra Vi"}}}, {"type": "Feature", "geometry": {"type": "Point", "coordinates": [86.3982056, 27.3616332]}, "properties": {"external_id": "osm:way/509769701", "kind": "school", "name": "Sunawati Pra V", "name_ne": "", "tags": {"amenity": "school", "name": "Sunawati Pra V"}}}, {"type": "Feature", "geometry": {"type": "Point", "coordinates": [86.4092129, 27.3633086]}, "properties": {"external_id": "osm:way/509773009", "kind": "school", "name": "Shree Champadevi Pra V", "name_ne": "", "tags": {"amenity": "school", "name": "Shree Champadevi Pra V"}}}, {"type": "Feature", "geometry": {"type": "Point", "coordinates": [86.5143934, 27.3975439]}, "properties": {"external_id": "osm:way/509805185", "kind": "school", "name": "Shree Jantarkhani Ma Vi", "name_ne": "", "tags": {"amenity": "school", "name": "Shree Jantarkhani Ma Vi"}}}, {"type": "Feature", "geometry": {"type": "Point", "coordinates": [86.5207567, 27.3736397]}, "properties": {"external_id": "osm:way/509805523", "kind": "school", "name": "Changesthan Pra Vi", "name_ne": "", "tags": {"amenity": "school", "name": "Changesthan Pra Vi"}}}, {"type": "Feature", "geometry": {"type": "Point", "coordinates": [86.4612346, 27.4064818]}, "properties": {"external_id": "osm:way/509805734", "kind": "school", "name": "Tharling Gumba Pra Vi", "name_ne": "", "tags": {"amenity": "school", "name": "Tharling Gumba Pra Vi"}}}, {"type": "Feature", "geometry": {"type": "Point", "coordinates": [86.3181569, 27.478262]}, "properties": {"external_id": "osm:way/509814405", "kind": "school", "name": "Shree kundali Ma Vi katisanjor", "name_ne": "", "tags": {"amenity": "school", "name": "Shree kundali Ma Vi katisanjor"}}}, {"type": "Feature", "geometry": {"type": "Point", "coordinates": [86.3280477, 27.4923993]}, "properties": {"external_id": "osm:way/509815646", "kind": "school", "name": "Shree Saraswoti Pra.V", "name_ne": "", "tags": {"amenity": "school", "name": "Shree Saraswoti Pra.V"}}}, {"type": "Feature", "geometry": {"type": "Point", "coordinates": [86.3412132, 27.4817867]}, "properties": {"external_id": "osm:way/509818102", "kind": "school", "name": "Shree Mahadev Pra Vi", "name_ne": "", "tags": {"amenity": "school", "name": "Shree Mahadev Pra Vi"}}}, {"type": "Feature", "geometry": {"type": "Point", "coordinates": [86.3187277, 27.4416615]}, "properties": {"external_id": "osm:way/509828339", "kind": "school", "name": "Shree Mesalmi Pra V", "name_ne": "", "tags": {"amenity": "school", "name": "Shree Mesalmi Pra V"}}}, {"type": "Feature", "geometry": {"type": "Point", "coordinates": [86.3066357, 27.4623032]}, "properties": {"external_id": "osm:way/509829047", "kind": "school", "name": "Shree Chandeshwori Ma. Bi School", "name_ne": "", "tags": {"amenity": "school", "name": "Shree Chandeshwori Ma. Bi School"}}}, {"type": "Feature", "geometry": {"type": "Point", "coordinates": [86.3129947, 27.4571828]}, "properties": {"external_id": "osm:way/509829704", "kind": "school", "name": "Shree Shansari Pra V", "name_ne": "", "tags": {"amenity": "school", "name": "Shree Shansari Pra V"}}}, {"type": "Feature", "geometry": {"type": "Point", "coordinates": [86.3780514, 27.4142944]}, "properties": {"external_id": "osm:way/509830792", "kind": "school", "name": "Champadevi Ni Ma Vi", "name_ne": "", "tags": {"amenity": "school", "name": "Champadevi Ni Ma Vi"}}}, {"type": "Feature", "geometry": {"type": "Point", "coordinates": [86.384169, 27.4025977]}, "properties": {"external_id": "osm:way/509831232", "kind": "school", "name": "Shree Adarsha Pra V", "name_ne": "", "tags": {"amenity": "school", "name": "Shree Adarsha Pra V"}}}, {"type": "Feature", "geometry": {"type": "Point", "coordinates": [86.3718292, 27.3917211]}, "properties": {"external_id": "osm:way/509831745", "kind": "school", "name": "Shree Jana Jyoti Ni. Ma. Vi.", "name_ne": "", "tags": {"amenity": "school", "name": "Shree Jana Jyoti Ni. Ma. Vi."}}}, {"type": "Feature", "geometry": {"type": "Point", "coordinates": [86.341605, 27.4056878]}, "properties": {"external_id": "osm:way/509832404", "kind": "school", "name": "Dimba Pra V", "name_ne": "", "tags": {"amenity": "school", "name": "Dimba Pra V"}}}, {"type": "Feature", "geometry": {"type": "Point", "coordinates": [86.3296948, 27.4548196]}, "properties": {"external_id": "osm:way/509836641", "kind": "school", "name": "Shree Jana Jyoti Ni Ma Vi", "name_ne": "", "tags": {"amenity": "school", "name": "Shree Jana Jyoti Ni Ma Vi"}}}, {"type": "Feature", "geometry": {"type": "Point", "coordinates": [86.3381188, 27.4330106]}, "properties": {"external_id": "osm:way/509837527", "kind": "school", "name": "Fulmati U M V", "name_ne": "", "tags": {"amenity": "school", "name": "Fulmati U M V"}}}, {"type": "Feature", "geometry": {"type": "Point", "coordinates": [86.3318838, 27.4211844]}, "properties": {"external_id": "osm:way/509838697", "kind": "school", "name": "Shree Gyaljen Smriti Baudha Adyan kendra", "name_ne": "", "tags": {"amenity": "school", "name": "Shree Gyaljen Smriti Baudha Adyan kendra"}}}, {"type": "Feature", "geometry": {"type": "Point", "coordinates": [86.5547911, 27.3557824]}, "properties": {"external_id": "osm:way/510115841", "kind": "school", "name": "Kalika Pra V", "name_ne": "", "tags": {"amenity": "school", "name": "Kalika Pra V"}}}, {"type": "Feature", "geometry": {"type": "Point", "coordinates": [86.2270982, 27.3614004]}, "properties": {"external_id": "osm:way/510144937", "kind": "school", "name": "Shree Narmadeswar Ni Ma Vi Bagkhordanda", "name_ne": "", "tags": {"amenity": "school", "name": "Shree Narmadeswar Ni Ma Vi Bagkhordanda"}}}, {"type": "Feature", "geometry": {"type": "Point", "coordinates": [86.2475211, 27.3547769]}, "properties": {"external_id": "osm:way/510147156", "kind": "school", "name": "Shree Setidevi Pra Vi", "name_ne": "", "tags": {"amenity": "school", "name": "Shree Setidevi Pra Vi"}}}, {"type": "Feature", "geometry": {"type": "Point", "coordinates": [86.4009716, 27.4341211]}, "properties": {"external_id": "osm:way/510345142", "kind": "school", "name": "Shivalaya Ma Vi", "name_ne": "", "tags": {"amenity": "school", "name": "Shivalaya Ma Vi"}}}, {"type": "Feature", "geometry": {"type": "Point", "coordinates": [86.4187706, 27.4450265]}, "properties": {"external_id": "osm:way/510345333", "kind": "school", "name": "Shree Jayabhudda Pra V", "name_ne": "", "tags": {"amenity": "school", "name": "Shree Jayabhudda Pra V"}}}, {"type": "Feature", "geometry": {"type": "Point", "coordinates": [86.40351, 27.4472361]}, "properties": {"external_id": "osm:way/510345824", "kind": "school", "name": "Janata Pra V", "name_ne": "", "tags": {"amenity": "school", "name": "Janata Pra V"}}}, {"type": "Feature", "geometry": {"type": "Point", "coordinates": [86.3862555, 27.4424102]}, "properties": {"external_id": "osm:way/510346007", "kind": "school", "name": "Shree Mahadev Pra V", "name_ne": "", "tags": {"amenity": "school", "name": "Shree Mahadev Pra V"}}}, {"type": "Feature", "geometry": {"type": "Point", "coordinates": [86.4308373, 27.4034563]}, "properties": {"external_id": "osm:way/510346367", "kind": "school", "name": "Shree Patle Ma.Vi.", "name_ne": "", "tags": {"amenity": "school", "name": "Shree Patle Ma.Vi."}}}, {"type": "Feature", "geometry": {"type": "Point", "coordinates": [86.4181752, 27.3910613]}, "properties": {"external_id": "osm:way/510346908", "kind": "school", "name": "Shree Balbalika Pra V", "name_ne": "", "tags": {"amenity": "school", "name": "Shree Balbalika Pra V"}}}, {"type": "Feature", "geometry": {"type": "Point", "coordinates": [86.4361386, 27.3877677]}, "properties": {"external_id": "osm:way/510347502", "kind": "school", "name": "Shree Jese Ma.Vi.", "name_ne": "", "tags": {"amenity": "school", "name": "Shree Jese Ma.Vi."}}}, {"type": "Feature", "geometry": {"type": "Point", "coordinates": [86.4099112, 27.4030823]}, "properties": {"external_id": "osm:way/510347874", "kind": "school", "name": "Shree Bhumesthan Pra V", "name_ne": "", "tags": {"amenity": "school", "name": "Shree Bhumesthan Pra V"}}}, {"type": "Feature", "geometry": {"type": "Point", "coordinates": [86.4051261, 27.4138825]}, "properties": {"external_id": "osm:way/510348354", "kind": "school", "name": "Janakalyan Pra V", "name_ne": "", "tags": {"amenity": "school", "name": "Janakalyan Pra V"}}}, {"type": "Feature", "geometry": {"type": "Point", "coordinates": [86.4076073, 27.4506165]}, "properties": {"external_id": "osm:way/510349740", "kind": "school", "name": "Shree Pema Yangten Gumba", "name_ne": "", "tags": {"amenity": "school", "name": "Shree Pema Yangten Gumba"}}}, {"type": "Feature", "geometry": {"type": "Point", "coordinates": [86.2965074, 27.401705]}, "properties": {"external_id": "osm:way/510351322", "kind": "school", "name": "Shree Pokhari Ni.Ma.Vi.", "name_ne": "", "tags": {"amenity": "school", "name": "Shree Pokhari Ni.Ma.Vi."}}}, {"type": "Feature", "geometry": {"type": "Point", "coordinates": [86.2812718, 27.4225437]}, "properties": {"external_id": "osm:way/510351499", "kind": "school", "name": "Shree Lamrang Ni Ma V.", "name_ne": "", "tags": {"amenity": "school", "name": "Shree Lamrang Ni Ma V."}}}, {"type": "Feature", "geometry": {"type": "Point", "coordinates": [86.3566128, 27.3948839]}, "properties": {"external_id": "osm:way/510351529", "kind": "school", "name": "Shree Champadevi Ni. Ma. Vi.", "name_ne": "", "tags": {"amenity": "school", "name": "Shree Champadevi Ni. Ma. Vi."}}}, {"type": "Feature", "geometry": {"type": "Point", "coordinates": [86.2698444, 27.4179453]}, "properties": {"external_id": "osm:way/510351951", "kind": "school", "name": "Shri Jana Jivan Uchcha Ma.V", "name_ne": "", "tags": {"amenity": "school", "name": "Shri Jana Jivan Uchcha Ma.V"}}}, {"type": "Feature", "geometry": {"type": "Point", "coordinates": [86.2691702, 27.4323982]}, "properties": {"external_id": "osm:way/510352071", "kind": "school", "name": "Shree Patanadevi Pra Vi", "name_ne": "", "tags": {"amenity": "school", "name": "Shree Patanadevi Pra Vi"}}}, {"type": "Feature", "geometry": {"type": "Point", "coordinates": [86.4190852, 27.3596661]}, "properties": {"external_id": "osm:way/510354455", "kind": "school", "name": "Shree Bhumidevi Pra V", "name_ne": "", "tags": {"amenity": "school", "name": "Shree Bhumidevi Pra V"}}}, {"type": "Feature", "geometry": {"type": "Point", "coordinates": [86.4476158, 27.3642364]}, "properties": {"external_id": "osm:way/510355222", "kind": "school", "name": "Shree Rangadeep Ma Vi", "name_ne": "", "tags": {"amenity": "school", "name": "Shree Rangadeep Ma Vi"}}}, {"type": "Feature", "geometry": {"type": "Point", "coordinates": [86.4705884, 27.3960851]}, "properties": {"external_id": "osm:way/510355470", "kind": "school", "name": "Janajyoti Pra Vi", "name_ne": "", "tags": {"amenity": "school", "name": "Janajyoti Pra Vi"}}}, {"type": "Feature", "geometry": {"type": "Point", "coordinates": [86.2876203, 27.4526893]}, "properties": {"external_id": "osm:way/510358888", "kind": "school", "name": "Shree Chandeswori Pra V", "name_ne": "", "tags": {"amenity": "school", "name": "Shree Chandeswori Pra V"}}}, {"type": "Feature", "geometry": {"type": "Point", "coordinates": [86.3033766, 27.4385311]}, "properties": {"external_id": "osm:way/510359214", "kind": "school", "name": "Shree Dugdeshwor Pra V", "name_ne": "", "tags": {"amenity": "school", "name": "Shree Dugdeshwor Pra V"}}}, {"type": "Feature", "geometry": {"type": "Point", "coordinates": [86.296739, 27.4454945]}, "properties": {"external_id": "osm:way/510399595", "kind": "school", "name": "Shree Chandeswori Uchha Ma V", "name_ne": "", "tags": {"amenity": "school", "name": "Shree Chandeswori Uchha Ma V"}}}, {"type": "Feature", "geometry": {"type": "Point", "coordinates": [86.2778907, 27.4392632]}, "properties": {"external_id": "osm:way/510399744", "kind": "school", "name": "Shree Panchakanya Pra.V", "name_ne": "", "tags": {"amenity": "school", "name": "Shree Panchakanya Pra.V"}}}, {"type": "Feature", "geometry": {"type": "Point", "coordinates": [86.3166072, 27.4265786]}, "properties": {"external_id": "osm:way/510400038", "kind": "school", "name": "Shree Saraswati Pra V", "name_ne": "", "tags": {"amenity": "school", "name": "Shree Saraswati Pra V"}}}, {"type": "Feature", "geometry": {"type": "Point", "coordinates": [86.2861883, 27.4435656]}, "properties": {"external_id": "osm:way/510400203", "kind": "school", "name": "Shree khada Devi Pra.V", "name_ne": "", "tags": {"amenity": "school", "name": "Shree khada Devi Pra.V"}}}, {"type": "Feature", "geometry": {"type": "Point", "coordinates": [86.2589794, 27.3557187]}, "properties": {"external_id": "osm:way/510400266", "kind": "school", "name": "Shree Raniban Pra. Vi.", "name_ne": "", "tags": {"amenity": "school", "name": "Shree Raniban Pra. Vi."}}}, {"type": "Feature", "geometry": {"type": "Point", "coordinates": [86.331422, 27.5070933]}, "properties": {"external_id": "osm:way/510409176", "kind": "school", "name": "Shree kunta Devi Pra.V", "name_ne": "", "tags": {"amenity": "school", "name": "Shree kunta Devi Pra.V"}}}, {"type": "Feature", "geometry": {"type": "Point", "coordinates": [86.3568706, 27.4978622]}, "properties": {"external_id": "osm:way/510409731", "kind": "school", "name": "Shree Himalayan Pra Vi", "name_ne": "", "tags": {"amenity": "school", "name": "Shree Himalayan Pra Vi"}}}, {"type": "Feature", "geometry": {"type": "Point", "coordinates": [86.4316084, 27.3691901]}, "properties": {"external_id": "osm:way/510416251", "kind": "school", "name": "Janga Ni Ma Vi", "name_ne": "", "tags": {"amenity": "school", "name": "Janga Ni Ma Vi"}}}, {"type": "Feature", "geometry": {"type": "Point", "coordinates": [86.3882552, 27.3758884]}, "properties": {"external_id": "osm:way/510417586", "kind": "school", "name": "Shree Janasahayog Pra Vi", "name_ne": "", "tags": {"amenity": "school", "name": "Shree Janasahayog Pra Vi"}}}, {"type": "Feature", "geometry": {"type": "Point", "coordinates": [86.3807534, 27.3866809]}, "properties": {"external_id": "osm:way/510422854", "kind": "school", "name": "Shree Singhadevi Ni. Ma. Vi", "name_ne": "", "tags": {"amenity": "school", "name": "Shree Singhadevi Ni. Ma. Vi"}}}, {"type": "Feature", "geometry": {"type": "Point", "coordinates": [86.3991266, 27.3848111]}, "properties": {"external_id": "osm:way/510422952", "kind": "school", "name": "Shreechaur Uchha Ma V", "name_ne": "", "tags": {"amenity": "school", "name": "Shreechaur Uchha Ma V"}}}, {"type": "Feature", "geometry": {"type": "Point", "coordinates": [86.4068759, 27.3797345]}, "properties": {"external_id": "osm:way/510423098", "kind": "school", "name": "Shree Jana kalyan Pra V", "name_ne": "", "tags": {"amenity": "school", "name": "Shree Jana kalyan Pra V"}}}, {"type": "Feature", "geometry": {"type": "Point", "coordinates": [86.3710328, 27.3795713]}, "properties": {"external_id": "osm:way/510423546", "kind": "school", "name": "Shree Chhuchedhunga Pra.Vi", "name_ne": "", "tags": {"amenity": "school", "name": "Shree Chhuchedhunga Pra.Vi"}}}, {"type": "Feature", "geometry": {"type": "Point", "coordinates": [86.2485387, 27.4116321]}, "properties": {"external_id": "osm:way/510440283", "kind": "school", "name": "Shree Jalpa Ma Vi", "name_ne": "", "tags": {"amenity": "school", "name": "Shree Jalpa Ma Vi"}}}, {"type": "Feature", "geometry": {"type": "Point", "coordinates": [86.2766544, 27.4024667]}, "properties": {"external_id": "osm:way/510440685", "kind": "school", "name": "Shri Kalika Ni.Ma.Vi", "name_ne": "", "tags": {"amenity": "school", "name": "Shri Kalika Ni.Ma.Vi"}}}, {"type": "Feature", "geometry": {"type": "Point", "coordinates": [86.2531539, 27.4100041]}, "properties": {"external_id": "osm:way/510441717", "kind": "school", "name": "Shree Jana Chetana Pra Vi", "name_ne": "", "tags": {"amenity": "school", "name": "Shree Jana Chetana Pra Vi"}}}, {"type": "Feature", "geometry": {"type": "Point", "coordinates": [86.27508, 27.3747888]}, "properties": {"external_id": "osm:way/510627161", "kind": "school", "name": "Shree Ganes Pra Vi", "name_ne": "", "tags": {"amenity": "school", "name": "Shree Ganes Pra Vi"}}}, {"type": "Feature", "geometry": {"type": "Point", "coordinates": [85.97499, 27.3617949]}, "properties": {"external_id": "osm:way/511984587", "kind": "school", "name": "Shri Dirgha Pradip Umavi", "name_ne": "", "tags": {"amenity": "school", "name": "Shri Dirgha Pradip Umavi"}}}, {"type": "Feature", "geometry": {"type": "Point", "coordinates": [85.9548802, 27.3585701]}, "properties": {"external_id": "osm:way/511984588", "kind": "school", "name": "Shree Chandeswori Ni Ma V", "name_ne": "", "tags": {"amenity": "school", "name": "Shree Chandeswori Ni Ma V"}}}, {"type": "Feature", "geometry": {"type": "Point", "coordinates": [85.9596384, 27.3835798]}, "properties": {"external_id": "osm:way/511984589", "kind": "school", "name": "Shri Pancha Kanya Ni Ma v", "name_ne": "", "tags": {"amenity": "school", "name": "Shri Pancha Kanya Ni Ma v"}}}, {"type": "Feature", "geometry": {"type": "Point", "coordinates": [86.0887048, 27.704422]}, "properties": {"external_id": "osm:way/513785464", "kind": "school", "name": "Devisthan Ni Ma V", "name_ne": "", "tags": {"amenity": "school", "name": "Devisthan Ni Ma V"}}}, {"type": "Feature", "geometry": {"type": "Point", "coordinates": [86.1017087, 27.6826697]}, "properties": {"external_id": "osm:way/513796188", "kind": "school", "name": "Shree Tamrakausika Ni Ma V", "name_ne": "", "tags": {"amenity": "school", "name": "Shree Tamrakausika Ni Ma V"}}}, {"type": "Feature", "geometry": {"type": "Point", "coordinates": [86.1269655, 27.7059999]}, "properties": {"external_id": "osm:way/513799308", "kind": "school", "name": "Shree Sitka Ma V", "name_ne": "", "tags": {"amenity": "school", "name": "Shree Sitka Ma V"}}}, {"type": "Feature", "geometry": {"type": "Point", "coordinates": [86.088385, 27.7428015]}, "properties": {"external_id": "osm:way/513814836", "kind": "school", "name": "Shree Gujarpa Ni Ma V", "name_ne": "", "tags": {"amenity": "school", "name": "Shree Gujarpa Ni Ma V"}}}, {"type": "Feature", "geometry": {"type": "Point", "coordinates": [86.1514905, 27.6691296]}, "properties": {"external_id": "osm:way/513816071", "kind": "school", "name": "Shree Yawo pra v", "name_ne": "", "tags": {"amenity": "school", "name": "Shree Yawo pra v"}}}, {"type": "Feature", "geometry": {"type": "Point", "coordinates": [86.1913026, 27.7284676]}, "properties": {"external_id": "osm:way/513838464", "kind": "school", "name": "Shree Gorpang Pra V", "name_ne": "", "tags": {"amenity": "school", "name": "Shree Gorpang Pra V"}}}, {"type": "Feature", "geometry": {"type": "Point", "coordinates": [86.29441, 27.6382238]}, "properties": {"external_id": "osm:way/513848122", "kind": "school", "name": "Shree Rabutar Pra V", "name_ne": "", "tags": {"amenity": "school", "name": "Shree Rabutar Pra V"}}}, {"type": "Feature", "geometry": {"type": "Point", "coordinates": [86.2898539, 27.6175339]}, "properties": {"external_id": "osm:way/513848789", "kind": "school", "name": "Shree Setidevi Pra V", "name_ne": "", "tags": {"amenity": "school", "name": "Shree Setidevi Pra V"}}}, {"type": "Feature", "geometry": {"type": "Point", "coordinates": [86.2646136, 27.613107]}, "properties": {"external_id": "osm:way/513849790", "kind": "school", "name": "Shree Haleshwor Ni Ma V", "name_ne": "", "tags": {"amenity": "school", "name": "Shree Haleshwor Ni Ma V"}}}, {"type": "Feature", "geometry": {"type": "Point", "coordinates": [86.1160112, 27.7775334]}, "properties": {"external_id": "osm:way/514085415", "kind": "school", "name": "Shree Mahadevshwori Ni Ma V", "name_ne": "", "tags": {"amenity": "school", "name": "Shree Mahadevshwori Ni Ma V"}}}, {"type": "Feature", "geometry": {"type": "Point", "coordinates": [86.0543651, 27.794357]}, "properties": {"external_id": "osm:way/514086851", "kind": "school", "name": "Shree Seti Devi V", "name_ne": "", "tags": {"amenity": "school", "name": "Shree Seti Devi V"}}}, {"type": "Feature", "geometry": {"type": "Point", "coordinates": [86.0712843, 27.7930574]}, "properties": {"external_id": "osm:way/514087496", "kind": "school", "name": "Shree Suryodaya PRA V", "name_ne": "", "tags": {"amenity": "school", "name": "Shree Suryodaya PRA V"}}}, {"type": "Feature", "geometry": {"type": "Point", "coordinates": [85.9722843, 27.5967001]}, "properties": {"external_id": "osm:way/514199602", "kind": "school", "name": "Shree Rastriya PRA V", "name_ne": "", "tags": {"amenity": "school", "name": "Shree Rastriya PRA V"}}}, {"type": "Feature", "geometry": {"type": "Point", "coordinates": [86.0720927, 27.7225039]}, "properties": {"external_id": "osm:way/514691501", "kind": "school", "name": "Shree Gurase PRA V", "name_ne": "", "tags": {"amenity": "school", "name": "Shree Gurase PRA V"}}}, {"type": "Feature", "geometry": {"type": "Point", "coordinates": [85.960082, 27.679924]}, "properties": {"external_id": "osm:way/514703739", "kind": "school", "name": "Shree Lakuridanda PRA V", "name_ne": "", "tags": {"amenity": "school", "name": "Shree Lakuridanda PRA V"}}}, {"type": "Feature", "geometry": {"type": "Point", "coordinates": [86.12199, 27.8055801]}, "properties": {"external_id": "osm:way/514723948", "kind": "school", "name": "Shree Himalaya Ma V", "name_ne": "", "tags": {"amenity": "school", "name": "Shree Himalaya Ma V"}}}, {"type": "Feature", "geometry": {"type": "Point", "coordinates": [86.0044594, 27.5751774]}, "properties": {"external_id": "osm:way/515035003", "kind": "school", "name": "Shree Sailungeshwor Ni Ma V", "name_ne": "", "tags": {"amenity": "school", "name": "Shree Sailungeshwor Ni Ma V"}}}, {"type": "Feature", "geometry": {"type": "Point", "coordinates": [86.0459206, 27.5989314]}, "properties": {"external_id": "osm:way/515802814", "kind": "school", "name": "Shree Jyamirbote Pra V", "name_ne": "", "tags": {"amenity": "school", "name": "Shree Jyamirbote Pra V"}}}, {"type": "Feature", "geometry": {"type": "Point", "coordinates": [86.0565701, 27.5908056]}, "properties": {"external_id": "osm:way/515803671", "kind": "school", "name": "Shree Satyaswor Uchha Ma Vi", "name_ne": "", "tags": {"amenity": "school", "name": "Shree Satyaswor Uchha Ma Vi"}}}, {"type": "Feature", "geometry": {"type": "Point", "coordinates": [86.1128276, 27.5983646]}, "properties": {"external_id": "osm:way/516010917", "kind": "school", "name": "Shri Bishnu Ma Vi", "name_ne": "", "tags": {"amenity": "school", "name": "Shri Bishnu Ma Vi"}}}, {"type": "Feature", "geometry": {"type": "Point", "coordinates": [86.023479, 27.5687311]}, "properties": {"external_id": "osm:way/516051506", "kind": "school", "name": "Shree Bhumisthan Ma V", "name_ne": "", "tags": {"amenity": "school", "name": "Shree Bhumisthan Ma V"}}}, {"type": "Feature", "geometry": {"type": "Point", "coordinates": [86.285653, 27.7784562]}, "properties": {"external_id": "osm:way/516523604", "kind": "school", "name": "Shree Heem Barti Ma V", "name_ne": "", "tags": {"amenity": "school", "name": "Shree Heem Barti Ma V"}}}, {"type": "Feature", "geometry": {"type": "Point", "coordinates": [86.2174808, 27.8250273]}, "properties": {"external_id": "osm:way/516533515", "kind": "school", "name": "Thadi Deulang PRA. V", "name_ne": "", "tags": {"amenity": "school", "name": "Thadi Deulang PRA. V"}}}, {"type": "Feature", "geometry": {"type": "Point", "coordinates": [86.140485, 27.7967114]}, "properties": {"external_id": "osm:way/524000987", "kind": "school", "name": "Shree Saraswoti PRA V", "name_ne": "", "tags": {"amenity": "school", "name": "Shree Saraswoti PRA V"}}}, {"type": "Feature", "geometry": {"type": "Point", "coordinates": [86.427023, 27.8809562]}, "properties": {"external_id": "osm:way/539851897", "kind": "tourism", "name": "Na-View Point Hotel", "name_ne": "", "tags": {"name": "Na-View Point Hotel", "tourism": "guest_house"}}}, {"type": "Feature", "geometry": {"type": "Point", "coordinates": [86.4724358, 27.8592175]}, "properties": {"external_id": "osm:way/539870135", "kind": "tourism", "name": "Chukima Tea Shop", "name_ne": "", "tags": {"name": "Chukima Tea Shop", "tourism": "alpine_hut"}}}, {"type": "Feature", "geometry": {"type": "Point", "coordinates": [86.4693643, 27.8630685]}, "properties": {"external_id": "osm:way/539870137", "kind": "tourism", "name": "", "name_ne": "", "tags": {"tourism": "guest_house"}}}, {"type": "Feature", "geometry": {"type": "Point", "coordinates": [86.601578, 27.8251304]}, "properties": {"external_id": "osm:way/539950951", "kind": "tourism", "name": "Tashi Lapcha Pass Lodge and Restaurant", "name_ne": "", "tags": {"name": "Tashi Lapcha Pass Lodge & Restaurant", "name:en": "Tashi Lapcha Pass Lodge and Restaurant", "tourism": "guest_house"}}}, {"type": "Feature", "geometry": {"type": "Point", "coordinates": [86.6488835, 27.8310433]}, "properties": {"external_id": "osm:way/539956618", "kind": "tourism", "name": "Sunshine Lodge Thame", "name_ne": "", "tags": {"name": "Sunshine Lodge Thame", "tourism": "guest_house"}}}, {"type": "Feature", "geometry": {"type": "Point", "coordinates": [86.5734521, 27.4452925]}, "properties": {"external_id": "osm:way/574661833", "kind": "hydropower", "name": "Upper Solu Hydro Electric Power(23.5 MW) House", "name_ne": "", "tags": {"name": "Upper Solu Hydro Electric Power(23.5 MW) House", "operator": "Upper Solu Hydro Electric Company Limited", "power": "generator"}}}, {"type": "Feature", "geometry": {"type": "Point", "coordinates": [86.6481734, 27.5877289]}, "properties": {"external_id": "osm:way/579018217", "kind": "school", "name": "Computer Class", "name_ne": "", "tags": {"amenity": "school", "name": "Computer Class"}}}, {"type": "Feature", "geometry": {"type": "Point", "coordinates": [86.0365339, 27.5606666]}, "properties": {"external_id": "osm:way/648180222", "kind": "school", "name": "Shree Laxmi Uchha Mavi", "name_ne": "", "tags": {"amenity": "school", "name": "Shree Laxmi Uchha Mavi"}}}, {"type": "Feature", "geometry": {"type": "Point", "coordinates": [86.0242995, 27.5857832]}, "properties": {"external_id": "osm:way/648191374", "kind": "school", "name": "Shree Sharada Mavi", "name_ne": "", "tags": {"amenity": "school", "name": "Shree Sharada Mavi"}}}, {"type": "Feature", "geometry": {"type": "Point", "coordinates": [86.0267365, 27.5852643]}, "properties": {"external_id": "osm:way/648192946", "kind": "police", "name": "Bhaise Dada Police station", "name_ne": "", "tags": {"amenity": "police", "name": "Bhaise Dada Police station"}}}, {"type": "Feature", "geometry": {"type": "Point", "coordinates": [86.5705714, 27.4798179]}, "properties": {"external_id": "osm:way/764965568", "kind": "hydropower", "name": "Upper Solu Hydro Electric Company Limited 23.5 MW", "name_ne": "", "tags": {"name": "Upper Solu Hydro Electric Company Limited 23.5 MW", "plant:output:electricity": "23.5 MW", "power": "plant"}}}, {"type": "Feature", "geometry": {"type": "Point", "coordinates": [86.608883, 27.4442189]}, "properties": {"external_id": "osm:way/827600046", "kind": "school", "name": "Syakarsing School", "name_ne": "", "tags": {"amenity": "school", "name": "Syakarsing School", "operator": "Government"}}}, {"type": "Feature", "geometry": {"type": "Point", "coordinates": [86.6314598, 27.4333008]}, "properties": {"external_id": "osm:way/827600576", "kind": "school", "name": "Him Shikhar Carene Ustinov School", "name_ne": "", "tags": {"amenity": "school", "name": "Him Shikhar Carene Ustinov School"}}}, {"type": "Feature", "geometry": {"type": "Point", "coordinates": [86.0718539, 27.6785789]}, "properties": {"external_id": "osm:way/834068103", "kind": "bridge", "name": "Charikot-Lamabagar Road", "name_ne": "", "tags": {"highway": "secondary", "name": "Charikot-Lamabagar Road"}}}, {"type": "Feature", "geometry": {"type": "Point", "coordinates": [86.0632605, 27.3795456]}, "properties": {"external_id": "osm:way/834988529", "kind": "school", "name": "Tamakoshi English Boarding School", "name_ne": "", "tags": {"amenity": "school", "name": "Tamakoshi English Boarding School"}}}, {"type": "Feature", "geometry": {"type": "Point", "coordinates": [85.9623431, 27.3889967]}, "properties": {"external_id": "osm:way/857623728", "kind": "bridge", "name": "", "name_ne": "", "tags": {"highway": "secondary"}}}, {"type": "Feature", "geometry": {"type": "Point", "coordinates": [85.9714785, 27.3858392]}, "properties": {"external_id": "osm:way/857623730", "kind": "bridge", "name": "", "name_ne": "", "tags": {"highway": "secondary"}}}, {"type": "Feature", "geometry": {"type": "Point", "coordinates": [86.0767489, 27.3662709]}, "properties": {"external_id": "osm:way/859746593", "kind": "bridge", "name": "", "name_ne": "", "tags": {"highway": "secondary"}}}, {"type": "Feature", "geometry": {"type": "Point", "coordinates": [86.0641808, 27.3999615]}, "properties": {"external_id": "osm:way/870607447", "kind": "bridge", "name": "", "name_ne": "", "tags": {"highway": "tertiary"}}}, {"type": "Feature", "geometry": {"type": "Point", "coordinates": [86.2189133, 27.3536081]}, "properties": {"external_id": "osm:way/896043411", "kind": "bridge", "name": "", "name_ne": "", "tags": {"highway": "tertiary"}}}, {"type": "Feature", "geometry": {"type": "Point", "coordinates": [86.1728882, 27.3565733]}, "properties": {"external_id": "osm:way/898017261", "kind": "bridge", "name": "", "name_ne": "", "tags": {"highway": "tertiary"}}}, {"type": "Feature", "geometry": {"type": "Point", "coordinates": [85.9544806, 27.9564495]}, "properties": {"external_id": "osm:way/922814819", "kind": "bridge", "name": "", "name_ne": "", "tags": {"highway": "trunk"}}}, {"type": "Feature", "geometry": {"type": "Point", "coordinates": [86.2133978, 27.9247623]}, "properties": {"external_id": "osm:way/922814831", "kind": "dam", "name": "", "name_ne": "", "tags": {"waterway": "dam"}}}, {"type": "Feature", "geometry": {"type": "Point", "coordinates": [86.1822912, 27.7508434]}, "properties": {"external_id": "osm:way/947672467", "kind": "bridge", "name": "", "name_ne": "", "tags": {"highway": "tertiary"}}}, {"type": "Feature", "geometry": {"type": "Point", "coordinates": [86.6101992, 27.4187976]}, "properties": {"external_id": "osm:way/958207219", "kind": "bridge", "name": "", "name_ne": "", "tags": {"highway": "tertiary"}}}, {"type": "Feature", "geometry": {"type": "Point", "coordinates": [86.5749705, 27.444904]}, "properties": {"external_id": "osm:way/959554571", "kind": "dam", "name": "Lower Solu 82MW", "name_ne": "", "tags": {"name": "Lower Solu 82MW", "operator": "Lower Solu Essel Energy", "waterway": "dam"}}}, {"type": "Feature", "geometry": {"type": "Point", "coordinates": [86.6022568, 27.387698]}, "properties": {"external_id": "osm:way/959726955", "kind": "bridge", "name": "", "name_ne": "", "tags": {"highway": "tertiary"}}}, {"type": "Feature", "geometry": {"type": "Point", "coordinates": [85.9609488, 27.7139793]}, "properties": {"external_id": "osm:way/1007910099", "kind": "bridge", "name": "", "name_ne": "", "tags": {"highway": "secondary"}}}, {"type": "Feature", "geometry": {"type": "Point", "coordinates": [86.0003513, 27.6932488]}, "properties": {"external_id": "osm:way/1009528576", "kind": "bridge", "name": "", "name_ne": "", "tags": {"highway": "primary"}}}, {"type": "Feature", "geometry": {"type": "Point", "coordinates": [86.0932942, 27.6756951]}, "properties": {"external_id": "osm:way/1009946734", "kind": "school", "name": "Shree Chuli Danda Pra V", "name_ne": "", "tags": {"amenity": "school", "name": "Shree Chuli Danda Pra V"}}}, {"type": "Feature", "geometry": {"type": "Point", "coordinates": [86.1545364, 27.4875284]}, "properties": {"external_id": "osm:way/1010953115", "kind": "bridge", "name": "", "name_ne": "", "tags": {"highway": "tertiary"}}}, {"type": "Feature", "geometry": {"type": "Point", "coordinates": [86.2369661, 27.6148306]}, "properties": {"external_id": "osm:way/1016207445", "kind": "bridge", "name": "", "name_ne": "", "tags": {"highway": "tertiary"}}}, {"type": "Feature", "geometry": {"type": "Point", "coordinates": [86.2367734, 27.6158175]}, "properties": {"external_id": "osm:way/1016214910", "kind": "bridge", "name": "", "name_ne": "", "tags": {"highway": "tertiary"}}}, {"type": "Feature", "geometry": {"type": "Point", "coordinates": [86.2591796, 27.6253859]}, "properties": {"external_id": "osm:way/1016836689", "kind": "bridge", "name": "", "name_ne": "", "tags": {"highway": "tertiary"}}}, {"type": "Feature", "geometry": {"type": "Point", "coordinates": [86.2171582, 27.8452528]}, "properties": {"external_id": "osm:way/1021834378", "kind": "bridge", "name": "", "name_ne": "", "tags": {"highway": "secondary"}}}, {"type": "Feature", "geometry": {"type": "Point", "coordinates": [85.9823076, 27.9876845]}, "properties": {"external_id": "osm:way/1047412939", "kind": "bridge", "name": "", "name_ne": "", "tags": {"highway": "trunk"}}}, {"type": "Feature", "geometry": {"type": "Point", "coordinates": [86.6497164, 27.8311259]}, "properties": {"external_id": "osm:way/1124266552", "kind": "tourism", "name": "Hotel Yak", "name_ne": "", "tags": {"name": "Hotel Yak Thame", "name:en": "Hotel Yak", "tourism": "guest_house"}}}, {"type": "Feature", "geometry": {"type": "Point", "coordinates": [86.2671852, 28.0224801]}, "properties": {"external_id": "osm:way/1154734866", "kind": "bridge", "name": "", "name_ne": "", "tags": {"highway": "tertiary"}}}, {"type": "Feature", "geometry": {"type": "Point", "coordinates": [85.9580116, 27.3824473]}, "properties": {"external_id": "osm:way/1165518195", "kind": "bridge", "name": "BP Highway", "name_ne": "", "tags": {"highway": "trunk", "name": "BP Highway"}}}, {"type": "Feature", "geometry": {"type": "Point", "coordinates": [86.1623139, 27.7395763]}, "properties": {"external_id": "osm:way/1309206547", "kind": "bridge", "name": "Singati Bridge", "name_ne": "", "tags": {"highway": "secondary", "name": "Singati Bridge"}}}, {"type": "Feature", "geometry": {"type": "Point", "coordinates": [86.1591988, 27.7435926]}, "properties": {"external_id": "osm:way/1309385918", "kind": "hydropower", "name": "", "name_ne": "", "tags": {"power": "generator"}}}, {"type": "Feature", "geometry": {"type": "Point", "coordinates": [86.1188712, 27.7872441]}, "properties": {"external_id": "osm:way/1309385919", "kind": "dam", "name": "Singati Hydropower Water Reservoir", "name_ne": "", "tags": {"name": "Singati Hydropower Water Reservoir", "waterway": "dam"}}}, {"type": "Feature", "geometry": {"type": "Point", "coordinates": [86.1174353, 27.7891658]}, "properties": {"external_id": "osm:way/1309553403", "kind": "bridge", "name": "Singati-Bigu Road", "name_ne": "", "tags": {"highway": "tertiary", "name": "Singati-Bigu Road"}}}, {"type": "Feature", "geometry": {"type": "Point", "coordinates": [86.2991552, 28.037225]}, "properties": {"external_id": "osm:way/1316390347", "kind": "bridge", "name": "", "name_ne": "", "tags": {"highway": "tertiary"}}}, {"type": "Feature", "geometry": {"type": "Point", "coordinates": [86.6000337, 27.5898992]}, "properties": {"external_id": "osm:way/1317619567", "kind": "hydropower", "name": "Dudhkunda Power House 12MW", "name_ne": "", "tags": {"name": "Dudhkunda Power House 12MW", "operator": "Everest Hydropower Company Limited", "plant:output:electricity": "12 MW", "power": "plant"}}}, {"type": "Feature", "geometry": {"type": "Point", "coordinates": [86.2125197, 27.9233126]}, "properties": {"external_id": "osm:way/1369972955", "kind": "hydropower", "name": "Upper Tamakoshi Hydroelectric Project", "name_ne": "", "tags": {"name": "Upper Tamakoshi Hydroelectric Project", "plant:output:electricity": "456 MW", "power": "plant"}}}, {"type": "Feature", "geometry": {"type": "Point", "coordinates": [86.3311068, 27.6628514]}, "properties": {"external_id": "osm:way/1370049729", "kind": "hydropower", "name": "Upallo HEP", "name_ne": "", "tags": {"name": "Upallo HEP", "plant:output:electricity": "12 MW", "power": "plant"}}}, {"type": "Feature", "geometry": {"type": "Point", "coordinates": [86.3103359, 27.6415532]}, "properties": {"external_id": "osm:way/1370049730", "kind": "hydropower", "name": "Upper Khimti-II Hydropower Project", "name_ne": "", "tags": {"name": "Upper Khimti-II Hydropower Project", "plant:output:electricity": "7 MW", "power": "plant"}}}, {"type": "Feature", "geometry": {"type": "Point", "coordinates": [86.3706708, 27.5522546]}, "properties": {"external_id": "osm:way/1370060600", "kind": "hydropower", "name": "Likhu A", "name_ne": "", "tags": {"name": "Likhu A", "plant:output:electricity": "29 MW", "power": "plant"}}}, {"type": "Feature", "geometry": {"type": "Point", "coordinates": [86.459181, 27.6735805]}, "properties": {"external_id": "osm:way/1370060601", "kind": "hydropower", "name": "Likhu 2", "name_ne": "", "tags": {"name": "Likhu 2", "plant:output:electricity": "55 MW", "power": "plant"}}}, {"type": "Feature", "geometry": {"type": "Point", "coordinates": [86.4339334, 27.6090043]}, "properties": {"external_id": "osm:way/1370060604", "kind": "hydropower", "name": "Likhu 1 HPP", "name_ne": "", "tags": {"name": "Likhu 1 HPP", "plant:output:electricity": "77 MW", "power": "plant"}}}, {"type": "Feature", "geometry": {"type": "Point", "coordinates": [86.2915859, 27.4725811]}, "properties": {"external_id": "osm:way/1370118538", "kind": "hydropower", "name": "Lilkhu 4 HEP", "name_ne": "", "tags": {"name": "Lilkhu 4 HEP", "plant:output:electricity": "52.4 MW", "power": "plant"}}}, {"type": "Feature", "geometry": {"type": "Point", "coordinates": [86.2634934, 28.0190845]}, "properties": {"external_id": "osm:way/1447366701", "kind": "bridge", "name": "", "name_ne": "", "tags": {"highway": "tertiary"}}}, {"type": "Feature", "geometry": {"type": "Point", "coordinates": [86.296171, 27.608311]}, "properties": {"external_id": "osm:way/1476662116", "kind": "police", "name": "", "name_ne": "", "tags": {"amenity": "police"}}}, {"type": "Feature", "geometry": {"type": "Point", "coordinates": [86.4912468, 27.5428449]}, "properties": {"external_id": "osm:way/1480303376", "kind": "tourism", "name": "", "name_ne": "", "tags": {"tourism": "guest_house"}}}, {"type": "Feature", "geometry": {"type": "Point", "coordinates": [86.5104143, 27.5773257]}, "properties": {"external_id": "osm:way/1480303394", "kind": "tourism", "name": "Tashi Deleg Lodge", "name_ne": "", "tags": {"name": "Tashi Deleg Lodge", "tourism": "guest_house"}}}, {"type": "Feature", "geometry": {"type": "Point", "coordinates": [86.5461686, 27.5800155]}, "properties": {"external_id": "osm:way/1480352424", "kind": "police", "name": "", "name_ne": "", "tags": {"amenity": "police"}}}, {"type": "Feature", "geometry": {"type": "Point", "coordinates": [86.5928935, 27.6698696]}, "properties": {"external_id": "osm:way/1480453216", "kind": "tourism", "name": "Dudhkunda Inn", "name_ne": "", "tags": {"name": "Dudhkunda Inn", "tourism": "guest_house"}}}, {"type": "Feature", "geometry": {"type": "Point", "coordinates": [86.5898914, 27.675959]}, "properties": {"external_id": "osm:way/1480453217", "kind": "tourism", "name": "Numbur Guest House", "name_ne": "", "tags": {"name": "Numbur Guest House", "tourism": "guest_house"}}}, {"type": "Feature", "geometry": {"type": "Point", "coordinates": [85.9903964, 28.0336129]}, "properties": {"external_id": "osm:way/1511055011", "kind": "bridge", "name": "", "name_ne": "", "tags": {"highway": "trunk"}}}, {"type": "Feature", "geometry": {"type": "Point", "coordinates": [86.2600877, 28.0166736]}, "properties": {"external_id": "osm:way/1513990355", "kind": "bridge", "name": "", "name_ne": "", "tags": {"highway": "tertiary"}}}, {"type": "Feature", "geometry": {"type": "Point", "coordinates": [86.2322977, 27.6329787]}, "properties": {"external_id": "osm:relation/10950750", "kind": "health", "name": "Dolakha District Hospital", "name_ne": "", "tags": {"amenity": "hospital", "name": "Dolakha District Hospital"}}}, {"type": "Feature", "geometry": {"type": "Point", "coordinates": [86.070722, 27.6792491]}, "properties": {"external_id": "osm:relation/14959447", "kind": "school", "name": "Bhim Uchha Madhyamik Vidyalaya", "name_ne": "", "tags": {"amenity": "school", "name": "Bhim Uchha Madhyamik Vidyalaya"}}}, {"type": "Feature", "geometry": {"type": "Point", "coordinates": [86.3301854, 27.5823054]}, "properties": {"external_id": "osm:relation/20224090", "kind": "tourism", "name": "Hill Top Sherpa Guesthouse&Restaurant", "name_ne": "", "tags": {"name": "Hill Top Sherpa Guesthouse&Restaurant", "tourism": "guest_house"}}}, {"type": "Feature", "geometry": {"type": "Point", "coordinates": [86.4102491, 27.5842311]}, "properties": {"external_id": "osm:relation/20231986", "kind": "tourism", "name": "Riverside Guest House and Restaurant", "name_ne": "", "tags": {"name": "Riverside Guest House and Restaurant", "tourism": "guest_house"}}}, {"type": "Feature", "geometry": {"type": "Point", "coordinates": [86.4910285, 27.5421144]}, "properties": {"external_id": "osm:relation/20234117", "kind": "tourism", "name": "peakey yak lodge& restaurant", "name_ne": "", "tags": {"name": "peakey yak lodge& restaurant", "tourism": "guest_house"}}}, {"type": "Feature", "geometry": {"type": "Point", "coordinates": [86.4686109, 27.5740762]}, "properties": {"external_id": "osm:relation/20234118", "kind": "tourism", "name": "Tashi Delek Restaurant&Lodge", "name_ne": "", "tags": {"name:en": "Tashi Delek Restaurant&Lodge", "tourism": "guest_house"}}}, {"type": "Feature", "geometry": {"type": "Point", "coordinates": [86.457012, 27.5778022]}, "properties": {"external_id": "osm:relation/20234119", "kind": "tourism", "name": "Dakchu Lodge", "name_ne": "", "tags": {"name": "Dakchu Lodge", "tourism": "guest_house"}}}, {"type": "Feature", "geometry": {"type": "Point", "coordinates": [86.4570656, 27.5775862]}, "properties": {"external_id": "osm:relation/20234120", "kind": "tourism", "name": "Maya Tamang Lodge And Restaurant", "name_ne": "", "tags": {"name:en": "Maya Tamang Lodge And Restaurant", "tourism": "guest_house"}}}, {"type": "Feature", "geometry": {"type": "Point", "coordinates": [86.4560871, 27.5779927]}, "properties": {"external_id": "osm:relation/20234121", "kind": "tourism", "name": "Sonam Guest House", "name_ne": "", "tags": {"name": "Sonam Guest House", "tourism": "guest_house"}}}, {"type": "Feature", "geometry": {"type": "Point", "coordinates": [86.4542796, 27.5782536]}, "properties": {"external_id": "osm:relation/20234122", "kind": "tourism", "name": "Chhepal Sherpa Lodge", "name_ne": "", "tags": {"name": "Chhepal Sherpa Lodge", "tourism": "guest_house"}}}, {"type": "Feature", "geometry": {"type": "Point", "coordinates": [86.4400677, 27.577545]}, "properties": {"external_id": "osm:relation/20234123", "kind": "tourism", "name": "Solukhumbu Lodge", "name_ne": "", "tags": {"name": "Solukhumbu Lodge", "tourism": "guest_house"}}}, {"type": "Feature", "geometry": {"type": "Point", "coordinates": [86.54679, 27.5814867]}, "properties": {"external_id": "osm:relation/20235545", "kind": "tourism", "name": "Jumbesi Valley Guesthouse", "name_ne": "", "tags": {"name:en": "Jumbesi Valley Guesthouse", "tourism": "guest_house"}}}, {"type": "Feature", "geometry": {"type": "Point", "coordinates": [86.6369433, 27.9052267]}, "properties": {"external_id": "osm:relation/20258717", "kind": "tourism", "name": "Renjo Pass Support Lodge & Restaurant", "name_ne": "", "tags": {"name:en": "Renjo Pass Support Lodge & Restaurant", "tourism": "guest_house"}}}, {"type": "Feature", "geometry": {"type": "Point", "coordinates": [86.6368514, 27.9038813]}, "properties": {"external_id": "osm:relation/20258718", "kind": "tourism", "name": "Three Passes Guest House", "name_ne": "", "tags": {"name:en": "Three Passes Guest House", "tourism": "guest_house"}}}, {"type": "Feature", "geometry": {"type": "Point", "coordinates": [86.6369193, 27.9029938]}, "properties": {"external_id": "osm:relation/20258719", "kind": "tourism", "name": "Khongde View Lodge", "name_ne": "", "tags": {"name": "Khongde View Lodge", "tourism": "guest_house"}}}], "attribution": "© OpenStreetMap contributors, ODbL 1.0"}