{"type": "FeatureCollection", "features": [{"type": "Feature", "geometry": {"type": "Polygon", "coordinates": [[[84.4503969, 28.7059228], [84.4501662, 28.7062945], [84.4499731, 28.7066144], [84.4497049, 28.707019], [84.449619, 28.7071602], [84.4494796, 28.7075178], [84.4494259, 28.7080824], [84.4494152, 28.7083929], [84.4494152, 28.708807], [84.4494474, 28.7092586], [84.4495654, 28.7098985], [84.4497692, 28.7103031], [84.4500589, 28.710736], [84.4504237, 28.7111312], [84.4506383, 28.7114888], [84.4507456, 28.7117428], [84.4508207, 28.7122039], [84.4507885, 28.7125333], [84.4507241, 28.7128155], [84.4504881, 28.7132013], [84.4505524, 28.7135965], [84.4508636, 28.7138788], [84.4511962, 28.7141423], [84.4514, 28.7143775], [84.4516039, 28.7147915], [84.4518506, 28.7152714], [84.4519687, 28.7156384], [84.4520974, 28.7160336], [84.4520974, 28.7163535], [84.4519579, 28.7166452], [84.4517326, 28.716824], [84.4513249, 28.7169369], [84.4510031, 28.7169275], [84.4505632, 28.716824], [84.4499624, 28.7165605], [84.4495118, 28.7162782], [84.4491899, 28.7159583], [84.448986, 28.7156666], [84.4486964, 28.7155349], [84.4482243, 28.7154314], [84.4479775, 28.715422], [84.4475484, 28.7154784], [84.4473553, 28.7156384], [84.4470441, 28.7159113], [84.4468188, 28.7160618], [84.4464218, 28.71625], [84.4459498, 28.7163441], [84.4454992, 28.7164476], [84.445188, 28.7164758], [84.4447589, 28.7165417], [84.4444585, 28.7166076], [84.4441581, 28.7167393], [84.4439757, 28.7169651], [84.4439113, 28.7172944], [84.4439864, 28.7175673], [84.4441366, 28.7177461], [84.4443297, 28.7178496], [84.4445228, 28.7180189], [84.4446087, 28.7183294], [84.4445765, 28.7185176], [84.4443726, 28.7186682], [84.4439435, 28.718941], [84.4436431, 28.7192609], [84.4433856, 28.7196655], [84.4431817, 28.7201548], [84.4430208, 28.7206535], [84.442935, 28.7209357], [84.4428491, 28.7212556], [84.4425273, 28.7219801], [84.442302, 28.7223941], [84.4421625, 28.7226764], [84.441905, 28.7229022], [84.4415724, 28.7229022], [84.4412613, 28.7226764], [84.4409823, 28.722507], [84.4406605, 28.7224035], [84.4403386, 28.7222718], [84.4398987, 28.7221213], [84.4396412, 28.7220837], [84.4386756, 28.7236079], [84.4386756, 28.7238995], [84.4386649, 28.7242947], [84.4386756, 28.7246804], [84.4386005, 28.7250003], [84.4384825, 28.725546], [84.4383752, 28.7259506], [84.4381606, 28.7263457], [84.4379783, 28.7267691], [84.4376886, 28.7273242], [84.4375276, 28.7275594], [84.4372594, 28.7277664], [84.4369805, 28.7279169], [84.436562, 28.7280674], [84.4360363, 28.728105], [84.4353711, 28.7323763], [84.4359505, 28.7323387], [84.4363153, 28.7323763], [84.4368088, 28.732508], [84.4370127, 28.7325927], [84.437592, 28.7326397], [84.4381285, 28.732668], [84.4386005, 28.7326774], [84.4393086, 28.7325833], [84.4398665, 28.7323293], [84.4401669, 28.7321505], [84.440521, 28.7318119], [84.4408214, 28.7314167], [84.4412076, 28.7311063], [84.4417226, 28.7307958], [84.4420016, 28.7307393], [84.44242, 28.7304853], [84.4427526, 28.730156], [84.4429779, 28.7295163], [84.4430852, 28.7291776], [84.4433534, 28.7285284], [84.4435894, 28.7281239], [84.4439113, 28.7277852], [84.4443297, 28.7276817], [84.4445443, 28.7276158], [84.4447267, 28.7274277], [84.4448769, 28.7271925], [84.444952, 28.7270043], [84.4451451, 28.7267315], [84.445467, 28.7263551], [84.4457352, 28.7262516], [84.4460356, 28.7263551], [84.4461965, 28.7265339], [84.4463467, 28.7267409], [84.4464755, 28.727089], [84.4465184, 28.7274089], [84.4465935, 28.7278605], [84.4466257, 28.7281803], [84.4466793, 28.7284061], [84.4465613, 28.7285943], [84.4464862, 28.7287542], [84.4464218, 28.7289894], [84.4464111, 28.7293093], [84.4464326, 28.7298738], [84.4464755, 28.7302595], [84.4464969, 28.7306923], [84.4464969, 28.7311627], [84.4464218, 28.7315955], [84.4461965, 28.7321976], [84.4458425, 28.732715], [84.4456386, 28.7330725], [84.4452739, 28.7334865], [84.4444799, 28.7340697], [84.4436538, 28.734446], [84.4428491, 28.7345872], [84.4422591, 28.7346154], [84.4418084, 28.7347565], [84.4413042, 28.7350293], [84.4409609, 28.7351987], [84.4404888, 28.7353774], [84.4400167, 28.7354621], [84.4396412, 28.7356126], [84.4391799, 28.7356596], [84.4389117, 28.7356126], [84.4384074, 28.7354432], [84.4381714, 28.7353962], [84.4376349, 28.7353962], [84.4372916, 28.7354809], [84.4368088, 28.7356878], [84.4362724, 28.7358572], [84.4357788, 28.735876], [84.4352853, 28.7358478], [84.4346952, 28.7358478], [84.4342661, 28.735923], [84.4339335, 28.73613], [84.4337618, 28.7362429], [84.4331181, 28.7367884], [84.4323671, 28.7370048], [84.4318521, 28.7370801], [84.4311976, 28.7373811], [84.4307256, 28.7375598], [84.4304895, 28.7376727], [84.4300282, 28.7378703], [84.4296205, 28.7379549], [84.4291913, 28.7379549], [84.4286764, 28.7378703], [84.4281721, 28.7377386], [84.4279575, 28.7376821], [84.4275069, 28.7377009], [84.4271743, 28.737795], [84.4267559, 28.7380961], [84.4267452, 28.738303], [84.4267559, 28.7385194], [84.4268846, 28.7387358], [84.4269168, 28.7388769], [84.4269705, 28.7390556], [84.4266915, 28.739366], [84.4263375, 28.7395636], [84.4260585, 28.7396859], [84.4257367, 28.73978], [84.4255113, 28.7398458], [84.4251251, 28.7400904], [84.4246852, 28.7404196], [84.4243741, 28.740636], [84.4240093, 28.7409559], [84.4237411, 28.7411534], [84.4233119, 28.7413321], [84.422636, 28.7415203], [84.422282, 28.7416802], [84.4219601, 28.7418872], [84.4216812, 28.7420753], [84.4212305, 28.7423669], [84.4207156, 28.7426397], [84.420383, 28.742969], [84.4203186, 28.7430724], [84.4202542, 28.7432606], [84.4202542, 28.7438156], [84.4203722, 28.7441354], [84.4205868, 28.7445305], [84.4208014, 28.7447092], [84.4210803, 28.7450479], [84.4214344, 28.7452642], [84.4218099, 28.7453677], [84.4220996, 28.7454053], [84.4226897, 28.7456311], [84.4232905, 28.7457628], [84.4236445, 28.7458945], [84.4240844, 28.7463084], [84.4241273, 28.7464495], [84.4243955, 28.746647], [84.4249642, 28.7467975], [84.425447, 28.7468163], [84.4261765, 28.7467787], [84.4269276, 28.7467411], [84.4273674, 28.746647], [84.4278931, 28.7465623], [84.4283438, 28.7465247], [84.4291055, 28.7465059], [84.4298673, 28.74644], [84.4304037, 28.74644], [84.431144, 28.7466188], [84.4314658, 28.746647], [84.432131, 28.746647], [84.4324207, 28.7466846], [84.4329035, 28.7468916], [84.4333005, 28.7469762], [84.4336438, 28.7469762], [84.4339013, 28.746948], [84.4341802, 28.7468445], [84.4343734, 28.7467317], [84.4346309, 28.7465529], [84.4348454, 28.7464118], [84.4352746, 28.7463742], [84.4355643, 28.7465341], [84.4356716, 28.7468539], [84.4356286, 28.7472208], [84.4354892, 28.7474842], [84.4353282, 28.7478604], [84.4353926, 28.7480486], [84.4354677, 28.7483119], [84.4357467, 28.7485283], [84.4360685, 28.748707], [84.4363046, 28.7488293], [84.4366264, 28.7489704], [84.4369268, 28.7490268], [84.4373774, 28.7488857], [84.437474, 28.7486318], [84.4375813, 28.7483119], [84.4377637, 28.7479357], [84.4379783, 28.7475594], [84.4384825, 28.7472208], [84.43874, 28.7470515], [84.4395768, 28.7467881], [84.4398451, 28.7466376], [84.4400167, 28.7464589], [84.4402957, 28.7462237], [84.4405961, 28.7458945], [84.440757, 28.7456029], [84.4409287, 28.7454335], [84.4411111, 28.7453489], [84.4413578, 28.7453677], [84.4414544, 28.7454994], [84.4414544, 28.7456875], [84.4414544, 28.745838], [84.4414544, 28.7462049], [84.4414651, 28.7464495], [84.4413364, 28.7466376], [84.4411862, 28.7468539], [84.4407892, 28.7472396], [84.4405103, 28.747456], [84.4402313, 28.7478134], [84.4399202, 28.7482931], [84.4395824, 28.7490974], [84.4393301, 28.7491021], [84.4391477, 28.7493278], [84.4387829, 28.7498452], [84.4384825, 28.7502685], [84.4381928, 28.7505129], [84.4379461, 28.7506634], [84.4374955, 28.7507105], [84.436959, 28.7507387], [84.4362938, 28.750654], [84.4355321, 28.7505882], [84.4350171, 28.75056], [84.4340193, 28.7506822], [84.4334078, 28.7508233], [84.4330859, 28.750955], [84.432807, 28.7511808], [84.4326138, 28.7515476], [84.4324744, 28.7518768], [84.4322061, 28.7523942], [84.4319594, 28.7525635], [84.4312084, 28.7527986], [84.4308221, 28.7528551], [84.4300389, 28.7529021], [84.4295883, 28.7529021], [84.4290733, 28.7529585], [84.4284725, 28.7530526], [84.4281936, 28.7531937], [84.4279361, 28.7533912], [84.4275927, 28.7535699], [84.4272494, 28.753711], [84.4270241, 28.7537674], [84.4266701, 28.753965], [84.4264448, 28.7542754], [84.4263375, 28.7546422], [84.4261873, 28.7552536], [84.4261765, 28.7554981], [84.4262194, 28.7557897], [84.4263482, 28.7560813], [84.4264769, 28.7563823], [84.4264984, 28.7566738], [84.4263697, 28.7571723], [84.426316, 28.7573887], [84.4262516, 28.7577649], [84.4261658, 28.7580282], [84.42608, 28.7583386], [84.42608, 28.7588559], [84.4260049, 28.7594579], [84.4258654, 28.7596648], [84.4256508, 28.7598341], [84.4253826, 28.7599187], [84.42505, 28.7598435], [84.4246638, 28.7594861], [84.4245458, 28.7592698], [84.4241595, 28.7588653], [84.423902, 28.7585738], [84.4237196, 28.7582822], [84.4233548, 28.7580941], [84.4229901, 28.7580188], [84.4225716, 28.7580659], [84.4222283, 28.7582916], [84.4220567, 28.7584609], [84.4220245, 28.7587242], [84.4220352, 28.7590346], [84.4221318, 28.7593074], [84.4222283, 28.7595707], [84.4223356, 28.7599658], [84.4222283, 28.7604548], [84.4220459, 28.7607182], [84.4218743, 28.7608593], [84.4216275, 28.7610944], [84.4211876, 28.7613107], [84.4208121, 28.7614236], [84.4205975, 28.76148], [84.4203615, 28.7616117], [84.4202113, 28.7618374], [84.4201469, 28.7621384], [84.4199002, 28.7624017], [84.4195247, 28.7625616], [84.4191813, 28.762571], [84.4188917, 28.7627027], [84.4187522, 28.7629002], [84.4187522, 28.76322], [84.4187522, 28.7636714], [84.4188165, 28.76401], [84.4189667, 28.7643486], [84.4191813, 28.7647812], [84.4194174, 28.7652327], [84.42034, 28.765985], [84.42137, 28.7663424], [84.4223571, 28.76638], [84.4232797, 28.76638], [84.4240737, 28.7663424], [84.4246316, 28.7662672], [84.4257688, 28.7660603], [84.4267344, 28.7656465], [84.4273352, 28.7652703], [84.427979, 28.7648], [84.4285798, 28.764311], [84.429245, 28.7638407], [84.4299316, 28.7634081], [84.4305968, 28.7630883], [84.431262, 28.7629378], [84.4319272, 28.7627874], [84.4329786, 28.7627309], [84.4340086, 28.7627309], [84.4346523, 28.7627309], [84.43506, 28.7626181], [84.4356394, 28.7622042], [84.4360256, 28.7617528], [84.4362402, 28.7612825], [84.4364977, 28.7608499], [84.4369483, 28.7605301], [84.4375491, 28.760643], [84.4378066, 28.7611132], [84.437871, 28.7616023], [84.4379568, 28.7619785], [84.4383001, 28.76243], [84.4387507, 28.7626745], [84.439137, 28.7628814], [84.4396734, 28.7631447], [84.4400382, 28.763314], [84.4408536, 28.7633705], [84.4418621, 28.7633517], [84.4423771, 28.7633517], [84.4427204, 28.7632576], [84.4434929, 28.7629002], [84.4441581, 28.7623735], [84.4457245, 28.7613766], [84.4464326, 28.7607558], [84.4470548, 28.7603232], [84.4478702, 28.7598153], [84.4495654, 28.7592133], [84.4506168, 28.7587243], [84.4515609, 28.7582164], [84.4520974, 28.7577461], [84.4524836, 28.757351], [84.4531059, 28.7566926], [84.4535994, 28.7559966], [84.4539642, 28.7554323], [84.4543075, 28.7549808], [84.4547581, 28.7544353], [84.4549083, 28.7540778], [84.4551015, 28.753363], [84.4552302, 28.7522531], [84.4558525, 28.7514441], [84.4562816, 28.7508798], [84.456582, 28.7503907], [84.4572687, 28.7494689], [84.4578695, 28.7488105], [84.4583845, 28.748453], [84.4591784, 28.7477946], [84.4596719, 28.7475312], [84.4601011, 28.747296], [84.4605249, 28.7471643], [84.4607395, 28.7471785], [84.4609541, 28.7472913], [84.4612545, 28.7474418], [84.46141, 28.7476112], [84.4616353, 28.7477523], [84.4618177, 28.7478228], [84.462102, 28.7479075], [84.4624615, 28.7480015], [84.4628886, 28.7482647], [84.4631588, 28.7487446], [84.46347, 28.7491585], [84.4640386, 28.749516], [84.4662165, 28.7503812], [84.4675147, 28.75056], [84.4688773, 28.7505788], [84.4706368, 28.7496382], [84.4735443, 28.748105], [84.475261, 28.7473149], [84.4778681, 28.7473337], [84.4787478, 28.747456], [84.4794237, 28.7473619], [84.4801104, 28.7469762], [84.4803464, 28.7466282], [84.4805932, 28.7460356], [84.48084, 28.7454335], [84.4822562, 28.7431006], [84.4850671, 28.7411628], [84.4859362, 28.7404479], [84.4862795, 28.7399681], [84.4864619, 28.7394413], [84.4867623, 28.7387169], [84.4867408, 28.7382654], [84.4862795, 28.7378609], [84.4849598, 28.7376351], [84.4834792, 28.7371835], [84.4827175, 28.7370612], [84.4820416, 28.7370801], [84.4812476, 28.7372118], [84.4805717, 28.7374093], [84.479574, 28.7377386], [84.4789731, 28.7378327], [84.478147, 28.7379361], [84.4770741, 28.7380114], [84.4763875, 28.7379832], [84.4756365, 28.7380114], [84.4752395, 28.7379738], [84.4748747, 28.7378232], [84.4746065, 28.7376633], [84.4742417, 28.7372212], [84.4741666, 28.7369766], [84.474231, 28.7367884], [84.4744778, 28.7366849], [84.4748854, 28.7365909], [84.4753253, 28.736525], [84.4760227, 28.7363369], [84.4767094, 28.7361959], [84.477278, 28.7361112], [84.4779003, 28.7359889], [84.4786405, 28.7358101], [84.4793486, 28.7357255], [84.481473, 28.7355844], [84.4823527, 28.7355938], [84.483093, 28.7356314], [84.4837046, 28.7358196], [84.4843912, 28.7358666], [84.4849062, 28.7359607], [84.4854426, 28.7359795], [84.4859254, 28.735923], [84.4868266, 28.7357161], [84.4875562, 28.7354527], [84.488275, 28.7349823], [84.4888759, 28.7342861], [84.489187, 28.7337311], [84.4892943, 28.7332324], [84.4892943, 28.732414], [84.4891655, 28.7318307], [84.4890475, 28.7313509], [84.4887793, 28.7309651], [84.488554, 28.7306829], [84.4881248, 28.7303348], [84.4877279, 28.7301372], [84.4870841, 28.7299961], [84.4864511, 28.7299585], [84.4856787, 28.7299585], [84.4849813, 28.7298268], [84.4839942, 28.7296951], [84.4830394, 28.7294128], [84.4819343, 28.7290083], [84.48143, 28.7288389], [84.4810867, 28.7286978], [84.480207, 28.7284908], [84.4795096, 28.7284908], [84.4789731, 28.7285284], [84.4779646, 28.7286319], [84.4772243, 28.7287354], [84.4767201, 28.7287354], [84.4752502, 28.7287072], [84.4748962, 28.7286884], [84.4745421, 28.7286131], [84.4742417, 28.7285473], [84.4738018, 28.7285567], [84.4733727, 28.7286884], [84.4731688, 28.728726], [84.4728362, 28.7287448], [84.4723964, 28.728726], [84.4720316, 28.7286696], [84.4716883, 28.7285755], [84.4713342, 28.7285002], [84.4710874, 28.7285002], [84.4709265, 28.7285002], [84.4706368, 28.7286507], [84.4704115, 28.7288483], [84.4701862, 28.7291306], [84.4700897, 28.729441], [84.4699395, 28.7298174], [84.4697463, 28.7302219], [84.4694888, 28.7305136], [84.4692206, 28.7307864], [84.469006, 28.7309934], [84.4687056, 28.7312756], [84.4683516, 28.7314732], [84.4679439, 28.7316331], [84.4676649, 28.7316519], [84.4673645, 28.7316613], [84.4669461, 28.7315955], [84.4665813, 28.731539], [84.4660771, 28.7313415], [84.4658732, 28.7313132], [84.4655299, 28.7313791], [84.4654012, 28.7314638], [84.4651544, 28.7314355], [84.4651115, 28.7313038], [84.4651973, 28.7310498], [84.4651759, 28.7308805], [84.4651008, 28.7306453], [84.4649505, 28.7303348], [84.4648325, 28.7301843], [84.4645858, 28.7298926], [84.4642532, 28.7294598], [84.4641566, 28.7292341], [84.4640064, 28.7288954], [84.4638884, 28.7286037], [84.4637167, 28.7283591], [84.4635773, 28.7281239], [84.4634807, 28.7279545], [84.4632768, 28.7275312], [84.4631696, 28.7273148], [84.4631588, 28.7270513], [84.463191, 28.7268632], [84.4633412, 28.7265527], [84.4636309, 28.7263175], [84.4638991, 28.7262046], [84.4646072, 28.7259882], [84.4650256, 28.7258847], [84.465605, 28.7256401], [84.4668066, 28.7252167], [84.4674075, 28.7251602], [84.4679868, 28.7251414], [84.4685984, 28.7251038], [84.4695854, 28.7251132], [84.4700467, 28.7251979], [84.4706797, 28.725339], [84.4712269, 28.7255648], [84.4715059, 28.7257718], [84.4717955, 28.7259882], [84.4720745, 28.7263175], [84.4722891, 28.7264868], [84.4725358, 28.7266656], [84.472847, 28.7268255], [84.4731474, 28.7269384], [84.4735765, 28.7270043], [84.4744348, 28.7270607], [84.4750357, 28.7270702], [84.4753575, 28.7270702], [84.4759261, 28.7269667], [84.4762802, 28.726882], [84.4766235, 28.7267126], [84.4773209, 28.7263928], [84.4775355, 28.7261764], [84.4778466, 28.7259129], [84.4783723, 28.7256589], [84.4789517, 28.7255084], [84.4793916, 28.7254425], [84.4797563, 28.7254425], [84.4800782, 28.7253672], [84.4806254, 28.7250662], [84.4811725, 28.7246051], [84.4815373, 28.7243041], [84.4820094, 28.7239183], [84.4823098, 28.723589], [84.4825029, 28.7231656], [84.4824064, 28.722507], [84.4822991, 28.7223188], [84.4818914, 28.7220554], [84.4816768, 28.7219989], [84.4811618, 28.7219801], [84.4808292, 28.7219707], [84.4804001, 28.7216979], [84.4803572, 28.7215003], [84.4805181, 28.721265], [84.4807541, 28.7208605], [84.4807541, 28.7205782], [84.4806254, 28.7202959], [84.4802177, 28.7200231], [84.4798529, 28.7199572], [84.4794023, 28.7199572], [84.4789195, 28.7200137], [84.4784152, 28.720183], [84.4780612, 28.7204559], [84.4777715, 28.7207099], [84.4772887, 28.7210016], [84.4765055, 28.7212839], [84.4754755, 28.7215944], [84.4748425, 28.7216508], [84.474231, 28.7215567], [84.4738555, 28.7214062], [84.473362, 28.7210204], [84.4730401, 28.7207193], [84.4724285, 28.720343], [84.4722032, 28.7201642], [84.4717955, 28.7198443], [84.471066, 28.719308], [84.4707978, 28.7191574], [84.470315, 28.7190633], [84.4698, 28.7188752], [84.4694245, 28.7189034], [84.4688773, 28.7189034], [84.4684911, 28.7189881], [84.4678581, 28.7192327], [84.4673645, 28.7194491], [84.4668281, 28.7197032], [84.4662273, 28.7198725], [84.4657767, 28.7199572], [84.4649827, 28.7199666], [84.4644141, 28.7199854], [84.4639635, 28.7199478], [84.4634271, 28.7198819], [84.462837, 28.7197878], [84.4622791, 28.7196373], [84.4619787, 28.719515], [84.4616246, 28.7194115], [84.4612062, 28.719355], [84.4608736, 28.719355], [84.4606483, 28.7193456], [84.4599187, 28.7193174], [84.4594788, 28.7192798], [84.4589531, 28.7192798], [84.4582987, 28.7192986], [84.4578159, 28.7192327], [84.457494, 28.7191104], [84.4573223, 28.7188563], [84.4572151, 28.7186493], [84.4571936, 28.7183671], [84.4569898, 28.7178119], [84.4569683, 28.7176049], [84.4569898, 28.717445], [84.4571078, 28.7171157], [84.4573331, 28.7165417], [84.4573867, 28.7157701], [84.4573974, 28.7153937], [84.4574296, 28.7148574], [84.4574511, 28.7144434], [84.4574618, 28.7140011], [84.4574511, 28.7135401], [84.4573009, 28.7129096], [84.4569898, 28.7122416], [84.4567752, 28.7119122], [84.4564855, 28.7115076], [84.4561529, 28.7111124], [84.4557667, 28.710736], [84.4554126, 28.7103502], [84.4552088, 28.7099644], [84.4551122, 28.7096162], [84.4551015, 28.7093339], [84.4552302, 28.7091175], [84.455595, 28.7087317], [84.4558847, 28.7085623], [84.4565391, 28.7081389], [84.4573063, 28.7075884], [84.4575262, 28.707466], [84.4577569, 28.7073296], [84.4579768, 28.7072025], [84.4581807, 28.7070849], [84.4582987, 28.706972], [84.4584006, 28.7068308], [84.4584918, 28.7066003], [84.4584918, 28.7064215], [84.4584918, 28.7061486], [84.4584006, 28.7058616], [84.4583148, 28.7056875], [84.458245, 28.7054711], [84.4581753, 28.7052782], [84.4580573, 28.70493], [84.4580465, 28.7047371], [84.4580465, 28.7045536], [84.4581002, 28.7043042], [84.4581914, 28.7040548], [84.4584328, 28.7036737], [84.4585991, 28.7034572], [84.4588029, 28.7032361], [84.4589853, 28.7029914], [84.4591892, 28.7027373], [84.4594198, 28.7024974], [84.4596988, 28.7021351], [84.4598544, 28.7018433], [84.4599509, 28.7015328], [84.460085, 28.7013069], [84.4602889, 28.7009634], [84.460482, 28.700747], [84.4607288, 28.7004647], [84.4610399, 28.7001871], [84.4613832, 28.6998906], [84.4616997, 28.6995895], [84.4619197, 28.6993589], [84.4620967, 28.6991754], [84.4621932, 28.6990531], [84.4623005, 28.698926], [84.4623971, 28.6988037], [84.4625044, 28.6986719], [84.4625902, 28.6984837], [84.4626439, 28.6983331], [84.4626599, 28.6981637], [84.4626814, 28.6979567], [84.462735, 28.6977967], [84.4628423, 28.6975849], [84.4629979, 28.6972838], [84.4631857, 28.6969921], [84.4634592, 28.6966203], [84.4637221, 28.6961968], [84.4638991, 28.6959192], [84.4641298, 28.6956133], [84.4645053, 28.6951804], [84.4648379, 28.6948134], [84.4651168, 28.6945546], [84.4653851, 28.6942628], [84.4656962, 28.6939664], [84.4660288, 28.693717], [84.4665599, 28.6932323], [84.4672304, 28.6926346], [84.4676113, 28.6923429], [84.4678473, 28.6921311], [84.4680136, 28.6919664], [84.4682121, 28.6918582], [84.4683355, 28.6916182], [84.4684642, 28.6912464], [84.4686574, 28.6909076], [84.4690812, 28.6905453], [84.4697571, 28.6900841], [84.4700575, 28.68983], [84.4703633, 28.6895288], [84.4707066, 28.6891665], [84.4711089, 28.6888324], [84.4711894, 28.6886865], [84.4713342, 28.6885406], [84.4714844, 28.6884371], [84.472399, 28.6874088], [84.4725305, 28.68719], [84.4725948, 28.6870394], [84.4726646, 28.6868935], [84.4727719, 28.6867194], [84.4728792, 28.6864888], [84.4729972, 28.6862253], [84.4730508, 28.685877], [84.4731635, 28.6855335], [84.4732118, 28.685317], [84.4733083, 28.684997], [84.4733941, 28.6847146], [84.4734585, 28.6843334], [84.4735336, 28.6838628], [84.4735926, 28.6835146], [84.4736195, 28.6828886], [84.4736355, 28.6825545], [84.4736302, 28.682178], [84.4734961, 28.6816791], [84.473421, 28.6814533], [84.4732708, 28.6811379], [84.4731635, 28.6807661], [84.4730401, 28.6800744], [84.4729274, 28.6796697], [84.4727772, 28.6792791], [84.4726217, 28.6787049], [84.4724393, 28.6781119], [84.4722998, 28.6776459], [84.4721228, 28.6771329], [84.471817, 28.6763752], [84.4715542, 28.6756739], [84.4713342, 28.6749491], [84.4712108, 28.6743138], [84.4711518, 28.6738149], [84.4709372, 28.6727465], [84.4707495, 28.6716828], [84.4706583, 28.6708685], [84.4705939, 28.670332], [84.470551, 28.6696542], [84.4704813, 28.66932], [84.4703686, 28.6688352], [84.470256, 28.6681292], [84.4701272, 28.6674232], [84.4701165, 28.6667218], [84.4700146, 28.6661146], [84.4698644, 28.6655639], [84.4697517, 28.6650697], [84.4696551, 28.6645096], [84.4695747, 28.6640106], [84.4694835, 28.6631963], [84.469344, 28.6627586], [84.4691777, 28.6621231], [84.46899, 28.661643], [84.46899, 28.6609134], [84.4689792, 28.6605792], [84.4689256, 28.6603626], [84.4687325, 28.6599484], [84.4685554, 28.6594918], [84.4683731, 28.6590023], [84.4682389, 28.6585315], [84.4680726, 28.6579761], [84.4675362, 28.6569311], [84.467386, 28.6566392], [84.4672197, 28.6563473], [84.4669622, 28.6558719], [84.4667476, 28.6553776], [84.4664794, 28.6549775], [84.4662058, 28.6543655], [84.4659805, 28.6538053], [84.4658464, 28.653424], [84.4657767, 28.6532499], [84.4655353, 28.6527697], [84.4653422, 28.6522566], [84.465208, 28.651767], [84.4651651, 28.6512539], [84.4650954, 28.6505006], [84.4650578, 28.6500628], [84.4650578, 28.6496533], [84.4650257, 28.6492578], [84.4649881, 28.6485423], [84.4649774, 28.6482692], [84.4648218, 28.647789], [84.4648218, 28.6472335], [84.4648379, 28.6468286], [84.4648862, 28.6463108], [84.4649398, 28.6457929], [84.4650256, 28.6453739], [84.4651115, 28.6449314], [84.4652188, 28.6444418], [84.4652402, 28.6441311], [84.4652831, 28.6436603], [84.4653582, 28.6431518], [84.4655084, 28.6427281], [84.4656694, 28.6422761], [84.4658196, 28.6415417], [84.4659859, 28.6409485], [84.4662219, 28.6402517], [84.4663936, 28.6398327], [84.4664258, 28.639569], [84.4665867, 28.639004], [84.4666994, 28.6385803], [84.466989, 28.6379494], [84.4671285, 28.6375021], [84.4674987, 28.6365699], [84.4677293, 28.6359767], [84.467901, 28.6356565], [84.4680458, 28.6353363], [84.4681585, 28.6348137], [84.4682497, 28.6344653], [84.4683945, 28.6341545], [84.468475, 28.6339897], [84.4687056, 28.6335283], [84.4687915, 28.633307], [84.4689256, 28.6330151], [84.4689524, 28.6327656], [84.4689524, 28.6324736], [84.4688934, 28.6321299], [84.4686928, 28.6316031], [84.4686252, 28.6313672], [84.4686252, 28.6311506], [84.4687539, 28.6308163], [84.4687486, 28.6305479], [84.4687647, 28.6303784], [84.4687218, 28.6302465], [84.4686627, 28.6300676], [84.4682336, 28.6298746], [84.4677293, 28.6298369], [84.4672626, 28.6299311], [84.4670212, 28.6300205], [84.4668442, 28.6301194], [84.4666511, 28.6302842], [84.466356, 28.6307409], [84.4660717, 28.6313248], [84.4657981, 28.6318568], [84.4655675, 28.6324124], [84.4653958, 28.6329586], [84.464972, 28.6337732], [84.4647574, 28.6343758], [84.4646072, 28.6348231], [84.4643873, 28.6353599], [84.4642264, 28.6356329], [84.4640869, 28.6359154], [84.4639099, 28.6362262], [84.4637704, 28.6364239], [84.4636845, 28.636584], [84.4635075, 28.6370454], [84.46325, 28.6376151], [84.4628853, 28.6382554], [84.4626439, 28.6388957], [84.4625044, 28.6392347], [84.4623327, 28.6396726], [84.4622791, 28.6400681], [84.4621718, 28.640473], [84.461925, 28.6410991], [84.4617319, 28.6414287], [84.4615012, 28.6418571], [84.4613939, 28.6420784], [84.4611955, 28.6423562], [84.4610399, 28.6425068], [84.4607931, 28.6427187], [84.4605517, 28.6429823], [84.4603747, 28.6432271], [84.4602674, 28.6436273], [84.4601977, 28.6440604], [84.460085, 28.6447902], [84.4599456, 28.645501], [84.4598597, 28.6460283], [84.45979, 28.6463673], [84.4597524, 28.6467392], [84.4597632, 28.647017], [84.45979, 28.6475819], [84.4597363, 28.6480668], [84.4596773, 28.648434], [84.4595915, 28.6486929], [84.4594788, 28.6489565], [84.4593018, 28.6491261], [84.4599723, 28.6520118], [84.4601118, 28.6521248], [84.4601709, 28.652233], [84.460246, 28.6524119], [84.4603318, 28.6526991], [84.4603801, 28.6530286], [84.4603693, 28.6533958], [84.4603747, 28.6537159], [84.4603908, 28.6541113], [84.4603801, 28.6545256], [84.4604176, 28.6550716], [84.4604605, 28.65534], [84.4606161, 28.6559001], [84.460836, 28.6565545], [84.4610238, 28.657463], [84.4610935, 28.6578443], [84.4612276, 28.6582209], [84.4613457, 28.6587245], [84.4614476, 28.6590493], [84.4615227, 28.6592941], [84.4616032, 28.6597319], [84.4617051, 28.6600002], [84.4618714, 28.6603203], [84.4620484, 28.6609604], [84.4622147, 28.6613841], [84.4622576, 28.6617936], [84.4622737, 28.6621372], [84.4623005, 28.6623585], [84.4622952, 28.6626221], [84.4623542, 28.6629798], [84.4624239, 28.6633234], [84.4624615, 28.6635729], [84.4625366, 28.664359], [84.4626546, 28.6650273], [84.4626921, 28.6656863], [84.4627136, 28.6661947], [84.4626975, 28.6666512], [84.4627458, 28.6671031], [84.4628316, 28.6674749], [84.4629389, 28.6678327], [84.4629389, 28.6682657], [84.4629925, 28.6692635], [84.4630301, 28.6695883], [84.4630247, 28.6698707], [84.463073, 28.6702284], [84.4630945, 28.6704779], [84.4630998, 28.6707132], [84.4631052, 28.6711886], [84.4631267, 28.6715416], [84.4631159, 28.6717769], [84.4631106, 28.6720499], [84.4631374, 28.6722664], [84.4632178, 28.6725253], [84.4633144, 28.6730618], [84.4633895, 28.6738102], [84.4634002, 28.6743091], [84.463411, 28.674855], [84.4634163, 28.6752786], [84.4634753, 28.6756739], [84.463588, 28.6760458], [84.4637704, 28.6764693], [84.4638938, 28.6769212], [84.4641673, 28.6775612], [84.4642693, 28.6779801], [84.4645697, 28.6786484], [84.4647306, 28.6791096], [84.4648701, 28.6794297], [84.4650417, 28.6797779], [84.465208, 28.6801356], [84.4654602, 28.6806909], [84.465487, 28.681105], [84.4655245, 28.6814344], [84.4655406, 28.6818674], [84.465487, 28.6822439], [84.4653851, 28.6827427], [84.4652188, 28.6830863], [84.4651168, 28.6832981], [84.4648379, 28.6837593], [84.4645911, 28.6840605], [84.4643927, 28.6843428], [84.4642585, 28.6844746], [84.4640332, 28.6847146], [84.4637221, 28.6849311], [84.463411, 28.685124], [84.4629979, 28.6853876], [84.4625205, 28.6856888], [84.4619572, 28.6861358], [84.4612169, 28.6867806], [84.4608414, 28.6871053], [84.4605303, 28.6873688], [84.4601279, 28.6877218], [84.4599026, 28.6879429], [84.4596773, 28.6882629], [84.4595379, 28.68855], [84.4593984, 28.6888465], [84.4592911, 28.6891429], [84.459157, 28.6894253], [84.4588941, 28.6898959], [84.4587171, 28.6901359], [84.4583094, 28.6905735], [84.4579232, 28.6911429], [84.4574511, 28.69167], [84.4571829, 28.6920088], [84.4568395, 28.6924794], [84.4564211, 28.6929782], [84.45611, 28.6933734], [84.4556701, 28.6939287], [84.4553912, 28.6944463], [84.4550586, 28.6950581], [84.4548654, 28.6953969], [84.4544041, 28.696178], [84.4538945, 28.6972461], [84.4535994, 28.697839], [84.4533205, 28.6983613], [84.4530308, 28.6988648], [84.4528645, 28.6991566], [84.4525534, 28.6998483], [84.4522905, 28.7003847], [84.4521189, 28.7008035], [84.4518828, 28.7014104], [84.4516468, 28.702088], [84.4515073, 28.7024833], [84.4513142, 28.7028079], [84.4511586, 28.7032831], [84.4510782, 28.7035561], [84.4509977, 28.7039231], [84.4508636, 28.7042618], [84.4507617, 28.7046147], [84.450708, 28.7047888], [84.4505793, 28.7050382], [84.4505149, 28.7052782], [84.4505042, 28.7054899], [84.4504774, 28.7056969], [84.4503969, 28.7059228]]]}, "properties": {"external_id": "osm:way/90264593", "name": "Ponkar Glacier", "name_ne": "", "area_km2": 25.653}}, {"type": "Feature", "geometry": {"type": "Polygon", "coordinates": [[[84.6075368, 28.5740072], [84.6073866, 28.5737811], [84.6072686, 28.5735738], [84.6070754, 28.5733665], [84.6068072, 28.5732346], [84.6064961, 28.5730933], [84.6062064, 28.5730179], [84.6058094, 28.5729425], [84.6055841, 28.5728672], [84.6054071, 28.57274], [84.6052837, 28.5724573], [84.6051925, 28.5721652], [84.6051711, 28.5719626], [84.6051764, 28.5716234], [84.6051818, 28.5714114], [84.6052033, 28.5712135], [84.6052676, 28.5709921], [84.6053696, 28.5708461], [84.605509, 28.5707424], [84.6057075, 28.5706671], [84.6059543, 28.5705116], [84.6060455, 28.5703797], [84.6060508, 28.570243], [84.6060187, 28.5701206], [84.6060026, 28.5700216], [84.6060562, 28.569918], [84.6061152, 28.5698661], [84.6065229, 28.5697389], [84.6066678, 28.5697389], [84.6069843, 28.5697389], [84.607172, 28.5697672], [84.6074027, 28.5698237], [84.6076763, 28.5699085], [84.6080196, 28.5699934], [84.6083736, 28.570097], [84.608717, 28.5702101], [84.6089637, 28.570342], [84.6094465, 28.5704174], [84.6097469, 28.5703797], [84.6100259, 28.5701724], [84.6101975, 28.5697484], [84.6102726, 28.5693526], [84.6103585, 28.5691171], [84.6105409, 28.5688344], [84.6107447, 28.5685423], [84.6109271, 28.5682785], [84.6111953, 28.5679675], [84.6115172, 28.567666], [84.6117639, 28.5675058], [84.6120107, 28.5674022], [84.6122897, 28.5673268], [84.6126759, 28.567242], [84.6131372, 28.5672231], [84.6134806, 28.5672043], [84.6139097, 28.5672231], [84.6142638, 28.5672608], [84.6145964, 28.567421], [84.6148324, 28.5676189], [84.6150577, 28.5679958], [84.6152401, 28.5684952], [84.6152723, 28.5688627], [84.6154332, 28.5692301], [84.6155834, 28.5695222], [84.6158409, 28.5697861], [84.616034, 28.5699368], [84.6163988, 28.5702478], [84.6167099, 28.5705493], [84.6168601, 28.5708319], [84.6169782, 28.5711335], [84.6170318, 28.5715292], [84.6169889, 28.5719815], [84.6168494, 28.5722359], [84.6166026, 28.5725468], [84.616152, 28.5726693], [84.615916, 28.5725656], [84.6154868, 28.5723678], [84.6149504, 28.5723584], [84.6144462, 28.5725185], [84.6136737, 28.57282], [84.613266, 28.5728389], [84.6129441, 28.5728012], [84.612633, 28.5726693], [84.6123111, 28.5725374], [84.611839, 28.5723772], [84.6112704, 28.5722641], [84.6107876, 28.5721511], [84.6101653, 28.572038], [84.6100044, 28.572038], [84.6099508, 28.5722736], [84.6099615, 28.5724432], [84.6100902, 28.5727447], [84.6103799, 28.5730462], [84.6106589, 28.5732817], [84.6108842, 28.5734796], [84.6114099, 28.5736963], [84.6117854, 28.5738942], [84.6122682, 28.5742899], [84.612869, 28.5749117], [84.6131587, 28.5755713], [84.6131694, 28.5762025], [84.6130407, 28.5767867], [84.6127188, 28.5772578], [84.6124077, 28.5777477], [84.612236, 28.5781905], [84.6121502, 28.5788312], [84.6120107, 28.5791987], [84.6118712, 28.5795473], [84.6116781, 28.5798487], [84.6114206, 28.5800466], [84.61097, 28.5802162], [84.6105087, 28.5801879], [84.6103585, 28.5801502], [84.6100795, 28.5799901], [84.6098757, 28.5797828], [84.6094465, 28.5797168], [84.6091461, 28.5797545], [84.6089208, 28.5798676], [84.6087277, 28.5799995], [84.6083629, 28.5802445], [84.6078903, 28.5804879], [84.6078265, 28.580593], [84.6076441, 28.5807061], [84.6071827, 28.5808663], [84.6068823, 28.5810547], [84.6067107, 28.5811866], [84.6066034, 28.5813373], [84.6064532, 28.5815635], [84.6063244, 28.5817613], [84.6060777, 28.5818555], [84.6058094, 28.5818838], [84.6054768, 28.581799], [84.6050799, 28.5816388], [84.604758, 28.5815635], [84.6045542, 28.581554], [84.604361, 28.5815258], [84.6040392, 28.5813562], [84.6038353, 28.5810547], [84.6037388, 28.5808097], [84.6036529, 28.5803575], [84.6034491, 28.5798016], [84.6032345, 28.5795755], [84.602859, 28.5793588], [84.6026659, 28.579274], [84.6024728, 28.5791704], [84.6020329, 28.5788406], [84.601711, 28.5784826], [84.6014643, 28.5780115], [84.601239, 28.5775122], [84.6006703, 28.5767302], [84.6004772, 28.5765229], [84.6001661, 28.5762685], [84.5998227, 28.5759293], [84.5994258, 28.5756467], [84.5992219, 28.5755807], [84.5989001, 28.5754771], [84.5987177, 28.5754865], [84.5986211, 28.575609], [84.5985675, 28.5759199], [84.5985353, 28.5763062], [84.5986533, 28.5768809], [84.5987499, 28.577531], [84.5989752, 28.578021], [84.5991683, 28.5785203], [84.5994687, 28.5790102], [84.5998764, 28.5795661], [84.6002841, 28.5800466], [84.6006596, 28.5804423], [84.6014535, 28.581017], [84.6019792, 28.5813939], [84.602462, 28.5816577], [84.6031594, 28.5819403], [84.6038675, 28.5820911], [84.6046829, 28.5822512], [84.6051764, 28.5823925], [84.6059489, 28.5826752], [84.6063244, 28.582873], [84.606657, 28.5833158], [84.6071398, 28.5838434], [84.6076333, 28.5842674], [84.6081912, 28.5847667], [84.6088672, 28.5852189], [84.6096504, 28.5857465], [84.6102297, 28.586274], [84.6105623, 28.5866603], [84.6107769, 28.5869712], [84.6110451, 28.5873386], [84.6113455, 28.5877154], [84.6116996, 28.5880546], [84.6120858, 28.5883655], [84.6127081, 28.5887988], [84.6131587, 28.5890249], [84.6137434, 28.589284], [84.6143389, 28.5895431], [84.614768, 28.589755], [84.6152294, 28.5900376], [84.6157068, 28.5903297], [84.6160448, 28.590438], [84.6165866, 28.5905982], [84.6169406, 28.5907395], [84.6174771, 28.5908902], [84.6177882, 28.5909703], [84.6180135, 28.5910833], [84.6181047, 28.5912293], [84.6181154, 28.5913848], [84.6181315, 28.5917757], [84.6180564, 28.5922844], [84.6177989, 28.5925906], [84.6175039, 28.5927178], [84.6170533, 28.5928261], [84.6165483, 28.5929885], [84.6161896, 28.5931935], [84.6158946, 28.593316], [84.6155566, 28.5934384], [84.6154225, 28.5935044], [84.6153581, 28.5936692], [84.6153367, 28.5938294], [84.6153259, 28.5940931], [84.6153056, 28.5944193], [84.6152133, 28.5946301], [84.6151489, 28.5947761], [84.6150792, 28.5949739], [84.6150148, 28.5950776], [84.6149129, 28.5951435], [84.6147841, 28.5951623], [84.6146017, 28.5950917], [84.6144676, 28.5949551], [84.6143711, 28.5948609], [84.6142262, 28.5946866], [84.6140921, 28.59455], [84.6139473, 28.5944794], [84.613663, 28.5944087], [84.6134859, 28.5943475], [84.6132499, 28.5942486], [84.6130675, 28.594145], [84.6128154, 28.5939047], [84.6126759, 28.5937069], [84.6125579, 28.5935044], [84.6123755, 28.5933348], [84.6121341, 28.5932783], [84.6117908, 28.5932124], [84.6115655, 28.5931935], [84.6113938, 28.5931323], [84.6111524, 28.5929627], [84.6109539, 28.5928073], [84.6107769, 28.5927178], [84.6105248, 28.5926189], [84.6102673, 28.5925105], [84.6099132, 28.5923928], [84.609704, 28.5923834], [84.6094465, 28.5925576], [84.609248, 28.5926707], [84.6090174, 28.5927366], [84.6087223, 28.5927131], [84.6083629, 28.5926895], [84.608041, 28.5926], [84.6077353, 28.5924917], [84.6075261, 28.5924022], [84.6072578, 28.5922939], [84.6070164, 28.5921714], [84.6068501, 28.5921102], [84.6066678, 28.5920631], [84.6064049, 28.5919736], [84.606083, 28.5918605], [84.6058309, 28.5917286], [84.6056217, 28.5915685], [84.6055198, 28.5914554], [84.6053964, 28.5912812], [84.6052462, 28.5909797], [84.605096, 28.5908101], [84.6049726, 28.5907583], [84.6048224, 28.5907772], [84.6046883, 28.590829], [84.6045113, 28.5909373], [84.6043825, 28.5910551], [84.6042806, 28.5912341], [84.6041518, 28.5914178], [84.6039265, 28.5916062], [84.6036369, 28.5917616], [84.6032774, 28.5917569], [84.6029878, 28.5916721], [84.6026123, 28.5915496], [84.6022636, 28.5915355], [84.6020758, 28.5916062], [84.6019095, 28.5916768], [84.6016896, 28.5917192], [84.6014696, 28.591691], [84.6012175, 28.5916391], [84.6010083, 28.5915779], [84.6008688, 28.5915638], [84.6005309, 28.5915544], [84.6003753, 28.5915591], [84.6001929, 28.5915779], [84.5999569, 28.5915826], [84.599753, 28.5915449], [84.5994902, 28.5914272], [84.599238, 28.5913047], [84.5990395, 28.5911775], [84.5985836, 28.5909562], [84.5982617, 28.5908619], [84.597913, 28.5908478], [84.5976019, 28.5908619], [84.5973605, 28.5909185], [84.597044, 28.5909656], [84.5967275, 28.5910127], [84.5964807, 28.5910315], [84.5961159, 28.5909467], [84.595837, 28.5908431], [84.5955688, 28.5907489], [84.5953166, 28.5907018], [84.5949519, 28.5906406], [84.5946515, 28.5906359], [84.594351, 28.5906359], [84.5940131, 28.5906641], [84.5938307, 28.5907206], [84.5935893, 28.590796], [84.5932084, 28.5908337], [84.5929724, 28.5908996], [84.5928329, 28.5909656], [84.5926613, 28.5910645], [84.5925486, 28.5911304], [84.5923662, 28.5912058], [84.5921731, 28.5912293], [84.5918941, 28.5912246], [84.5916796, 28.591187], [84.5914864, 28.5911257], [84.5912504, 28.5910928], [84.5909178, 28.5911022], [84.5904136, 28.5911351], [84.5899254, 28.5912529], [84.589684, 28.5913424], [84.5894533, 28.5914319], [84.5890027, 28.5915025], [84.588697, 28.5915355], [84.5883697, 28.5915402], [84.5880854, 28.5915544], [84.5878226, 28.5915402], [84.5875919, 28.5915261], [84.5872271, 28.5915167], [84.5869267, 28.5914837], [84.5865941, 28.591446], [84.5864063, 28.5914319], [84.5861059, 28.5913377], [84.5858806, 28.5912623], [84.5855427, 28.5911446], [84.5851672, 28.5911304], [84.5847917, 28.5911257], [84.5844161, 28.5911163], [84.5842552, 28.5911022], [84.5839655, 28.5910174], [84.5837402, 28.5909656], [84.5834506, 28.5909514], [84.5833808, 28.5909514], [84.5831984, 28.5909938], [84.5830858, 28.591088], [84.5830107, 28.5911681], [84.5791322, 28.5906594], [84.5790517, 28.5905134], [84.5789015, 28.5903862], [84.5787299, 28.5902732], [84.5785207, 28.5902025], [84.5783758, 28.5901884], [84.5780915, 28.5901554], [84.5778984, 28.5901271], [84.5775282, 28.5901319], [84.5770991, 28.5901978], [84.5768738, 28.5902402], [84.5766967, 28.5902543], [84.5764929, 28.590292], [84.5762676, 28.5903061], [84.5758974, 28.5903344], [84.5755327, 28.5903297], [84.5752859, 28.5903156], [84.5750552, 28.5902449], [84.5748192, 28.5901837], [84.5747012, 28.5901695], [84.5746475, 28.5902072], [84.5745885, 28.5902543], [84.5744652, 28.5902779], [84.5742667, 28.5902732], [84.5740038, 28.5901978], [84.5737785, 28.5901366], [84.5736605, 28.5901224], [84.5735586, 28.590146], [84.5683765, 28.5874234], [84.5683497, 28.5873669], [84.5682907, 28.587315], [84.5680547, 28.5872397], [84.5678991, 28.587202], [84.5677113, 28.5871172], [84.5675611, 28.587056], [84.567427, 28.5869947], [84.5672822, 28.5868628], [84.5671534, 28.5866509], [84.5670301, 28.5863871], [84.5669657, 28.5862646], [84.5668638, 28.5860856], [84.566676, 28.5856899], [84.5666438, 28.585478], [84.5665902, 28.5852613], [84.566558, 28.5849881], [84.566499, 28.5848656], [84.5663917, 28.584762], [84.5662737, 28.584696], [84.566102, 28.5846348], [84.5657963, 28.5845311], [84.565587, 28.584484], [84.565351, 28.5843945], [84.5651632, 28.5843239], [84.564997, 28.5842391], [84.5647126, 28.584126], [84.5644605, 28.584046], [84.5638812, 28.5839517], [84.5634735, 28.5838764], [84.5632267, 28.5838575], [84.5630658, 28.583867], [84.5629585, 28.5839235], [84.5593536, 28.5825103], [84.5567089, 28.5817801], [84.5546812, 28.5816058], [84.5546114, 28.5814504], [84.5544934, 28.5812949], [84.5543218, 28.5811301], [84.5541769, 28.5810877], [84.554075, 28.5810877], [84.554016, 28.581163], [84.5540214, 28.5813138], [84.5540482, 28.5814692], [84.5540482, 28.5816341], [84.5539731, 28.5818791], [84.5538121, 28.5820863], [84.5536458, 28.5822277], [84.553442, 28.5823172], [84.5531952, 28.5823784], [84.5529538, 28.5823878], [84.5526749, 28.5823831], [84.5523316, 28.5822983], [84.5519668, 28.5820487], [84.5517737, 28.5818838], [84.551543, 28.5815823], [84.5513284, 28.5811206], [84.5512158, 28.5808239], [84.5511782, 28.5804753], [84.5511728, 28.5801408], [84.5511728, 28.5798063], [84.5512158, 28.5794954], [84.5513552, 28.5791563], [84.5515376, 28.5788783], [84.5516664, 28.5786616], [84.5518219, 28.5785439], [84.5519024, 28.5784873], [84.5519775, 28.5784496], [84.5521116, 28.5783554], [84.5522135, 28.5782329], [84.5522779, 28.5780304], [84.5523101, 28.5777713], [84.5522886, 28.5776158], [84.5520741, 28.5773473], [84.5518649, 28.5772201], [84.5515484, 28.577027], [84.551366, 28.5769233], [84.5511782, 28.5766972], [84.5510977, 28.5764899], [84.5510977, 28.5762968], [84.5511299, 28.576113], [84.5511943, 28.5758822], [84.5512694, 28.5757738], [84.5515162, 28.5755901], [84.5517254, 28.5754629], [84.5520365, 28.5753687], [84.5523155, 28.5752227], [84.5524174, 28.575086], [84.5524549, 28.5748505], [84.5524281, 28.5745396], [84.5524335, 28.5742805], [84.5524335, 28.5738942], [84.5524496, 28.5733948], [84.5525461, 28.5730226], [84.5526373, 28.5726504], [84.5528197, 28.5722877], [84.5531738, 28.5717224], [84.5533669, 28.5711099], [84.5533347, 28.5707707], [84.5532918, 28.5705681], [84.5531738, 28.5702854], [84.5528787, 28.5697955], [84.5526695, 28.5696212], [84.5504379, 28.5632561], [84.5500658, 28.5625026], [84.5497298, 28.5622384], [84.5493328, 28.5620876], [84.5488393, 28.5620123], [84.5484316, 28.5620028], [84.5480132, 28.5620028], [84.5476484, 28.5619934], [84.5473266, 28.5619275], [84.5469189, 28.5618144], [84.5465112, 28.5616353], [84.5461571, 28.561428], [84.545964, 28.5612113], [84.5456207, 28.5608249], [84.5451379, 28.5605517], [84.5468652, 28.5569519], [84.5474231, 28.556999], [84.5479488, 28.5571027], [84.5485067, 28.557131], [84.548732, 28.5571121], [84.5491934, 28.5570556], [84.5496011, 28.5569896], [84.5499122, 28.5568765], [84.5502126, 28.5566975], [84.5516288, 28.5577341], [84.5527339, 28.5596941], [84.5523691, 28.5598826], [84.5520043, 28.5600711], [84.5516395, 28.560269], [84.5510709, 28.560627], [84.5513231, 28.5607071], [84.5516449, 28.5608626], [84.5519721, 28.5611123], [84.5521921, 28.5612066], [84.5524228, 28.5612772], [84.5527929, 28.5614186], [84.5533776, 28.5617201], [84.5535761, 28.5618379], [84.5539355, 28.5620876], [84.5541823, 28.5623892], [84.5543486, 28.5625776], [84.5546222, 28.5627143], [84.5550084, 28.5628792], [84.5553946, 28.5629404], [84.5559633, 28.5630771], [84.5566714, 28.5630582], [84.5572132, 28.5630724], [84.557991, 28.5630205], [84.5584309, 28.5629923], [84.558844, 28.5629404], [84.559257, 28.5628462], [84.5595252, 28.5628085], [84.5599276, 28.5628368], [84.5602012, 28.5629169], [84.5605338, 28.562931], [84.5608449, 28.5629169], [84.5611775, 28.5628226], [84.5614028, 28.5627096], [84.5616066, 28.5625211], [84.5616603, 28.562229], [84.5616817, 28.561918], [84.5616925, 28.5615788], [84.5670461, 28.5611359], [84.5745349, 28.564189], [84.5804786, 28.5648297], [84.5832145, 28.5644151], [84.583472, 28.5647167], [84.5838904, 28.5649334], [84.5845556, 28.5650465], [84.5848453, 28.565037], [84.5851993, 28.5649145], [84.5859289, 28.5648957], [84.586519, 28.5649805], [84.5869267, 28.5651407], [84.5874846, 28.5654705], [84.5878279, 28.5658003], [84.5879888, 28.5660359], [84.5880532, 28.5662337], [84.5878279, 28.566507], [84.5874953, 28.5667237], [84.5873344, 28.5668933], [84.5873344, 28.5672137], [84.5874846, 28.5674116], [84.5876133, 28.5675623], [84.5877206, 28.5677508], [84.5876026, 28.5680146], [84.5872164, 28.5682408], [84.5868838, 28.5682879], [84.5866477, 28.5682596], [84.5863688, 28.5680994], [84.5860255, 28.5679581], [84.5857143, 28.5678262], [84.5852852, 28.5677602], [84.584974, 28.567845], [84.5847809, 28.5679769], [84.5847165, 28.5681277], [84.5848668, 28.5684481], [84.5849955, 28.5686177], [84.5854139, 28.568938], [84.5855105, 28.5691359], [84.5853925, 28.5693526], [84.5852637, 28.5695788], [84.5851028, 28.5697766], [84.5849097, 28.5698426], [84.5846629, 28.5697295], [84.584502, 28.5695505], [84.5843089, 28.5693621], [84.5841265, 28.5692678], [84.5838904, 28.5692019], [84.5836222, 28.5691736], [84.5833754, 28.5691736], [84.5830643, 28.5691924], [84.5827961, 28.5692584], [84.5826352, 28.5693338], [84.5825493, 28.5695411], [84.5824742, 28.5698426], [84.5823777, 28.5700499], [84.5822167, 28.570342], [84.5820022, 28.5705022], [84.5817983, 28.570521], [84.5816803, 28.5702949], [84.5816374, 28.569918], [84.5816374, 28.5696636], [84.5815837, 28.5693526], [84.581455, 28.5690417], [84.5813477, 28.568825], [84.5811868, 28.5686554], [84.5808864, 28.5684952], [84.5804357, 28.5683538], [84.5800495, 28.5683256], [84.5792985, 28.5682596], [84.5788157, 28.5682125], [84.5782685, 28.5681654], [84.5779252, 28.568156], [84.5776892, 28.5682031], [84.5775175, 28.5684481], [84.5775497, 28.5686648], [84.5777213, 28.5689098], [84.5780218, 28.5691359], [84.5783329, 28.5693526], [84.5786333, 28.5696541], [84.5789015, 28.5699368], [84.5790732, 28.5701158], [84.5792878, 28.5703043], [84.5795238, 28.5705493], [84.5797706, 28.5709356], [84.5799637, 28.5712936], [84.5800924, 28.5715386], [84.5801675, 28.5717836], [84.5801568, 28.572038], [84.580071, 28.5722453], [84.5799208, 28.5724337], [84.5797598, 28.5726128], [84.5795452, 28.5727635], [84.5792448, 28.5729614], [84.5790303, 28.5729991], [84.5789015, 28.5729802], [84.5787513, 28.5728577], [84.5785904, 28.5725845], [84.5784509, 28.5722264], [84.5783973, 28.5718684], [84.5783436, 28.5715952], [84.5783114, 28.571369], [84.5782471, 28.5711429], [84.5781612, 28.5710204], [84.5780539, 28.5709262], [84.5778608, 28.5708319], [84.5776355, 28.5707095], [84.5774424, 28.5705493], [84.5771742, 28.5704362], [84.5768309, 28.5703137], [84.5765734, 28.5702854], [84.5763588, 28.5703137], [84.5759296, 28.5704079], [84.57564, 28.5704268], [84.5753181, 28.5703985], [84.5749533, 28.5703608], [84.5746744, 28.5702195], [84.5743954, 28.5699368], [84.5741486, 28.5697578], [84.5739341, 28.5695882], [84.5737088, 28.5693809], [84.5735264, 28.5691453], [84.5732474, 28.568825], [84.5730436, 28.5686082], [84.5728505, 28.5683538], [84.5727432, 28.5681937], [84.5722926, 28.5677885], [84.57196, 28.5674587], [84.5716917, 28.5672608], [84.5713699, 28.5669687], [84.5711017, 28.5666483], [84.5708549, 28.5663091], [84.5706081, 28.5661301], [84.5703292, 28.5659416], [84.5701468, 28.5658097], [84.5699, 28.565527], [84.569664, 28.5653763], [84.5693529, 28.5653386], [84.5688164, 28.5655647], [84.5684194, 28.5657909], [84.5682049, 28.5659511], [84.5677972, 28.5657909], [84.5676148, 28.5656024], [84.5674109, 28.5653763], [84.5674002, 28.5651124], [84.5674968, 28.5649334], [84.5677113, 28.5644905], [84.5677864, 28.5641324], [84.5677328, 28.5638498], [84.5675719, 28.5637084], [84.5669925, 28.5638969], [84.5666277, 28.5641701], [84.5663702, 28.5644999], [84.5661342, 28.564679], [84.5657802, 28.5649145], [84.5655763, 28.5650182], [84.5652115, 28.5651407], [84.5649969, 28.5653009], [84.564836, 28.5657061], [84.564836, 28.5659511], [84.564836, 28.5663468], [84.5647287, 28.566752], [84.5645571, 28.5669876], [84.564321, 28.5671383], [84.5640099, 28.5672514], [84.5635593, 28.5674587], [84.5632481, 28.5676377], [84.5629477, 28.5678639], [84.5628405, 28.5679864], [84.5624971, 28.5684198], [84.562304, 28.5687402], [84.5622074, 28.5689569], [84.5621753, 28.569183], [84.5622718, 28.5694563], [84.5624113, 28.569673], [84.5627224, 28.5702101], [84.5629477, 28.5706058], [84.5631087, 28.5708037], [84.5632589, 28.5710015], [84.5635164, 28.5712654], [84.5636129, 28.571435], [84.5638704, 28.5716705], [84.5640743, 28.5718872], [84.564085, 28.5721793], [84.5641708, 28.5724903], [84.5642137, 28.5728766], [84.5642567, 28.5732158], [84.5643318, 28.5735927], [84.5644176, 28.5739884], [84.5646, 28.574337], [84.5648467, 28.5747045], [84.5649969, 28.5749494], [84.5650935, 28.5751379], [84.5651257, 28.5753828], [84.5650828, 28.575609], [84.5649969, 28.5758728], [84.5649755, 28.5761554], [84.5650291, 28.5763721], [84.565072, 28.5766454], [84.5650399, 28.5768055], [84.5648575, 28.5769469], [84.5646107, 28.5769186], [84.5643532, 28.5766171], [84.5641172, 28.5762025], [84.5638919, 28.5757974], [84.5636237, 28.5754111], [84.5633232, 28.5751285], [84.5631945, 28.5748929], [84.5631409, 28.5745631], [84.5631409, 28.5742899], [84.5631516, 28.5740732], [84.563173, 28.5738094], [84.563173, 28.5734136], [84.5631623, 28.5730273], [84.5630979, 28.5727447], [84.5629692, 28.5726033], [84.5626259, 28.5725374], [84.5623362, 28.5725468], [84.5620251, 28.5725468], [84.5617354, 28.5724526], [84.561317, 28.572217], [84.5609307, 28.5720097], [84.5605981, 28.5718778], [84.5604586, 28.5719061], [84.560287, 28.5720851], [84.5600724, 28.5723866], [84.5597291, 28.5727729], [84.5595789, 28.5730462], [84.5595467, 28.573376], [84.5595896, 28.573668], [84.560051, 28.5739601], [84.5605338, 28.5742051], [84.5606947, 28.5744218], [84.5608556, 28.5746291], [84.5611131, 28.5749494], [84.5613706, 28.5751002], [84.5617032, 28.5753923], [84.5620358, 28.5756184], [84.5624113, 28.5757974], [84.562583, 28.5758916], [84.5627975, 28.5760706], [84.5628619, 28.5762308], [84.5628619, 28.5763721], [84.5627868, 28.5766077], [84.5628297, 28.576815], [84.5629477, 28.576994], [84.5629799, 28.5771165], [84.5629692, 28.5773332], [84.5628941, 28.5774933], [84.5627761, 28.5776535], [84.56254, 28.5778043], [84.5621967, 28.5778796], [84.5618534, 28.5778796], [84.5616066, 28.5777383], [84.5612955, 28.577418], [84.561156, 28.5772484], [84.5610702, 28.5769846], [84.5610487, 28.5767113], [84.5609951, 28.5765606], [84.5608342, 28.5762873], [84.5606625, 28.5760518], [84.5604908, 28.5759576], [84.5603514, 28.5759764], [84.5602655, 28.5760706], [84.5602333, 28.5762685], [84.5602333, 28.5765229], [84.5602977, 28.5768621], [84.560405, 28.5770882], [84.5606089, 28.5772955], [84.5609844, 28.5777383], [84.5612526, 28.5779833], [84.5614564, 28.5780963], [84.5615959, 28.5781905], [84.5617676, 28.5783319], [84.5620036, 28.5784638], [84.5623147, 28.578558], [84.5624542, 28.5786334], [84.5625722, 28.5787464], [84.5626151, 28.5789631], [84.562583, 28.5792175], [84.5625508, 28.5796132], [84.5625079, 28.5798111], [84.5625508, 28.5799901], [84.562701, 28.5802068], [84.5629585, 28.5804517], [84.5631945, 28.580593], [84.5635593, 28.5806684], [84.5638275, 28.5806684], [84.5642888, 28.5806402], [84.564718, 28.580593], [84.5650184, 28.5804423], [84.5653081, 28.5802445], [84.5655119, 28.5800372], [84.5658874, 28.5798299], [84.5661664, 28.579698], [84.5663273, 28.5795284], [84.5664346, 28.5793306], [84.5664453, 28.5791892], [84.5664346, 28.5789725], [84.5664024, 28.5787558], [84.5664024, 28.5785203], [84.5664453, 28.5782848], [84.5665848, 28.5779738], [84.5668638, 28.5776064], [84.5670891, 28.5773143], [84.5676041, 28.5770788], [84.5679152, 28.5767679], [84.5681941, 28.5763816], [84.5684087, 28.5761083], [84.5688271, 28.5758068], [84.5691597, 28.5756749], [84.5692885, 28.5754865], [84.5694387, 28.5752321], [84.5694923, 28.5749589], [84.5694923, 28.5745537], [84.5694923, 28.5740732], [84.5695031, 28.5736398], [84.5695352, 28.573244], [84.569782, 28.5728389], [84.5700717, 28.572528], [84.5702863, 28.5723489], [84.5706725, 28.5722736], [84.5708656, 28.572283], [84.5711768, 28.572283], [84.5714986, 28.5724243], [84.5716703, 28.5725656], [84.5719385, 28.5728295], [84.5720673, 28.5730085], [84.5725286, 28.5731498], [84.5730007, 28.5731969], [84.5733547, 28.5731027], [84.5736658, 28.5730462], [84.5740735, 28.5730462], [84.5744812, 28.5731875], [84.57461, 28.5733288], [84.5747173, 28.5736021], [84.5748782, 28.5738753], [84.5750499, 28.5741957], [84.5752537, 28.5743935], [84.5754576, 28.5746102], [84.5758867, 28.5748741], [84.5761228, 28.5749683], [84.5764983, 28.5750154], [84.5767987, 28.5749777], [84.5769918, 28.5748081], [84.5771098, 28.5746102], [84.5772278, 28.574337], [84.5774317, 28.5739319], [84.5776355, 28.5736869], [84.5778716, 28.5734984], [84.5782256, 28.5733194], [84.5784616, 28.57331], [84.5787513, 28.5733477], [84.5789873, 28.5733571], [84.5791912, 28.5733383], [84.5794058, 28.5734513], [84.5795989, 28.5736209], [84.5798457, 28.5737434], [84.580071, 28.5738376], [84.5805323, 28.5738471], [84.5809829, 28.5738094], [84.581337, 28.5737057], [84.5818841, 28.5735079], [84.5823455, 28.5732723], [84.582721, 28.5731969], [84.583118, 28.5732064], [84.5834505, 28.5734136], [84.5836437, 28.5737434], [84.5838368, 28.5740826], [84.5840728, 28.5744878], [84.5843625, 28.5750342], [84.5846307, 28.57543], [84.5850277, 28.5757691], [84.5852423, 28.5760235], [84.5856178, 28.5764475], [84.5858753, 28.5767019], [84.5861328, 28.5769469], [84.5864975, 28.5773332], [84.586873, 28.5776158], [84.5873988, 28.5778608], [84.5880639, 28.5780586], [84.5888471, 28.5779833], [84.5894158, 28.5777477], [84.589684, 28.5775781], [84.5897913, 28.577352], [84.5896733, 28.5770128], [84.5894802, 28.5767679], [84.5890295, 28.5764475], [84.5887184, 28.5762779], [84.5884287, 28.5761178], [84.5881712, 28.575967], [84.5878601, 28.5755901], [84.587667, 28.5752415], [84.5876777, 28.575006], [84.5878816, 28.5749023], [84.5880532, 28.5748269], [84.5881927, 28.5747421], [84.5883, 28.5744312], [84.5882785, 28.5741486], [84.5881069, 28.5738188], [84.588139, 28.5735644], [84.5882893, 28.5733194], [84.5884287, 28.5730933], [84.5884716, 28.5727918], [84.5886218, 28.5725374], [84.5889974, 28.5722641], [84.5891583, 28.5722359], [84.5894158, 28.5722076], [84.5898878, 28.5721134], [84.5902634, 28.5720192], [84.5906174, 28.5721134], [84.5908642, 28.5723772], [84.5910466, 28.5725374], [84.5914113, 28.5726976], [84.592098, 28.5727918], [84.592495, 28.57282], [84.5930207, 28.5727918], [84.5935464, 28.5728389], [84.5942116, 28.5727729], [84.5946085, 28.5727258], [84.5948553, 28.5724526], [84.594748, 28.5721322], [84.5943725, 28.5718967], [84.5939219, 28.5717176], [84.5935249, 28.5715104], [84.5931494, 28.5711429], [84.5929134, 28.5707095], [84.5928812, 28.5704362], [84.5930421, 28.570097], [84.5934605, 28.5698709], [84.593761, 28.5698426], [84.5942545, 28.5697389], [84.5946407, 28.5696165], [84.5954239, 28.5693621], [84.595896, 28.5693715], [84.5960891, 28.5694751], [84.5962822, 28.569673], [84.5964432, 28.5700216], [84.5964754, 28.570342], [84.5964754, 28.5706341], [84.5964646, 28.5708979], [84.5964539, 28.5712277], [84.5965719, 28.57168], [84.5968509, 28.5718967], [84.5970547, 28.5720097], [84.5974839, 28.5722359], [84.597795, 28.5723112], [84.5981276, 28.5723772], [84.598428, 28.5725185], [84.5986962, 28.5726222], [84.5991254, 28.5728106], [84.5996833, 28.5730179], [84.6002197, 28.5731498], [84.6006167, 28.5731592], [84.6008849, 28.573131], [84.6012711, 28.5731027], [84.6015072, 28.5730556], [84.6015823, 28.5729048], [84.6014321, 28.5724808], [84.6011424, 28.5718684], [84.6010673, 28.571548], [84.6008098, 28.5711994], [84.6006811, 28.5710581], [84.6002412, 28.5707377], [84.5996725, 28.570276], [84.5992863, 28.5699368], [84.5990181, 28.5695599], [84.5989966, 28.5692961], [84.5990395, 28.5688815], [84.5992863, 28.5686931], [84.5995867, 28.5684669], [84.5997262, 28.5684386], [84.5999408, 28.568514], [84.6001124, 28.5686931], [84.6002626, 28.5686554], [84.6003807, 28.5685611], [84.6004933, 28.5683915], [84.6006435, 28.5682408], [84.6008635, 28.5681041], [84.6010351, 28.5680005], [84.6011853, 28.567911], [84.6014857, 28.5677367], [84.6018398, 28.5675765], [84.6021616, 28.5674775], [84.6023762, 28.5674493], [84.6026927, 28.5674398], [84.6029502, 28.5675152], [84.603256, 28.567666], [84.6033901, 28.5678262], [84.6034706, 28.5680476], [84.6034706, 28.5682832], [84.6034437, 28.5684198], [84.6034276, 28.5685234], [84.6034276, 28.5686601], [84.6034598, 28.5690511], [84.6035564, 28.5693479], [84.6035939, 28.5695741], [84.6035939, 28.5698096], [84.6035832, 28.5700782], [84.6035403, 28.5703373], [84.6034867, 28.5705634], [84.6034706, 28.5707377], [84.6034706, 28.570978], [84.6036208, 28.5713502], [84.6036905, 28.5716752], [84.6036851, 28.5718778], [84.6038139, 28.5721322], [84.6038675, 28.5724055], [84.603889, 28.5726504], [84.604007, 28.5729331], [84.6040606, 28.5732158], [84.6042538, 28.5734513], [84.6045005, 28.5736303], [84.6048975, 28.5739413], [84.6052623, 28.5739036], [84.6057343, 28.5738188], [84.6060455, 28.5738471], [84.6062708, 28.5740072], [84.6063673, 28.5742993], [84.606421, 28.5746197], [84.606539, 28.5747798], [84.6067858, 28.5749023], [84.6070433, 28.5749023], [84.6073115, 28.574761], [84.6074831, 28.5745254], [84.6075475, 28.5742899], [84.6075368, 28.5740072]]]}, "properties": {"external_id": "osm:way/93067395", "name": "Manaslu Glacier", "name_ne": "", "area_km2": 13.008}}, {"type": "Feature", "geometry": {"type": "Polygon", "coordinates": [[[84.3951273, 28.6336133], [84.3953419, 28.633538], [84.3955564, 28.6332178], [84.3956637, 28.6330106], [84.3957496, 28.6327846], [84.395889, 28.6325398], [84.3959963, 28.6323703], [84.3961787, 28.6321914], [84.3963933, 28.6319654], [84.3966508, 28.6317959], [84.3968439, 28.6316923], [84.3970263, 28.6316075], [84.397316, 28.6314569], [84.3977988, 28.6313815], [84.3981421, 28.6313909], [84.3985069, 28.6313815], [84.3987644, 28.6315039], [84.3988609, 28.6316546], [84.3988609, 28.6318053], [84.3988609, 28.6319842], [84.3987965, 28.6321537], [84.3986893, 28.6323326], [84.398539, 28.6326246], [84.3982708, 28.6328882], [84.398067, 28.6331048], [84.3978631, 28.6333214], [84.3976271, 28.6336039], [84.3973911, 28.6338299], [84.3970907, 28.6341972], [84.3967688, 28.6345265], [84.3963718, 28.6348654], [84.3961787, 28.635082], [84.3959534, 28.6353551], [84.3957603, 28.6355811], [84.3954599, 28.6358448], [84.3951595, 28.6360519], [84.394902, 28.6362026], [84.3946016, 28.6363627], [84.3941831, 28.6364945], [84.3935501, 28.6366357], [84.3930673, 28.6367864], [84.3925094, 28.6369465], [84.3920052, 28.6370783], [84.3915117, 28.6371631], [84.3909001, 28.6373231], [84.3904495, 28.637455], [84.3900418, 28.6376433], [84.3896985, 28.637841], [84.3891191, 28.6381706], [84.3884861, 28.6385567], [84.3880033, 28.6388863], [84.3875098, 28.6392817], [84.387306, 28.6395077], [84.387027, 28.6399126], [84.3868339, 28.6401951], [84.3865764, 28.6405058], [84.3863082, 28.6407883], [84.3859756, 28.6411273], [84.3855786, 28.641391], [84.3850207, 28.6418241], [84.3847525, 28.642003], [84.3844414, 28.6422101], [84.3839156, 28.6426527], [84.3836367, 28.642954], [84.3831646, 28.6434626], [84.3827462, 28.6437168], [84.3819845, 28.6441593], [84.3813944, 28.6444795], [84.3807077, 28.6448749], [84.3801284, 28.6452233], [84.3795705, 28.6455058], [84.3792486, 28.6457035], [84.3788946, 28.6459389], [84.3786585, 28.6461555], [84.3782615, 28.6465038], [84.3779397, 28.6468334], [84.3776178, 28.6471347], [84.3773389, 28.6473418], [84.3769419, 28.6476808], [84.3767166, 28.6478503], [84.3762767, 28.6481516], [84.3755793, 28.6486694], [84.3751716, 28.6489519], [84.3749034, 28.6491684], [84.3745708, 28.6494226], [84.3742704, 28.6497522], [84.3740344, 28.6500629], [84.3738198, 28.650383], [84.3737233, 28.6506466], [84.3735623, 28.6510985], [84.3733048, 28.6514752], [84.3731868, 28.6518423], [84.3731546, 28.6520871], [84.3731439, 28.6525014], [84.3730366, 28.652991], [84.3729293, 28.6532546], [84.3729079, 28.6536689], [84.3729722, 28.6541396], [84.3730688, 28.6547516], [84.3730688, 28.6550905], [84.3730366, 28.6555236], [84.3730581, 28.6562391], [84.3730903, 28.6568511], [84.3732297, 28.6571523], [84.3733585, 28.6578961], [84.3734336, 28.6583292], [84.3736374, 28.6589411], [84.3738091, 28.6592424], [84.3740988, 28.6598637], [84.3744421, 28.6604568], [84.3747425, 28.6608899], [84.375236, 28.66137], [84.3757081, 28.6618972], [84.3762874, 28.662462], [84.3768239, 28.6628574], [84.3770706, 28.6631493], [84.3777358, 28.6638271], [84.3781757, 28.664439], [84.378798, 28.6649191], [84.3793559, 28.6655028], [84.3798172, 28.6659452], [84.3801927, 28.6665383], [84.3804824, 28.6670184], [84.3807828, 28.6675267], [84.3810189, 28.6679033], [84.381212, 28.6683269], [84.3812549, 28.6686375], [84.3812656, 28.6689104], [84.3813836, 28.6691646], [84.381684, 28.6695882], [84.3818772, 28.6699271], [84.382081, 28.6703413], [84.3821776, 28.6707178], [84.382317, 28.6710191], [84.3824458, 28.6713203], [84.3826067, 28.6716686], [84.3826818, 28.6719792], [84.382714, 28.6721957], [84.3828535, 28.6725346], [84.3829501, 28.6727605], [84.383229, 28.67309], [84.3835509, 28.673363], [84.3838942, 28.6735983], [84.3843126, 28.6738995], [84.3846345, 28.6741254], [84.3849778, 28.6743231], [84.3855035, 28.6746714], [84.3858039, 28.6748314], [84.3861365, 28.6750197], [84.3866086, 28.6752927], [84.3870377, 28.6755092], [84.3874669, 28.6756974], [84.3880784, 28.6758857], [84.3884861, 28.6760645], [84.3891942, 28.6762998], [84.3896663, 28.676554], [84.3900525, 28.6767611], [84.3905246, 28.6771282], [84.3909645, 28.6774106], [84.3912113, 28.67758], [84.3915009, 28.6778624], [84.391737, 28.6780224], [84.3919623, 28.6782012], [84.3921339, 28.6784648], [84.3922412, 28.6787001], [84.392252, 28.6789919], [84.3921983, 28.6792555], [84.3920588, 28.6794814], [84.3918228, 28.6798296], [84.3917155, 28.6800838], [84.391576, 28.680272], [84.3914258, 28.6804697], [84.3912434, 28.680752], [84.3912005, 28.6810343], [84.3912005, 28.6813355], [84.3913185, 28.681825], [84.3915009, 28.6821262], [84.3917155, 28.6825027], [84.3919408, 28.682945], [84.3921125, 28.6833309], [84.3922305, 28.6838392], [84.3923163, 28.6843004], [84.3924773, 28.6846581], [84.3927455, 28.6849593], [84.3930781, 28.6852228], [84.3932926, 28.6854487], [84.3933999, 28.6858346], [84.3935072, 28.6861075], [84.3936038, 28.6864087], [84.3937218, 28.6867758], [84.3939149, 28.687124], [84.3940651, 28.6874629], [84.3943012, 28.6878017], [84.394505, 28.6880746], [84.394741, 28.6884135], [84.3949771, 28.6886676], [84.395256, 28.6887335], [84.3955242, 28.6887335], [84.3957174, 28.6886487], [84.3958247, 28.6884982], [84.3958139, 28.6883193], [84.3957281, 28.6881782], [84.3955993, 28.6880276], [84.3953848, 28.6876134], [84.3953097, 28.6873781], [84.3952989, 28.6871429], [84.3953311, 28.6870205], [84.3953848, 28.6868417], [84.3955135, 28.6866723], [84.3957388, 28.6865687], [84.3959105, 28.6865593], [84.3963718, 28.6866064], [84.3965864, 28.6867381], [84.3967581, 28.6868793], [84.3970692, 28.6872181], [84.3971765, 28.687444], [84.3973589, 28.6877923], [84.3974769, 28.6881782], [84.3976271, 28.6884417], [84.3977988, 28.6888558], [84.3982386, 28.689204], [84.3984639, 28.689524], [84.3987, 28.6897499], [84.3991506, 28.6901358], [84.3995476, 28.690597], [84.39973, 28.6907852], [84.3998802, 28.6911052], [84.3999767, 28.6914628], [84.4001806, 28.6919993], [84.4004917, 28.6924699], [84.4007063, 28.6926487], [84.4010389, 28.693091], [84.4012749, 28.6935051], [84.4013393, 28.6937782], [84.4013607, 28.6939758], [84.4013715, 28.6942581], [84.4012749, 28.6945216], [84.4010818, 28.694851], [84.4010174, 28.6951146], [84.400996, 28.6954063], [84.4009852, 28.6957075], [84.4009209, 28.6962345], [84.4008136, 28.6966956], [84.4006634, 28.6970062], [84.4004488, 28.6972791], [84.4002127, 28.697552], [84.3998909, 28.697712], [84.3993544, 28.6979473], [84.3989575, 28.6981826], [84.3984425, 28.6984555], [84.3980884, 28.6987284], [84.3976593, 28.6991142], [84.3972301, 28.6994248], [84.3969297, 28.6997354], [84.3967259, 28.7000459], [84.3967044, 28.7003471], [84.3967902, 28.70078], [84.3969405, 28.7012693], [84.3969512, 28.7017022], [84.3969083, 28.7020786], [84.3968224, 28.7023892], [84.3967366, 28.7025586], [84.396683, 28.702775], [84.3967151, 28.702935], [84.3968868, 28.7033114], [84.3970907, 28.7038949], [84.3971228, 28.704403], [84.3970048, 28.7048641], [84.3969083, 28.7051841], [84.3968117, 28.7057016], [84.3965864, 28.7060592], [84.3962002, 28.7065674], [84.3960178, 28.7068215], [84.3956637, 28.7071979], [84.3954599, 28.7073672], [84.3951166, 28.7075366], [84.3948269, 28.7076684], [84.3945801, 28.7077248], [84.3941831, 28.7077625], [84.3937969, 28.7078283], [84.3933463, 28.7078283], [84.3928313, 28.7078283], [84.3922305, 28.7078095], [84.3919086, 28.7078001], [84.3916297, 28.7078189], [84.3915117, 28.707913], [84.3914258, 28.7081389], [84.3914151, 28.7084494], [84.391458, 28.7087787], [84.3913078, 28.7090986], [84.3910718, 28.7093244], [84.3907392, 28.7094468], [84.3903959, 28.7094656], [84.3900418, 28.7094279], [84.3896127, 28.7093809], [84.3892157, 28.7093056], [84.3888402, 28.7092303], [84.3885827, 28.7091268], [84.3883037, 28.7090421], [84.3880677, 28.7089198], [84.387778, 28.7087787], [84.3875313, 28.7086094], [84.3872845, 28.7084682], [84.3870914, 28.7083083], [84.3869519, 28.7081295], [84.3868661, 28.7078472], [84.3868232, 28.7076684], [84.3868983, 28.7074802], [84.3872094, 28.7073955], [84.3874883, 28.7073767], [84.3877673, 28.7073202], [84.3880248, 28.7072449], [84.3882608, 28.7071226], [84.3883896, 28.706972], [84.3883467, 28.7067932], [84.3880033, 28.7066991], [84.3875098, 28.7066709], [84.387145, 28.7065768], [84.3869304, 28.7064733], [84.3867588, 28.7062945], [84.3865764, 28.7061063], [84.386394, 28.7058522], [84.3862223, 28.705664], [84.3860614, 28.7054476], [84.3858468, 28.7052029], [84.3856859, 28.7049488], [84.3856537, 28.7046853], [84.3855786, 28.704403], [84.3856108, 28.7041113], [84.3857074, 28.703876], [84.3859005, 28.7037161], [84.3862009, 28.7036314], [84.3865871, 28.7035749], [84.3869197, 28.7035655], [84.3872416, 28.7035467], [84.3875635, 28.703509], [84.387939, 28.7034808], [84.3882179, 28.7033773], [84.3884003, 28.7032173], [84.3885612, 28.7028315], [84.3887329, 28.7025021], [84.3890655, 28.7021916], [84.3894088, 28.7020128], [84.389677, 28.701881], [84.3899989, 28.7016363], [84.3902027, 28.7014199], [84.3904066, 28.7011564], [84.3907392, 28.7010246], [84.3910932, 28.7009588], [84.3914687, 28.7009588], [84.3919086, 28.7009776], [84.3922627, 28.7009211], [84.3924987, 28.7008552], [84.3927026, 28.7007894], [84.3930995, 28.7006294], [84.3931961, 28.7005729], [84.3934643, 28.7004318], [84.3936574, 28.7002247], [84.3937862, 28.7000553], [84.3938184, 28.6996789], [84.3938827, 28.6995377], [84.3941295, 28.6990295], [84.3943441, 28.6985308], [84.3945157, 28.6982296], [84.394741, 28.6978908], [84.3949985, 28.6975614], [84.3951487, 28.697185], [84.3953204, 28.6969403], [84.3953204, 28.6967239], [84.3952024, 28.6966109], [84.3949342, 28.6965639], [84.3946874, 28.6965639], [84.3944299, 28.6965451], [84.3942046, 28.6964509], [84.3939471, 28.6962627], [84.3938505, 28.6960933], [84.3937003, 28.6958486], [84.3935931, 28.6955286], [84.3934429, 28.6952557], [84.3933248, 28.6951051], [84.393121, 28.6949452], [84.3927347, 28.6947099], [84.3925094, 28.6945028], [84.3924558, 28.6943052], [84.3923271, 28.6939287], [84.3921983, 28.6937029], [84.3919515, 28.6934487], [84.3917584, 28.6932698], [84.3915224, 28.6930628], [84.3912649, 28.692884], [84.3910611, 28.6927052], [84.3908787, 28.6925075], [84.3908894, 28.6922346], [84.3909216, 28.6920275], [84.3908787, 28.6917358], [84.3907928, 28.6915852], [84.3907392, 28.6912276], [84.390825, 28.6909828], [84.3909859, 28.690804], [84.3911791, 28.6906723], [84.3913078, 28.6904276], [84.3913829, 28.690164], [84.3913936, 28.6899193], [84.3914366, 28.6895899], [84.3914902, 28.6892699], [84.3916082, 28.6889311], [84.3917906, 28.6884793], [84.3918443, 28.6880276], [84.3918335, 28.687604], [84.3916833, 28.687124], [84.3914151, 28.686757], [84.3911254, 28.686484], [84.3908572, 28.6863052], [84.3905783, 28.686164], [84.3902564, 28.6859569], [84.3900204, 28.6857499], [84.3898058, 28.6854581], [84.3897199, 28.6851569], [84.389677, 28.6848651], [84.389559, 28.6845545], [84.389441, 28.6843192], [84.3892908, 28.6840369], [84.3891728, 28.6838486], [84.3891191, 28.6834251], [84.3891084, 28.6830956], [84.3891835, 28.6827097], [84.3892157, 28.6824744], [84.3892157, 28.6821732], [84.3891406, 28.6819473], [84.3890655, 28.681712], [84.3891299, 28.6812696], [84.3892801, 28.6810249], [84.3894303, 28.6807237], [84.3894303, 28.6804414], [84.3892801, 28.6801873], [84.3890869, 28.679999], [84.3887544, 28.6799237], [84.388411, 28.6799237], [84.3879926, 28.6798108], [84.3877029, 28.6797073], [84.3874669, 28.6795755], [84.3871343, 28.6794437], [84.38663, 28.6792837], [84.3861794, 28.679199], [84.3857717, 28.6791707], [84.3851173, 28.6791331], [84.3845379, 28.6790013], [84.3839693, 28.6788601], [84.3836796, 28.6788319], [84.3832397, 28.6788131], [84.382993, 28.6788413], [84.3826926, 28.6789166], [84.3822849, 28.6791425], [84.3818343, 28.6794719], [84.3815553, 28.6799614], [84.3811691, 28.6807049], [84.3808257, 28.6812038], [84.3805146, 28.6817967], [84.3800318, 28.6822297], [84.3798172, 28.6823897], [84.3794203, 28.6827568], [84.3787765, 28.6833027], [84.3786049, 28.6835568], [84.3783152, 28.6839522], [84.3781543, 28.6842251], [84.378047, 28.6845075], [84.3779719, 28.6848745], [84.3779719, 28.6851946], [84.3780041, 28.6855146], [84.3779719, 28.6860228], [84.3778539, 28.6862299], [84.3776929, 28.6864275], [84.3774462, 28.686644], [84.3771458, 28.6868887], [84.3768668, 28.6870958], [84.376663, 28.6873029], [84.3763733, 28.687557], [84.3762123, 28.6876982], [84.3759548, 28.687877], [84.375751, 28.6879523], [84.3755472, 28.6880652], [84.3752897, 28.6882158], [84.3748391, 28.6884511], [84.3744421, 28.6887429], [84.3741095, 28.6889593], [84.3737769, 28.6891852], [84.3734121, 28.6894676], [84.373101, 28.6896935], [84.3728542, 28.6899287], [84.3726396, 28.6901452], [84.3723285, 28.6904558], [84.371953, 28.6908887], [84.3715346, 28.6913405], [84.371202, 28.691764], [84.3708265, 28.6921875], [84.3705046, 28.6924416], [84.370172, 28.6927052], [84.3696248, 28.6930816], [84.3691635, 28.693364], [84.3686914, 28.6936652], [84.3683696, 28.6938723], [84.3679619, 28.6942205], [84.3676293, 28.6946063], [84.367286, 28.6950016], [84.3668675, 28.6955286], [84.3666315, 28.6958769], [84.3663633, 28.6962345], [84.3661594, 28.6966674], [84.3658697, 28.6970532], [84.3656123, 28.6974391], [84.3653118, 28.6978344], [84.3650222, 28.6981261], [84.3647754, 28.6984084], [84.3646574, 28.6985966], [84.3646145, 28.698879], [84.3645394, 28.6992648], [84.3644214, 28.6996883], [84.3641639, 28.7000271], [84.3639493, 28.700253], [84.3635952, 28.7004882], [84.3631017, 28.7007611], [84.3626189, 28.7010152], [84.3622434, 28.701194], [84.3619215, 28.7013728], [84.3616426, 28.7015422], [84.361428, 28.7016834], [84.3611705, 28.7019375], [84.3609452, 28.7021727], [84.3607521, 28.7022857], [84.3605268, 28.7023798], [84.3604195, 28.7024645], [84.3603229, 28.7025397], [84.3598401, 28.7029256], [84.3596792, 28.7030667], [84.3590462, 28.7028739], [84.3587619, 28.7023986], [84.35877, 28.7021398], [84.3588316, 28.7020128], [84.3590462, 28.7017681], [84.3592071, 28.7015987], [84.3594861, 28.7012881], [84.3598723, 28.7009493], [84.3601513, 28.7006106], [84.3603337, 28.7003471], [84.3606233, 28.7001024], [84.3606877, 28.7000177], [84.3607843, 28.6998483], [84.360795, 28.6996977], [84.3607628, 28.6995754], [84.3606663, 28.6994436], [84.3605053, 28.6992931], [84.3603873, 28.6991613], [84.360441, 28.6989637], [84.3606341, 28.698719], [84.3607521, 28.6986155], [84.361074, 28.6984461], [84.3613636, 28.6983237], [84.361707, 28.6981543], [84.3622327, 28.6978061], [84.3626082, 28.6974391], [84.3628335, 28.6971191], [84.3629408, 28.6966768], [84.3629944, 28.6963662], [84.363091, 28.696131], [84.3631768, 28.6958204], [84.3633163, 28.6955757], [84.3635201, 28.6953216], [84.3636274, 28.6951898], [84.3638527, 28.694964], [84.3643248, 28.6944652], [84.3645286, 28.6942958], [84.3650436, 28.6937029], [84.3652797, 28.6935804], [84.3655157, 28.6934581], [84.3658697, 28.6932228], [84.3661702, 28.6930063], [84.3664598, 28.6928181], [84.3666637, 28.6925828], [84.3667281, 28.6921216], [84.3667602, 28.6919146], [84.3668783, 28.6916699], [84.3669641, 28.6914252], [84.3669641, 28.6910864], [84.3669104, 28.6907476], [84.3668461, 28.6904464], [84.36661, 28.6900982], [84.3664491, 28.689797], [84.3663525, 28.6895335], [84.3659663, 28.6889405], [84.3659556, 28.6887335], [84.3659878, 28.6884605], [84.3660521, 28.6881311], [84.3663204, 28.6876511], [84.3666422, 28.687284], [84.3670285, 28.6870487], [84.3673396, 28.6869452], [84.3676615, 28.6869358], [84.3681443, 28.6869264], [84.3687343, 28.6868323], [84.3691206, 28.6866534], [84.3694532, 28.6865311], [84.3699682, 28.6864746], [84.3708372, 28.6862393], [84.3713093, 28.6858911], [84.371556, 28.6857028], [84.3717599, 28.6854581], [84.3719208, 28.6851099], [84.3721139, 28.6847898], [84.3723285, 28.6844792], [84.3726396, 28.6842345], [84.373101, 28.6839145], [84.3734872, 28.6836321], [84.3739056, 28.6833592], [84.3742919, 28.6829356], [84.3746352, 28.6824274], [84.3748605, 28.6820226], [84.3750214, 28.6816179], [84.3750322, 28.6811849], [84.3751287, 28.6806578], [84.3752253, 28.6803191], [84.3753755, 28.6795943], [84.3756223, 28.6790954], [84.3758154, 28.6785213], [84.375987, 28.6782389], [84.376266, 28.6778624], [84.3763947, 28.6775329], [84.3765235, 28.6771658], [84.3766415, 28.676874], [84.3767381, 28.676441], [84.3768024, 28.6760833], [84.3768453, 28.6757351], [84.3769419, 28.675415], [84.3769526, 28.6750479], [84.3769634, 28.6745302], [84.3768883, 28.6741443], [84.3767166, 28.6738901], [84.3765557, 28.6736736], [84.3763733, 28.6733724], [84.3762338, 28.6728452], [84.3762123, 28.672544], [84.3760085, 28.6719133], [84.3757081, 28.6713485], [84.3753862, 28.6708402], [84.3752897, 28.670539], [84.3751931, 28.6702566], [84.3750536, 28.6699271], [84.3749034, 28.6693905], [84.3748391, 28.6690516], [84.3747425, 28.6686657], [84.3745279, 28.6682139], [84.3743348, 28.6679221], [84.3741309, 28.6676397], [84.373734, 28.6673008], [84.3734336, 28.6670466], [84.3730259, 28.6666889], [84.3723714, 28.6657758], [84.3721032, 28.6654651], [84.3718779, 28.6650791], [84.3715882, 28.6646744], [84.3713844, 28.6643449], [84.3711269, 28.664053], [84.3707943, 28.6636859], [84.3704617, 28.6633846], [84.3700862, 28.6629328], [84.3697536, 28.6624903], [84.3694424, 28.6618219], [84.3692815, 28.6615112], [84.369142, 28.6611346], [84.3690562, 28.6608616], [84.368906, 28.6604568], [84.3688094, 28.660165], [84.3687022, 28.6595342], [84.3686485, 28.6591011], [84.3686592, 28.6585739], [84.3686271, 28.6578678], [84.3685305, 28.6574818], [84.3684232, 28.6568416], [84.3683481, 28.6564839], [84.3682301, 28.6560414], [84.3682837, 28.6557966], [84.3681228, 28.6554577], [84.3680262, 28.6551093], [84.3679511, 28.6548175], [84.3679297, 28.6544785], [84.3678868, 28.6541961], [84.3678868, 28.6538666], [84.367919, 28.6535371], [84.3679082, 28.6530663], [84.3666637, 28.6529392], [84.3668032, 28.6527557], [84.3668354, 28.6524261], [84.3669641, 28.6520778], [84.3671036, 28.6517765], [84.3673289, 28.6512775], [84.3675113, 28.6509668], [84.3676293, 28.6507032], [84.3677688, 28.6503736], [84.367919, 28.6501006], [84.3681121, 28.6498464], [84.3684125, 28.6495357], [84.3686378, 28.6493568], [84.3687773, 28.6490461], [84.3689918, 28.6486977], [84.3692172, 28.6484152], [84.3695283, 28.6480103], [84.371084, 28.6471535], [84.3712449, 28.6470311], [84.3715346, 28.6466922], [84.3717706, 28.646372], [84.3720174, 28.646212], [84.3724143, 28.6459672], [84.3728864, 28.6455999], [84.3733585, 28.6452045], [84.373734, 28.644922], [84.3741309, 28.6446207], [84.3745279, 28.6443288], [84.374882, 28.6440652], [84.3752253, 28.6437827], [84.3756544, 28.6433684], [84.3759334, 28.6430953], [84.376502, 28.6426527], [84.3771136, 28.6422949], [84.377414, 28.6421819], [84.3779826, 28.6419371], [84.3786156, 28.6416452], [84.3792057, 28.6413721], [84.3798065, 28.6411273], [84.3804395, 28.6407789], [84.3809438, 28.640487], [84.3813193, 28.640261], [84.3815768, 28.640101], [84.3818772, 28.639922], [84.3823922, 28.6396396], [84.3828857, 28.639423], [84.3837869, 28.638971], [84.3843663, 28.6387073], [84.3848812, 28.6383778], [84.3853962, 28.638067], [84.3860292, 28.6375586], [84.3865013, 28.6371631], [84.3868017, 28.6369747], [84.3874776, 28.6366734], [84.3881857, 28.6361932], [84.3885398, 28.635986], [84.3890548, 28.6357506], [84.389441, 28.6355058], [84.3900847, 28.6352421], [84.3907606, 28.6350632], [84.3915438, 28.6348843], [84.3921447, 28.6347995], [84.3927884, 28.634743], [84.3933892, 28.6345735], [84.3935716, 28.6345171], [84.3941831, 28.6342442], [84.394505, 28.6340559], [84.3948054, 28.6337922], [84.3951273, 28.6336133]]]}, "properties": {"external_id": "osm:way/93067396", "name": "Suti Glacier", "name_ne": "", "area_km2": 6.667}}, {"type": "Feature", "geometry": {"type": "Polygon", "coordinates": [[[84.4857537, 28.561673], [84.4860542, 28.5618521], [84.4862795, 28.5621631], [84.4864082, 28.562474], [84.4865048, 28.5628038], [84.4865262, 28.5630488], [84.4865906, 28.5632373], [84.4866121, 28.5634163], [84.4866228, 28.5636425], [84.4867408, 28.5641325], [84.4868374, 28.5643303], [84.4871056, 28.5648109], [84.4873309, 28.5651219], [84.4874811, 28.5653574], [84.4877279, 28.5656401], [84.4879317, 28.5658569], [84.4881999, 28.5661018], [84.4884681, 28.5663468], [84.4888437, 28.5665918], [84.4893694, 28.5668368], [84.4901097, 28.5672326], [84.4904101, 28.5674022], [84.4907748, 28.5677885], [84.4910967, 28.568156], [84.4912469, 28.5683633], [84.4913542, 28.5685706], [84.4915151, 28.5687496], [84.4916117, 28.5688721], [84.4917834, 28.5689852], [84.4921052, 28.5691265], [84.4923842, 28.5692867], [84.4926524, 28.5695411], [84.4931888, 28.5699274], [84.4935751, 28.5704362], [84.4937682, 28.5706341], [84.4939291, 28.5707849], [84.4941866, 28.5710298], [84.494487, 28.5712748], [84.4947552, 28.5714256], [84.4951307, 28.5717365], [84.495281, 28.5718967], [84.495517, 28.5721794], [84.4956779, 28.5723961], [84.4957638, 28.572641], [84.4957423, 28.5730745], [84.4957852, 28.573979], [84.495635, 28.5746951], [84.4954633, 28.5755336], [84.4954312, 28.575967], [84.4953239, 28.576457], [84.495281, 28.5767302], [84.4952702, 28.5770788], [84.4952488, 28.5773332], [84.4953346, 28.5775782], [84.4953775, 28.577776], [84.4954097, 28.5779456], [84.4954526, 28.5782283], [84.4954741, 28.5785015], [84.4955706, 28.579095], [84.4958174, 28.5795755], [84.4959032, 28.5800655], [84.4959783, 28.5806873], [84.4960963, 28.581262], [84.4961393, 28.5815258], [84.4963217, 28.5818838], [84.4966864, 28.582402], [84.4967937, 28.582939], [84.4968581, 28.5837775], [84.4967615, 28.584192], [84.4965577, 28.5847102], [84.4964289, 28.5851153], [84.4963324, 28.5854168], [84.4962358, 28.5858784], [84.4961178, 28.5862552], [84.4959569, 28.5865755], [84.4956028, 28.5871596], [84.4954526, 28.5873952], [84.4950986, 28.587772], [84.4947231, 28.5881017], [84.494251, 28.5884974], [84.4939935, 28.5887235], [84.493736, 28.5889402], [84.4936287, 28.5890438], [84.4935107, 28.5892416], [84.4934034, 28.5895337], [84.4934034, 28.5898351], [84.4933283, 28.5902685], [84.4928884, 28.590862], [84.4924271, 28.5912859], [84.4919872, 28.5916156], [84.4915259, 28.5921526], [84.4912147, 28.5926142], [84.4907319, 28.5930758], [84.4901633, 28.5933867], [84.4898629, 28.5935468], [84.4893479, 28.5939142], [84.4890582, 28.5941214], [84.4886505, 28.5945453], [84.4881892, 28.5950258], [84.4879317, 28.5956381], [84.4877493, 28.596241], [84.4875133, 28.5970511], [84.4873845, 28.5977576], [84.4872343, 28.5985206], [84.4869876, 28.5990858], [84.4867515, 28.5995662], [84.4864511, 28.5999524], [84.4860971, 28.600348], [84.4857216, 28.6006966], [84.4854212, 28.6010074], [84.4851422, 28.6013654], [84.4849276, 28.6015632], [84.4844985, 28.6019682], [84.4840586, 28.6021754], [84.4837475, 28.6023827], [84.483211, 28.6025616], [84.4828033, 28.6027783], [84.4824278, 28.603042], [84.4819772, 28.6034188], [84.4817519, 28.6036355], [84.4812369, 28.604163], [84.480797, 28.6044738], [84.4802499, 28.6048411], [84.4797027, 28.6051143], [84.4786513, 28.6055005], [84.4782436, 28.6056983], [84.4778251, 28.6058678], [84.4775247, 28.606028], [84.4772994, 28.6062446], [84.4772787, 28.6065679], [84.4772672, 28.6067156], [84.4771707, 28.6068663], [84.4768381, 28.6069605], [84.4763767, 28.6070264], [84.4761085, 28.6070547], [84.475733, 28.6070829], [84.4745099, 28.6071677], [84.4738018, 28.6071112], [84.4735443, 28.6070735], [84.473083, 28.6068757], [84.4728362, 28.6068286], [84.4724178, 28.606838], [84.4722569, 28.6069228], [84.4721067, 28.6070923], [84.4720852, 28.6074032], [84.4722032, 28.607714], [84.4724285, 28.6078553], [84.473083, 28.6080625], [84.4735765, 28.6081473], [84.4740486, 28.6081944], [84.4744563, 28.6082886], [84.4748103, 28.6084204], [84.4751966, 28.608524], [84.4759583, 28.6085146], [84.4763553, 28.6084864], [84.476881, 28.608411], [84.4770741, 28.608411], [84.4773531, 28.6083733], [84.4775355, 28.6085052], [84.4779753, 28.6084298], [84.4784796, 28.608232], [84.4788229, 28.6081096], [84.4791448, 28.6079212], [84.479531, 28.6076857], [84.4801533, 28.6073466], [84.4806254, 28.6071394], [84.4810652, 28.6069416], [84.4816339, 28.6066025], [84.482696, 28.6059715], [84.4833505, 28.6054628], [84.4838333, 28.6050013], [84.4841552, 28.6046528], [84.484713, 28.6041253], [84.4850456, 28.6037862], [84.4858503, 28.6031739], [84.4863331, 28.6028066], [84.4867623, 28.6023356], [84.487288, 28.601648], [84.4876957, 28.6011581], [84.4880497, 28.6006401], [84.4886076, 28.5998959], [84.4888115, 28.5995474], [84.488908, 28.598888], [84.4891441, 28.5982474], [84.4892943, 28.597833], [84.4894981, 28.5974844], [84.4898092, 28.5969852], [84.4902384, 28.5964105], [84.4905495, 28.595996], [84.4907641, 28.5957323], [84.4910001, 28.5955627], [84.4913113, 28.5952801], [84.4917619, 28.5950352], [84.4922983, 28.5947526], [84.4929743, 28.5943664], [84.4933927, 28.5940838], [84.4941759, 28.5934432], [84.4944763, 28.5931323], [84.4947982, 28.5928497], [84.4953668, 28.5922374], [84.4957101, 28.5917287], [84.4959354, 28.5913518], [84.4961714, 28.5910033], [84.4965577, 28.5905134], [84.4970727, 28.5900518], [84.498167, 28.5890532], [84.498564, 28.5886199], [84.4989502, 28.5881771], [84.4993901, 28.5874423], [84.4995403, 28.5870183], [84.4996369, 28.5864907], [84.4996798, 28.5855863], [84.4997441, 28.5850211], [84.4998622, 28.584371], [84.500184, 28.5838152], [84.5003772, 28.5832405], [84.5004952, 28.5828919], [84.500581, 28.582515], [84.5005703, 28.5821193], [84.5005059, 28.5817142], [84.5004844, 28.581375], [84.5005703, 28.5809793], [84.5006454, 28.5807438], [84.5010638, 28.5804517], [84.5017397, 28.5800466], [84.5023513, 28.5796698], [84.5030594, 28.5791987], [84.5033169, 28.578982], [84.5037138, 28.5786993], [84.5040142, 28.5783696], [84.504379, 28.5781246], [84.5050871, 28.5776347], [84.5055484, 28.5773332], [84.5060098, 28.5770882], [84.5064389, 28.5768998], [84.5068252, 28.5767867], [84.5073402, 28.5766642], [84.5078659, 28.5765983], [84.5083916, 28.5765135], [84.5090139, 28.5762968], [84.5095396, 28.5760424], [84.5099902, 28.5757597], [84.5103442, 28.5753829], [84.5105374, 28.5751379], [84.5108592, 28.574516], [84.5109987, 28.5741203], [84.511224, 28.5737811], [84.5114171, 28.5735079], [84.5115566, 28.5731027], [84.5114708, 28.5727635], [84.5113849, 28.5724243], [84.5112455, 28.5721511], [84.5110416, 28.5720003], [84.5106983, 28.5720003], [84.5098185, 28.5720757], [84.5091104, 28.5721699], [84.5085847, 28.5723584], [84.5080912, 28.5727447], [84.5076513, 28.5730085], [84.5072007, 28.5733854], [84.5067608, 28.5737717], [84.5061815, 28.5742334], [84.505645, 28.5745632], [84.504615, 28.5749871], [84.5036709, 28.57543], [84.503231, 28.5757315], [84.5026731, 28.5761366], [84.5022225, 28.5765418], [84.5018792, 28.5769375], [84.5014393, 28.5774368], [84.5012033, 28.5776629], [84.5008492, 28.5779268], [84.5004308, 28.5781435], [84.5001304, 28.5783413], [84.4998407, 28.5785957], [84.4995081, 28.5786993], [84.4991755, 28.5786616], [84.4989931, 28.5785203], [84.4988215, 28.5782283], [84.4988322, 28.5775499], [84.4988644, 28.5771542], [84.4988644, 28.5767114], [84.4988751, 28.576391], [84.499036, 28.5760801], [84.4993043, 28.5756655], [84.4996476, 28.5752415], [84.4998193, 28.5746103], [84.5000124, 28.5741203], [84.5001304, 28.5733289], [84.5003235, 28.572707], [84.5005381, 28.5721699], [84.5009136, 28.5715575], [84.5012462, 28.5710581], [84.5016217, 28.5707472], [84.5020508, 28.5705305], [84.5025229, 28.5701912], [84.5029092, 28.5698803], [84.5034992, 28.5696259], [84.5038855, 28.5695411], [84.5042824, 28.5695411], [84.5048725, 28.5695599], [84.5055055, 28.5696353], [84.506278, 28.5697767], [84.5067823, 28.5698709], [84.5075547, 28.5701064], [84.5081341, 28.5703326], [84.5087778, 28.5704739], [84.5091963, 28.5705305], [84.5096683, 28.5704551], [84.5105052, 28.5701159], [84.5109987, 28.5698803], [84.5113527, 28.5696542], [84.5118785, 28.5693338], [84.5121896, 28.5691265], [84.5126509, 28.5687402], [84.5128655, 28.5684292], [84.5132839, 28.5678168], [84.5136273, 28.5673645], [84.5138955, 28.5670253], [84.5141637, 28.5666955], [84.5143997, 28.5663657], [84.5146572, 28.5659228], [84.5147752, 28.5654046], [84.5148182, 28.5650465], [84.5151829, 28.5646225], [84.5153761, 28.5643963], [84.5159018, 28.5638875], [84.5163095, 28.5634352], [84.5166313, 28.5630677], [84.5169532, 28.5625211], [84.5172322, 28.5621065], [84.5173716, 28.5616448], [84.5174145, 28.5611642], [84.5173609, 28.560693], [84.5171892, 28.5603161], [84.5171678, 28.5600146], [84.5171141, 28.5596847], [84.5169103, 28.5594303], [84.5166635, 28.5593549], [84.5162987, 28.5593361], [84.5160198, 28.5594492], [84.515891, 28.5595057], [84.5153868, 28.5595811], [84.5148611, 28.5595905], [84.5144963, 28.5595717], [84.5142066, 28.5595151], [84.514035, 28.5594492], [84.5137667, 28.5593549], [84.51352, 28.5592607], [84.5132196, 28.5592041], [84.5128441, 28.5592041], [84.5125007, 28.5593643], [84.5122111, 28.5596565], [84.5120072, 28.5599392], [84.5118248, 28.5601842], [84.5115781, 28.5604951], [84.5114064, 28.5607025], [84.5112347, 28.5609569], [84.510988, 28.5612019], [84.5108807, 28.5613432], [84.5107305, 28.5616636], [84.5106339, 28.5618427], [84.5104944, 28.5621725], [84.5102906, 28.5628415], [84.5102584, 28.5630488], [84.5102048, 28.5632184], [84.5100653, 28.5634634], [84.50984, 28.5636613], [84.5095288, 28.5640477], [84.5094216, 28.5642361], [84.5092714, 28.5645282], [84.5092177, 28.5647826], [84.5091319, 28.565169], [84.509207, 28.5655365], [84.5091855, 28.5657909], [84.509046, 28.5660453], [84.5086276, 28.5664599], [84.5083487, 28.5667991], [84.5080912, 28.5670818], [84.5078122, 28.5672326], [84.5073616, 28.567242], [84.5069861, 28.5671572], [84.5067179, 28.5670535], [84.5063317, 28.5667237], [84.5061922, 28.5665353], [84.5060634, 28.5663374], [84.5059561, 28.5660924], [84.5059669, 28.5658003], [84.5059883, 28.5655459], [84.5059883, 28.5653103], [84.5061385, 28.5650182], [84.5063638, 28.5645942], [84.5064389, 28.5644246], [84.5066428, 28.564123], [84.5067179, 28.5639817], [84.5068145, 28.5638121], [84.5068896, 28.5635294], [84.5068788, 28.5631902], [84.5068359, 28.5629452], [84.5068359, 28.562719], [84.5066321, 28.5622667], [84.5064819, 28.5620029], [84.506514, 28.5614846], [84.5065891, 28.5611265], [84.5067715, 28.5606459], [84.5069861, 28.5602973], [84.5072329, 28.5598449], [84.5075011, 28.5593172], [84.5075977, 28.5590816], [84.5078873, 28.5585539], [84.5081019, 28.5578377], [84.5081985, 28.5574608], [84.5082307, 28.5568577], [84.5082307, 28.5562734], [84.5082092, 28.5558682], [84.508059, 28.5553593], [84.5079195, 28.5549918], [84.5078873, 28.5547185], [84.5079624, 28.5545206], [84.5081341, 28.5543793], [84.5084667, 28.5541719], [84.5090031, 28.5540117], [84.5094859, 28.5538233], [84.5097434, 28.5536254], [84.5097327, 28.5531824], [84.5096898, 28.5526924], [84.5096683, 28.5522777], [84.5096254, 28.5519856], [84.5095074, 28.5516275], [84.5094752, 28.5513165], [84.5093357, 28.5510809], [84.5089602, 28.550883], [84.5086813, 28.5508358], [84.5078981, 28.5509395], [84.5074475, 28.5512599], [84.5072007, 28.5515144], [84.5068145, 28.5520327], [84.5065891, 28.552372], [84.5063531, 28.5527112], [84.5059991, 28.5532767], [84.5057523, 28.5534557], [84.5055163, 28.5535971], [84.5052051, 28.5537667], [84.5047438, 28.5538327], [84.5043683, 28.5538044], [84.5038104, 28.5538704], [84.5036065, 28.553974], [84.503392, 28.5542191], [84.5032632, 28.5546149], [84.5031345, 28.5550672], [84.5029306, 28.5553122], [84.5024693, 28.5554536], [84.5020616, 28.555529], [84.5018148, 28.5555572], [84.5010209, 28.5558023], [84.5009136, 28.5559059], [84.5008599, 28.5560473], [84.5008278, 28.5562169], [84.5008492, 28.5565561], [84.5008492, 28.55682], [84.5008492, 28.5571121], [84.500817, 28.5574891], [84.5009029, 28.5577906], [84.5010638, 28.5581581], [84.5011925, 28.5584974], [84.5013642, 28.5590345], [84.5014393, 28.5594209], [84.5013427, 28.5599486], [84.5011174, 28.5606836], [84.5009565, 28.560938], [84.5007848, 28.5612961], [84.5006776, 28.5615977], [84.5006239, 28.5620688], [84.5004523, 28.5624081], [84.5003342, 28.5631431], [84.5002269, 28.5635859], [84.5001733, 28.5638686], [84.5000553, 28.5643398], [84.4999158, 28.5646978], [84.4997012, 28.5650182], [84.4993686, 28.5652821], [84.4989931, 28.5655082], [84.4987249, 28.5657815], [84.4986069, 28.5658757], [84.4983709, 28.5661113], [84.4982207, 28.5663657], [84.4980597, 28.5666861], [84.4979202, 28.5669028], [84.4978451, 28.5672231], [84.4977271, 28.5674587], [84.4976842, 28.5679298], [84.4977808, 28.5686271], [84.4977915, 28.5689852], [84.49777, 28.5693244], [84.4976842, 28.5698144], [84.497534, 28.5702572], [84.4973409, 28.5705022], [84.4969117, 28.5706906], [84.4964289, 28.5707754], [84.4957745, 28.5707001], [84.4951737, 28.5704739], [84.494766, 28.5701441], [84.4945514, 28.5699463], [84.494251, 28.5698709], [84.493618, 28.5694751], [84.493221, 28.5691454], [84.4929528, 28.5689192], [84.4927168, 28.5686742], [84.49247, 28.5684198], [84.4921803, 28.5681183], [84.4918799, 28.5677037], [84.4916868, 28.5674493], [84.4914722, 28.5671949], [84.4910645, 28.5669876], [84.4903564, 28.5666295], [84.4899916, 28.5664128], [84.4895088, 28.5661395], [84.4892192, 28.5658851], [84.4889831, 28.5656213], [84.488908, 28.565414], [84.4888437, 28.5650559], [84.4889831, 28.5648486], [84.489026, 28.5646978], [84.4891119, 28.5645471], [84.489187, 28.5644434], [84.4892621, 28.5643115], [84.4892728, 28.5641702], [84.4892299, 28.5639629], [84.4890904, 28.5637932], [84.4888115, 28.5635765], [84.4886827, 28.5633786], [84.4885218, 28.5632373], [84.4883501, 28.5628886], [84.488157, 28.5625494], [84.4879961, 28.5621536], [84.4877922, 28.5617202], [84.4876635, 28.5614752], [84.4876098, 28.5613244], [84.4875133, 28.5609286], [84.4874489, 28.5605988], [84.4873202, 28.5604292], [84.4870841, 28.5601088], [84.4869125, 28.5598826], [84.4865691, 28.5597884], [84.4863009, 28.5597884], [84.4858718, 28.5598638], [84.485625, 28.5599674], [84.4854319, 28.5599863], [84.4853031, 28.5599674], [84.4851422, 28.5599109], [84.4849169, 28.5598826], [84.4846916, 28.5598826], [84.4845414, 28.5598826], [84.4843483, 28.5599203], [84.4841659, 28.5599392], [84.4839084, 28.5599486], [84.4835651, 28.5598449], [84.4832754, 28.5597319], [84.4830715, 28.5596565], [84.4827389, 28.5595151], [84.4822669, 28.5594115], [84.4820845, 28.5594115], [84.4819128, 28.5594869], [84.4816661, 28.5596188], [84.4813227, 28.559713], [84.4811082, 28.5598638], [84.4809472, 28.5600994], [84.4809901, 28.5603255], [84.4812154, 28.5604763], [84.4816231, 28.5605234], [84.4817519, 28.5605234], [84.4826424, 28.5606648], [84.4832647, 28.5607684], [84.4835436, 28.5609098], [84.4842839, 28.56107], [84.484756, 28.561183], [84.4849491, 28.5612679], [84.485507, 28.5615034], [84.4857537, 28.561673]]]}, "properties": {"external_id": "osm:way/93067398", "name": "Changli Glacier", "name_ne": "", "area_km2": 4.232}}, {"type": "Feature", "geometry": {"type": "Polygon", "coordinates": [[[84.6408123, 28.4685545], [84.6409035, 28.4682292], [84.6410215, 28.4678236], [84.6411717, 28.4674086], [84.6413004, 28.4671257], [84.6414721, 28.4667201], [84.6416438, 28.4664277], [84.641912, 28.4661542], [84.6420944, 28.4658996], [84.6422231, 28.4656543], [84.6421909, 28.4652393], [84.6420944, 28.4646734], [84.6420407, 28.4644471], [84.6419012, 28.464183], [84.6417189, 28.463966], [84.6415794, 28.4638246], [84.641279, 28.4635982], [84.6409142, 28.463419], [84.6405709, 28.4632303], [84.6403026, 28.4629757], [84.6400773, 28.4626833], [84.6399057, 28.4624663], [84.6397233, 28.4621551], [84.6396375, 28.4618438], [84.639616, 28.4614571], [84.6396696, 28.4609478], [84.6399271, 28.4604384], [84.6400559, 28.4599951], [84.6402275, 28.4594292], [84.6403241, 28.4592311], [84.6405065, 28.4588067], [84.6406245, 28.4582596], [84.6406889, 28.4578823], [84.6409464, 28.4573729], [84.6410537, 28.456807], [84.6410322, 28.4564108], [84.6409464, 28.4558637], [84.6409678, 28.4552034], [84.6410322, 28.4545431], [84.6411824, 28.4543356], [84.6415901, 28.4539583], [84.6419549, 28.4535999], [84.6420407, 28.4529584], [84.6418905, 28.4525811], [84.6416545, 28.4522038], [84.6415257, 28.451619], [84.6417188, 28.4513171], [84.6420193, 28.4512605], [84.6424484, 28.4513737], [84.6427917, 28.4516944], [84.6430492, 28.4521472], [84.6433925, 28.4525434], [84.6437359, 28.4527132], [84.6441006, 28.452732], [84.6444869, 28.4526377], [84.6450662, 28.4523736], [84.6456456, 28.4520529], [84.6462464, 28.4519208], [84.6466326, 28.4519963], [84.6468901, 28.4523547], [84.6468258, 28.4527698], [84.6465468, 28.4532226], [84.6462357, 28.4537414], [84.6460211, 28.4540809], [84.6457744, 28.454496], [84.6454203, 28.4548073], [84.6451628, 28.4550242], [84.6449053, 28.4553261], [84.6447551, 28.4555807], [84.6448087, 28.4561278], [84.6448731, 28.4565051], [84.6451521, 28.456807], [84.6455383, 28.4571466], [84.6460748, 28.4574861], [84.6467829, 28.4578068], [84.6472764, 28.4578634], [84.6478772, 28.4578634], [84.6485209, 28.4578823], [84.6490788, 28.4579012], [84.6499586, 28.4581653], [84.6507096, 28.458335], [84.6517825, 28.4586557], [84.6528768, 28.4588821], [84.6542287, 28.4588821], [84.655087, 28.4587501], [84.6559238, 28.4586746], [84.6570182, 28.4587123], [84.6578336, 28.458901], [84.6585631, 28.4589387], [84.6595502, 28.4588821], [84.6603441, 28.4589199], [84.6627581, 28.4489494], [84.6637452, 28.4464873], [84.6636647, 28.4462892], [84.6635413, 28.4461382], [84.6634179, 28.4460109], [84.6631658, 28.445893], [84.662978, 28.4457656], [84.6627903, 28.4455392], [84.6625221, 28.4451336], [84.6620339, 28.4445251], [84.6618354, 28.4440723], [84.661696, 28.4437987], [84.6616906, 28.4435629], [84.6616477, 28.44311], [84.6617657, 28.4425723], [84.6617496, 28.4423129], [84.6617228, 28.4421431], [84.6613634, 28.4419497], [84.6610737, 28.4418176], [84.6604729, 28.4415912], [84.6599901, 28.4414119], [84.659239, 28.4412044], [84.6579623, 28.4409214], [84.657383, 28.4407893], [84.6565461, 28.4407233], [84.655323, 28.440544], [84.6547007, 28.440261], [84.6540999, 28.4400535], [84.6534562, 28.4398931], [84.6526837, 28.4397327], [84.6519434, 28.4397516], [84.6512782, 28.439761], [84.6504092, 28.4397893], [84.6499479, 28.439761], [84.6492398, 28.4397516], [84.648757, 28.439827], [84.6481454, 28.4398176], [84.6478665, 28.4396855], [84.6476734, 28.4395157], [84.6473944, 28.4393648], [84.6467507, 28.4391478], [84.646343, 28.4391195], [84.6458495, 28.4391383], [84.645549, 28.439261], [84.6454096, 28.4396667], [84.6453988, 28.4400629], [84.6453988, 28.4403176], [84.6454632, 28.4407421], [84.6454739, 28.4411855], [84.6454096, 28.4414025], [84.6451843, 28.4415629], [84.6449053, 28.4416761], [84.6446478, 28.4417704], [84.6445191, 28.4419874], [84.6443796, 28.4423365], [84.6443689, 28.4425817], [84.6444654, 28.4427893], [84.6447337, 28.4429968], [84.6450019, 28.44311], [84.6452272, 28.4432704], [84.645313, 28.4434968], [84.6452165, 28.4436761], [84.6450448, 28.4437987], [84.644562, 28.443893], [84.6441758, 28.4439119], [84.6437788, 28.4438176], [84.6434891, 28.4435817], [84.6434355, 28.443393], [84.643414, 28.4431572], [84.6433175, 28.4428742], [84.6431243, 28.4424874], [84.6428776, 28.4422044], [84.6426201, 28.4419119], [84.642384, 28.441761], [84.641912, 28.4413365], [84.6416759, 28.4411195], [84.6413219, 28.4409969], [84.6409678, 28.4409874], [84.6405601, 28.4411572], [84.6399271, 28.4416006], [84.6392834, 28.4419497], [84.6387684, 28.4421006], [84.6381569, 28.4422138], [84.6377814, 28.4423176], [84.6374595, 28.4424968], [84.6371806, 28.4427987], [84.6370411, 28.443261], [84.6372986, 28.4437421], [84.6373951, 28.4439874], [84.637481, 28.4441477], [84.6376204, 28.4442515], [84.6378672, 28.4444025], [84.6380389, 28.4446572], [84.6380389, 28.4449213], [84.6379423, 28.4450722], [84.6376848, 28.4454307], [84.63732, 28.4457326], [84.636805, 28.4460911], [84.6362686, 28.4464118], [84.6353245, 28.4469212], [84.6347666, 28.446959], [84.6344018, 28.446959], [84.6340799, 28.4470156], [84.6337151, 28.4471476], [84.6334362, 28.4474495], [84.6332645, 28.4479023], [84.6334362, 28.448374], [84.6335649, 28.4489777], [84.6335864, 28.4498833], [84.6335006, 28.450487], [84.633286, 28.4508077], [84.6329856, 28.4511096], [84.6325135, 28.4514492], [84.6320843, 28.4517133], [84.6315908, 28.4519963], [84.6311617, 28.4524679], [84.6309471, 28.4530528], [84.63099, 28.4536753], [84.6310329, 28.4540904], [84.6311617, 28.4544394], [84.6313226, 28.4548073], [84.6313977, 28.4551563], [84.6314192, 28.4555807], [84.631387, 28.4561278], [84.6313763, 28.4566278], [84.6313119, 28.4571088], [84.6312261, 28.4574012], [84.6312046, 28.4576842], [84.6313655, 28.4579955], [84.6317088, 28.4581275], [84.6322024, 28.4580426], [84.6323097, 28.4579106], [84.6322989, 28.4574295], [84.6323633, 28.4568541], [84.6324706, 28.4565334], [84.6326959, 28.4563353], [84.6329963, 28.4562316], [84.6333718, 28.456241], [84.633758, 28.4565995], [84.6339512, 28.4571277], [84.6342301, 28.4575616], [84.6344876, 28.4578634], [84.6347022, 28.4579012], [84.635067, 28.4577691], [84.6352386, 28.4572597], [84.6352386, 28.4568824], [84.6352386, 28.4562222], [84.635303, 28.4555053], [84.6354532, 28.4549959], [84.6356249, 28.4543922], [84.6358609, 28.4541847], [84.6361184, 28.454147], [84.6363759, 28.4540904], [84.6367621, 28.4538451], [84.6371913, 28.4533735], [84.6374917, 28.4530528], [84.637835, 28.4526566], [84.6383071, 28.4524113], [84.6386719, 28.4525057], [84.6389079, 28.4530528], [84.6389508, 28.4536187], [84.6390581, 28.4540526], [84.6392083, 28.4545243], [84.63938, 28.4552034], [84.6394443, 28.4557883], [84.6394443, 28.4562976], [84.6394014, 28.4567504], [84.6393156, 28.4573918], [84.6393156, 28.4578351], [84.6393371, 28.4582218], [84.639262, 28.4586463], [84.6390903, 28.4590613], [84.6388328, 28.4594292], [84.6385109, 28.4600611], [84.6382749, 28.4606177], [84.638071, 28.461259], [84.637953, 28.4615703], [84.6378887, 28.4621551], [84.6379959, 28.4624758], [84.6381569, 28.4628153], [84.6383715, 28.4631643], [84.638468, 28.4632681], [84.6386719, 28.4635416], [84.6386826, 28.4640132], [84.6387041, 28.4642773], [84.6388435, 28.4645319], [84.639101, 28.4649092], [84.6392834, 28.4652959], [84.639262, 28.4656921], [84.6391868, 28.4660788], [84.6390688, 28.46639], [84.6390045, 28.4667012], [84.6389615, 28.4668993], [84.6388972, 28.4670785], [84.6388543, 28.4673615], [84.6388757, 28.4675501], [84.6389669, 28.4678142], [84.6389991, 28.4679179], [84.6389937, 28.4680877], [84.6389133, 28.4682386], [84.6388221, 28.4683093], [84.6387309, 28.4683895], [84.6386719, 28.4685121], [84.6386611, 28.4686819], [84.6387201, 28.4688281], [84.6387792, 28.4690403], [84.6388704, 28.4692572], [84.6389025, 28.4694505], [84.6389455, 28.4697806], [84.6390474, 28.4702098], [84.6390152, 28.4705116], [84.6388262, 28.4713861], [84.6384725, 28.4719994], [84.6382678, 28.4733426], [84.6383277, 28.4742724], [84.6388066, 28.4755706], [84.6389488, 28.4768542], [84.6387089, 28.4780823], [84.637975, 28.480129], [84.638102, 28.4812329], [84.6382855, 28.4823369], [84.6379774, 28.4828164], [84.6347034, 28.4838335], [84.6326572, 28.4844288], [84.6304134, 28.4849374], [84.6289881, 28.4847885], [84.626777, 28.4837799], [84.6259688, 28.4829642], [84.6256853, 28.4818165], [84.6255442, 28.4806629], [84.625643, 28.4791496], [84.6255865, 28.478393], [84.624641, 28.4773634], [84.6234697, 28.475602], [84.6231311, 28.4750314], [84.6225101, 28.4746592], [84.6216916, 28.4742623], [84.6208167, 28.4742747], [84.6199418, 28.4745104], [84.618333, 28.4746716], [84.6160276, 28.4748012], [84.6152991, 28.4745468], [84.61488, 28.4740468], [84.6145108, 28.4734855], [84.6142614, 28.4724855], [84.6141117, 28.4720382], [84.6136327, 28.4713978], [84.6126748, 28.4713189], [84.6115227, 28.4712821], [84.6108312, 28.4712759], [84.609921, 28.471524], [84.60942, 28.4717907], [84.6088061, 28.4718775], [84.6083828, 28.4717969], [84.6078536, 28.4716419], [84.6074373, 28.4715798], [84.6068516, 28.4717783], [84.6061602, 28.4720698], [84.6053487, 28.4722311], [84.6041289, 28.4721006], [84.6032408, 28.4720216], [84.6020733, 28.472048], [84.6014846, 28.4721883], [84.6006963, 28.4727848], [84.5993991, 28.474311], [84.5978324, 28.4759864], [84.5972337, 28.4762583], [84.5960662, 28.4769863], [84.5951881, 28.4781967], [84.5950384, 28.4790212], [84.595268, 28.4797141], [84.5954476, 28.4803456], [84.5953777, 28.4810473], [84.5949328, 28.4814696], [84.5945235, 28.4818727], [84.5935357, 28.4824743], [84.5920822, 28.4834914], [84.5913766, 28.4845829], [84.5912713, 28.4854616], [84.5914124, 28.4858151], [84.5918216, 28.4863981], [84.5916593, 28.4870988], [84.5916029, 28.4875019], [84.5919345, 28.4883267], [84.5921744, 28.4887112], [84.5925625, 28.489257], [84.5926613, 28.4894058], [84.5927177, 28.4896353], [84.5926401, 28.4900818], [84.5924425, 28.4904601], [84.5924637, 28.4908631], [84.5928588, 28.4915329], [84.5936279, 28.4923205], [84.5940795, 28.4927049], [84.5946087, 28.4930832], [84.5951026, 28.4931328], [84.5959282, 28.4931018], [84.5961257, 28.4930832], [84.5965561, 28.4930336], [84.5970182, 28.4931741], [84.5975051, 28.4931927], [84.5979002, 28.4934222], [84.5981401, 28.4938066], [84.5985282, 28.4940485], [84.5989797, 28.4940857], [84.5991914, 28.4938749], [84.5991844, 28.4935462], [84.5990785, 28.4932361], [84.598761, 28.492802], [84.5980848, 28.4922238], [84.5977955, 28.492075], [84.5976544, 28.4917029], [84.5978943, 28.4912502], [84.5982612, 28.4909649], [84.5987127, 28.4906921], [84.5988186, 28.4904626], [84.5988115, 28.4901836], [84.5986634, 28.4899603], [84.5984517, 28.4897929], [84.5981765, 28.4895696], [84.5981906, 28.4892099], [84.5984728, 28.4888999], [84.5987127, 28.4887076], [84.598995, 28.4885898], [84.5992208, 28.4883417], [84.5992419, 28.4878456], [84.5991643, 28.4875479], [84.5991502, 28.4870766], [84.5994889, 28.4868161], [84.6003215, 28.4867417], [84.6015351, 28.4867975], [84.6020431, 28.486903], [84.602904, 28.4870332], [84.6038494, 28.4870518], [84.6054786, 28.4868841], [84.6060823, 28.486757], [84.6063567, 28.4865289], [84.6064066, 28.4862307], [84.6063467, 28.4859194], [84.6061421, 28.4858098], [84.6058128, 28.4857659], [84.6055085, 28.4857527], [84.6054087, 28.4855686], [84.6054636, 28.4853668], [84.6055833, 28.4852528], [84.6059838, 28.4852546], [84.6062033, 28.4853248], [84.6064078, 28.4854783], [84.6065775, 28.4856055], [84.6067222, 28.4856098], [84.6069417, 28.4854344], [84.6071762, 28.4852459], [84.6075151, 28.4850842], [84.6078743, 28.4850141], [84.6087624, 28.4851281], [84.6098278, 28.4852231], [84.610696, 28.4850476], [84.6109754, 28.4849073], [84.6112149, 28.4845916], [84.6109953, 28.4839338], [84.6103966, 28.4834075], [84.6101072, 28.4825919], [84.6099975, 28.4819954], [84.609758, 28.4818113], [84.6094087, 28.4816358], [84.6084308, 28.4815657], [84.6075427, 28.481592], [84.6054542, 28.4807485], [84.6049321, 28.4804136], [84.604678, 28.4800415], [84.6037608, 28.4791236], [84.6036197, 28.4787639], [84.6036761, 28.4776103], [84.6038454, 28.4768164], [84.6043253, 28.4761465], [84.6050308, 28.4758364], [84.6058634, 28.4750922], [84.6063291, 28.4740998], [84.6065751, 28.4734607], [84.6073834, 28.4729783], [84.6083326, 28.4729468], [84.6086854, 28.4731825], [84.6085856, 28.4738649], [84.6082962, 28.4743298], [84.607947, 28.4747333], [84.6074979, 28.475821], [84.6074979, 28.4770444], [84.607478, 28.4778514], [84.607957, 28.4787109], [84.6098728, 28.4798161], [84.6110503, 28.480202], [84.6133454, 28.4806932], [84.6143033, 28.4812896], [84.6148022, 28.482272], [84.6150417, 28.4843243], [84.6147571, 28.4854004], [84.6143478, 28.4863927], [84.6132149, 28.4874698], [84.61083, 28.489045], [84.6095035, 28.4900868], [84.6079371, 28.4907194], [84.6060602, 28.4919472], [84.6052699, 28.4922449], [84.6047619, 28.4923069], [84.6041692, 28.4920464], [84.6037458, 28.4921705], [84.6026972, 28.4929605], [84.6017991, 28.4944163], [84.60142, 28.497398], [84.6017792, 28.4985029], [84.6030764, 28.4990817], [84.6040144, 28.4990817], [84.6050122, 28.4988011], [84.6064492, 28.4989239], [84.6076466, 28.4998183], [84.6092032, 28.500134], [84.6115781, 28.4997482], [84.613514, 28.4982048], [84.61537, 28.496977], [84.6177286, 28.4956777], [84.6208619, 28.4947656], [84.624973, 28.4942921], [84.6279865, 28.4941167], [84.6309801, 28.4933975], [84.6342531, 28.4923276], [84.638005, 28.4911173], [84.6451696, 28.4905034], [84.6496201, 28.4908893], [84.6595794, 28.493385], [84.6640669, 28.4948113], [84.6695904, 28.4975712], [84.6741007, 28.5002897], [84.6780921, 28.5033589], [84.6816236, 28.5060936], [84.6848411, 28.5093674], [84.6874499, 28.5130347], [84.6888569, 28.5150338], [84.6895554, 28.5171732], [84.6904385, 28.5200863], [84.6907701, 28.521568], [84.6914998, 28.5228604], [84.6917474, 28.5239682], [84.692396, 28.5254236], [84.6937755, 28.5284772], [84.6949442, 28.531006], [84.6957345, 28.5325868], [84.6973079, 28.5342729], [84.6988984, 28.5365926], [84.6999462, 28.5380609], [84.7003952, 28.5387008], [84.7013182, 28.5390603], [84.7019879, 28.5390646], [84.7022737, 28.5388476], [84.7024254, 28.5385935], [84.7024042, 28.5376885], [84.7023125, 28.5370314], [84.7017833, 28.5359528], [84.7013106, 28.5347565], [84.7013237, 28.5343398], [84.7014983, 28.5342697], [84.7015959, 28.5341572], [84.7017795, 28.5338875], [84.7020936, 28.5338183], [84.7023609, 28.5338604], [84.7025197, 28.5338387], [84.7028372, 28.5335473], [84.7029947, 28.53328], [84.7023385, 28.5318976], [84.7014354, 28.530602], [84.7005675, 28.5288786], [84.6996926, 28.5266159], [84.6992692, 28.5248987], [84.6988953, 28.5228963], [84.698486, 28.521923], [84.697844, 28.5212872], [84.6973783, 28.5208346], [84.6966481, 28.5201975], [84.6962989, 28.5198161], [84.6956873, 28.5188411], [84.695388, 28.5172717], [84.6948491, 28.515597], [84.6944599, 28.5140889], [84.6942005, 28.5126684], [84.6932925, 28.5110463], [84.6918356, 28.5089944], [84.6900084, 28.5062325], [84.6893311, 28.5050916], [84.6890559, 28.5042422], [84.6888301, 28.5031385], [84.6888086, 28.5025721], [84.6891179, 28.5019802], [84.6897465, 28.5011559], [84.6899561, 28.5008227], [84.689996, 28.5002965], [84.6902654, 28.4997616], [84.6908142, 28.4989285], [84.6908641, 28.4982357], [84.6908142, 28.4979025], [84.6907244, 28.4974114], [84.6907244, 28.4968414], [84.6905947, 28.4965783], [84.6902954, 28.496701], [84.6897366, 28.497236], [84.6889981, 28.4973675], [84.68813, 28.4978586], [84.687661, 28.4984023], [84.6872918, 28.4993582], [84.6867929, 28.5000071], [84.6860073, 28.5007916], [84.6858874, 28.5011884], [84.6857463, 28.5013125], [84.6855489, 28.5012205], [84.6849203, 28.5004488], [84.6825199, 28.4980986], [84.6813224, 28.4968358], [84.6802348, 28.4957922], [84.6794664, 28.4945908], [84.678738, 28.4934331], [84.6784846, 28.4927864], [84.6786636, 28.4919907], [84.6791998, 28.4911411], [84.6799689, 28.4902605], [84.6803641, 28.4893489], [84.6805122, 28.488307], [84.6804346, 28.4877613], [84.6799619, 28.4873272], [84.6796514, 28.4872465], [84.6791363, 28.4875504], [84.6788753, 28.4880527], [84.678459, 28.4884372], [84.677831, 28.4885117], [84.6768432, 28.4888093], [84.6759823, 28.489107], [84.6756578, 28.4889768], [84.6753473, 28.4885551], [84.6751003, 28.4880899], [84.6747546, 28.4878109], [84.6742395, 28.4876868], [84.673414, 28.4877675], [84.672659, 28.4881768], [84.6721157, 28.4888713], [84.6717065, 28.488983], [84.6713658, 28.4887515], [84.6705975, 28.4882428], [84.6683623, 28.4872079], [84.664032, 28.4853935], [84.6624548, 28.4846795], [84.661677, 28.4839544], [84.6611447, 28.4834985], [84.6602106, 28.4831612], [84.6593048, 28.4824903], [84.6589547, 28.4819914], [84.6587371, 28.4810919], [84.6585677, 28.4794049], [84.6583278, 28.4786235], [84.6583419, 28.4768869], [84.6584972, 28.4756464], [84.6580174, 28.4751006], [84.6572835, 28.4749021], [84.6567755, 28.4748897], [84.656338, 28.4748277], [84.6558159, 28.4743315], [84.6554208, 28.4736493], [84.65456, 28.4730414], [84.654193, 28.4726445], [84.6539108, 28.471987], [84.6536427, 28.471007], [84.6532052, 28.4707465], [84.6529089, 28.4710194], [84.6526549, 28.4719622], [84.6524291, 28.473091], [84.6516811, 28.4743191], [84.6511167, 28.4754728], [84.6512578, 28.4768497], [84.651286, 28.4783754], [84.650778, 28.4796158], [84.6504393, 28.4798391], [84.6489576, 28.4801244], [84.6468972, 28.4799135], [84.646234, 28.4794794], [84.6456131, 28.4787723], [84.6451897, 28.4784622], [84.6443712, 28.4778792], [84.6440466, 28.4767008], [84.6439902, 28.4751874], [84.643708, 28.4744928], [84.6434398, 28.47355], [84.6432282, 28.4723219], [84.6431153, 28.4715528], [84.6429883, 28.4707341], [84.6423956, 28.4702131], [84.6414642, 28.4698409], [84.6409138, 28.469109], [84.6407946, 28.4689194], [84.6408123, 28.4685545]]]}, "properties": {"external_id": "osm:way/93067400", "name": "Lanjam Glacier", "name_ne": "", "area_km2": 22.023}}, {"type": "Feature", "geometry": {"type": "Polygon", "coordinates": [[[84.4076156, 28.6723605], [84.4076532, 28.6722852], [84.4075942, 28.6722005], [84.4075245, 28.6721016], [84.4074762, 28.6720169], [84.4074065, 28.6719087], [84.4073528, 28.6717957], [84.4073582, 28.6715698], [84.4073797, 28.6714474], [84.4074226, 28.671198], [84.4074977, 28.6710285], [84.4075406, 28.6707932], [84.4075728, 28.6706331], [84.4075728, 28.6703602], [84.4075298, 28.6700778], [84.4074869, 28.6698801], [84.4074869, 28.6696541], [84.4074869, 28.6695318], [84.4074869, 28.6693435], [84.4074655, 28.6691646], [84.4074655, 28.6687599], [84.4074762, 28.6684304], [84.4074762, 28.668195], [84.4074333, 28.6678562], [84.4073689, 28.6675643], [84.4074011, 28.6673666], [84.4074333, 28.6671313], [84.407562, 28.6668301], [84.4076801, 28.6665665], [84.4078624, 28.6663311], [84.4080877, 28.6660958], [84.4083774, 28.6658416], [84.4085169, 28.665691], [84.4086027, 28.6654651], [84.408592, 28.6651732], [84.4085598, 28.6649473], [84.408474, 28.6647778], [84.4083452, 28.6645707], [84.4082487, 28.6644013], [84.4081629, 28.6641753], [84.4080126, 28.6639117], [84.4078624, 28.6636293], [84.4077337, 28.6634505], [84.4076371, 28.6633375], [84.4074655, 28.6632151], [84.4072938, 28.6631021], [84.4071329, 28.6630268], [84.4069612, 28.6629421], [84.4068539, 28.6628762], [84.406811, 28.6626785], [84.4068003, 28.6625655], [84.4068003, 28.6623772], [84.4068647, 28.662236], [84.4069827, 28.6621325], [84.4071973, 28.6620572], [84.4076479, 28.6619442], [84.4084633, 28.6618124], [84.4086349, 28.6617936], [84.4088495, 28.6617465], [84.4090533, 28.6616806], [84.4092143, 28.6615865], [84.4096327, 28.6613793], [84.4100189, 28.6612475], [84.4102013, 28.6611911], [84.4105876, 28.6610216], [84.41077, 28.6608804], [84.4109416, 28.6605791], [84.4111347, 28.6604285], [84.4113279, 28.6602779], [84.4114673, 28.6601367], [84.4117195, 28.6601037], [84.4118911, 28.6600284], [84.4120735, 28.6599625], [84.412272, 28.6598354], [84.4124061, 28.6597083], [84.4125402, 28.6595718], [84.412669, 28.6594117], [84.4128406, 28.6591434], [84.4130123, 28.658861], [84.4133181, 28.658668], [84.4135005, 28.6585597], [84.4137204, 28.6583714], [84.4138491, 28.6582302], [84.413994, 28.6580372], [84.4140905, 28.6578866], [84.4142193, 28.6576936], [84.4143427, 28.6575241], [84.4144553, 28.6573876], [84.414568, 28.6572888], [84.4147611, 28.6571805], [84.4150508, 28.6571334], [84.4152171, 28.6571334], [84.4154209, 28.6571711], [84.4155282, 28.6572652], [84.4155711, 28.6574159], [84.4155604, 28.657543], [84.4155175, 28.6576936], [84.4154585, 28.657896], [84.4154102, 28.6580513], [84.4153458, 28.6581879], [84.4152814, 28.6583479], [84.4151688, 28.6585927], [84.4150669, 28.6588139], [84.4150186, 28.6590116], [84.4149918, 28.6591717], [84.4149488, 28.659327], [84.4149113, 28.6595577], [84.414863, 28.6598071], [84.4148791, 28.6599954], [84.4149167, 28.660179], [84.4149649, 28.6603249], [84.415099, 28.6605179], [84.4152439, 28.6606639], [84.4158447, 28.6608051], [84.4163811, 28.6608521], [84.4167566, 28.6608521], [84.4170463, 28.6608427], [84.4174433, 28.6608051], [84.4177973, 28.6606168], [84.4182265, 28.6603155], [84.4185162, 28.6600425], [84.41872, 28.6597789], [84.4189882, 28.6595718], [84.419117, 28.6594776], [84.4194603, 28.6594494], [84.4197393, 28.6594682], [84.4199968, 28.6594965], [84.4201362, 28.6595435], [84.4203294, 28.6597413], [84.420501, 28.6600613], [84.420619, 28.6604756], [84.4207049, 28.6609557], [84.4207156, 28.6614829], [84.4207156, 28.661916], [84.4206727, 28.6622078], [84.420619, 28.6624526], [84.4204259, 28.6629609], [84.4202864, 28.6633657], [84.4202221, 28.663554], [84.4201255, 28.6639212], [84.4200504, 28.664373], [84.4201684, 28.6646084], [84.4202006, 28.6647684], [84.4202006, 28.6651826], [84.4201148, 28.6654086], [84.419986, 28.6655592], [84.4196642, 28.665691], [84.4192028, 28.6657945], [84.4189131, 28.6658887], [84.4186986, 28.6660016], [84.4184733, 28.6660581], [84.4180656, 28.6660958], [84.4177973, 28.6660581], [84.417572, 28.6659075], [84.4171429, 28.6657851], [84.4168317, 28.6657757], [84.4165421, 28.6656816], [84.4161236, 28.6655121], [84.4159627, 28.6654839], [84.4154155, 28.6653521], [84.4152546, 28.6652862], [84.4148791, 28.6649473], [84.4147289, 28.664759], [84.4145358, 28.6645613], [84.4144607, 28.6643824], [84.4143748, 28.6641], [84.4143427, 28.6640059], [84.4141925, 28.6637894], [84.4139564, 28.6636482], [84.413774, 28.6636199], [84.4135916, 28.663667], [84.4134522, 28.6637329], [84.4133341, 28.6638835], [84.4132376, 28.6640059], [84.4131196, 28.6642601], [84.4129908, 28.6645707], [84.4129157, 28.6647308], [84.4127977, 28.6649473], [84.4126582, 28.6650791], [84.4125617, 28.665145], [84.4117463, 28.6655874], [84.4115532, 28.6657192], [84.4113386, 28.6658698], [84.4112206, 28.6659734], [84.411006, 28.6662746], [84.4109094, 28.6664064], [84.4108343, 28.6666418], [84.4107592, 28.6668112], [84.4106949, 28.6671501], [84.4106198, 28.6673478], [84.4105447, 28.667602], [84.4105017, 28.6677997], [84.4103944, 28.6680068], [84.410373, 28.6681668], [84.4103408, 28.6682704], [84.4103086, 28.6683833], [84.4103408, 28.6684963], [84.4104481, 28.6687599], [84.4105232, 28.6688916], [84.4105125, 28.6691176], [84.4105017, 28.6693341], [84.410491, 28.66956], [84.410491, 28.6697012], [84.4105339, 28.6699177], [84.4105017, 28.6701625], [84.4107163, 28.670379], [84.4110704, 28.6706331], [84.4111884, 28.6708026], [84.4112098, 28.6710379], [84.4111347, 28.6712733], [84.4109309, 28.6714333], [84.4106412, 28.6715462], [84.4103193, 28.6716686], [84.4100297, 28.6717439], [84.4098258, 28.6718945], [84.4097507, 28.6720263], [84.4097078, 28.6722428], [84.4096434, 28.6723087], [84.4076156, 28.6723605]]]}, "properties": {"external_id": "osm:way/293165032", "name": "", "name_ne": "", "area_km2": 0.948}}, {"type": "Feature", "geometry": {"type": "Polygon", "coordinates": [[[84.3301803, 28.696865], [84.3295151, 28.6969968], [84.329204, 28.6969968], [84.3288821, 28.6970156], [84.3286032, 28.6970438], [84.3282813, 28.6971097], [84.3279273, 28.6971662], [84.3275196, 28.6972132], [84.3272407, 28.6973261], [84.3268114, 28.697298], [84.3264038, 28.6972415], [84.3262321, 28.6970815], [84.3261034, 28.6970815], [84.3258137, 28.6970909], [84.3252772, 28.6971379], [84.3249339, 28.6971945], [84.3246872, 28.6972415], [84.3244297, 28.6972415], [84.3241507, 28.6971945], [84.3239254, 28.697072], [84.3237108, 28.6969403], [84.3235714, 28.6967709], [84.3234963, 28.6965074], [84.3234855, 28.6963756], [84.3235606, 28.6961686], [84.3237538, 28.6959615], [84.3241829, 28.695698], [84.3244297, 28.6955569], [84.3246013, 28.6952839], [84.3247301, 28.6950769], [84.3247301, 28.6947663], [84.3248374, 28.6944275], [84.3249125, 28.6942299], [84.3250412, 28.6940228], [84.3252236, 28.693797], [84.3254167, 28.6936464], [84.3256206, 28.6934111], [84.3258995, 28.6930911], [84.3263072, 28.6927147], [84.3267793, 28.6923006], [84.3272406, 28.6919429], [84.3277556, 28.6916135], [84.3281418, 28.69135], [84.3285388, 28.6909171], [84.3287534, 28.6906253], [84.3289036, 28.69039], [84.328968, 28.6902394], [84.328968, 28.6898442], [84.3289251, 28.6895712], [84.3288392, 28.6894112], [84.3285388, 28.6891289], [84.3282921, 28.6889312], [84.328056, 28.6887053], [84.3278307, 28.6885736], [84.3273801, 28.688583], [84.3271119, 28.6886771], [84.3270904, 28.6889218], [84.327187, 28.6894112], [84.3272084, 28.6896559], [84.3272084, 28.6900324], [84.3271226, 28.6902206], [84.3269509, 28.6905594], [84.3266935, 28.6907006], [84.3262858, 28.6909265], [84.3259102, 28.691143], [84.325524, 28.6912935], [84.3251485, 28.6913688], [84.3248374, 28.6915477], [84.3245799, 28.6917359], [84.3242473, 28.6917171], [84.3240112, 28.6914818], [84.3239361, 28.6913406], [84.3238289, 28.6910959], [84.3238289, 28.690823], [84.323861, 28.69055], [84.3238932, 28.6902206], [84.3238932, 28.6897783], [84.3238932, 28.6895336], [84.3237216, 28.6891101], [84.323507, 28.6889971], [84.3231959, 28.6890159], [84.3227452, 28.689223], [84.3226058, 28.6894112], [84.3224126, 28.6897877], [84.3222732, 28.6902394], [84.3223054, 28.6905877], [84.3223697, 28.6908888], [84.322638, 28.6912935], [84.3228525, 28.6915382], [84.3229705, 28.6917924], [84.3230671, 28.6923664], [84.3231208, 28.6928652], [84.3230993, 28.6931758], [84.3230564, 28.6937499], [84.3230778, 28.6940699], [84.3231315, 28.6942675], [84.3232388, 28.694531], [84.3233139, 28.694724], [84.3234051, 28.6949028], [84.3234587, 28.6951334], [84.3234641, 28.6952698], [84.3234534, 28.6954392], [84.3233461, 28.6955945], [84.3232549, 28.6957404], [84.3231798, 28.6958251], [84.3230457, 28.6959521], [84.3228364, 28.6961827], [84.3226004, 28.6963427], [84.322418, 28.6964603], [84.3221713, 28.6965074], [84.3219406, 28.696545], [84.3216724, 28.6965497], [84.3214363, 28.6966438], [84.3212593, 28.6966956], [84.3210876, 28.6966815], [84.3209267, 28.6966297], [84.3207819, 28.6965921], [84.3205995, 28.6965968], [84.3203366, 28.6967756], [84.3202186, 28.6969356], [84.3201542, 28.6971191], [84.320165, 28.6973074], [84.3202615, 28.6975427], [84.3203259, 28.6977685], [84.3204278, 28.6980179], [84.3204707, 28.6981638], [84.3204922, 28.6986532], [84.3202883, 28.6990202], [84.3197948, 28.6994437], [84.319312, 28.6997731], [84.3186897, 28.7001683], [84.3182177, 28.7005071], [84.3177241, 28.7009682], [84.3172413, 28.701514], [84.3168658, 28.7018434], [84.3165976, 28.7020316], [84.3163079, 28.702248], [84.3160075, 28.7024739], [84.3157179, 28.7026998], [84.3154174, 28.7028597], [84.3148274, 28.7031797], [84.3143338, 28.7033208], [84.313379, 28.7037255], [84.3126065, 28.7039702], [84.3120486, 28.704149], [84.3116194, 28.7044595], [84.310804, 28.7048359], [84.309817, 28.7048359], [84.308669, 28.7048547], [84.3072904, 28.7049629], [84.3066359, 28.7049865], [84.3058205, 28.7050288], [84.3050051, 28.7050806], [84.3041951, 28.7051653], [84.3031919, 28.7053111], [84.3022424, 28.7054005], [84.3020547, 28.7053958], [84.30147, 28.7053064], [84.3010247, 28.7052547], [84.3004239, 28.7051276], [84.2998928, 28.7049488], [84.2995334, 28.7048618], [84.2991391, 28.704803], [84.2988897, 28.7047936], [84.2986161, 28.704803], [84.298372, 28.7047818], [84.2982379, 28.7047394], [84.2981145, 28.7046053], [84.2980528, 28.7045465], [84.2979858, 28.7044689], [84.2979053, 28.7044124], [84.2978088, 28.7043466], [84.297629, 28.7042525], [84.2974198, 28.7041842], [84.2970443, 28.7041278], [84.2968137, 28.7040595], [84.2965025, 28.7040219], [84.2962289, 28.7039843], [84.2959714, 28.7039678], [84.2957622, 28.7039702], [84.2954162, 28.7040243], [84.2952231, 28.7040713], [84.295089, 28.704109], [84.2948637, 28.7041701], [84.2947081, 28.7042313], [84.2945874, 28.7042925], [84.2944265, 28.7043936], [84.2943272, 28.7044618], [84.2941744, 28.7045042], [84.2940188, 28.7044971], [84.2937184, 28.7044242], [84.293477, 28.7043771], [84.2933617, 28.7043913], [84.2933107, 28.7044313], [84.2933161, 28.7044713], [84.2933509, 28.7045207], [84.2934341, 28.7045795], [84.2935414, 28.7046312], [84.2935896, 28.70469], [84.2936191, 28.7047959], [84.2936326, 28.7048194], [84.2936755, 28.7049394], [84.2937559, 28.7050476], [84.2939142, 28.7051488], [84.293992, 28.7052241], [84.2941609, 28.7053417], [84.2943648, 28.7054946], [84.294507, 28.7056052], [84.2946598, 28.7057299], [84.2947376, 28.7057934], [84.2948315, 28.7058381], [84.2950353, 28.7058969], [84.295207, 28.7059251], [84.2954109, 28.705991], [84.2955235, 28.7060569], [84.2956442, 28.7061463], [84.2957247, 28.7062333], [84.2958829, 28.706318], [84.2960385, 28.7063886], [84.2961672, 28.7064874], [84.2963469, 28.7067274], [84.2965401, 28.7069108], [84.2968297, 28.7071414], [84.2969799, 28.7071696], [84.2974788, 28.7072308], [84.2977417, 28.7072543], [84.2981387, 28.707292], [84.2984015, 28.707339], [84.2986697, 28.7074284], [84.2990023, 28.707499], [84.2993617, 28.7075413], [84.2997319, 28.7076025], [84.3002576, 28.7076448], [84.300735, 28.7077248], [84.3012876, 28.7078519], [84.3017865, 28.7078989], [84.3021512, 28.7079176], [84.3025428, 28.7079176], [84.3029398, 28.7079083], [84.3032778, 28.7078895], [84.3037391, 28.7078707], [84.3040663, 28.7078236], [84.3045867, 28.7076542], [84.3049998, 28.7075178], [84.3053538, 28.7074331], [84.3058259, 28.7073484], [84.306416, 28.7072778], [84.3069524, 28.7072355], [84.3073065, 28.7072543], [84.3080038, 28.7072214], [84.3085617, 28.707179], [84.3089748, 28.7071414], [84.3096721, 28.7072684], [84.3104768, 28.7073249], [84.310965, 28.7074143], [84.3115014, 28.7074848], [84.3119413, 28.707419], [84.3130035, 28.7073908], [84.3137759, 28.7073814], [84.3146503, 28.7074049], [84.3155677, 28.7074802], [84.3159003, 28.707499], [84.3162919, 28.7074237], [84.3166084, 28.7073955], [84.3169409, 28.7073908], [84.3173325, 28.7074472], [84.3183035, 28.7074049], [84.3190331, 28.7073672], [84.3196446, 28.7071979], [84.3201811, 28.7070191], [84.3207711, 28.7068309], [84.3215865, 28.7065674], [84.3221552, 28.7062945], [84.3226165, 28.7061439], [84.3229812, 28.7059651], [84.3241507, 28.7053911], [84.3252987, 28.7053346], [84.3258244, 28.7050947], [84.3267686, 28.7046195], [84.3271065, 28.7043607], [84.3275196, 28.7041254], [84.3278468, 28.7039278], [84.3285925, 28.7035561], [84.3296224, 28.7030291], [84.3303627, 28.7027374], [84.3311459, 28.7025304], [84.3321222, 28.7023516], [84.3328411, 28.7022763], [84.3338389, 28.7022669], [84.3345255, 28.7023516], [84.335534, 28.7025304], [84.3365318, 28.7026903], [84.3373257, 28.7028033], [84.3385917, 28.7029632], [84.3400401, 28.7031985], [84.3415422, 28.7034338], [84.3434948, 28.7036032], [84.3451256, 28.7039796], [84.3469924, 28.704563], [84.3483871, 28.7051653], [84.3495244, 28.7057487], [84.3504042, 28.7061816], [84.3513269, 28.7067085], [84.3525929, 28.7072732], [84.3533439, 28.7078001], [84.3535799, 28.7082612], [84.3534512, 28.7085247], [84.353301, 28.7087693], [84.3529362, 28.7089952], [84.3525499, 28.7091175], [84.3521744, 28.7092492], [84.3517989, 28.7094374], [84.3515093, 28.709635], [84.3513805, 28.7098985], [84.3513805, 28.7100867], [84.3514878, 28.7102373], [84.3517346, 28.710369], [84.3520672, 28.7105854], [84.3522281, 28.7108583], [84.3522495, 28.7110559], [84.3522281, 28.7113664], [84.3520457, 28.711677], [84.3516487, 28.7120816], [84.3512196, 28.7125615], [84.3509514, 28.7128061], [84.3505651, 28.713079], [84.3500179, 28.7135871], [84.3498356, 28.7138882], [84.3495888, 28.714321], [84.3495673, 28.7145657], [84.3496317, 28.7147633], [84.3498034, 28.7149044], [84.3500716, 28.7151114], [84.350608, 28.7153561], [84.3509943, 28.7155725], [84.3511874, 28.7157513], [84.3514234, 28.71593], [84.3517989, 28.7161276], [84.3523676, 28.7162405], [84.3527323, 28.7162405], [84.3530971, 28.7162217], [84.3535048, 28.7162123], [84.3537838, 28.7161088], [84.3542666, 28.7159206], [84.3545992, 28.715723], [84.3548137, 28.7155725], [84.3551892, 28.7153184], [84.355672, 28.7148668], [84.356187, 28.7146692], [84.3564338, 28.7145751], [84.356702, 28.7143304], [84.3568737, 28.7141799], [84.3570882, 28.71386], [84.3572492, 28.7135777], [84.3573887, 28.7133048], [84.357571, 28.7130696], [84.3577427, 28.7128343], [84.3579573, 28.7128437], [84.3581075, 28.7129755], [84.3581826, 28.7133519], [84.3581611, 28.713653], [84.3581182, 28.7138694], [84.3579466, 28.7143304], [84.3576783, 28.7147351], [84.3572921, 28.7152526], [84.3570775, 28.7154784], [84.3567878, 28.7159206], [84.3567771, 28.7161182], [84.3568415, 28.7164475], [84.3570561, 28.7168804], [84.3571204, 28.7172285], [84.3571204, 28.717332], [84.3570453, 28.7175108], [84.356584, 28.7179436], [84.3562729, 28.7183952], [84.3560797, 28.7187622], [84.3560475, 28.7191197], [84.3560583, 28.7197126], [84.3559188, 28.7203054], [84.3557364, 28.7208417], [84.3556291, 28.7209922], [84.3551785, 28.7215097], [84.3549318, 28.7218296], [84.3548352, 28.7220366], [84.3548566, 28.7223471], [84.3550069, 28.7226481], [84.3551892, 28.7227328], [84.3555862, 28.7228175], [84.3560797, 28.7228269], [84.3564982, 28.7228363], [84.3570131, 28.7228363], [84.3573779, 28.7228457], [84.3578393, 28.7229022], [84.3581397, 28.7229492], [84.358601, 28.7230339], [84.359116, 28.7230527], [84.3596632, 28.7230339], [84.3600279, 28.7228834], [84.3602533, 28.7227328], [84.3604464, 28.7224976], [84.3605107, 28.7223], [84.3605107, 28.7219049], [84.3602747, 28.7216132], [84.3600709, 28.7213121], [84.3598885, 28.7210298], [84.3597812, 28.7208887], [84.3597168, 28.7206159], [84.359513, 28.7201172], [84.3592555, 28.7196185], [84.3590945, 28.7192891], [84.3588263, 28.7188939], [84.3586117, 28.7185646], [84.3583542, 28.7181976], [84.3581397, 28.7178119], [84.3581504, 28.7175108], [84.358204, 28.7173791], [84.358365, 28.7167957], [84.3587834, 28.7162311], [84.3589873, 28.7160429], [84.3593413, 28.7160618], [84.359513, 28.7161276], [84.3597061, 28.7163158], [84.360103, 28.716457], [84.3606395, 28.7165981], [84.3610257, 28.7165981], [84.3618197, 28.7165605], [84.3624097, 28.7163535], [84.3628496, 28.7161182], [84.3633324, 28.7156948], [84.3635899, 28.7154219], [84.3639118, 28.7149985], [84.3642015, 28.7146504], [84.3645877, 28.7141799], [84.3647701, 28.7138882], [84.3648774, 28.7135401], [84.364931, 28.7131354], [84.364931, 28.7128249], [84.3649632, 28.7123262], [84.3648774, 28.711931], [84.3646843, 28.7114699], [84.364459, 28.7112723], [84.3642122, 28.7110747], [84.3641693, 28.7109524], [84.3642122, 28.7108113], [84.3643195, 28.7107266], [84.3645126, 28.7107078], [84.3648345, 28.7107454], [84.36521, 28.7108301], [84.3657893, 28.7108207], [84.3662078, 28.7107642], [84.3666584, 28.7107266], [84.3670875, 28.7106325], [84.3674308, 28.7105572], [84.3678493, 28.7105102], [84.368096, 28.7105196], [84.3684286, 28.7106137], [84.368611, 28.7107454], [84.3687076, 28.7109806], [84.3686861, 28.7111218], [84.368493, 28.7112535], [84.3681926, 28.7112629], [84.3677956, 28.7113006], [84.3673343, 28.7113853], [84.367109, 28.7114605], [84.3669373, 28.7116111], [84.3669159, 28.711931], [84.3670875, 28.7122039], [84.3673128, 28.7124485], [84.367624, 28.7129002], [84.3679351, 28.7131354], [84.3681711, 28.7133048], [84.3685359, 28.7134554], [84.3688471, 28.7136341], [84.3691367, 28.7137847], [84.3696303, 28.7140764], [84.3697912, 28.7142269], [84.3699628, 28.7145751], [84.3699843, 28.7147539], [84.369759, 28.7150362], [84.369362, 28.7154596], [84.3688256, 28.7157889], [84.3680853, 28.7161653], [84.3675274, 28.7162405], [84.3669051, 28.7163441], [84.3664545, 28.7166828], [84.3661326, 28.7170403], [84.3655747, 28.7176613], [84.3653387, 28.7180753], [84.3649525, 28.7183576], [84.3642873, 28.7186211], [84.3638152, 28.7190351], [84.363429, 28.7195621], [84.3632144, 28.7201078], [84.3632144, 28.7207852], [84.3633431, 28.721218], [84.3637294, 28.7217826], [84.3640298, 28.7222154], [84.364416, 28.7227422], [84.364931, 28.723081], [84.3656606, 28.7234573], [84.3661756, 28.7236455], [84.3668837, 28.7237207], [84.3676132, 28.7237207], [84.3681926, 28.723589], [84.3687934, 28.7234385], [84.3698019, 28.7230057], [84.3705529, 28.7226482], [84.3711108, 28.7221589], [84.3715614, 28.7217637], [84.3722052, 28.7213874], [84.3729133, 28.7212745], [84.3732351, 28.721425], [84.3734926, 28.7216885], [84.3736214, 28.7219895], [84.3735463, 28.7222906], [84.3734283, 28.7226293], [84.3734175, 28.7228834], [84.3733961, 28.7232315], [84.3734605, 28.7235137], [84.3736428, 28.7237584], [84.373793, 28.7239183], [84.3738574, 28.7241441], [84.3738681, 28.7243887], [84.373793, 28.7246334], [84.3736858, 28.7247745], [84.3735892, 28.7249909], [84.3735892, 28.7253014], [84.3736321, 28.7255366], [84.3737072, 28.7258376], [84.3737179, 28.7262328], [84.3736321, 28.7265527], [84.3736428, 28.7271642], [84.3736643, 28.7275405], [84.3736965, 28.7280862], [84.3737394, 28.7284437], [84.3740398, 28.7288389], [84.3742758, 28.7290364], [84.3747265, 28.729187], [84.3750912, 28.729187], [84.3757028, 28.729234], [84.3763572, 28.7292528], [84.3769044, 28.7292246], [84.3776125, 28.7291211], [84.378621, 28.7289424], [84.3790609, 28.7287918], [84.379415, 28.7286037], [84.3797797, 28.7281333], [84.3802947, 28.7277005], [84.3811101, 28.7273712], [84.381786, 28.7273147], [84.3824083, 28.7273524], [84.383331, 28.7273524], [84.3840927, 28.727343], [84.3848437, 28.7274559], [84.3855948, 28.7274841], [84.386217, 28.7275688], [84.3868071, 28.7276346], [84.3875367, 28.7277569], [84.3883413, 28.7280392], [84.3889314, 28.7281991], [84.3896073, 28.7283779], [84.3902082, 28.7284814], [84.3907446, 28.728472], [84.3915385, 28.7284531], [84.3919892, 28.7283967], [84.3926329, 28.7280862], [84.3927187, 28.72755], [84.3926973, 28.7269478], [84.392547, 28.7264115], [84.3923647, 28.7259694], [84.3922037, 28.7256307], [84.3921394, 28.7251979], [84.3921501, 28.7246522], [84.3919677, 28.7244358], [84.3916566, 28.7240688], [84.3913776, 28.7238807], [84.3908412, 28.7235231], [84.3906588, 28.7231938], [84.3905408, 28.7228269], [84.3905408, 28.722253], [84.3905408, 28.7218014], [84.39053, 28.7214532], [84.3905193, 28.7209452], [84.3905515, 28.7205688], [84.3906159, 28.7202489], [84.3907446, 28.7197408], [84.3912596, 28.7192891], [84.3916244, 28.7188657], [84.3919999, 28.718367], [84.3921823, 28.7179718], [84.3923217, 28.7176896], [84.392708, 28.7173132], [84.3931157, 28.7169462], [84.3934805, 28.7167581], [84.3935985, 28.716551], [84.393577, 28.7163252], [84.3931157, 28.7159112], [84.392826, 28.7156854], [84.3923968, 28.715309], [84.3922681, 28.7149985], [84.3922252, 28.7143116], [84.3921179, 28.7136906], [84.3920106, 28.7133519], [84.3916887, 28.7127873], [84.3911523, 28.7122792], [84.3905515, 28.7121474], [84.389779, 28.7121851], [84.3893069, 28.7122039], [84.3884272, 28.7119781], [84.3878049, 28.7113382], [84.3872255, 28.7106795], [84.3863887, 28.7100961], [84.385745, 28.7094374], [84.3852085, 28.7088728], [84.3849296, 28.7086282], [84.3843073, 28.7081389], [84.3830413, 28.7075178], [84.3818826, 28.7073296], [84.3809384, 28.7071226], [84.379887, 28.7069532], [84.3787712, 28.7068215], [84.3780846, 28.7065768], [84.3773121, 28.7061063], [84.376368, 28.7055417], [84.3756169, 28.7051276], [84.3746513, 28.7048453], [84.3739003, 28.70477], [84.3723554, 28.7047889], [84.3705958, 28.7049583], [84.3693728, 28.7049583], [84.3681926, 28.7049018], [84.3670446, 28.7048265], [84.3666798, 28.7046853], [84.3663043, 28.7044971], [84.3657786, 28.7041772], [84.3651563, 28.7038102], [84.3643946, 28.7036032], [84.36315, 28.7032173], [84.3622488, 28.7031138], [84.3611545, 28.7029538], [84.3603927, 28.7028127], [84.3590462, 28.7028739], [84.3587619, 28.7023986], [84.3584723, 28.7023139], [84.3584615, 28.7025115], [84.3582362, 28.7026527], [84.3579358, 28.7026527], [84.3573672, 28.7026056], [84.3562299, 28.7021351], [84.3557042, 28.7018622], [84.3553609, 28.7017211], [84.3544704, 28.7014576], [84.3538589, 28.7012317], [84.3533224, 28.7010717], [84.352507, 28.7009494], [84.3515307, 28.7008647], [84.3508655, 28.7006577], [84.3501145, 28.7004224], [84.3495351, 28.7002059], [84.3490523, 28.699933], [84.3486232, 28.6996319], [84.3480546, 28.6992649], [84.3475074, 28.6991049], [84.346692, 28.6987849], [84.3461234, 28.6986061], [84.3455977, 28.6984367], [84.3450398, 28.6982956], [84.3443317, 28.6981073], [84.3433768, 28.6979191], [84.3427867, 28.6978156], [84.3420893, 28.6977309], [84.3410916, 28.6975427], [84.340244, 28.6973921], [84.3398685, 28.6973921], [84.3391496, 28.6974109], [84.3385703, 28.6974956], [84.3381519, 28.6976744], [84.3374437, 28.6974862], [84.3368644, 28.6972133], [84.3362421, 28.6970156], [84.3355233, 28.6969215], [84.3344397, 28.6967238], [84.3333882, 28.6964415], [84.3327982, 28.696385], [84.3318433, 28.6962439], [84.3314141, 28.6962439], [84.3308348, 28.6963286], [84.33047, 28.6965074], [84.3301803, 28.696865]]]}, "properties": {"external_id": "osm:way/293179171", "name": "", "name_ne": "", "area_km2": 11.013}}, {"type": "Feature", "geometry": {"type": "Polygon", "coordinates": [[[84.6729398, 28.3890313], [84.6726179, 28.3891257], [84.6722746, 28.3893428], [84.6719742, 28.3894089], [84.6715343, 28.3895033], [84.670794, 28.3897392], [84.6702897, 28.3900035], [84.6697211, 28.3902111], [84.6692061, 28.3903622], [84.6686375, 28.3904282], [84.6681225, 28.3903999], [84.6677792, 28.3903999], [84.6674573, 28.3904188], [84.6670926, 28.3905509], [84.6665668, 28.3908341], [84.6662772, 28.3910134], [84.6657193, 28.3913249], [84.6651506, 28.3918062], [84.6646786, 28.3920233], [84.6644103, 28.3921838], [84.6639597, 28.3923631], [84.663434, 28.3925707], [84.6630049, 28.392835], [84.6627688, 28.3930332], [84.6625006, 28.3933447], [84.6622431, 28.3935806], [84.6619964, 28.3937883], [84.6616208, 28.393977], [84.6609235, 28.3942979], [84.6604836, 28.394515], [84.6601832, 28.394751], [84.6598613, 28.3950624], [84.6595824, 28.3954022], [84.6593141, 28.3956098], [84.6588528, 28.3957891], [84.6584344, 28.3958835], [84.6581554, 28.3958646], [84.6579623, 28.3957891], [84.6577477, 28.3956664], [84.6575439, 28.3956381], [84.6572864, 28.3957514], [84.6571684, 28.3959118], [84.6571362, 28.3962422], [84.6571684, 28.3964592], [84.6572435, 28.3969689], [84.6571684, 28.3974408], [84.6571255, 28.3977145], [84.657104, 28.3980731], [84.6570074, 28.3983374], [84.6567821, 28.398545], [84.6564925, 28.3987149], [84.6561062, 28.3987715], [84.6557844, 28.3987526], [84.655441, 28.3986205], [84.6551514, 28.3984601], [84.6546149, 28.3982052], [84.6541321, 28.398007], [84.6538746, 28.3979127], [84.6537352, 28.3977617], [84.6535742, 28.3975635], [84.6532524, 28.397337], [84.6529519, 28.3971482], [84.652791, 28.3970349], [84.6526408, 28.3969406], [84.6523726, 28.3968934], [84.6520293, 28.3967612], [84.6518469, 28.3966008], [84.6516108, 28.3964404], [84.651289, 28.3963271], [84.6510637, 28.3962893], [84.650774, 28.3962893], [84.6505916, 28.3963837], [84.6505701, 28.3965914], [84.6506452, 28.3968367], [84.6507847, 28.3970821], [84.6508706, 28.3973464], [84.6509135, 28.3976295], [84.6509671, 28.3978466], [84.6509778, 28.3980259], [84.6510315, 28.3983657], [84.6510637, 28.3985827], [84.6511924, 28.3988564], [84.6513641, 28.3990074], [84.6515787, 28.3991018], [84.6518576, 28.3991301], [84.6522331, 28.399149], [84.652555, 28.3991113], [84.6527696, 28.3990924], [84.6530163, 28.3991018], [84.6532524, 28.3990735], [84.6536171, 28.3991679], [84.653821, 28.3992717], [84.6541321, 28.3994982], [84.6543038, 28.3996775], [84.6544754, 28.3998757], [84.6546471, 28.4001494], [84.6546793, 28.4004325], [84.6546256, 28.4008383], [84.654336, 28.4010648], [84.6541321, 28.4012158], [84.6540141, 28.4014046], [84.6541107, 28.401716], [84.6542823, 28.4019991], [84.6543896, 28.4022445], [84.6544325, 28.4024805], [84.6546149, 28.4026975], [84.6547007, 28.4029146], [84.6546364, 28.4032449], [84.6544218, 28.4035752], [84.6541643, 28.4037734], [84.6535849, 28.4039244], [84.6530378, 28.4039149], [84.6525013, 28.4038489], [84.6519542, 28.4037734], [84.6515894, 28.4037262], [84.6510315, 28.4036035], [84.6504629, 28.4034242], [84.6498191, 28.4032921], [84.6494007, 28.4031505], [84.648875, 28.4028485], [84.6484029, 28.4025937], [84.648124, 28.4023389], [84.647845, 28.402169], [84.6474802, 28.4019897], [84.6470296, 28.4017726], [84.6467185, 28.4016216], [84.6464717, 28.4014895], [84.6462142, 28.4013196], [84.6460104, 28.4010176], [84.6459246, 28.4007911], [84.6457744, 28.4005741], [84.6455383, 28.4003381], [84.6452594, 28.40014], [84.6448302, 28.3999135], [84.6444654, 28.3996492], [84.6441972, 28.3993755], [84.6439397, 28.3990924], [84.64365, 28.3986394], [84.6434247, 28.3984223], [84.6432531, 28.3982052], [84.643017, 28.3979221], [84.6428239, 28.3977994], [84.6425772, 28.3976673], [84.6423304, 28.397488], [84.6420514, 28.3971954], [84.6418798, 28.3968462], [84.641751, 28.3965536], [84.6416652, 28.396195], [84.6416008, 28.3956948], [84.6415901, 28.3953927], [84.6416438, 28.3948925], [84.6417081, 28.394751], [84.6418798, 28.3945339], [84.6420085, 28.3943829], [84.6421909, 28.3941469], [84.6423197, 28.3939959], [84.6424484, 28.3938638], [84.6426201, 28.3936467], [84.6427059, 28.3933069], [84.6427166, 28.3929766], [84.6426844, 28.392382], [84.6425021, 28.3919384], [84.6424055, 28.3917119], [84.6423197, 28.3915986], [84.6422875, 28.3911927], [84.6422338, 28.3909473], [84.6422231, 28.3907208], [84.6422231, 28.390381], [84.6422124, 28.3901262], [84.6422124, 28.3899186], [84.6421695, 28.3896637], [84.6421802, 28.3893522], [84.6422017, 28.3888897], [84.6423089, 28.3885311], [84.6424591, 28.3882196], [84.6427059, 28.3880497], [84.6429527, 28.3879459], [84.6432209, 28.3877005], [84.6432638, 28.387389], [84.6433389, 28.3870115], [84.6434033, 28.3868227], [84.6434247, 28.3866622], [84.643414, 28.386464], [84.6434247, 28.386162], [84.6434247, 28.3858316], [84.643414, 28.3855579], [84.6434462, 28.3853313], [84.6435642, 28.3851898], [84.6437359, 28.385152], [84.6440685, 28.385067], [84.6442723, 28.3848688], [84.6444011, 28.3846801], [84.644444, 28.3843969], [84.6444654, 28.3841326], [84.6445405, 28.3838305], [84.6447551, 28.3836229], [84.6450233, 28.3835946], [84.6452808, 28.3835379], [84.6454739, 28.3834247], [84.645828, 28.3834058], [84.6461177, 28.3834719], [84.6463966, 28.3835662], [84.6466005, 28.3836795], [84.6471047, 28.3838683], [84.6473837, 28.3839249], [84.647727, 28.3839344], [84.6479845, 28.3839721], [84.6484673, 28.3840382], [84.6487892, 28.3841043], [84.6490788, 28.3842175], [84.649272, 28.3843686], [84.6494758, 28.384463], [84.6497655, 28.3845196], [84.649905, 28.3844913], [84.6503341, 28.3842647], [84.6506989, 28.3841137], [84.6509027, 28.3839627], [84.6513104, 28.3836229], [84.6514928, 28.3833775], [84.6516967, 28.3831132], [84.6520078, 28.3828583], [84.6521795, 28.3827356], [84.6524906, 28.3825657], [84.6527374, 28.3822542], [84.6529734, 28.3817539], [84.6531129, 28.3815274], [84.6533489, 28.3812537], [84.6536064, 28.3809894], [84.6538746, 28.3806495], [84.6540892, 28.3803852], [84.6541536, 28.3801209], [84.6542287, 28.379715], [84.654336, 28.3792147], [84.6545184, 28.3788372], [84.6548402, 28.378403], [84.6550763, 28.3781575], [84.6552157, 28.3778932], [84.6552265, 28.3776478], [84.6552372, 28.3774307], [84.6552157, 28.3772041], [84.655205, 28.3769681], [84.6552372, 28.3767982], [84.6554088, 28.376449], [84.6555805, 28.3762602], [84.6558595, 28.3761374], [84.6562028, 28.3760997], [84.6565139, 28.3760902], [84.6568572, 28.3760997], [84.6570825, 28.3761752], [84.6572971, 28.3763074], [84.6575653, 28.376449], [84.6580052, 28.3765339], [84.6583485, 28.3765528], [84.6590674, 28.376515], [84.6593892, 28.3764395], [84.6597326, 28.3763262], [84.6601939, 28.3760053], [84.6606231, 28.375656], [84.6609235, 28.3754483], [84.6612453, 28.3752595], [84.6614277, 28.375184], [84.6617496, 28.3750802], [84.6618783, 28.3749763], [84.6619534, 28.3747215], [84.6621144, 28.3743911], [84.6623289, 28.3740796], [84.6625328, 28.3738624], [84.6627688, 28.3735509], [84.6629619, 28.3733338], [84.6632838, 28.3731733], [84.6637559, 28.3731072], [84.664067, 28.37306], [84.6644854, 28.3728429], [84.6648824, 28.3726069], [84.6651614, 28.3724087], [84.6654403, 28.3721632], [84.6656656, 28.3718895], [84.6660197, 28.3715591], [84.6663737, 28.3712664], [84.6667063, 28.370936], [84.666996, 28.3707472], [84.6673715, 28.3706245], [84.6679401, 28.3705395], [84.6682727, 28.3704263], [84.6685624, 28.3702186], [84.6688306, 28.3699354], [84.6691847, 28.369671], [84.6696675, 28.3693973], [84.6699679, 28.3693689], [84.6701825, 28.3694161], [84.6703434, 28.3695955], [84.6703756, 28.3697088], [84.6703648, 28.3698598], [84.6702683, 28.3701336], [84.6701181, 28.370379], [84.6698713, 28.3706811], [84.6697426, 28.3708605], [84.6695602, 28.3711909], [84.6693885, 28.3716063], [84.6693456, 28.3718045], [84.6692598, 28.3720877], [84.6691203, 28.3723615], [84.669131, 28.3725503], [84.6692276, 28.372758], [84.6692705, 28.3730034], [84.6691847, 28.3733055], [84.6690023, 28.3735226], [84.6687555, 28.3736548], [84.6684766, 28.3737397], [84.6680689, 28.3737397], [84.6677363, 28.3738247], [84.667511, 28.3739285], [84.667232, 28.3740607], [84.666878, 28.37424], [84.6666419, 28.3744383], [84.666363, 28.374797], [84.6661806, 28.3753728], [84.666084, 28.375741], [84.6659768, 28.3761469], [84.6658802, 28.3765717], [84.6657675, 28.3769634], [84.6657515, 28.3772183], [84.6656066, 28.3775062], [84.665494, 28.3776903], [84.6653438, 28.3778649], [84.6651775, 28.3780348], [84.6649146, 28.3782708], [84.6646732, 28.3785257], [84.6645445, 28.378672], [84.6643352, 28.3788891], [84.6641207, 28.3790165], [84.6636271, 28.3792147], [84.6633589, 28.3792997], [84.6630478, 28.3793469], [84.6627045, 28.3793941], [84.6623933, 28.3795074], [84.6620178, 28.3797622], [84.661814, 28.3800077], [84.6615565, 28.3803286], [84.6612668, 28.3806307], [84.6610308, 28.3809044], [84.6608055, 28.3811687], [84.6606231, 28.3814613], [84.6605372, 28.3817351], [84.6604729, 28.3820654], [84.6604299, 28.382292], [84.6603334, 28.3825185], [84.6601939, 28.382745], [84.6600222, 28.3829244], [84.6597433, 28.3831415], [84.6593463, 28.3834058], [84.6589279, 28.3836229], [84.6585846, 28.3838777], [84.6582734, 28.3840854], [84.6579301, 28.3841987], [84.6576404, 28.3843591], [84.6573937, 28.3845196], [84.6571898, 28.3847839], [84.6569323, 28.3851142], [84.6566856, 28.3853408], [84.6565461, 28.3855012], [84.6562457, 28.3857655], [84.6558809, 28.3860204], [84.6556449, 28.3862186], [84.6553552, 28.386464], [84.6550441, 28.3866811], [84.6547115, 28.3868982], [84.6545505, 28.3870775], [84.6542609, 28.3872852], [84.6539605, 28.3874362], [84.6536171, 28.3876155], [84.6532416, 28.387776], [84.6528232, 28.3880214], [84.6524799, 28.3883234], [84.6522546, 28.3886066], [84.6520185, 28.3888237], [84.6518147, 28.3889653], [84.6516323, 28.3890502], [84.6514499, 28.3891446], [84.6512461, 28.3893145], [84.651128, 28.3894466], [84.6509671, 28.3897015], [84.6509457, 28.3899846], [84.6509349, 28.3903244], [84.6509671, 28.3907303], [84.6510637, 28.3910134], [84.6514392, 28.3913343], [84.6515787, 28.3914948], [84.6516967, 28.3917213], [84.6519005, 28.3919667], [84.6521902, 28.392146], [84.6527052, 28.3923537], [84.6529519, 28.3924103], [84.6534991, 28.3922876], [84.6538854, 28.3920988], [84.654454, 28.3917874], [84.6547222, 28.3915892], [84.6549475, 28.3913532], [84.6553981, 28.391004], [84.6561491, 28.3906453], [84.6564066, 28.3905226], [84.6568143, 28.3904377], [84.657501, 28.3902489], [84.6578443, 28.3902111], [84.6583915, 28.3901451], [84.6586275, 28.3901073], [84.6587455, 28.3899941], [84.6587884, 28.3898808], [84.6586382, 28.3895976], [84.6583593, 28.3892956], [84.6581876, 28.3891823], [84.6579623, 28.3889369], [84.6578336, 28.3888048], [84.6578979, 28.3886538], [84.6580911, 28.3885688], [84.6583485, 28.3885122], [84.6584237, 28.3882951], [84.6585524, 28.3881441], [84.6588421, 28.3880214], [84.6590567, 28.388012], [84.6594, 28.388012], [84.6597111, 28.388012], [84.6601403, 28.3880308], [84.6604299, 28.3879648], [84.6606338, 28.3877477], [84.660666, 28.3876061], [84.6607518, 28.3873135], [84.6607947, 28.387087], [84.6609235, 28.3869454], [84.6610737, 28.3868699], [84.6614277, 28.3868038], [84.6617389, 28.3868416], [84.6619964, 28.3868982], [84.6623397, 28.3870303], [84.6625006, 28.387087], [84.6627152, 28.3871247], [84.6630478, 28.3870398], [84.6631122, 28.386851], [84.6630371, 28.3866056], [84.6630692, 28.3863224], [84.6631551, 28.3860581], [84.6632838, 28.3858222], [84.6634555, 28.3856617], [84.6636164, 28.3855673], [84.6639597, 28.3854069], [84.6643567, 28.3852558], [84.6647966, 28.3851142], [84.6653116, 28.3849443], [84.6655369, 28.3849066], [84.6660948, 28.3848216], [84.6664166, 28.3847933], [84.6666849, 28.3846612], [84.6668351, 28.3844818], [84.6668351, 28.3841892], [84.6667921, 28.3839721], [84.6666741, 28.3837739], [84.6665776, 28.3836418], [84.6665776, 28.3833491], [84.6666312, 28.3830565], [84.6667492, 28.3828394], [84.6668136, 28.3826601], [84.6669423, 28.3823958], [84.6670926, 28.3822353], [84.6674573, 28.3818106], [84.6677363, 28.3814802], [84.6679187, 28.3812159], [84.6680796, 28.3810271], [84.6683049, 28.3808478], [84.6686482, 28.3806684], [84.6689165, 28.3805079], [84.6692705, 28.3803192], [84.6695602, 28.380187], [84.6698177, 28.3800171], [84.6699142, 28.3796395], [84.669925, 28.3795262], [84.6700644, 28.3793469], [84.6702146, 28.3793091], [84.6704721, 28.3793186], [84.6706116, 28.3793941], [84.6706974, 28.3795168], [84.6708262, 28.3796962], [84.6709871, 28.3797434], [84.6713519, 28.3796301], [84.671545, 28.3794413], [84.6717274, 28.3792147], [84.6718883, 28.3790826], [84.672178, 28.3789976], [84.6723926, 28.378856], [84.6726179, 28.3786673], [84.6729612, 28.3785729], [84.6733689, 28.3784596], [84.6738088, 28.3782897], [84.6742594, 28.3781764], [84.6745705, 28.3781386], [84.6748066, 28.3781481], [84.6749353, 28.3782236], [84.675107, 28.3784596], [84.6751499, 28.3787522], [84.6751928, 28.3791487], [84.6751714, 28.3793658], [84.6751392, 28.3797906], [84.6751177, 28.3803286], [84.6750748, 28.380895], [84.6749139, 28.3813952], [84.6748495, 28.3819994], [84.6747959, 28.382443], [84.6746135, 28.382915], [84.6744633, 28.3832076], [84.6743131, 28.3837362], [84.6742809, 28.3839249], [84.6743452, 28.3843402], [84.6743774, 28.3846801], [84.674474, 28.3850199], [84.6747851, 28.3856523], [84.6749139, 28.3861431], [84.6748924, 28.3866339], [84.6747315, 28.3870586], [84.6741843, 28.3877571], [84.6737659, 28.388229], [84.6735299, 28.3886066], [84.6732938, 28.3888048], [84.6729398, 28.3890313]]]}, "properties": {"external_id": "osm:way/341813253", "name": "", "name_ne": "", "area_km2": 4.987}}, {"type": "Feature", "geometry": {"type": "Polygon", "coordinates": [[[84.5067954, 28.5115858], [84.5068252, 28.5115204], [84.5069271, 28.5112611], [84.5070934, 28.5111244], [84.5071685, 28.5110632], [84.5072865, 28.5109453], [84.5074153, 28.5108746], [84.5077372, 28.5106012], [84.507764, 28.5104551], [84.5077693, 28.5101817], [84.5078176, 28.5100308], [84.5079088, 28.509847], [84.5080376, 28.5095971], [84.5082253, 28.5094557], [84.5084023, 28.5093944], [84.508633, 28.509385], [84.5089173, 28.509484], [84.5090836, 28.5095311], [84.5094645, 28.5095217], [84.5095611, 28.5094652], [84.5098132, 28.5093284], [84.5099956, 28.5093143], [84.5101136, 28.5093662], [84.5103925, 28.5094652], [84.5104837, 28.5095783], [84.5104569, 28.5097527], [84.5103872, 28.5098753], [84.5104784, 28.5100921], [84.5105481, 28.5102854], [84.5106983, 28.5104598], [84.5109612, 28.5106342], [84.511342, 28.5107992], [84.5114601, 28.5109123], [84.5117336, 28.5111009], [84.5117283, 28.5112423], [84.5116693, 28.511544], [84.5115137, 28.5117844], [84.5114762, 28.5120106], [84.5114064, 28.5121615], [84.5113689, 28.5122463], [84.511326, 28.5123595], [84.5113099, 28.5124962], [84.5113099, 28.5126517], [84.511283, 28.5127696], [84.5111275, 28.5129911], [84.5110094, 28.5131042], [84.5107681, 28.5132834], [84.510532, 28.5134436], [84.5103067, 28.5136746], [84.5101994, 28.5138349], [84.5100599, 28.5140281], [84.5098561, 28.5142355], [84.5097381, 28.5143204], [84.5095771, 28.5144476], [84.5094001, 28.5145938], [84.5090729, 28.5147493], [84.5089066, 28.5148483], [84.5088583, 28.5148813], [84.5086652, 28.5149614], [84.5084882, 28.515051], [84.5081824, 28.5151641], [84.5079303, 28.5153998], [84.507882, 28.5154658], [84.5077211, 28.5156449], [84.5075601, 28.5157958], [84.5074421, 28.5158665], [84.5072597, 28.515923], [84.5069969, 28.5160032], [84.506675, 28.5161021], [84.5065409, 28.5161634], [84.5064443, 28.5162388], [84.5062244, 28.5163991], [84.5061439, 28.5164462], [84.505704, 28.5165217], [84.5054948, 28.5165641], [84.5052159, 28.5166301], [84.5048296, 28.5168045], [84.5046848, 28.5168893], [84.5044005, 28.5169977], [84.5042396, 28.5171014], [84.5041162, 28.5172193], [84.5040464, 28.5173701], [84.5040303, 28.5174597], [84.5040035, 28.5176576], [84.5040089, 28.5177896], [84.5039713, 28.5179546], [84.5039123, 28.5180866], [84.503805, 28.5182468], [84.5036977, 28.5183599], [84.5035797, 28.5184778], [84.5034027, 28.5185768], [84.5031559, 28.5186805], [84.5030433, 28.5187323], [84.5028287, 28.5188266], [84.5025068, 28.5189916], [84.5022923, 28.5191518], [84.5021474, 28.5192319], [84.5019543, 28.5193686], [84.501788, 28.5194959], [84.5014661, 28.5197551], [84.5011443, 28.5199767], [84.5009351, 28.5202123], [84.5008814, 28.5203255], [84.5008492, 28.5204433], [84.5008385, 28.5206036], [84.5008814, 28.5206978], [84.5009994, 28.5208204], [84.5011443, 28.5208769], [84.5014822, 28.5207968], [84.5016217, 28.5207544], [84.5017558, 28.5207544], [84.5019489, 28.5207921], [84.5020938, 28.5208816], [84.5021796, 28.5209712], [84.5022333, 28.5210655], [84.5023298, 28.5211456], [84.5024157, 28.5211927], [84.5024693, 28.5212163], [84.5026624, 28.5212493], [84.5027858, 28.5212257], [84.5028555, 28.5211739], [84.5029306, 28.5210843], [84.5029414, 28.5209618], [84.5029306, 28.5208204], [84.5028824, 28.520613], [84.5029521, 28.5203726], [84.5029628, 28.5203019], [84.5030755, 28.5199767], [84.5032042, 28.5197457], [84.5033383, 28.5195619], [84.5034403, 28.5194252], [84.5036119, 28.5193074], [84.5037568, 28.5192225], [84.503966, 28.5190717], [84.5041269, 28.5188643], [84.5042825, 28.5187983], [84.5044059, 28.5186946], [84.5045775, 28.5186899], [84.5047492, 28.5187512], [84.5048404, 28.5188219], [84.504835, 28.5189727], [84.5047814, 28.5191377], [84.5046687, 28.5193026], [84.50454, 28.5196043], [84.5044112, 28.5197269], [84.5042664, 28.5198494], [84.5041698, 28.5199484], [84.5040679, 28.5200662], [84.5040089, 28.5201275], [84.5039123, 28.52025], [84.5038533, 28.5204197], [84.5039231, 28.5205611], [84.5039713, 28.5207261], [84.5040894, 28.5208487], [84.5042127, 28.5209335], [84.5044327, 28.5209194], [84.5044649, 28.5207591], [84.504481, 28.5206413], [84.504481, 28.5205046], [84.5045239, 28.5203537], [84.5047063, 28.5201935], [84.5049959, 28.5201228], [84.5052266, 28.5201416], [84.5054626, 28.5201464], [84.505763, 28.5201464], [84.5060474, 28.5201322], [84.5061976, 28.5200851], [84.5064282, 28.5199908], [84.5065194, 28.5199767], [84.5067072, 28.5199578], [84.5069754, 28.5199625], [84.507072, 28.5200379], [84.5071149, 28.5202076], [84.5070827, 28.5203302], [84.5070291, 28.5204763], [84.5069325, 28.520646], [84.5068681, 28.5208062], [84.5067769, 28.5211079], [84.5067179, 28.5212446], [84.5065516, 28.5214284], [84.5063692, 28.5216169], [84.5061922, 28.5217631], [84.5060849, 28.521862], [84.5060581, 28.522093], [84.5061225, 28.5222438], [84.5061386, 28.5225219], [84.5061171, 28.5226963], [84.5060903, 28.5228565], [84.5060366, 28.5231488], [84.5060044, 28.5232713], [84.505865, 28.523474], [84.5056826, 28.523573], [84.505468, 28.5237049], [84.5052159, 28.5238086], [84.5050925, 28.5238181], [84.5049316, 28.5238181], [84.5047653, 28.5237568], [84.5044917, 28.5237191], [84.5043576, 28.5237238], [84.504084, 28.5237474], [84.5038801, 28.5238086], [84.5037138, 28.5238888], [84.5036119, 28.5239689], [84.5035422, 28.5240113], [84.5033544, 28.5240867], [84.5032632, 28.5240867], [84.5031828, 28.5240632], [84.5031398, 28.5239925], [84.5031559, 28.5239265], [84.5031881, 28.5238699], [84.5032632, 28.5237851], [84.5034027, 28.5236672], [84.5034778, 28.5236012], [84.5034885, 28.5235494], [84.5034349, 28.5234976], [84.5033544, 28.5234834], [84.5032579, 28.523474], [84.5031881, 28.5234881], [84.5030165, 28.52354], [84.5029145, 28.523639], [84.5027697, 28.5237426], [84.5026731, 28.5238746], [84.502539, 28.5240254], [84.502421, 28.5242328], [84.5023352, 28.5243789], [84.5022547, 28.5245628], [84.5021528, 28.5247136], [84.5020401, 28.5248691], [84.5019811, 28.5249634], [84.5018738, 28.5251236], [84.5017934, 28.5252038], [84.5015252, 28.525331], [84.5014232, 28.525364], [84.5011818, 28.5254017], [84.5009673, 28.5254017], [84.5007366, 28.5253687], [84.5002752, 28.5253122], [84.5000017, 28.5253027], [84.4997925, 28.5252839], [84.4994438, 28.5252462], [84.4992399, 28.5252462], [84.4988215, 28.5252462], [84.4986445, 28.5252792], [84.498387, 28.5253169], [84.4979632, 28.5253687], [84.497813, 28.5254064], [84.4977218, 28.5254677], [84.4975769, 28.5255808], [84.4974482, 28.5257316], [84.4972658, 28.5259013], [84.4971049, 28.5260333], [84.4969279, 28.526137], [84.4965738, 28.5262218], [84.4964129, 28.5262878], [84.4962949, 28.5263821], [84.4961822, 28.5265187], [84.4960213, 28.5266837], [84.4959408, 28.5267497], [84.4957852, 28.5268204], [84.4952917, 28.52699], [84.4947338, 28.527122], [84.4943368, 28.5272398], [84.4939399, 28.5273907], [84.49328, 28.5276357], [84.4928992, 28.5276876], [84.4925827, 28.5276876], [84.4922501, 28.5276452], [84.4919121, 28.5275603], [84.4916922, 28.5274755], [84.4915473, 28.5274189], [84.4913328, 28.5273577], [84.4911236, 28.5273105], [84.4909143, 28.527155], [84.4907641, 28.5270607], [84.4904906, 28.5268581], [84.4901687, 28.5267214], [84.4899756, 28.5266507], [84.4897342, 28.5265564], [84.4895518, 28.5264857], [84.4893801, 28.526448], [84.4891924, 28.5263915], [84.4887739, 28.5264198], [84.4884735, 28.5264245], [84.4881087, 28.5263349], [84.4879371, 28.5262689], [84.4854534, 28.5249115], [84.4854426, 28.5247984], [84.485448, 28.5247277], [84.485566, 28.5246523], [84.4857109, 28.5245722], [84.4859147, 28.524558], [84.4862902, 28.5246287], [84.4864136, 28.5246523], [84.4865692, 28.5247324], [84.4866711, 28.5247843], [84.4867998, 28.5247984], [84.4869447, 28.5248738], [84.4870466, 28.5249445], [84.4872612, 28.5250247], [84.4875026, 28.5250482], [84.4876689, 28.5250529], [84.4877654, 28.5249917], [84.4877762, 28.5249257], [84.4877815, 28.5248691], [84.4878513, 28.5247701], [84.4879532, 28.5247089], [84.4880551, 28.5246523], [84.4882053, 28.5245203], [84.4882804, 28.5244873], [84.4884092, 28.5244449], [84.4885701, 28.5243742], [84.4887954, 28.5242941], [84.4889402, 28.5242045], [84.4890046, 28.5241433], [84.4891012, 28.5240113], [84.489246, 28.5239406], [84.4893318, 28.5238982], [84.4894981, 28.5238605], [84.4896215, 28.5238558], [84.4900346, 28.5237662], [84.4901955, 28.5237332], [84.4903779, 28.5237002], [84.4905013, 28.523639], [84.4906783, 28.5235447], [84.4908339, 28.5234033], [84.4911182, 28.5232053], [84.4912147, 28.5230686], [84.4912952, 28.522932], [84.491424, 28.5227199], [84.4915259, 28.5225219], [84.491778, 28.5221731], [84.4918531, 28.5219422], [84.491955, 28.5216829], [84.4920194, 28.5214425], [84.4920999, 28.521221], [84.4921213, 28.5211032], [84.4922233, 28.5208204], [84.492293, 28.520646], [84.4922876, 28.520547], [84.4922715, 28.5203632], [84.4922072, 28.5202123], [84.4921428, 28.5200851], [84.4920623, 28.5199767], [84.4919497, 28.519906], [84.4918424, 28.5198023], [84.4917351, 28.5197174], [84.4916922, 28.5196373], [84.4916975, 28.519543], [84.4917297, 28.519444], [84.4918317, 28.5193309], [84.4919658, 28.5191801], [84.4920677, 28.5190953], [84.4921696, 28.5189114], [84.4921589, 28.518704], [84.4921535, 28.5185155], [84.4921696, 28.5183599], [84.4921911, 28.5182468], [84.492234, 28.5181148], [84.4922662, 28.5179499], [84.4922662, 28.5177896], [84.4922876, 28.5176199], [84.4923037, 28.5174691], [84.4923574, 28.5173701], [84.4924861, 28.5172617], [84.4928563, 28.5171061], [84.4929743, 28.5170213], [84.4931835, 28.5168469], [84.4934946, 28.5166678], [84.4935751, 28.5164934], [84.4934946, 28.5163378], [84.4933176, 28.5162718], [84.4931889, 28.5162011], [84.4931835, 28.5160927], [84.4932264, 28.516022], [84.4933283, 28.5159843], [84.4936234, 28.5159325], [84.4938379, 28.515923], [84.4939291, 28.5159136], [84.4940954, 28.5158806], [84.4942939, 28.5158523], [84.4944119, 28.5158335], [84.4946051, 28.5158288], [84.4947606, 28.5158712], [84.4951093, 28.5159372], [84.4952005, 28.5159607], [84.4954848, 28.5159843], [84.4957048, 28.516055], [84.4960749, 28.5160833], [84.4961822, 28.5161163], [84.4963968, 28.5162153], [84.4966114, 28.5163331], [84.4966918, 28.516418], [84.4967884, 28.5164934], [84.4969118, 28.5165405], [84.4970673, 28.5165924], [84.4972765, 28.5165688], [84.4974804, 28.5165169], [84.4976252, 28.5164321], [84.4977003, 28.5163802], [84.4977754, 28.5163378], [84.4978881, 28.5162436], [84.497931, 28.5162153], [84.498049, 28.5160927], [84.4982958, 28.5159277], [84.4987196, 28.5156214], [84.4988269, 28.5154752], [84.4989824, 28.5153385], [84.499256, 28.5152537], [84.4997173, 28.515216], [84.4999158, 28.5152254], [84.5002162, 28.5152631], [84.5004737, 28.5152914], [84.5008707, 28.5152914], [84.5010209, 28.515282], [84.5011926, 28.5152725], [84.5013159, 28.5152254], [84.5014608, 28.5151641], [84.5014769, 28.5150369], [84.5014071, 28.5148672], [84.5013267, 28.5147305], [84.5012623, 28.5146692], [84.5012355, 28.5145608], [84.501214, 28.5145019], [84.5012167, 28.5144689], [84.5012462, 28.5144382], [84.5013294, 28.5143864], [84.5013776, 28.5143557], [84.5013991, 28.5143251], [84.5013803, 28.5142827], [84.5013106, 28.5142379], [84.5011577, 28.5141884], [84.501096, 28.5141766], [84.5010182, 28.5141342], [84.5008761, 28.5140658], [84.5007393, 28.5139692], [84.5006239, 28.5139103], [84.5004362, 28.5138631], [84.5002404, 28.5137877], [84.5001438, 28.5137264], [84.5000768, 28.5136887], [84.4999588, 28.5136581], [84.4996986, 28.5136015], [84.4995135, 28.5135615], [84.4993687, 28.5135073], [84.4991434, 28.5134531], [84.4990656, 28.5134177], [84.4990012, 28.5133635], [84.4989207, 28.5133211], [84.4987652, 28.5132928], [84.4986445, 28.5133116], [84.4985479, 28.5133258], [84.498328, 28.5133588], [84.4982448, 28.5133493], [84.4981939, 28.5133376], [84.4981053, 28.5132621], [84.4980705, 28.5132009], [84.4980463, 28.5131207], [84.4980544, 28.5129887], [84.4980544, 28.5129369], [84.4980249, 28.5128379], [84.497982, 28.5127813], [84.4978452, 28.5126588], [84.4976655, 28.5125056], [84.497475, 28.512383], [84.497416, 28.5123406], [84.4972819, 28.5121803], [84.4971237, 28.5120648], [84.4969815, 28.5119164], [84.4968581, 28.5118174], [84.4968152, 28.5117773], [84.4967455, 28.5116807], [84.496724, 28.5115982], [84.4967186, 28.5114921], [84.4967723, 28.511346], [84.4968367, 28.5112894], [84.4970003, 28.5112281], [84.4970781, 28.5112234], [84.4972175, 28.5112234], [84.4974428, 28.5112446], [84.4975877, 28.5112918], [84.4976923, 28.5113366], [84.4978505, 28.5114073], [84.4979256, 28.5114638], [84.497982, 28.5115652], [84.498049, 28.5116618], [84.4981563, 28.5117797], [84.4981992, 28.5118339], [84.498277, 28.5119376], [84.4984299, 28.5120036], [84.4985023, 28.5120366], [84.498564, 28.5120436], [84.4986445, 28.5120413], [84.4987705, 28.5120507], [84.4989127, 28.512079], [84.4990012, 28.5120908], [84.4990844, 28.512145], [84.4992533, 28.5122039], [84.4993445, 28.5122393], [84.4995376, 28.5122887], [84.4996369, 28.5123382], [84.4997254, 28.5124278], [84.4997629, 28.5124726], [84.4998059, 28.5125527], [84.4998166, 28.5126258], [84.4998246, 28.5127366], [84.4998434, 28.5127625], [84.4999212, 28.5128002], [84.4999695, 28.5128049], [84.5000553, 28.5127601], [84.5000821, 28.5126871], [84.5000982, 28.5125951], [84.5001009, 28.5125292], [84.5001572, 28.5124278], [84.5002216, 28.5123877], [84.5003048, 28.5123288], [84.5004255, 28.5123076], [84.5005488, 28.5122958], [84.5007285, 28.512284], [84.5008895, 28.5122935], [84.5009834, 28.5123123], [84.5012248, 28.5123547], [84.5014715, 28.5124443], [84.5015842, 28.5124962], [84.5017987, 28.512581], [84.5020187, 28.5126706], [84.5021448, 28.5127366], [84.5024076, 28.5128285], [84.5026839, 28.5128615], [84.5029172, 28.5128945], [84.5031425, 28.5129039], [84.5034134, 28.5129298], [84.5036066, 28.5129251], [84.5037997, 28.5129015], [84.5039606, 28.5128403], [84.5040625, 28.5128073], [84.5042503, 28.5127884], [84.5045185, 28.512812], [84.504599, 28.5127861], [84.5047384, 28.5127271], [84.5048189, 28.5127012], [84.5048618, 28.5125928], [84.5048591, 28.5125221], [84.5048457, 28.5124254], [84.5048538, 28.51235], [84.5048833, 28.5122793], [84.5049155, 28.512211], [84.5049906, 28.5121285], [84.5050979, 28.5120696], [84.5052159, 28.5119989], [84.5053849, 28.5119776], [84.50546, 28.5119281], [84.5055485, 28.5118645], [84.5056692, 28.5117278], [84.5058274, 28.5115982], [84.5059535, 28.5115463], [84.5060822, 28.5115393], [84.5062539, 28.5115723], [84.5063665, 28.5116029], [84.5065436, 28.5116335], [84.5066723, 28.5116265], [84.5067954, 28.5115858]]]}, "properties": {"external_id": "osm:way/342284032", "name": "", "name_ne": "", "area_km2": 2.024}}, {"type": "Feature", "geometry": {"type": "Polygon", "coordinates": [[[84.5796633, 28.6968085], [84.5798993, 28.6969168], [84.5801568, 28.697025], [84.5804679, 28.697185], [84.5809561, 28.6973356], [84.581278, 28.6974673], [84.5815891, 28.6975802], [84.5819056, 28.697712], [84.5822596, 28.6978626], [84.582501, 28.6979473], [84.5828605, 28.6980696], [84.5832789, 28.6981778], [84.5836919, 28.6983378], [84.584325, 28.6984978], [84.5846146, 28.6986013], [84.5850223, 28.698719], [84.5855749, 28.6988272], [84.5861328, 28.6988978], [84.5864975, 28.699006], [84.5867389, 28.6991095], [84.5870393, 28.6992554], [84.5872968, 28.6993918], [84.5875972, 28.6994436], [84.5878333, 28.6995142], [84.5882088, 28.6995471], [84.5883858, 28.6995612], [84.5887506, 28.699613], [84.5890349, 28.699773], [84.5893568, 28.6999236], [84.5897752, 28.7000882], [84.5901024, 28.7002294], [84.5907944, 28.7004506], [84.5910519, 28.7005588], [84.5915025, 28.7006199], [84.5917922, 28.7006199], [84.5920926, 28.7006247], [84.5923877, 28.7006199], [84.5927846, 28.7006341], [84.5929778, 28.7006011], [84.5934981, 28.7004694], [84.594056, 28.7003235], [84.594453, 28.7002247], [84.5949733, 28.7001071], [84.5954937, 28.7000553], [84.5962071, 28.6999753], [84.5965558, 28.6999659], [84.5970547, 28.6999424], [84.5976716, 28.6999094], [84.598251, 28.699853], [84.5991361, 28.6997589], [84.5998871, 28.6997212], [84.6005845, 28.69974], [84.6012658, 28.699773], [84.6016359, 28.6997918], [84.602505, 28.6998389], [84.6034276, 28.6999141], [84.6041733, 28.699933], [84.6047741, 28.6999706], [84.6052355, 28.6999659], [84.6059811, 28.6999659], [84.6062869, 28.6999659], [84.6069306, 28.6999659], [84.6073437, 28.7000177], [84.6079016, 28.7000365], [84.6087116, 28.7001635], [84.6093124, 28.7002718], [84.6099079, 28.7003894], [84.6104497, 28.7004035], [84.6109378, 28.7003894], [84.6116513, 28.7003894], [84.6121609, 28.7004788], [84.6127027, 28.7005494], [84.6135449, 28.7005635], [84.6144569, 28.7005258], [84.6149611, 28.7004882], [84.6158731, 28.7003141], [84.616313, 28.7001871], [84.6167207, 28.7001165], [84.6171445, 28.7000177], [84.6173966, 28.6999565], [84.6182173, 28.6997636], [84.6185392, 28.6996506], [84.6188825, 28.6994577], [84.6191025, 28.6993307], [84.619478, 28.699166], [84.6198696, 28.6989825], [84.620508, 28.6985449], [84.62098, 28.6982155], [84.6214896, 28.6978626], [84.6219349, 28.6974156], [84.6226215, 28.6969826], [84.6226913, 28.6969168], [84.6228468, 28.6968415], [84.6230721, 28.696705], [84.6235174, 28.6966203], [84.6236998, 28.6966391], [84.6238929, 28.6966956], [84.6240431, 28.6968132], [84.624263, 28.6970156], [84.6244562, 28.6971991], [84.6247029, 28.6973967], [84.6248478, 28.6975473], [84.6250248, 28.6976885], [84.6251696, 28.6978626], [84.6252716, 28.6980555], [84.6252769, 28.6981731], [84.6252394, 28.6983049], [84.6251696, 28.6983943], [84.6250355, 28.6985213], [84.6248147, 28.69865], [84.6246761, 28.6988225], [84.6245795, 28.6989354], [84.624483, 28.6990389], [84.6244186, 28.6991989], [84.6241987, 28.6995142], [84.6241021, 28.6996836], [84.6238875, 28.6998765], [84.6235281, 28.7000977], [84.6233457, 28.7002106], [84.6229595, 28.7004553], [84.6225464, 28.7007846], [84.6222782, 28.700987], [84.6220529, 28.7012081], [84.6219349, 28.7013022], [84.6216023, 28.7015751], [84.6212912, 28.7017963], [84.6208245, 28.7020551], [84.6204865, 28.7022245], [84.6200681, 28.7024268], [84.6198159, 28.7025068], [84.6190113, 28.7027703], [84.618684, 28.7028832], [84.6184856, 28.7029726], [84.6181637, 28.7031467], [84.6179062, 28.7033302], [84.6176648, 28.7034996], [84.6173483, 28.7036737], [84.6171176, 28.7037866], [84.6167314, 28.7038948], [84.6164578, 28.7039231], [84.6160126, 28.703956], [84.6156478, 28.7039795], [84.6151596, 28.7040642], [84.6149343, 28.7041489], [84.6144998, 28.7043089], [84.6141136, 28.7044453], [84.6138829, 28.7045112], [84.6135288, 28.7045865], [84.6131909, 28.7046571], [84.6126223, 28.7047418], [84.6122682, 28.7048359], [84.6118015, 28.7050241], [84.6114206, 28.7050852], [84.6111149, 28.7051276], [84.6106481, 28.7051652], [84.610396, 28.7051558], [84.6100259, 28.7051323], [84.6096396, 28.7050993], [84.6090281, 28.7050241], [84.6079767, 28.7049111], [84.6069789, 28.7049064], [84.6065551, 28.7048923], [84.6059865, 28.7048876], [84.605552, 28.7048876], [84.6051496, 28.704897], [84.6044683, 28.7049535], [84.6040767, 28.7050241], [84.6036529, 28.7051511], [84.6031541, 28.7053864], [84.6029448, 28.7054805], [84.6024781, 28.7055746], [84.6020651, 28.7056404], [84.6015555, 28.7056404], [84.6009815, 28.7055793], [84.6004182, 28.7055746], [84.5999676, 28.705584], [84.5993829, 28.7055934], [84.5989966, 28.7056357], [84.5987499, 28.7056687], [84.5985675, 28.7057251], [84.5982993, 28.7058475], [84.5978916, 28.7059557], [84.5975268, 28.7059792], [84.5972639, 28.7059933], [84.5970386, 28.7059839], [84.5966846, 28.7059698], [84.5962232, 28.7059933], [84.5959175, 28.7060121], [84.5955634, 28.7060216], [84.594748, 28.7060498], [84.5935196, 28.7062662], [84.5931494, 28.7063274], [84.5928973, 28.7063415], [84.592216, 28.706318], [84.5917815, 28.7063274], [84.5913845, 28.7063462], [84.5909285, 28.7063744], [84.5907193, 28.7063744], [84.5903975, 28.7063744], [84.5900541, 28.7063791], [84.5897806, 28.7063791], [84.5895606, 28.7063744], [84.5892334, 28.7063368], [84.5889652, 28.7063227], [84.588713, 28.706318], [84.5885146, 28.7063462], [84.5881873, 28.7063556], [84.5879513, 28.706318], [84.5876241, 28.7062333], [84.5874685, 28.7061157], [84.5870715, 28.7059886], [84.5864922, 28.7057345], [84.5862025, 28.7056922], [84.5858484, 28.7055557], [84.5856875, 28.7054711], [84.5855266, 28.705344], [84.5852691, 28.7051699], [84.5849043, 28.7049723], [84.5847166, 28.7048876], [84.584341, 28.704737], [84.5840728, 28.7046524], [84.5835149, 28.7045018], [84.5832092, 28.7044453], [84.5827907, 28.7043842], [84.5824742, 28.7043371], [84.58197, 28.7042806], [84.581573, 28.7041301], [84.5810956, 28.7039795], [84.5809239, 28.7038619], [84.5806503, 28.7037348], [84.5801622, 28.7034055], [84.5798725, 28.7032408], [84.5792931, 28.7029208], [84.5788747, 28.7027703], [84.5780325, 28.7024597], [84.5772171, 28.7023562], [84.5761818, 28.7020362], [84.5752913, 28.7018433], [84.5749855, 28.7017257], [84.5743847, 28.701514], [84.5730972, 28.7012222], [84.5721531, 28.7010623], [84.5714235, 28.7009587], [84.5706403, 28.7007799], [84.5693421, 28.7005635], [84.5684087, 28.7003659], [84.5671856, 28.7001588], [84.5660055, 28.6999047], [84.5649326, 28.6996789], [84.5642674, 28.6996318], [84.563849, 28.6995377], [84.5632481, 28.6993589], [84.5628941, 28.6993213], [84.5624435, 28.6992083], [84.56195, 28.6991613], [84.5614028, 28.6991331], [84.5611668, 28.6991331], [84.5608771, 28.6991613], [84.5604908, 28.6991613], [84.5596325, 28.6991236], [84.5590961, 28.6990013], [84.5586991, 28.6988978], [84.5581519, 28.6988413], [84.5579266, 28.6988319], [84.5577121, 28.6988507], [84.5574224, 28.698926], [84.5571542, 28.6990107], [84.5566928, 28.6991707], [84.5564139, 28.6993213], [84.555974, 28.6995565], [84.5557701, 28.6996789], [84.5553839, 28.6998671], [84.555062, 28.7001494], [84.5546222, 28.7004882], [84.5545256, 28.7006952], [84.5543754, 28.7010246], [84.5541394, 28.7013446], [84.5538282, 28.7017492], [84.5535922, 28.7019939], [84.5532596, 28.7022103], [84.5528197, 28.7024833], [84.5524228, 28.7027279], [84.5519292, 28.7030197], [84.5516288, 28.7031608], [84.5511889, 28.703349], [84.550792, 28.7034337], [84.5504165, 28.7035843], [84.5499229, 28.7038007], [84.5492041, 28.704083], [84.54826, 28.7043748], [84.5475197, 28.7046571], [84.5462859, 28.7049676], [84.5454812, 28.7050711], [84.5444727, 28.7052499], [84.5434856, 28.7055793], [84.5428634, 28.7057204], [84.542048, 28.7058522], [84.5409322, 28.7059839], [84.5401275, 28.706078], [84.5396232, 28.7061721], [84.5389795, 28.7062945], [84.5382178, 28.7063886], [84.5373917, 28.7065485], [84.5365226, 28.7066709], [84.5361471, 28.7067461], [84.5354712, 28.7069438], [84.5344198, 28.7072355], [84.5337653, 28.7074613], [84.5330143, 28.707546], [84.5325208, 28.7075742], [84.5314264, 28.7076777], [84.5309651, 28.707706], [84.5300746, 28.7077154], [84.5296776, 28.7077248], [84.5288944, 28.7076872], [84.5283794, 28.7076683], [84.527961, 28.7076495], [84.5273387, 28.7076401], [84.5270061, 28.7076119], [84.5263839, 28.7074425], [84.526062, 28.7073202], [84.5257401, 28.707179], [84.5253432, 28.7071037], [84.5249784, 28.7071037], [84.524399, 28.7072731], [84.524045, 28.7074331], [84.5237768, 28.7076307], [84.5236158, 28.7081106], [84.5233905, 28.7084211], [84.5231974, 28.7086846], [84.5228541, 28.7089951], [84.5223176, 28.7092963], [84.5218885, 28.7095597], [84.5213842, 28.7098609], [84.5207941, 28.7101996], [84.5202684, 28.7103313], [84.51985, 28.7103219], [84.5194101, 28.7102655], [84.5188308, 28.7101055], [84.5184338, 28.7099361], [84.5177901, 28.7096727], [84.5175755, 28.7094374], [84.5173609, 28.7092868], [84.5168674, 28.7092398], [84.5165992, 28.7091833], [84.5162558, 28.7090516], [84.5160413, 28.7088822], [84.5158052, 28.7087223], [84.5156228, 28.7086187], [84.5153868, 28.70844], [84.51514, 28.7082988], [84.5148718, 28.7082894], [84.5145714, 28.7083647], [84.514389, 28.7085246], [84.5143247, 28.7086376], [84.5143032, 28.7089387], [84.5141423, 28.7091739], [84.5138633, 28.7094186], [84.5136487, 28.7095786], [84.5132625, 28.7097573], [84.5128548, 28.7098985], [84.5125544, 28.7098703], [84.5121038, 28.7098044], [84.5115459, 28.7096727], [84.5112777, 28.7095974], [84.5108807, 28.7094845], [84.5106125, 28.7094468], [84.5104301, 28.7094939], [84.5103013, 28.7097197], [84.5101082, 28.7100396], [84.5097971, 28.7103596], [84.5095825, 28.7105478], [84.5094216, 28.7107077], [84.5092606, 28.7108489], [84.5091748, 28.7110935], [84.5091641, 28.7114417], [84.5093036, 28.7116864], [84.5094538, 28.7120721], [84.5096362, 28.7122792], [84.5098185, 28.7123356], [84.510119, 28.7122698], [84.5102584, 28.7119969], [84.5103979, 28.7117146], [84.5105266, 28.711564], [84.5107734, 28.7115264], [84.511106, 28.7115923], [84.511224, 28.7116675], [84.5114815, 28.7118181], [84.5116854, 28.7118934], [84.5118678, 28.7121286], [84.5120609, 28.7123733], [84.5122862, 28.7124956], [84.5125329, 28.7126555], [84.5127368, 28.7128531], [84.5127046, 28.7130508], [84.51249, 28.713333], [84.5118892, 28.7136341], [84.5108485, 28.7140105], [84.510237, 28.7142646], [84.5096576, 28.714641], [84.509089, 28.7150926], [84.508574, 28.7156572], [84.5082092, 28.7161559], [84.5077908, 28.7166922], [84.5075762, 28.7176519], [84.5073938, 28.7184705], [84.5072973, 28.7194208], [84.5072758, 28.7199195], [84.507308, 28.7207757], [84.5073938, 28.7215755], [84.5073938, 28.72214], [84.5073187, 28.7229398], [84.5069647, 28.7236924], [84.5066857, 28.7242381], [84.506396, 28.7246427], [84.5061386, 28.7250849], [84.5055163, 28.7260258], [84.5048082, 28.7267784], [84.503113, 28.7282461], [84.5021367, 28.7292152], [84.5016861, 28.7297044], [84.5011818, 28.7303441], [84.5005274, 28.7310309], [84.5001626, 28.7314166], [84.4993794, 28.7322351], [84.4990468, 28.7325832], [84.4984352, 28.7330912], [84.4980597, 28.7332982], [84.4973302, 28.733571], [84.4964826, 28.7337874], [84.4957316, 28.7338439], [84.4949698, 28.7337968], [84.4940042, 28.7335052], [84.4935107, 28.7331947], [84.4930172, 28.7328749], [84.4925237, 28.732348], [84.4923305, 28.7318964], [84.4919121, 28.7308804], [84.4916117, 28.7303253], [84.4913649, 28.7298831], [84.49085, 28.7286601], [84.4902491, 28.7277569], [84.4896591, 28.7268537], [84.4880605, 28.7253389], [84.4870841, 28.7245486], [84.4868052, 28.7241817], [84.4866013, 28.7236454], [84.4864297, 28.7229868], [84.4862902, 28.7222623], [84.4861293, 28.7215567], [84.4861293, 28.720804], [84.4863438, 28.7200324], [84.4865477, 28.7193738], [84.4868481, 28.7189316], [84.48717, 28.7184329], [84.4884896, 28.7177178], [84.4892084, 28.7173791], [84.4895625, 28.717285], [84.4898629, 28.7172944], [84.4900775, 28.7173603], [84.4905603, 28.7175296], [84.4910109, 28.7176613], [84.491601, 28.7176613], [84.4919872, 28.7174826], [84.4922769, 28.717285], [84.4924593, 28.7168051], [84.492352, 28.7164193], [84.4923413, 28.7159206], [84.4923413, 28.7156384], [84.4924164, 28.7150456], [84.4925558, 28.7144622], [84.4926846, 28.7139541], [84.4927597, 28.7134083], [84.4928133, 28.7127402], [84.4927919, 28.7121286], [84.4927382, 28.711724], [84.4926846, 28.7113758], [84.4927168, 28.7108018], [84.4928884, 28.7103125], [84.4930923, 28.7097762], [84.4934678, 28.7091551], [84.4941974, 28.7081106], [84.4945729, 28.7075836], [84.4951737, 28.7067555], [84.4954955, 28.7063886], [84.4960213, 28.7057487], [84.4965255, 28.705184], [84.4971049, 28.7044971], [84.497652, 28.703876], [84.4982099, 28.7032267], [84.4988215, 28.7026244], [84.4993687, 28.702041], [84.4996798, 28.7016928], [84.5002055, 28.7010623], [84.500581, 28.7006294], [84.500978, 28.7004129], [84.501847, 28.7002623], [84.5026731, 28.70014], [84.5029521, 28.70014], [84.504025, 28.7002529], [84.5047223, 28.7004035], [84.5053875, 28.7004976], [84.5059132, 28.7004694], [84.5068359, 28.7001682], [84.5073402, 28.6999988], [84.5075333, 28.6999236], [84.5084774, 28.6996883], [84.5089817, 28.6996412], [84.5101619, 28.6995283], [84.5106876, 28.6995283], [84.5116103, 28.6995283], [84.5123935, 28.6995848], [84.5129192, 28.6996318], [84.5137775, 28.6996506], [84.5142066, 28.6997071], [84.5146894, 28.6997824], [84.5153761, 28.6998577], [84.5162773, 28.6998765], [84.5172751, 28.6998483], [84.5180905, 28.6997636], [84.5190024, 28.6996224], [84.5198178, 28.6993777], [84.520365, 28.6992177], [84.5208692, 28.6990578], [84.5216095, 28.6988131], [84.5225215, 28.6984837], [84.5229936, 28.6982673], [84.5235729, 28.6981731], [84.5240772, 28.6981637], [84.5246673, 28.6981543], [84.5253968, 28.6981731], [84.5260298, 28.6981826], [84.526695, 28.6981826], [84.5271778, 28.6982202], [84.5276821, 28.6983425], [84.527961, 28.6985966], [84.5279074, 28.6988507], [84.5278323, 28.6990578], [84.527725, 28.6994248], [84.5277035, 28.6996977], [84.5277893, 28.6999236], [84.5280039, 28.7001965], [84.5282829, 28.7003659], [84.5288086, 28.7005164], [84.5293021, 28.700667], [84.5300424, 28.7007799], [84.5312548, 28.7009399], [84.531641, 28.7010717], [84.5324564, 28.7012222], [84.5329499, 28.7012316], [84.5336473, 28.7011375], [84.5345592, 28.7009117], [84.5351601, 28.700874], [84.5357394, 28.7008646], [84.5363295, 28.700874], [84.536941, 28.7009493], [84.5379066, 28.7009681], [84.5384967, 28.7009023], [84.5390332, 28.7008458], [84.5395481, 28.7007988], [84.5404494, 28.7007046], [84.5409214, 28.7007517], [84.5415652, 28.7008364], [84.5423484, 28.7009211], [84.544065, 28.7007517], [84.5446765, 28.70062], [84.5455992, 28.7002812], [84.5462644, 28.6999236], [84.5466077, 28.6996977], [84.5469832, 28.6994907], [84.5474553, 28.6992272], [84.5477986, 28.6990578], [84.5487213, 28.6987284], [84.5495689, 28.6984649], [84.550674, 28.6978343], [84.5512962, 28.6974014], [84.5519721, 28.6969215], [84.5528841, 28.6965639], [84.5537639, 28.6961592], [84.5547724, 28.6957922], [84.5553303, 28.6955851], [84.5561457, 28.6952275], [84.5567465, 28.6949169], [84.5577764, 28.6943334], [84.5582271, 28.6941452], [84.5592248, 28.6938158], [84.5600724, 28.6935805], [84.5608449, 28.6934017], [84.5614457, 28.6933358], [84.56195, 28.6933076], [84.5625186, 28.6932229], [84.5633447, 28.6931382], [84.5640314, 28.6931476], [84.5646107, 28.6931758], [84.5652866, 28.6932699], [84.5662308, 28.6934958], [84.5667565, 28.6936182], [84.5669389, 28.6936464], [84.5674539, 28.6937029], [84.5683336, 28.6937499], [84.5686984, 28.6938064], [84.5698249, 28.6939005], [84.5702112, 28.6940417], [84.5708012, 28.6942958], [84.5711982, 28.6944181], [84.5720458, 28.6947757], [84.5723998, 28.6949169], [84.5729256, 28.6950581], [84.5732689, 28.6951428], [84.5736122, 28.6951898], [84.5740843, 28.6952181], [84.5749104, 28.695331], [84.5754254, 28.6954722], [84.5759296, 28.695651], [84.5763266, 28.6958016], [84.5765734, 28.6959145], [84.5770991, 28.6960933], [84.5775497, 28.6961404], [84.5784938, 28.6964415], [84.5788586, 28.696545], [84.5791697, 28.6966109], [84.5796633, 28.6968085]]]}, "properties": {"external_id": "osm:way/352887130", "name": "Fukang Glacier", "name_ne": "", "area_km2": 13.297}}, {"type": "Feature", "geometry": {"type": "Polygon", "coordinates": [[[84.6040285, 28.4275337], [84.6040606, 28.4279206], [84.6047366, 28.4285716], [84.6053696, 28.428949], [84.6060133, 28.4293264], [84.6066463, 28.4297227], [84.6072149, 28.4301661], [84.6081269, 28.4308737], [84.6089101, 28.4314398], [84.6097147, 28.4320531], [84.6103477, 28.4323927], [84.6108413, 28.4327701], [84.6113241, 28.433072], [84.6118069, 28.4334117], [84.6122575, 28.4337419], [84.6126974, 28.4341193], [84.6132338, 28.4344872], [84.6134913, 28.4347231], [84.6137488, 28.4350061], [84.6139204, 28.4352892], [84.6140385, 28.4358175], [84.6139312, 28.4365251], [84.613781, 28.4370723], [84.6137702, 28.4378176], [84.6138239, 28.4383081], [84.6141672, 28.4390534], [84.6144247, 28.4396289], [84.6144569, 28.4400629], [84.6144354, 28.4405063], [84.6143389, 28.4409402], [84.613899, 28.4419025], [84.6134484, 28.4427138], [84.6132338, 28.4432044], [84.6129334, 28.4437704], [84.6128154, 28.4442515], [84.6127725, 28.4447043], [84.6127617, 28.4451194], [84.6124506, 28.4458175], [84.6120214, 28.4464118], [84.6117639, 28.4468835], [84.6114743, 28.4473834], [84.6112597, 28.4476476], [84.6109486, 28.4478834], [84.6101439, 28.4479589], [84.6094143, 28.4480815], [84.6088779, 28.4480909], [84.6083844, 28.4480249], [84.6078265, 28.44794], [84.6071827, 28.4477891], [84.6064317, 28.4476476], [84.6051872, 28.4478362], [84.6045542, 28.4481475], [84.6040714, 28.448506], [84.6035027, 28.4487701], [84.6030307, 28.4490154], [84.6026122, 28.4492512], [84.6019256, 28.4496663], [84.601196, 28.4499682], [84.6007454, 28.4500908], [84.5998227, 28.4501757], [84.5993507, 28.4501851], [84.598825, 28.4501191], [84.5983529, 28.449921], [84.5978165, 28.4496757], [84.5972693, 28.4492701], [84.5967543, 28.4488079], [84.5965183, 28.4484305], [84.596411, 28.4479966], [84.5963895, 28.447591], [84.5963573, 28.4471665], [84.5962286, 28.4469306], [84.5959496, 28.4466476], [84.5956063, 28.4464118], [84.5951664, 28.4461571], [84.5947802, 28.4458269], [84.5944154, 28.4455817], [84.5940614, 28.4452892], [84.5937288, 28.4450722], [84.5934176, 28.4448458], [84.5931172, 28.4444402], [84.5929134, 28.4441006], [84.5926988, 28.4437327], [84.592452, 28.4432987], [84.5922804, 28.4429214], [84.592216, 28.4424591], [84.5922589, 28.4420346], [84.5923448, 28.4416761], [84.5924628, 28.4412799], [84.5927632, 28.4407516], [84.593085, 28.4404497], [84.593364, 28.4402516], [84.5935357, 28.4401478], [84.5936644, 28.4399308], [84.5935893, 28.4397421], [84.5933103, 28.4396289], [84.5930421, 28.4394874], [84.5929348, 28.4392233], [84.5929348, 28.4387798], [84.5929134, 28.4384968], [84.5927954, 28.4380912], [84.5926559, 28.4378081], [84.5925164, 28.4374402], [84.592495, 28.4370628], [84.5924842, 28.4366854], [84.5925486, 28.4362986], [84.5925486, 28.4356288], [84.5926344, 28.4351193], [84.5926452, 28.4347042], [84.5925701, 28.4342042], [84.5922375, 28.4336004], [84.5921516, 28.4333834], [84.5920658, 28.4330626], [84.5920336, 28.4328645], [84.5920658, 28.4326569], [84.5922804, 28.4324022], [84.5925701, 28.4322984], [84.5930207, 28.4320248], [84.5934498, 28.4318738], [84.5936859, 28.4316568], [84.5939112, 28.4314304], [84.5940936, 28.4309775], [84.5940936, 28.4305435], [84.5939112, 28.4301567], [84.5937395, 28.4298925], [84.5934713, 28.4295151], [84.5932567, 28.4291566], [84.5932031, 28.4289962], [84.5931816, 28.4285716], [84.5930529, 28.4281848], [84.592967, 28.4279206], [84.592613, 28.4275526], [84.5947748, 28.4263496], [84.5965826, 28.4239813], [84.5969367, 28.4240616], [84.5973229, 28.4241087], [84.5975912, 28.4240804], [84.6015823, 28.4254486], [84.6040285, 28.4275337]]]}, "properties": {"external_id": "osm:way/353713165", "name": "", "name_ne": "", "area_km2": 4.481}}, {"type": "Feature", "geometry": {"type": "Polygon", "coordinates": [[[84.5852744, 28.4347325], [84.5859074, 28.4349684], [84.5864546, 28.4352892], [84.5866585, 28.4355439], [84.5869696, 28.4360345], [84.58727, 28.4365251], [84.5874739, 28.4368364], [84.5878708, 28.4372609], [84.5882249, 28.437544], [84.5886433, 28.4378364], [84.589287, 28.4382044], [84.5898986, 28.4384874], [84.5900917, 28.4386761], [84.5902419, 28.4391761], [84.5902097, 28.4396006], [84.5901346, 28.4400723], [84.5900273, 28.4406761], [84.5900381, 28.4410157], [84.5900273, 28.4412893], [84.5899844, 28.4416855], [84.5898235, 28.4419591], [84.589287, 28.442044], [84.589051, 28.4419685], [84.5888471, 28.4417233], [84.5887935, 28.4413836], [84.5887399, 28.4409874], [84.5885467, 28.4406572], [84.5883107, 28.4402327], [84.5880639, 28.4398176], [84.5879245, 28.4391195], [84.5878065, 28.4386289], [84.5877206, 28.4382327], [84.587549, 28.4378459], [84.5873558, 28.4376006], [84.5870018, 28.4373364], [84.5867658, 28.43711], [84.5864653, 28.4367798], [84.586283, 28.4365156], [84.5860577, 28.4362515], [84.5858538, 28.436025], [84.5856285, 28.4357043], [84.5854783, 28.4355345], [84.5853281, 28.4354024], [84.5849633, 28.4351665], [84.5847487, 28.4350816], [84.5841586, 28.4352042], [84.583354, 28.4352797], [84.5828605, 28.4354401], [84.5825064, 28.4356099], [84.5819485, 28.4358835], [84.5816588, 28.4360439], [84.581176, 28.4362043], [84.5805752, 28.436393], [84.5801246, 28.4366005], [84.5797813, 28.4367609], [84.5791483, 28.43711], [84.5785582, 28.4373836], [84.5778501, 28.4377893], [84.5771849, 28.4381761], [84.576627, 28.4385817], [84.5760155, 28.439044], [84.5757902, 28.4393836], [84.5756292, 28.4396195], [84.5753717, 28.4399968], [84.574964, 28.4403553], [84.5746207, 28.4405912], [84.5742452, 28.4408082], [84.5738912, 28.4409119], [84.5732903, 28.4409591], [84.5728075, 28.4410157], [84.572078, 28.4409969], [84.5715523, 28.4410252], [84.5712304, 28.4410535], [84.570694, 28.4409969], [84.5702541, 28.4408742], [84.5698249, 28.4406289], [84.5694709, 28.4404874], [84.5691812, 28.4403365], [84.5689022, 28.440044], [84.5687413, 28.4398459], [84.5686018, 28.4395629], [84.5685804, 28.4393553], [84.5686555, 28.4392044], [84.5686555, 28.4390251], [84.5686233, 28.4388365], [84.5683336, 28.4386949], [84.5680332, 28.438478], [84.5676684, 28.4382138], [84.5675182, 28.4380157], [84.5673144, 28.437893], [84.5670569, 28.4377893], [84.5666063, 28.4377138], [84.56622, 28.4377893], [84.5659625, 28.4378742], [84.5657158, 28.4378647], [84.5655334, 28.4377987], [84.5652544, 28.4377044], [84.5649111, 28.4375723], [84.5645249, 28.4374496], [84.5640314, 28.4372515], [84.5633984, 28.4368553], [84.563055, 28.4365345], [84.5626259, 28.4362703], [84.5620465, 28.4359401], [84.5614242, 28.4358458], [84.5608771, 28.4358269], [84.5604157, 28.4358269], [84.5599329, 28.4358647], [84.5595682, 28.4359779], [84.5592356, 28.4361005], [84.5586777, 28.4361949], [84.558109, 28.4362232], [84.5577121, 28.4362232], [84.5571971, 28.4361949], [84.5568001, 28.4361854], [84.5564568, 28.4361854], [84.5559955, 28.4362137], [84.5555341, 28.4362892], [84.5549655, 28.4364213], [84.5546436, 28.4364968], [84.5543432, 28.4366288], [84.553957, 28.4368741], [84.5535815, 28.4372798], [84.5533347, 28.4375345], [84.5530558, 28.4378176], [84.552809, 28.4379685], [84.5525408, 28.4381855], [84.5523584, 28.4383459], [84.5521867, 28.4385251], [84.5519829, 28.438761], [84.5518541, 28.4389308], [84.5516717, 28.4392799], [84.5515001, 28.4395346], [84.5513177, 28.4397233], [84.5509958, 28.439978], [84.5507383, 28.440261], [84.5505452, 28.4404025], [84.5503306, 28.440544], [84.5502019, 28.440761], [84.5500946, 28.4409497], [84.5499444, 28.4412421], [84.5497835, 28.4413931], [84.5496118, 28.4415157], [84.5494509, 28.4415252], [84.5492645, 28.4415018], [84.5490324, 28.4413648], [84.5489359, 28.4412327], [84.548893, 28.441044], [84.5489144, 28.4407421], [84.5490432, 28.4404497], [84.5493543, 28.4401384], [84.5495152, 28.4399214], [84.5496762, 28.439695], [84.54988, 28.4394308], [84.5501268, 28.4390912], [84.5505988, 28.4384591], [84.5508563, 28.4381006], [84.5510065, 28.4377987], [84.551146, 28.4374685], [84.5513284, 28.4372043], [84.5516181, 28.4368553], [84.5520258, 28.4363552], [84.5523906, 28.4360345], [84.552809, 28.435676], [84.5535386, 28.4351665], [84.5538819, 28.434959], [84.554429, 28.4347231], [84.5550513, 28.4346099], [84.556092, 28.4344589], [84.556328, 28.4344117], [84.5567036, 28.4343551], [84.5580661, 28.4340815], [84.5587098, 28.4339117], [84.5592463, 28.4338079], [84.5596325, 28.4337608], [84.5607591, 28.4336759], [84.5615959, 28.4336853], [84.5620894, 28.4337891], [84.5626044, 28.4339495], [84.5629692, 28.434157], [84.5635056, 28.434374], [84.563806, 28.4344684], [84.5643854, 28.4346287], [84.5649218, 28.4347986], [84.5652008, 28.434874], [84.5654261, 28.4348835], [84.5657909, 28.4348835], [84.5660698, 28.4348835], [84.566381, 28.4348929], [84.5667028, 28.4349778], [84.5669925, 28.4351099], [84.5672715, 28.4352609], [84.567529, 28.4354118], [84.5676041, 28.4355156], [84.5677757, 28.4356288], [84.5679366, 28.4357043], [84.5681727, 28.4357703], [84.5683658, 28.4358081], [84.5685696, 28.4358835], [84.568752, 28.4359684], [84.5688915, 28.4360816], [84.5690095, 28.4362609], [84.5691383, 28.4364119], [84.5692778, 28.4365345], [84.5694601, 28.4366949], [84.5696962, 28.4367892], [84.5699859, 28.4367232], [84.5701682, 28.4366005], [84.5702433, 28.4364402], [84.5703614, 28.4362986], [84.5705438, 28.4360533], [84.5705545, 28.4357892], [84.5704794, 28.4356382], [84.5703292, 28.4355439], [84.5701146, 28.4354024], [84.570061, 28.4352797], [84.5701039, 28.4350816], [84.5702433, 28.4349401], [84.5704365, 28.4348457], [84.5707261, 28.4346948], [84.5708978, 28.4344589], [84.5709622, 28.4341193], [84.5710158, 28.4338362], [84.5711124, 28.4336759], [84.5714557, 28.4334494], [84.5717132, 28.4331569], [84.5718634, 28.4329494], [84.5720887, 28.4326097], [84.5722818, 28.4323644], [84.5725715, 28.4319399], [84.5728075, 28.4317795], [84.573065, 28.4315436], [84.5731509, 28.4313266], [84.5731187, 28.4309303], [84.5731294, 28.43077], [84.5731294, 28.4305624], [84.5731079, 28.4303265], [84.5731616, 28.4300057], [84.5733333, 28.4296095], [84.57358, 28.4294491], [84.5738375, 28.429383], [84.5741594, 28.4292321], [84.5745027, 28.4289773], [84.5748138, 28.4287226], [84.5750606, 28.4284678], [84.5754146, 28.4282508], [84.575597, 28.4281376], [84.5758223, 28.4279112], [84.5760262, 28.4275998], [84.5761228, 28.4272884], [84.5761335, 28.4269205], [84.5761228, 28.4265525], [84.5761335, 28.4262694], [84.5761871, 28.4259769], [84.5763481, 28.4256561], [84.5766163, 28.4254863], [84.5769918, 28.4254391], [84.5773566, 28.4254486], [84.5776892, 28.425524], [84.578129, 28.4257316], [84.5784616, 28.4260052], [84.5786226, 28.4261373], [84.5788479, 28.4263638], [84.5791483, 28.4265147], [84.5795345, 28.4266563], [84.5798564, 28.4267318], [84.5802104, 28.4267789], [84.580661, 28.4269205], [84.5810473, 28.4271846], [84.581455, 28.4274771], [84.5816266, 28.4277036], [84.5817017, 28.4279866], [84.5816374, 28.4284301], [84.5815194, 28.4287697], [84.5814657, 28.4292415], [84.5813799, 28.4297321], [84.5813799, 28.4302133], [84.5813799, 28.4306945], [84.5815408, 28.4308643], [84.5820451, 28.4312511], [84.5823347, 28.4315813], [84.5827317, 28.4319682], [84.583075, 28.4323361], [84.5834076, 28.432638], [84.5836222, 28.4328456], [84.5838904, 28.4332324], [84.5840943, 28.4335721], [84.5843732, 28.4339023], [84.5847058, 28.4341665], [84.585017, 28.434374], [84.5852744, 28.4347325]]]}, "properties": {"external_id": "osm:way/353713167", "name": "", "name_ne": "", "area_km2": 2.044}}, {"type": "Feature", "geometry": {"type": "Polygon", "coordinates": [[[84.6135503, 28.4018387], [84.6132606, 28.4018434], [84.6128637, 28.4018623], [84.6125525, 28.4018529], [84.6123701, 28.401834], [84.612236, 28.4017726], [84.6120375, 28.4016877], [84.6118498, 28.4016169], [84.6116888, 28.4015603], [84.611485, 28.4014848], [84.6113026, 28.4014046], [84.6111256, 28.4013149], [84.6110344, 28.4012441], [84.6110183, 28.4011403], [84.6111041, 28.4010412], [84.6112221, 28.4010176], [84.6114099, 28.4009421], [84.6115279, 28.4008572], [84.6115547, 28.4007723], [84.6115279, 28.4006826], [84.6115065, 28.4006024], [84.6114743, 28.400508], [84.6114308, 28.4004133], [84.6114957, 28.4003381], [84.6116459, 28.4003759], [84.6117318, 28.400442], [84.611882, 28.4004986], [84.6120322, 28.4005222], [84.6121341, 28.4004703], [84.6122575, 28.40039], [84.6124077, 28.4003665], [84.6124721, 28.4002013], [84.6124721, 28.4000928], [84.6123701, 28.3999087], [84.6122628, 28.3998427], [84.6121448, 28.3998049], [84.612059, 28.3997058], [84.6120483, 28.3995926], [84.6120429, 28.3994604], [84.6120912, 28.399267], [84.612177, 28.3991301], [84.6122843, 28.3990641], [84.6124184, 28.3990074], [84.6125847, 28.3990169], [84.6126598, 28.3989414], [84.612751, 28.398847], [84.6128583, 28.3987526], [84.6130353, 28.398578], [84.6132714, 28.3984931], [84.6133947, 28.3984695], [84.6136093, 28.3984695], [84.6138453, 28.3984742], [84.6140116, 28.3985025], [84.6142477, 28.3985969], [84.614591, 28.3986582], [84.614929, 28.3986771], [84.6151167, 28.3986771], [84.6154332, 28.3987149], [84.6157497, 28.3988423], [84.6159697, 28.3989555], [84.6162325, 28.3990782], [84.6168011, 28.3991348], [84.6171284, 28.3991396], [84.6173429, 28.3991537], [84.6178365, 28.3991962], [84.618389, 28.399267], [84.6190113, 28.3992858], [84.6195692, 28.3992858], [84.6201968, 28.3993897], [84.620862, 28.3994038], [84.6211839, 28.3993944], [84.6214896, 28.3994274], [84.6217847, 28.3995973], [84.6219349, 28.3997672], [84.6221441, 28.3999795], [84.6224445, 28.4002768], [84.622761, 28.400442], [84.6231151, 28.4006165], [84.6234101, 28.40081], [84.6237212, 28.401046], [84.6239787, 28.4012441], [84.6244347, 28.4014565], [84.6248478, 28.4016405], [84.6252447, 28.4018198], [84.6257704, 28.4021077], [84.625985, 28.4023059], [84.626205, 28.4025701], [84.6264249, 28.4028249], [84.6265751, 28.4030514], [84.6268487, 28.4033817], [84.6271545, 28.4037167], [84.6274763, 28.404165], [84.6277767, 28.4046038], [84.6280074, 28.4048964], [84.6285278, 28.405288], [84.6288228, 28.4054957], [84.6291608, 28.4057316], [84.6293646, 28.4059298], [84.629547, 28.4061327], [84.6297938, 28.4063497], [84.6300083, 28.406496], [84.6302551, 28.4066234], [84.6305877, 28.4067555], [84.6308237, 28.4069112], [84.6310919, 28.4072085], [84.6312743, 28.4074538], [84.6314835, 28.4077039], [84.6318108, 28.4080672], [84.6320844, 28.4082654], [84.6324062, 28.4083739], [84.6326691, 28.4084541], [84.6328783, 28.4086287], [84.6330017, 28.4088363], [84.6329695, 28.4090817], [84.6328568, 28.4092232], [84.6327227, 28.4092987], [84.632535, 28.4093742], [84.6322131, 28.4095535], [84.6319395, 28.4097234], [84.6315855, 28.4099546], [84.6314245, 28.4100018], [84.6312207, 28.4100348], [84.6310651, 28.4100584], [84.6308774, 28.410148], [84.6306413, 28.4103038], [84.6304589, 28.4104359], [84.6302283, 28.4105444], [84.6299547, 28.4106482], [84.6296972, 28.4107426], [84.6294719, 28.4108558], [84.629311, 28.4110445], [84.6291232, 28.4112852], [84.6289515, 28.4114928], [84.628737, 28.4116768], [84.6284527, 28.4118608], [84.6283507, 28.4119976], [84.628222, 28.4122335], [84.6281791, 28.4124742], [84.6281469, 28.4129035], [84.6281576, 28.4132527], [84.628222, 28.4134272], [84.6282595, 28.4136018], [84.6281844, 28.4136773], [84.6280932, 28.4137292], [84.6278894, 28.4137575], [84.6277446, 28.4137339], [84.6276319, 28.4136632], [84.6275675, 28.413583], [84.6275139, 28.4134744], [84.6274656, 28.4133942], [84.6273529, 28.4133565], [84.6270311, 28.4134225], [84.6268433, 28.4134508], [84.6266341, 28.4133989], [84.6264946, 28.4133187], [84.6263766, 28.4132338], [84.626264, 28.4131583], [84.6261513, 28.4130734], [84.626044, 28.4129318], [84.6260011, 28.4127195], [84.625985, 28.4125733], [84.625985, 28.4123326], [84.625985, 28.4121109], [84.6259743, 28.4118655], [84.6259046, 28.41154], [84.6258295, 28.4114314], [84.6255559, 28.4112804], [84.6254057, 28.4111814], [84.6252823, 28.4109973], [84.6252447, 28.4109219], [84.6251482, 28.4106718], [84.6251267, 28.4104123], [84.6251428, 28.4102235], [84.625116, 28.4099357], [84.6250784, 28.4097659], [84.624998, 28.4095677], [84.6249229, 28.4094167], [84.6247941, 28.4092563], [84.6246171, 28.4091242], [84.6245366, 28.4090392], [84.6245044, 28.4089118], [84.6245205, 28.4088222], [84.624483, 28.4087042], [84.6244132, 28.4086146], [84.6242791, 28.4085296], [84.6241021, 28.4084258], [84.6239412, 28.408322], [84.6237963, 28.4082465], [84.6236139, 28.408138], [84.6235013, 28.40802], [84.6233725, 28.4078219], [84.6231955, 28.4074633], [84.6230775, 28.4072557], [84.6229273, 28.4070009], [84.6226966, 28.4067177], [84.6224499, 28.4065337], [84.6220958, 28.4063875], [84.6217632, 28.4062365], [84.6215111, 28.4060477], [84.6213233, 28.4058873], [84.6211141, 28.4057599], [84.6207815, 28.4055523], [84.6202666, 28.4052503], [84.6198857, 28.4050757], [84.6195906, 28.4049483], [84.6191561, 28.4047596], [84.6187699, 28.4046274], [84.6184748, 28.4045283], [84.6182656, 28.4044057], [84.6181047, 28.4043066], [84.6178311, 28.4041178], [84.617461, 28.4038394], [84.6173537, 28.4037734], [84.6171766, 28.4036412], [84.6169782, 28.4035091], [84.6167529, 28.4033251], [84.6165705, 28.4031647], [84.6162003, 28.4028579], [84.6160072, 28.4027022], [84.6158302, 28.402589], [84.6154654, 28.4023342], [84.6151757, 28.4021832], [84.6146822, 28.4020605], [84.6142745, 28.4020039], [84.6140385, 28.401952], [84.6137971, 28.4018717], [84.6135503, 28.4018387]]]}, "properties": {"external_id": "osm:way/353714960", "name": "", "name_ne": "", "area_km2": 1.242}}, {"type": "Feature", "geometry": {"type": "Polygon", "coordinates": [[[84.6383446, 28.4190135], [84.6384412, 28.418938], [84.6385378, 28.4188295], [84.6386182, 28.4187115], [84.6387201, 28.4185464], [84.638865, 28.4184567], [84.6390152, 28.418386], [84.639219, 28.4182727], [84.6393961, 28.4182114], [84.6395785, 28.418084], [84.6397823, 28.4179047], [84.6399325, 28.4177585], [84.6400505, 28.4175414], [84.6400613, 28.4173527], [84.640013, 28.4171782], [84.6397501, 28.4167771], [84.6395892, 28.416579], [84.6394283, 28.416494], [84.639101, 28.416461], [84.6388113, 28.4164846], [84.638586, 28.4165035], [84.6383768, 28.4164846], [84.6380979, 28.4164846], [84.6378672, 28.4164893], [84.6376795, 28.4164988], [84.6374273, 28.416428], [84.6372718, 28.4163053], [84.6372127, 28.4162204], [84.6371591, 28.4161213], [84.6370947, 28.4160222], [84.6369928, 28.4158996], [84.6369123, 28.4158477], [84.63673, 28.4157816], [84.6365315, 28.4157486], [84.6362901, 28.4157391], [84.636054, 28.4157344], [84.6357912, 28.4158241], [84.6355337, 28.415876], [84.6353191, 28.4159326], [84.6352172, 28.4160411], [84.635185, 28.4161732], [84.635126, 28.4163431], [84.6350348, 28.4164516], [84.6348685, 28.4165223], [84.6346217, 28.4165554], [84.6343803, 28.4166073], [84.6342248, 28.4167064], [84.6341067, 28.416829], [84.6340209, 28.4169611], [84.6340102, 28.4171546], [84.6340102, 28.4173197], [84.6339458, 28.4174424], [84.6338278, 28.4175698], [84.6336293, 28.4177396], [84.6333933, 28.4178811], [84.6331787, 28.4179566], [84.6330339, 28.4179802], [84.6329158, 28.4180321], [84.6327925, 28.4181076], [84.6326959, 28.4182067], [84.6325833, 28.4183152], [84.6324921, 28.4184284], [84.6323794, 28.4185888], [84.6323419, 28.4186596], [84.6323311, 28.4187964], [84.6323901, 28.4189804], [84.6324062, 28.4191597], [84.6323955, 28.4193201], [84.6323687, 28.4195041], [84.6322775, 28.4197023], [84.6321166, 28.4199335], [84.631961, 28.4201033], [84.6317947, 28.4202448], [84.6316713, 28.4203439], [84.6314084, 28.4205043], [84.6311134, 28.4206883], [84.6308774, 28.4208204], [84.6306252, 28.4209525], [84.6304482, 28.4210941], [84.6303141, 28.4213205], [84.6303087, 28.4215517], [84.6303624, 28.4217923], [84.6304697, 28.4220235], [84.6306252, 28.422316], [84.6307325, 28.4226038], [84.6307808, 28.4227878], [84.6308345, 28.4230661], [84.6308345, 28.4234011], [84.630872, 28.4236181], [84.6309096, 28.4239295], [84.6309257, 28.4240993], [84.6309686, 28.4243022], [84.6310651, 28.4245333], [84.6311992, 28.4247503], [84.6314406, 28.424873], [84.6317196, 28.4249815], [84.6319556, 28.4251042], [84.6320683, 28.4251938], [84.6321863, 28.4253778], [84.6322721, 28.4255948], [84.6323043, 28.4258496], [84.6323633, 28.4260713], [84.6323687, 28.4263024], [84.6323472, 28.4265195], [84.6322507, 28.4268261], [84.6321434, 28.4269865], [84.6319717, 28.4272224], [84.631784, 28.42743], [84.631682, 28.4275573], [84.6316177, 28.4276564], [84.6316123, 28.4278734], [84.631741, 28.4280857], [84.6318966, 28.4282697], [84.6321005, 28.4283876], [84.6323901, 28.4284678], [84.6326208, 28.4284537], [84.6329105, 28.4283876], [84.6331626, 28.4283027], [84.6332753, 28.4281612], [84.633345, 28.4279395], [84.6334147, 28.4278074], [84.6335703, 28.4275715], [84.6336937, 28.42743], [84.6338117, 28.4272224], [84.6339565, 28.4269582], [84.6340585, 28.4267506], [84.6341228, 28.4266138], [84.6341497, 28.4264062], [84.6341497, 28.4262081], [84.6341711, 28.4258448], [84.6341765, 28.4256137], [84.6342033, 28.4255004], [84.6342784, 28.4254533], [84.6343428, 28.425458], [84.6344554, 28.4255099], [84.6345627, 28.4255618], [84.6347183, 28.4255571], [84.6349114, 28.4255052], [84.6351743, 28.4254155], [84.6353298, 28.4253542], [84.6355444, 28.4253778], [84.6357268, 28.4255004], [84.6359307, 28.425675], [84.6360272, 28.425741], [84.6362203, 28.4258401], [84.6363974, 28.4258826], [84.6365261, 28.425892], [84.6367782, 28.425925], [84.6370357, 28.4259864], [84.6372503, 28.4260854], [84.6373737, 28.4262317], [84.6374381, 28.426411], [84.6374488, 28.4265997], [84.6374488, 28.4267789], [84.6375561, 28.4270148], [84.6376687, 28.4271658], [84.6379101, 28.4273215], [84.6381408, 28.42743], [84.6383876, 28.4274818], [84.6386075, 28.4274488], [84.638747, 28.4273781], [84.6388221, 28.4272837], [84.6388972, 28.427128], [84.6389455, 28.4268969], [84.638983, 28.426694], [84.6389937, 28.426543], [84.6389884, 28.4262883], [84.6389615, 28.4260996], [84.6390098, 28.425925], [84.639101, 28.4257646], [84.6392083, 28.4256042], [84.639262, 28.4255052], [84.6393263, 28.4253731], [84.63938, 28.4253117], [84.639557, 28.4252834], [84.639852, 28.425274], [84.6399915, 28.425274], [84.6402061, 28.4253306], [84.6404904, 28.4254297], [84.6407157, 28.4254438], [84.6408766, 28.4253872], [84.6410376, 28.4252787], [84.6411341, 28.4251042], [84.6411985, 28.424906], [84.6412039, 28.4247315], [84.64122, 28.4244342], [84.6412307, 28.4242172], [84.6413112, 28.4240804], [84.6414024, 28.4240332], [84.6415526, 28.4239436], [84.6416491, 28.4238115], [84.6418047, 28.4235568], [84.6419012, 28.4233303], [84.6419656, 28.4231227], [84.6420783, 28.4229765], [84.6422875, 28.4228349], [84.6424645, 28.4227217], [84.6426684, 28.4225802], [84.6428293, 28.4223443], [84.6429419, 28.4221367], [84.6431082, 28.4220471], [84.643237, 28.4219527], [84.6434462, 28.4218112], [84.643752, 28.4216413], [84.6439719, 28.4214809], [84.6441543, 28.4212356], [84.6442509, 28.420995], [84.6443528, 28.4207921], [84.6443742, 28.4206081], [84.6443742, 28.4203911], [84.644267, 28.4201693], [84.6441168, 28.420075], [84.6437842, 28.4200231], [84.6435052, 28.4201127], [84.6433818, 28.4201977], [84.6432263, 28.4202967], [84.6429902, 28.42041], [84.6427488, 28.4204949], [84.6424913, 28.4205515], [84.6422446, 28.4206034], [84.6419495, 28.4205232], [84.6418476, 28.4204052], [84.6417242, 28.4202826], [84.6416223, 28.4202307], [84.6414614, 28.420226], [84.6412307, 28.420226], [84.6409839, 28.4202354], [84.6407533, 28.4202684], [84.6403885, 28.4203958], [84.6400237, 28.4205326], [84.639793, 28.4206459], [84.6394926, 28.4208063], [84.6392727, 28.4209242], [84.6390742, 28.4209667], [84.6388757, 28.4209667], [84.6386021, 28.4209808], [84.6384412, 28.4210327], [84.6382588, 28.4211837], [84.6382266, 28.4213771], [84.6383393, 28.4217027], [84.6384036, 28.4218112], [84.6385753, 28.4219904], [84.6386021, 28.4221839], [84.638586, 28.4223679], [84.6385699, 28.4225377], [84.6386129, 28.4227547], [84.6387792, 28.4229859], [84.6388274, 28.4230708], [84.6387201, 28.4232501], [84.638586, 28.4233397], [84.6383822, 28.4233303], [84.6381569, 28.4232218], [84.6380442, 28.4230944], [84.6379316, 28.4229576], [84.6378028, 28.4228255], [84.6376795, 28.4226321], [84.6375561, 28.4224339], [84.6374381, 28.4222358], [84.6373254, 28.4220706], [84.6372127, 28.4219338], [84.6370572, 28.421731], [84.6369123, 28.4213771], [84.6368909, 28.4212309], [84.6367621, 28.4208676], [84.6366924, 28.4207119], [84.6366495, 28.4205798], [84.6367031, 28.4204336], [84.6367675, 28.4203486], [84.6368211, 28.4202637], [84.6368694, 28.4201316], [84.6368909, 28.4200231], [84.6368855, 28.4198674], [84.6368319, 28.4197636], [84.6367621, 28.419589], [84.6367729, 28.4194286], [84.6368319, 28.4192494], [84.6369499, 28.4191786], [84.6370947, 28.4191456], [84.6373093, 28.4191408], [84.6376151, 28.4191267], [84.6378618, 28.419122], [84.6380925, 28.4191031], [84.6382105, 28.4190701], [84.6383446, 28.4190135]]]}, "properties": {"external_id": "osm:way/480685093", "name": "", "name_ne": "", "area_km2": 0.945}}, {"type": "Feature", "geometry": {"type": "Polygon", "coordinates": [[[84.6332753, 28.4004561], [84.6331519, 28.4005127], [84.6329534, 28.4006307], [84.6326905, 28.4007392], [84.6324438, 28.4008525], [84.632197, 28.4009846], [84.6319556, 28.4010412], [84.6317893, 28.401046], [84.6315265, 28.4010271], [84.6313173, 28.4010035], [84.6310973, 28.4009988], [84.6310008, 28.4009705], [84.6308935, 28.4009138], [84.6308666, 28.4008289], [84.6309042, 28.4006968], [84.63099, 28.4006401], [84.6310812, 28.4005458], [84.6312314, 28.40039], [84.6313548, 28.4002485], [84.6314514, 28.4001683], [84.6315533, 28.4001069], [84.6316016, 28.3999984], [84.6315533, 28.3999512], [84.6314835, 28.3999512], [84.6313494, 28.399989], [84.6312314, 28.3999937], [84.6311295, 28.3999418], [84.6311241, 28.399871], [84.631167, 28.3998285], [84.6312475, 28.3997766], [84.6313441, 28.3997341], [84.6314621, 28.3996681], [84.6315211, 28.3995501], [84.6316123, 28.3994699], [84.6317303, 28.3994557], [84.6318483, 28.3994416], [84.6319824, 28.399418], [84.6320897, 28.3993189], [84.6321809, 28.399182], [84.6322507, 28.3990593], [84.6323687, 28.3989697], [84.6324652, 28.3989367], [84.6325833, 28.3988989], [84.632712, 28.3988187], [84.632889, 28.3987432], [84.6330875, 28.3986913], [84.6332592, 28.3986441], [84.6333665, 28.3985639], [84.6335328, 28.398243], [84.6335328, 28.3981156], [84.6333772, 28.3979693], [84.6332216, 28.3979079], [84.6329266, 28.3978372], [84.6326423, 28.3977333], [84.6324438, 28.3976626], [84.6322775, 28.3976248], [84.6321219, 28.3976106], [84.6319771, 28.3975776], [84.6318161, 28.3975163], [84.6316552, 28.397436], [84.6315318, 28.3973275], [84.6315157, 28.397219], [84.6315855, 28.3971293], [84.6317142, 28.3970963], [84.6319449, 28.3971199], [84.6322238, 28.397134], [84.6326369, 28.3971576], [84.63283, 28.3972001], [84.63305, 28.3972426], [84.6333504, 28.3972426], [84.6335918, 28.3972379], [84.6337634, 28.3972709], [84.6339941, 28.3973322], [84.6341926, 28.3974644], [84.6343803, 28.3975965], [84.6346217, 28.3977522], [84.6349275, 28.3979079], [84.6352172, 28.3980495], [84.6355605, 28.3982241], [84.6357697, 28.3983421], [84.6359038, 28.398512], [84.6360004, 28.3986252], [84.6360648, 28.3987196], [84.6361345, 28.3988895], [84.6361399, 28.3989602], [84.6360862, 28.3990735], [84.635995, 28.3991632], [84.6358448, 28.3993047], [84.6355283, 28.3995076], [84.635303, 28.399635], [84.6351153, 28.3997436], [84.635008, 28.3998379], [84.63489, 28.3999323], [84.6347612, 28.4000125], [84.6345037, 28.4001305], [84.6342838, 28.4001919], [84.6340531, 28.4002343], [84.6338224, 28.4002532], [84.6335006, 28.4003098], [84.6333396, 28.4003995], [84.6332753, 28.4004561]]]}, "properties": {"external_id": "osm:way/480685095", "name": "", "name_ne": "", "area_km2": 0.113}}, {"type": "Feature", "geometry": {"type": "Polygon", "coordinates": [[[84.5655924, 28.6452233], [84.5654207, 28.6452845], [84.5652598, 28.6453834], [84.5650345, 28.6454775], [84.5649004, 28.6455152], [84.5647448, 28.6455105], [84.5645785, 28.6454728], [84.5644069, 28.6453834], [84.5643103, 28.6452516], [84.5642406, 28.6451103], [84.5641923, 28.6449361], [84.5642406, 28.6447572], [84.5642835, 28.6445642], [84.5643747, 28.644423], [84.5645088, 28.6442723], [84.5646322, 28.6441735], [84.5648575, 28.6440228], [84.5650291, 28.6439145], [84.5651847, 28.6437827], [84.5653242, 28.6436556], [84.5654368, 28.6435614], [84.5656085, 28.6434579], [84.5658767, 28.6433449], [84.5660055, 28.6433072], [84.5662361, 28.6432837], [84.5665258, 28.6432413], [84.5668209, 28.6432083], [84.5669711, 28.6432083], [84.5671105, 28.6432225], [84.5673627, 28.6432743], [84.5675826, 28.6433684], [84.5677864, 28.6434437], [84.5679581, 28.6435238], [84.5681781, 28.6436791], [84.5683122, 28.6437545], [84.5684302, 28.6438439], [84.5685428, 28.6439145], [84.5686769, 28.6440134], [84.5689076, 28.6441217], [84.5692295, 28.6442347], [84.5693475, 28.6442959], [84.5695192, 28.6443806], [84.5696425, 28.6445454], [84.5698088, 28.644729], [84.5699161, 28.6449126], [84.5700073, 28.6450585], [84.5700502, 28.6451762], [84.5700341, 28.6452892], [84.5699912, 28.6453975], [84.5699376, 28.645534], [84.5699, 28.6457412], [84.5698786, 28.6458777], [84.5698786, 28.6459954], [84.5698786, 28.646099], [84.5698732, 28.6462308], [84.5699644, 28.6464144], [84.570061, 28.6465745], [84.5701575, 28.6466922], [84.5703667, 28.6468381], [84.5705599, 28.6469982], [84.5707047, 28.6471723], [84.570871, 28.6473654], [84.5710051, 28.6475584], [84.5710909, 28.6477043], [84.5711338, 28.6478926], [84.5711338, 28.6479774], [84.5710856, 28.6481045], [84.5710319, 28.6481986], [84.5709783, 28.6483446], [84.5709515, 28.6484999], [84.5708764, 28.6486082], [84.5708227, 28.6486882], [84.570753, 28.6487683], [84.5706242, 28.6488671], [84.5704901, 28.6489424], [84.5703345, 28.6490648], [84.5702541, 28.6491213], [84.5700931, 28.6492061], [84.5699269, 28.6492626], [84.5696908, 28.6493049], [84.5695353, 28.6493426], [84.5693368, 28.6493614], [84.5691866, 28.6493708], [84.5689613, 28.6493708], [84.5686072, 28.6493379], [84.5683175, 28.6493238], [84.5680225, 28.6492626], [84.5679098, 28.6491543], [84.5678186, 28.6490272], [84.5677811, 28.6488907], [84.567765, 28.6487541], [84.5677113, 28.6487165], [84.5675772, 28.6485235], [84.5674753, 28.6484481], [84.5672983, 28.648321], [84.5672446, 28.648274], [84.5671803, 28.6482222], [84.5670944, 28.6481704], [84.5670086, 28.6481092], [84.566912, 28.6480244], [84.5668209, 28.6478644], [84.5667779, 28.6477561], [84.5667028, 28.6475443], [84.5666707, 28.6473748], [84.5666599, 28.6472241], [84.5666331, 28.6470688], [84.5665741, 28.6468805], [84.5665419, 28.6467298], [84.5665473, 28.646565], [84.566558, 28.6463155], [84.5666224, 28.6461413], [84.5666814, 28.6460236], [84.5667189, 28.6459201], [84.5667726, 28.6457836], [84.5668316, 28.6456517], [84.5669174, 28.6455152], [84.5669657, 28.6453975], [84.5670193, 28.6453175], [84.5671105, 28.6451809], [84.5671749, 28.6451056], [84.5672446, 28.6449691], [84.5672983, 28.644842], [84.5672929, 28.6447667], [84.5672286, 28.6447196], [84.5671749, 28.6447055], [84.5670837, 28.6447149], [84.5669872, 28.6447761], [84.5668209, 28.6448561], [84.5667243, 28.6449173], [84.5665741, 28.6449879], [84.5664185, 28.6450162], [84.5662683, 28.6450538], [84.5660484, 28.6451197], [84.5658445, 28.645148], [84.5657587, 28.6451715], [84.5655924, 28.6452233]]]}, "properties": {"external_id": "osm:way/480685099", "name": "", "name_ne": "", "area_km2": 0.245}}, {"type": "Feature", "geometry": {"type": "Polygon", "coordinates": [[[84.6049189, 28.6204477], [84.6045327, 28.6206738], [84.604125, 28.6210317], [84.6038675, 28.6213613], [84.6038568, 28.6215496], [84.6039534, 28.6216909], [84.6042108, 28.6218228], [84.6044898, 28.6218981], [84.6047473, 28.6219829], [84.604994, 28.6222089], [84.6050477, 28.6224726], [84.6049619, 28.6226892], [84.6046936, 28.6230565], [84.6043074, 28.6234803], [84.6040392, 28.6236686], [84.6038246, 28.6238476], [84.6036422, 28.624196], [84.6036422, 28.624535], [84.6036422, 28.6247422], [84.603771, 28.6249777], [84.6039748, 28.6251095], [84.6041572, 28.6252037], [84.6044576, 28.6253261], [84.6047795, 28.6254297], [84.6051979, 28.6255521], [84.6056056, 28.625684], [84.606142, 28.6259382], [84.6065712, 28.6262019], [84.6069467, 28.626541], [84.6071184, 28.6268141], [84.607569, 28.6274168], [84.6079337, 28.6277464], [84.6082878, 28.6279159], [84.6087062, 28.6280666], [84.6092963, 28.6281607], [84.6098757, 28.6281984], [84.6104336, 28.6282361], [84.6109271, 28.6282549], [84.6114099, 28.6283302], [84.611882, 28.628528], [84.6122897, 28.628641], [84.612869, 28.6288953], [84.6132874, 28.629093], [84.6135664, 28.6292908], [84.613781, 28.6295921], [84.6138024, 28.6300253], [84.6138132, 28.6303455], [84.6136844, 28.6305527], [84.6134484, 28.630854], [84.6133625, 28.6310235], [84.6133411, 28.6312024], [84.6134055, 28.631485], [84.6135878, 28.6316545], [84.6138239, 28.6317675], [84.6140814, 28.6319558], [84.6140814, 28.6322289], [84.6139097, 28.6325114], [84.6136737, 28.6325396], [84.6133625, 28.632502], [84.6130192, 28.632389], [84.6127295, 28.6322006], [84.6124077, 28.6319464], [84.6121073, 28.6317392], [84.6118605, 28.631532], [84.6115494, 28.6313625], [84.611088, 28.6312024], [84.6107662, 28.6311365], [84.6105087, 28.6310989], [84.6102297, 28.6310706], [84.6097898, 28.6309859], [84.6093929, 28.6308069], [84.6090495, 28.6305715], [84.608717, 28.6303549], [84.6084702, 28.6302042], [84.6080303, 28.6300159], [84.6077943, 28.6298841], [84.6075797, 28.6297711], [84.6073329, 28.6295639], [84.6073329, 28.6293379], [84.6073866, 28.6291119], [84.6073329, 28.6288953], [84.607172, 28.6288388], [84.6066785, 28.628867], [84.6062386, 28.6288482], [84.6058953, 28.6288011], [84.6056056, 28.6286787], [84.6054768, 28.6285186], [84.605273, 28.6282361], [84.6050155, 28.6279535], [84.6047151, 28.6278311], [84.6043289, 28.6279159], [84.6041357, 28.6280101], [84.6038139, 28.6282078], [84.6036529, 28.628415], [84.6034062, 28.6287728], [84.6033096, 28.6290365], [84.603256, 28.629272], [84.6030843, 28.6295733], [84.6029234, 28.6296863], [84.6025693, 28.6297146], [84.6020973, 28.6297146], [84.6017647, 28.6295921], [84.6015072, 28.6291307], [84.6013141, 28.6288011], [84.601196, 28.6283867], [84.601196, 28.6281136], [84.6013248, 28.6279065], [84.6014857, 28.6277558], [84.6016681, 28.6275015], [84.6017647, 28.627219], [84.6017754, 28.6270024], [84.6016252, 28.626767], [84.601357, 28.6264939], [84.6010351, 28.6263338], [84.6003377, 28.6262019], [84.600209, 28.6261831], [84.5999944, 28.6262019], [84.599812, 28.6263244], [84.5995867, 28.6266728], [84.5995331, 28.6269647], [84.5995223, 28.6271719], [84.5994043, 28.6273603], [84.5991683, 28.6274921], [84.5987177, 28.6275863], [84.5983636, 28.6275957], [84.5980525, 28.6275298], [84.5978916, 28.6273979], [84.5977521, 28.6272284], [84.5974731, 28.6268423], [84.5972693, 28.6265786], [84.5970118, 28.626362], [84.5964968, 28.6261078], [84.5958853, 28.6257217], [84.5955848, 28.6254768], [84.5950699, 28.6249683], [84.5942974, 28.6241207], [84.5936107, 28.6235556], [84.5928383, 28.6226515], [84.5923018, 28.6221241], [84.5917439, 28.6213707], [84.5913577, 28.6208056], [84.5908427, 28.6202594], [84.590671, 28.6192988], [84.5907783, 28.6187337], [84.5909929, 28.6183005], [84.591186, 28.6179049], [84.5909929, 28.617547], [84.5907783, 28.617208], [84.5902419, 28.6167747], [84.5896625, 28.6162285], [84.589448, 28.6157764], [84.5892119, 28.6149852], [84.5889115, 28.6146838], [84.5886755, 28.6143636], [84.5883751, 28.6139304], [84.5883751, 28.613629], [84.5883107, 28.6132899], [84.5885038, 28.6128755], [84.5888901, 28.6124799], [84.5893621, 28.6121597], [84.5904994, 28.6115569], [84.5911002, 28.6111048], [84.5913791, 28.6108599], [84.5916796, 28.6105773], [84.5919156, 28.6102571], [84.5922589, 28.609805], [84.5932245, 28.6090703], [84.5935893, 28.6088066], [84.5939541, 28.608637], [84.5945978, 28.6084487], [84.5952844, 28.6083922], [84.5958638, 28.608524], [84.5963144, 28.6087501], [84.5964646, 28.6092964], [84.5965075, 28.6098427], [84.5964861, 28.6101629], [84.5965504, 28.610728], [84.5967865, 28.6110859], [84.5970869, 28.6114062], [84.5974517, 28.6119336], [84.5979881, 28.6122539], [84.5982456, 28.6125364], [84.5988035, 28.612932], [84.599061, 28.6130827], [84.5993399, 28.6134218], [84.5995545, 28.6138927], [84.5994472, 28.6142694], [84.5991683, 28.6146085], [84.5987606, 28.6149476], [84.5985675, 28.6152301], [84.598825, 28.615475], [84.5993185, 28.6156257], [84.5999193, 28.6158706], [84.6004987, 28.6157952], [84.6009493, 28.6155315], [84.6011424, 28.615362], [84.6016252, 28.6149852], [84.6020758, 28.6146556], [84.6026552, 28.6142977], [84.6030307, 28.6137608], [84.6038675, 28.6130074], [84.6042108, 28.6128001], [84.6045542, 28.6125929], [84.6045971, 28.6123104], [84.6043825, 28.6121032], [84.6038031, 28.6119713], [84.6034169, 28.6118018], [84.6031379, 28.6113308], [84.6031379, 28.6109352], [84.6034384, 28.6104643], [84.6039104, 28.6100499], [84.6045327, 28.6097296], [84.6050691, 28.6095978], [84.6057558, 28.6096355], [84.6061635, 28.6097485], [84.6065497, 28.6099934], [84.6068501, 28.6104078], [84.6068501, 28.6108976], [84.6070003, 28.611199], [84.6074295, 28.611425], [84.6083951, 28.6115569], [84.6092105, 28.6114062], [84.6096182, 28.6113308], [84.610219, 28.6111613], [84.6108842, 28.6111048], [84.6115064, 28.6110294], [84.6119356, 28.6110106], [84.6123218, 28.6110294], [84.6126437, 28.6112555], [84.6126866, 28.6116887], [84.6123862, 28.6122727], [84.6123647, 28.6125741], [84.6124077, 28.6130639], [84.6121716, 28.6135536], [84.6119356, 28.6136478], [84.6113562, 28.613742], [84.6108413, 28.613742], [84.6104121, 28.6137232], [84.6101117, 28.6137232], [84.6095967, 28.613855], [84.6092319, 28.6139492], [84.6089959, 28.6141187], [84.6088457, 28.6143259], [84.6087813, 28.6147404], [84.6089101, 28.6150794], [84.608953, 28.615475], [84.6086526, 28.6159459], [84.608438, 28.6161719], [84.6082234, 28.6164168], [84.6080518, 28.6166429], [84.6080518, 28.6169819], [84.6080732, 28.6172456], [84.607923, 28.6177542], [84.6077084, 28.6179614], [84.6072793, 28.6181309], [84.6066785, 28.6184511], [84.606142, 28.6188279], [84.6056485, 28.6192423], [84.6054554, 28.6195436], [84.6053052, 28.6198827], [84.6049189, 28.6204477]]]}, "properties": {"external_id": "osm:way/480685101", "name": "", "name_ne": "", "area_km2": 2.943}}, {"type": "Feature", "geometry": {"type": "Polygon", "coordinates": [[[84.5635217, 28.6103277], [84.5632857, 28.61021], [84.562996, 28.6100546], [84.562701, 28.6097579], [84.5625669, 28.6096025], [84.5623738, 28.609254], [84.5621592, 28.6089479], [84.5620573, 28.6086323], [84.5620143, 28.6083968], [84.5618588, 28.6078741], [84.5617998, 28.6075067], [84.5617676, 28.6072477], [84.5617247, 28.6070641], [84.5615959, 28.6067721], [84.561494, 28.6064565], [84.5614082, 28.6061692], [84.561258, 28.6057218], [84.5612043, 28.6054534], [84.5610595, 28.6051331], [84.5609039, 28.6046951], [84.5607591, 28.6044832], [84.560582, 28.6042242], [84.5603085, 28.6039416], [84.5598954, 28.6037155], [84.559595, 28.603546], [84.5593053, 28.6033764], [84.5589459, 28.6031833], [84.5586026, 28.6029949], [84.55827, 28.6028583], [84.5579642, 28.6027453], [84.5575243, 28.6026511], [84.5569611, 28.6026229], [84.5561457, 28.6025616], [84.5553249, 28.6024769], [84.5549601, 28.6024015], [84.5544773, 28.6022837], [84.554134, 28.6021707], [84.5538497, 28.6020765], [84.5536083, 28.6019352], [84.553324, 28.6017421], [84.5530397, 28.6014501], [84.5529485, 28.6013088], [84.5528305, 28.6010545], [84.5526642, 28.600819], [84.5525247, 28.6006118], [84.5523745, 28.60056], [84.5522565, 28.6005788], [84.5521384, 28.6006494], [84.5520633, 28.6007955], [84.5520633, 28.6009791], [84.5520151, 28.6012759], [84.5519614, 28.6014266], [84.5518273, 28.6015537], [84.5516556, 28.6016856], [84.5514357, 28.6017704], [84.5511353, 28.6018834], [84.5509207, 28.6020859], [84.5507705, 28.6022555], [84.5506096, 28.6025663], [84.5505291, 28.6028819], [84.5505184, 28.6032587], [84.550572, 28.6034423], [84.550674, 28.6035695], [84.5507866, 28.6037532], [84.5507759, 28.6038945], [84.5507008, 28.6041441], [84.5505881, 28.6044455], [84.5505452, 28.604794], [84.5504916, 28.6049447], [84.5503575, 28.6054722], [84.5502502, 28.605736], [84.5501214, 28.6061127], [84.5500517, 28.6064283], [84.5499712, 28.6067108], [84.5499444, 28.6069039], [84.5499712, 28.6072524], [84.5500302, 28.6073984], [84.5502019, 28.6076951], [84.5504057, 28.6079447], [84.5505452, 28.6081001], [84.5507652, 28.6084298], [84.5510012, 28.6087359], [84.5511192, 28.6089102], [84.5512158, 28.6091598], [84.5512372, 28.609334], [84.5512479, 28.6094847], [84.5512587, 28.6098003], [84.5512479, 28.6101017], [84.5512319, 28.6102759], [84.5512319, 28.6106291], [84.5512587, 28.6108081], [84.5513016, 28.6109588], [84.5514625, 28.6110577], [84.5516127, 28.610987], [84.5517468, 28.6108128], [84.5518863, 28.6105773], [84.5520097, 28.6104407], [84.5521653, 28.6102194], [84.5523477, 28.6100075], [84.552573, 28.609885], [84.5528305, 28.6098003], [84.5532757, 28.6097814], [84.5535439, 28.6097814], [84.5539731, 28.6098144], [84.5541394, 28.6098662], [84.5544183, 28.6098897], [84.5548475, 28.6098238], [84.5550621, 28.6097956], [84.5552766, 28.6097956], [84.5555448, 28.609805], [84.5558023, 28.6098285], [84.5560169, 28.6098897], [84.5562369, 28.6099934], [84.5564943, 28.6101911], [84.5567143, 28.6103183], [84.5569771, 28.6104125], [84.5572829, 28.6105538], [84.5574546, 28.6106527], [84.5575297, 28.6107374], [84.557535, 28.6109211], [84.5573795, 28.6110812], [84.5572507, 28.6112037], [84.5570201, 28.6113355], [84.5568216, 28.6114203], [84.5565748, 28.6115239], [84.556371, 28.6115757], [84.5561564, 28.6116887], [84.555459, 28.6119996], [84.5550299, 28.6122068], [84.5548797, 28.6122821], [84.5545792, 28.6125176], [84.5543647, 28.6127342], [84.5541823, 28.6129791], [84.5539999, 28.6131863], [84.5537853, 28.6135348], [84.55356, 28.6138927], [84.5532381, 28.614439], [84.5529807, 28.6148345], [84.5526588, 28.6152207], [84.5523584, 28.6154373], [84.5520258, 28.6156822], [84.5518112, 28.6158329], [84.5514357, 28.616106], [84.5511031, 28.6162379], [84.5507812, 28.6163603], [84.5504486, 28.6164733], [84.5502448, 28.6165392], [84.5501804, 28.6166334], [84.5502341, 28.6168406], [84.5504701, 28.6169819], [84.5506847, 28.6170572], [84.5510924, 28.6170572], [84.5512855, 28.6170384], [84.5516181, 28.6170478], [84.5519185, 28.617142], [84.5521438, 28.6172927], [84.5523584, 28.6175941], [84.5524871, 28.6178484], [84.5524442, 28.6182439], [84.5522725, 28.6184794], [84.5520043, 28.6187431], [84.5518005, 28.6189597], [84.551661, 28.6192423], [84.5516503, 28.6196849], [84.5516717, 28.6200239], [84.5517576, 28.6204477], [84.5517361, 28.6207397], [84.5517039, 28.620881], [84.551543, 28.6211353], [84.5514142, 28.6212577], [84.5512211, 28.621399], [84.5509529, 28.6214837], [84.5504057, 28.6214931], [84.5500517, 28.6212859], [84.5499551, 28.6211823], [84.5497405, 28.6209846], [84.5493972, 28.620881], [84.5492256, 28.6208621], [84.5489466, 28.6209752], [84.5488286, 28.6211918], [84.5487749, 28.6213707], [84.5487535, 28.6216438], [84.5487642, 28.6219263], [84.5487857, 28.6221806], [84.5488608, 28.622482], [84.5489788, 28.6226892], [84.5492041, 28.6228775], [84.5493865, 28.6229717], [84.5496762, 28.6231789], [84.5499337, 28.6233013], [84.5501268, 28.6234709], [84.5503306, 28.6237628], [84.5504379, 28.6241207], [84.5504165, 28.6243938], [84.5503521, 28.6246575], [84.5503628, 28.6249306], [84.5503735, 28.6252319], [84.5504057, 28.6254862], [84.5504165, 28.6257122], [84.550395, 28.6258912], [84.5502555, 28.6261266], [84.5501375, 28.6263244], [84.5500195, 28.6265786], [84.5499873, 28.626767], [84.5500302, 28.6269271], [84.5501375, 28.6270872], [84.5502877, 28.6273132], [84.5504486, 28.6275109], [84.5505881, 28.6277558], [84.5507061, 28.6280289], [84.5507705, 28.6283208], [84.5508134, 28.6284997], [84.5508671, 28.6287069], [84.5508993, 28.6289141], [84.5508456, 28.6291401], [84.5507812, 28.629385], [84.5506525, 28.629611], [84.5504808, 28.6297711], [84.547981, 28.629093], [84.5475089, 28.6289518], [84.5472836, 28.6288105], [84.5470369, 28.6285751], [84.5467365, 28.6280948], [84.5465541, 28.6277935], [84.546318, 28.6273979], [84.5461464, 28.6270401], [84.5460069, 28.6264939], [84.5460176, 28.6261925], [84.5461893, 28.6257781], [84.5462108, 28.6254391], [84.5461357, 28.6249023], [84.5459425, 28.6245068], [84.5457065, 28.6241489], [84.5452344, 28.6237251], [84.5449448, 28.6234238], [84.5447194, 28.6231883], [84.5444298, 28.6228116], [84.5441401, 28.6224726], [84.5439041, 28.6220394], [84.5437431, 28.6217003], [84.5437324, 28.6213895], [84.5438504, 28.6210599], [84.5441079, 28.6205796], [84.5442366, 28.6203724], [84.5442366, 28.6201746], [84.5442688, 28.6197979], [84.5442474, 28.6194212], [84.5441186, 28.6191387], [84.5439362, 28.618809], [84.5438075, 28.6184135], [84.5438611, 28.6181215], [84.5440435, 28.6177636], [84.5442903, 28.6173963], [84.5445049, 28.6170007], [84.5446336, 28.6166899], [84.5447838, 28.6161719], [84.544816, 28.6158046], [84.5448375, 28.6155315], [84.5448911, 28.6151077], [84.544934, 28.6147592], [84.5449984, 28.6144201], [84.5452559, 28.6139492], [84.5454597, 28.6136666], [84.5456207, 28.6135254], [84.5458782, 28.6133652], [84.5461249, 28.6132428], [84.5467365, 28.6129791], [84.5472622, 28.6126589], [84.5476055, 28.6122633], [84.5477611, 28.6120043], [84.547863, 28.6118018], [84.5479649, 28.6115945], [84.5480454, 28.6112931], [84.5480722, 28.6110435], [84.5481044, 28.6106103], [84.5480883, 28.6103842], [84.5480078, 28.6101346], [84.5478308, 28.6098521], [84.5475572, 28.6093152], [84.5473748, 28.608962], [84.5472032, 28.6086417], [84.5470101, 28.6082226], [84.5469671, 28.6080578], [84.5469296, 28.6079636], [84.5466775, 28.6077234], [84.5463985, 28.6077093], [84.5462215, 28.6077611], [84.5460659, 28.6078505], [84.5459157, 28.6079636], [84.545728, 28.6081096], [84.5455617, 28.608265], [84.5453578, 28.6084675], [84.5452452, 28.608557], [84.5450413, 28.6086747], [84.5446444, 28.6089714], [84.5445102, 28.609108], [84.5442045, 28.6093717], [84.5439523, 28.6094942], [84.5437914, 28.6095365], [84.5434964, 28.6096072], [84.543196, 28.6096307], [84.5429224, 28.6096307], [84.5427614, 28.6095412], [84.5426381, 28.6094235], [84.5425737, 28.6089855], [84.5425683, 28.6087689], [84.5426488, 28.608524], [84.5427453, 28.6082367], [84.5430779, 28.6078882], [84.5432013, 28.6077281], [84.5433676, 28.6075162], [84.5436841, 28.6073231], [84.5439845, 28.6071582], [84.5442688, 28.6069934], [84.5447087, 28.6067485], [84.5449287, 28.6066496], [84.5452881, 28.6063341], [84.5457333, 28.6058349], [84.5459533, 28.6055005], [84.546082, 28.6053309], [84.5461786, 28.6051802], [84.5462537, 28.60486], [84.5463932, 28.6046245], [84.5466131, 28.6043702], [84.5468223, 28.6041111], [84.5469725, 28.6038898], [84.5472085, 28.6034942], [84.5473266, 28.6032163], [84.5474231, 28.6030797], [84.5475358, 28.6029478], [84.5477825, 28.6027265], [84.5479917, 28.602637], [84.5482492, 28.6025098], [84.5485336, 28.6023874], [84.5487428, 28.6023073], [84.5490217, 28.6021613], [84.5491344, 28.6020954], [84.5493811, 28.6018599], [84.5495206, 28.6015961], [84.5495635, 28.6014407], [84.5494831, 28.601224], [84.5493436, 28.6011581], [84.5491773, 28.6011393], [84.5489842, 28.6011769], [84.548834, 28.6012005], [84.5485765, 28.6012759], [84.5483029, 28.6013653], [84.5479327, 28.6014831], [84.5476592, 28.6015161], [84.5474124, 28.6015066], [84.5471227, 28.6015019], [84.5468599, 28.6013653], [84.546715, 28.6012476], [84.5466345, 28.6010875], [84.5465434, 28.6009179], [84.5464843, 28.6007107], [84.5463127, 28.6005176], [84.5460981, 28.6004469], [84.5458728, 28.6003669], [84.5456797, 28.600315], [84.545331, 28.6003574], [84.5449716, 28.6004187], [84.5448643, 28.6004893], [84.5448267, 28.6005694], [84.5447892, 28.60064], [84.5447409, 28.6008426], [84.5447409, 28.6009838], [84.5447624, 28.601078], [84.544816, 28.6012429], [84.5447677, 28.6014313], [84.5446926, 28.601582], [84.5445263, 28.6017515], [84.5443493, 28.6018646], [84.544183, 28.6019258], [84.5440328, 28.6019588], [84.5438129, 28.6019635], [84.5434374, 28.6019776], [84.5431906, 28.6019117], [84.5430136, 28.6018128], [84.5429385, 28.6016856], [84.5428312, 28.6014124], [84.5427883, 28.6011722], [84.5427561, 28.6008991], [84.5426542, 28.6005741], [84.5425951, 28.600348], [84.5425576, 28.6001973], [84.5425898, 28.5999194], [84.5427293, 28.5996886], [84.5428419, 28.5995521], [84.5431262, 28.5993401], [84.5432979, 28.59918], [84.5434213, 28.5990245], [84.5435339, 28.5989021], [84.5436948, 28.5986713], [84.5438343, 28.5985535], [84.5441079, 28.5984923], [84.5443064, 28.5984217], [84.5445424, 28.5983981], [84.5447624, 28.5983793], [84.5449769, 28.5983699], [84.5451432, 28.5983746], [84.5453471, 28.5984217], [84.5454919, 28.5986336], [84.5455134, 28.5988503], [84.5455724, 28.5990245], [84.5457226, 28.5991517], [84.5460069, 28.5991046], [84.5462483, 28.5989822], [84.5464522, 28.5988597], [84.5465702, 28.5987749], [84.5466345, 28.5986948], [84.5467633, 28.5985112], [84.5468759, 28.5983322], [84.5469832, 28.5981862], [84.547112, 28.5980778], [84.547348, 28.5980543], [84.5475036, 28.5980355], [84.5477128, 28.5980543], [84.5480615, 28.5980778], [84.5484048, 28.5979648], [84.5485872, 28.5978423], [84.5486891, 28.5977529], [84.5488822, 28.5976351], [84.5491236, 28.5975268], [84.5494401, 28.5974797], [84.5496762, 28.5975032], [84.550057, 28.5975409], [84.5507276, 28.5977529], [84.5510226, 28.5978471], [84.5513499, 28.5979789], [84.5515537, 28.5980355], [84.5517093, 28.5980355], [84.551881, 28.5980213], [84.5521223, 28.5979318], [84.5522511, 28.5978565], [84.5524442, 28.597734], [84.5526427, 28.5976539], [84.5528734, 28.5976163], [84.5530772, 28.5975974], [84.5534474, 28.5976163], [84.5536351, 28.5976539], [84.5538926, 28.5976963], [84.5541286, 28.597734], [84.5544666, 28.5977246], [84.5545953, 28.5976963], [84.5548367, 28.5975739], [84.5549762, 28.5974514], [84.5551318, 28.5973007], [84.5553946, 28.5970982], [84.5555341, 28.5969663], [84.555679, 28.5968438], [84.5559204, 28.5966225], [84.5561457, 28.5964293], [84.556269, 28.5961656], [84.556269, 28.5958123], [84.5562422, 28.5954544], [84.5562261, 28.5950163], [84.55621, 28.5946584], [84.5561993, 28.5944747], [84.5562476, 28.5942109], [84.5563227, 28.5940555], [84.5564514, 28.5939047], [84.556548, 28.593787], [84.5566231, 28.5936787], [84.556666, 28.5934855], [84.5566982, 28.5933207], [84.556784, 28.5930287], [84.5568913, 28.5928779], [84.5570201, 28.5927272], [84.5571488, 28.5926189], [84.5573419, 28.5925529], [84.5576262, 28.5925011], [84.5578033, 28.5925529], [84.5579642, 28.5925482], [84.5580822, 28.5924681], [84.5581305, 28.5924116], [84.5580983, 28.5922421], [84.5580125, 28.5920913], [84.5578891, 28.5918935], [84.5577925, 28.5917475], [84.5576423, 28.5915167], [84.5573741, 28.5912246], [84.5572346, 28.5910362], [84.5569879, 28.5905888], [84.556843, 28.5903862], [84.5567679, 28.5902119], [84.5567679, 28.5898963], [84.5568269, 28.5896231], [84.5568752, 28.5892981], [84.5569289, 28.5891238], [84.5570952, 28.5887753], [84.5572025, 28.5885256], [84.5572454, 28.5882147], [84.557417, 28.5878897], [84.5575887, 28.5876683], [84.5577764, 28.5874658], [84.5582646, 28.5871973], [84.5585167, 28.5870842], [84.5588547, 28.5869241], [84.5590693, 28.5868252], [84.5593214, 28.5867357], [84.5595628, 28.5866697], [84.5597827, 28.5866226], [84.5600778, 28.5864766], [84.5602065, 28.58634], [84.5603085, 28.5862034], [84.5603192, 28.5860291], [84.5602387, 28.5858831], [84.5600402, 28.5856805], [84.5598525, 28.5855062], [84.5597076, 28.5853743], [84.5596164, 28.5852236], [84.5595521, 28.58512], [84.5593107, 28.5849221], [84.5591605, 28.5848044], [84.5588118, 28.584696], [84.5586026, 28.5845924], [84.558388, 28.5845123], [84.5580447, 28.5844369], [84.5578194, 28.584404], [84.5575994, 28.5844275], [84.5574278, 28.5844511], [84.5572078, 28.5844322], [84.5570415, 28.5843569], [84.5569342, 28.5842014], [84.5569074, 28.5840224], [84.5569235, 28.5837586], [84.5569771, 28.5836267], [84.5570844, 28.5834948], [84.5572507, 28.5833111], [84.5574009, 28.5832216], [84.5576316, 28.5831509], [84.5578033, 28.5831509], [84.5579481, 28.583198], [84.558168, 28.5833158], [84.5584953, 28.5834948], [84.5587528, 28.5836597], [84.5590424, 28.5839188], [84.5596433, 28.5842061], [84.5599866, 28.5843333], [84.5602816, 28.5844888], [84.5607537, 28.5846866], [84.5611775, 28.5847478], [84.5613491, 28.584729], [84.56173, 28.5846913], [84.5621538, 28.5846725], [84.5624757, 28.584663], [84.5627439, 28.5847243], [84.5629263, 28.5848703], [84.5631891, 28.585379], [84.5634091, 28.5855109], [84.5637685, 28.5860103], [84.5638543, 28.5862976], [84.563967, 28.5865237], [84.5642352, 28.5868676], [84.5644766, 28.5870324], [84.5648897, 28.5872256], [84.5651579, 28.5873622], [84.5654315, 28.5874705], [84.5656997, 28.5875977], [84.5660216, 28.5876825], [84.5664239, 28.5877343], [84.5669711, 28.5877343], [84.5674646, 28.5877343], [84.5678937, 28.5876354], [84.5681298, 28.5875553], [84.5683014, 28.587494], [84.5683765, 28.5874234], [84.5735586, 28.590146], [84.5735425, 28.5902449], [84.5736122, 28.5903391], [84.5738804, 28.5904757], [84.5741647, 28.5906123], [84.5744222, 28.5907819], [84.5746475, 28.591008], [84.5748675, 28.5911399], [84.5751572, 28.5913518], [84.5752913, 28.591512], [84.5754254, 28.5917192], [84.5754468, 28.5918841], [84.5754683, 28.592096], [84.5753986, 28.5923551], [84.57542, 28.5925388], [84.5753825, 28.5928261], [84.5753342, 28.592991], [84.5752752, 28.5930569], [84.5751303, 28.5930805], [84.5749909, 28.5930428], [84.5748782, 28.592991], [84.5747441, 28.5929533], [84.5746797, 28.5929533], [84.5746207, 28.5930098], [84.5746154, 28.5931229], [84.5746636, 28.5932265], [84.5747924, 28.5935656], [84.5749748, 28.5938341], [84.5751625, 28.5941638], [84.5754093, 28.5945171], [84.5756024, 28.5948044], [84.5757526, 28.5952377], [84.5759404, 28.5955062], [84.5761549, 28.5957841], [84.5766646, 28.5960855], [84.5770884, 28.5963964], [84.5773995, 28.596679], [84.57748, 28.5968721], [84.57748, 28.5969851], [84.5774102, 28.5972772], [84.5774049, 28.5975079], [84.5774478, 28.5977858], [84.577496, 28.5980119], [84.5774907, 28.5981956], [84.5774531, 28.598351], [84.5772976, 28.5986054], [84.5771742, 28.5989115], [84.5769918, 28.5991705], [84.5768094, 28.5994343], [84.5766485, 28.5996415], [84.5764983, 28.5998252], [84.5763802, 28.5999618], [84.5761496, 28.6001172], [84.5759404, 28.6002915], [84.5756561, 28.6004987], [84.5754629, 28.6006494], [84.5752966, 28.6007295], [84.5751411, 28.6007578], [84.575023, 28.600706], [84.5749909, 28.6006212], [84.575023, 28.6004987], [84.5751142, 28.6003527], [84.5752269, 28.6001785], [84.5753503, 28.5999948], [84.5754147, 28.5998299], [84.5755005, 28.5996086], [84.5755863, 28.5994343], [84.5756936, 28.5992459], [84.5757043, 28.5990622], [84.575699, 28.5989115], [84.5756507, 28.5987467], [84.5756775, 28.5985535], [84.5757365, 28.5983934], [84.5758384, 28.5982474], [84.5758867, 28.5981768], [84.5758921, 28.5980355], [84.5758545, 28.5978235], [84.5758331, 28.5976634], [84.5758116, 28.5974985], [84.575817, 28.5972866], [84.5758223, 28.5971076], [84.5758277, 28.5969192], [84.5757526, 28.5968062], [84.5756346, 28.5967261], [84.5754629, 28.5967025], [84.5752698, 28.5967167], [84.575023, 28.5966837], [84.5748031, 28.5965942], [84.5746207, 28.596533], [84.5744276, 28.596467], [84.5742023, 28.5964011], [84.574036, 28.5964152], [84.5739502, 28.5964764], [84.5738482, 28.5965942], [84.5736712, 28.5966884], [84.5735478, 28.5967308], [84.5732313, 28.5967167], [84.5730597, 28.5966696], [84.5729524, 28.5965989], [84.5728934, 28.5964717], [84.5729148, 28.5963446], [84.5729524, 28.5962409], [84.5729846, 28.5961185], [84.5729256, 28.5959207], [84.5727593, 28.5958406], [84.5724159, 28.5958359], [84.5721853, 28.5958029], [84.5719975, 28.5957181], [84.5717829, 28.5956098], [84.5715201, 28.5953931], [84.5714074, 28.5953036], [84.5712572, 28.595233], [84.571107, 28.5951435], [84.5709354, 28.5950163], [84.5708442, 28.5948468], [84.5707315, 28.5946489], [84.570592, 28.5944888], [84.5701307, 28.5943051], [84.5699108, 28.594225], [84.5696318, 28.5941638], [84.5692885, 28.5941073], [84.5688593, 28.5940743], [84.5685267, 28.5940508], [84.568339, 28.5940366], [84.568119, 28.5940743], [84.5679206, 28.5941355], [84.5677382, 28.5942297], [84.5675719, 28.5943239], [84.5673895, 28.594404], [84.5672446, 28.5944323], [84.567073, 28.594437], [84.5668745, 28.5944181], [84.5667028, 28.5943475], [84.5665151, 28.5942957], [84.5661879, 28.5941355], [84.565984, 28.5940178], [84.5659035, 28.5939189], [84.5658767, 28.5938058], [84.565866, 28.5937022], [84.5658714, 28.593575], [84.5658445, 28.5933301], [84.5657211, 28.5930098], [84.5656836, 28.5929156], [84.5655763, 28.5927366], [84.5654476, 28.5926094], [84.5653349, 28.5925482], [84.5652008, 28.5925058], [84.5650077, 28.5924163], [84.5648897, 28.5923504], [84.5646912, 28.5922609], [84.5642996, 28.5921573], [84.5641226, 28.5922044], [84.5639777, 28.5922844], [84.5638812, 28.5924352], [84.5637631, 28.5926424], [84.5637202, 28.5928261], [84.563688, 28.592958], [84.5635647, 28.5930428], [84.5634144, 28.5931417], [84.5632267, 28.593283], [84.5630658, 28.5933819], [84.5629209, 28.5934667], [84.5628244, 28.5934714], [84.5626581, 28.5934243], [84.562524, 28.5933348], [84.5623523, 28.5932453], [84.5622128, 28.5932029], [84.5619982, 28.5931935], [84.5618212, 28.5931888], [84.5616174, 28.5931888], [84.561317, 28.5931794], [84.5610809, 28.59317], [84.5609361, 28.5931464], [84.5608234, 28.5931652], [84.5607376, 28.5932076], [84.5606732, 28.5932736], [84.5605928, 28.5933631], [84.5605016, 28.593429], [84.5604479, 28.5934903], [84.5604265, 28.5935703], [84.5604265, 28.5936598], [84.5604372, 28.5937399], [84.5604908, 28.5938671], [84.5605391, 28.5939471], [84.5606357, 28.5940413], [84.5607752, 28.5941026], [84.5609254, 28.5941403], [84.5610917, 28.5941732], [84.5612419, 28.5942015], [84.561435, 28.5942627], [84.5615852, 28.5943239], [84.5616764, 28.5944511], [84.5617032, 28.5945595], [84.5616978, 28.5947714], [84.5616764, 28.5948844], [84.5616281, 28.5950069], [84.5615852, 28.5950776], [84.5615047, 28.5951718], [84.5613491, 28.5952848], [84.561215, 28.595346], [84.5611024, 28.5953649], [84.5609629, 28.5953884], [84.5608288, 28.5954214], [84.560684, 28.5954779], [84.5606303, 28.5955627], [84.5605284, 28.5956381], [84.5604908, 28.5958123], [84.5604908, 28.5959866], [84.5604908, 28.596208], [84.5606035, 28.596467], [84.5606786, 28.5965989], [84.5607752, 28.5967308], [84.5608932, 28.5968485], [84.5610541, 28.5970087], [84.5612097, 28.5971924], [84.5613867, 28.597296], [84.5616656, 28.5974043], [84.5619982, 28.5974326], [84.5623523, 28.5974137], [84.5624542, 28.5973666], [84.5626581, 28.5972772], [84.5627654, 28.59715], [84.562878, 28.5970134], [84.5629209, 28.5969286], [84.5630175, 28.5967543], [84.5630872, 28.5966554], [84.563216, 28.5965706], [84.5633233, 28.5965471], [84.5635647, 28.5965235], [84.5638221, 28.5965235], [84.5641279, 28.5965188], [84.5643747, 28.5964859], [84.5646536, 28.5964576], [84.5648789, 28.5965094], [84.5651257, 28.5965377], [84.5653027, 28.596533], [84.5657587, 28.596387], [84.5658553, 28.596321], [84.5660162, 28.5962409], [84.5663434, 28.596142], [84.5667189, 28.5961703], [84.5669872, 28.5962551], [84.5671213, 28.5963728], [84.5673037, 28.5966177], [84.5674378, 28.5969145], [84.5674431, 28.5970134], [84.5674431, 28.5971029], [84.5673788, 28.597263], [84.5673251, 28.5974184], [84.5672125, 28.5976445], [84.5671481, 28.5978471], [84.5670998, 28.5981014], [84.5670247, 28.5983086], [84.5669657, 28.5986807], [84.5669657, 28.5987985], [84.5669657, 28.5990104], [84.5669657, 28.5992176], [84.5669657, 28.5994908], [84.5669603, 28.5997499], [84.5669603, 28.5999712], [84.5669603, 28.6002774], [84.5669603, 28.6004281], [84.5669281, 28.6006589], [84.5669067, 28.6010262], [84.5669174, 28.6014784], [84.5669281, 28.6016291], [84.5669442, 28.6018269], [84.5670354, 28.6021283], [84.5671213, 28.6023685], [84.5674109, 28.6027689], [84.5675021, 28.602863], [84.5678347, 28.603108], [84.568001, 28.6032445], [84.5681298, 28.6034282], [84.5682102, 28.6035695], [84.5682907, 28.603805], [84.5683122, 28.6040028], [84.5683068, 28.6042618], [84.5683068, 28.6044408], [84.5682424, 28.6046056], [84.568119, 28.6048411], [84.5681351, 28.6050483], [84.568221, 28.6052226], [84.5683068, 28.6054345], [84.5683765, 28.6056841], [84.5683873, 28.6058019], [84.5683926, 28.6060421], [84.5684731, 28.606367], [84.5685214, 28.6066402], [84.5685804, 28.6069416], [84.5686877, 28.6071441], [84.5688969, 28.6075115], [84.5691812, 28.6079212], [84.5694119, 28.6082132], [84.5696801, 28.6085052], [84.5700663, 28.6089384], [84.5702112, 28.6092398], [84.5703721, 28.6095036], [84.5704901, 28.6097108], [84.5707315, 28.6100546], [84.5710051, 28.6104784], [84.571166, 28.6107657], [84.5713377, 28.6110483], [84.5716006, 28.611458], [84.5718634, 28.6119148], [84.5720619, 28.6122209], [84.5723087, 28.6127577], [84.5724589, 28.6130168], [84.5725286, 28.6132145], [84.5725554, 28.6135772], [84.5725501, 28.6137844], [84.5725715, 28.6140057], [84.5726359, 28.6142365], [84.5727378, 28.6144154], [84.5729417, 28.6145661], [84.5731401, 28.6146273], [84.5733976, 28.6146226], [84.5735747, 28.6145143], [84.5737141, 28.6143165], [84.5737892, 28.6141093], [84.5739502, 28.613888], [84.5742023, 28.6137797], [84.5743632, 28.6137985], [84.5747226, 28.6138786], [84.5752162, 28.6141517], [84.5753235, 28.61426], [84.5757365, 28.6146791], [84.5758706, 28.6148816], [84.5760423, 28.6149805], [84.5763159, 28.6151406], [84.5764983, 28.615329], [84.5765841, 28.6156633], [84.5765948, 28.6158658], [84.5765412, 28.6160966], [84.576391, 28.6164451], [84.5763051, 28.6166381], [84.5761871, 28.61685], [84.5761442, 28.6170761], [84.5761013, 28.6173916], [84.5761174, 28.6178248], [84.5761388, 28.6181027], [84.5762783, 28.6184747], [84.57645, 28.6188561], [84.5765305, 28.619068], [84.5766592, 28.619473], [84.5767128, 28.6198215], [84.5768255, 28.6200475], [84.576863, 28.6203489], [84.5768952, 28.6204854], [84.5770186, 28.6206879], [84.5771742, 28.6210505], [84.5773458, 28.6214931], [84.577437, 28.6216862], [84.5775765, 28.6218934], [84.5776784, 28.6220864], [84.5778447, 28.6223643], [84.578011, 28.6227174], [84.5781934, 28.6230188], [84.5783114, 28.6234379], [84.5784831, 28.624229], [84.5786172, 28.6247516], [84.5789176, 28.6254956], [84.5791107, 28.6260089], [84.5793575, 28.6266775], [84.5795613, 28.6271813], [84.5798349, 28.6278029], [84.5800173, 28.6282784], [84.5802748, 28.6287116], [84.580543, 28.6291684], [84.5807952, 28.6295874], [84.5809454, 28.629917], [84.5811439, 28.6303172], [84.5813209, 28.6306657], [84.5815837, 28.6311036], [84.5817822, 28.631419], [84.5820022, 28.631758], [84.5821524, 28.6320594], [84.5823133, 28.6323654], [84.5825815, 28.6327091], [84.5827585, 28.6328881], [84.5831662, 28.6333024], [84.5834237, 28.6336696], [84.5836061, 28.6339004], [84.5839709, 28.6342911], [84.5843089, 28.6346631], [84.5848077, 28.6350869], [84.5852584, 28.6354023], [84.5857519, 28.6358543], [84.5861381, 28.6361745], [84.5865512, 28.6365276], [84.5871198, 28.6369702], [84.5876884, 28.637295], [84.5882195, 28.6375728], [84.5885628, 28.6378223], [84.5890135, 28.6382084], [84.589346, 28.6385003], [84.5898503, 28.6388723], [84.5900917, 28.6390935], [84.5903653, 28.6393007], [84.5906764, 28.6394843], [84.5912987, 28.6398092], [84.5915347, 28.6400822], [84.5917815, 28.6404024], [84.5920712, 28.6407131], [84.5923769, 28.6410474], [84.5927149, 28.6414287], [84.5930099, 28.6418289], [84.5932782, 28.6421491], [84.5935947, 28.6424551], [84.5940399, 28.6428317], [84.5942545, 28.6430577], [84.5946622, 28.6433166], [84.595145, 28.643698], [84.5957351, 28.6440181], [84.5963144, 28.6443994], [84.5970064, 28.6448137], [84.5973015, 28.645035], [84.5977843, 28.6453928], [84.5982456, 28.6456753], [84.598605, 28.6460095], [84.5988089, 28.6463202], [84.5991254, 28.6465933], [84.5994204, 28.6468287], [84.5997584, 28.6470594], [84.599871, 28.6472053], [84.5998871, 28.6474219], [84.5998603, 28.6475443], [84.5998174, 28.6477608], [84.5996726, 28.6480197], [84.5995009, 28.6482222], [84.5992219, 28.6484481], [84.5990127, 28.6486788], [84.598766, 28.6489754], [84.5985031, 28.6490884], [84.598251, 28.6491166], [84.5978379, 28.649046], [84.5975375, 28.6489754], [84.5971566, 28.6489095], [84.5968509, 28.6488342], [84.5965451, 28.6487353], [84.5960301, 28.648627], [84.5958048, 28.6485376], [84.5955527, 28.6483681], [84.5953166, 28.648208], [84.5949948, 28.6479915], [84.5945924, 28.647709], [84.5943028, 28.6475396], [84.59382, 28.6473136], [84.5936376, 28.6471629], [84.5934391, 28.6469511], [84.5932943, 28.6467722], [84.593128, 28.646565], [84.5929617, 28.6464285], [84.5927203, 28.6462308], [84.5925218, 28.6460943], [84.5922804, 28.6459012], [84.5921355, 28.64576], [84.5920336, 28.6456894], [84.5918673, 28.6455529], [84.591701, 28.645421], [84.5915937, 28.6452516], [84.5914167, 28.6450256], [84.5912129, 28.6448514], [84.5909232, 28.6444418], [84.5907301, 28.6442676], [84.5905209, 28.6441593], [84.5902955, 28.6440887], [84.5900166, 28.6439428], [84.5896947, 28.6437592], [84.5893729, 28.6435614], [84.5889008, 28.6433308], [84.5886058, 28.6431566], [84.5882195, 28.6429729], [84.5879352, 28.642794], [84.5877314, 28.6426057], [84.5873666, 28.642328], [84.5870876, 28.6420879], [84.586857, 28.6418007], [84.5867175, 28.6416312], [84.5864922, 28.6414334], [84.5862722, 28.6413157], [84.5859235, 28.641151], [84.585489, 28.6409438], [84.5852047, 28.640666], [84.5848775, 28.6403835], [84.5846254, 28.6400728], [84.5843893, 28.6397527], [84.5842767, 28.6395738], [84.5840621, 28.6392536], [84.5836759, 28.6387922], [84.5834023, 28.638425], [84.5832413, 28.6381802], [84.5829678, 28.6379353], [84.5826834, 28.6375869], [84.5824528, 28.6374174], [84.5821738, 28.6372338], [84.5818949, 28.6370502], [84.5815891, 28.6368148], [84.5812672, 28.6364193], [84.5810258, 28.6362404], [84.5808488, 28.636118], [84.580543, 28.6358496], [84.5803446, 28.635666], [84.5800602, 28.6353458], [84.5798188, 28.6350869], [84.5795721, 28.634875], [84.5794541, 28.6346631], [84.5793468, 28.6344983], [84.5791644, 28.6341734], [84.5790571, 28.6339569], [84.5789123, 28.633745], [84.5787138, 28.6334295], [84.578585, 28.6332082], [84.5784885, 28.6329728], [84.5782953, 28.6326668], [84.578113, 28.6324455], [84.5778662, 28.6322195], [84.5776516, 28.6320688], [84.5773458, 28.6318145], [84.5771527, 28.6315697], [84.5770401, 28.6314002], [84.5768523, 28.6311977], [84.5766592, 28.6309388], [84.5765251, 28.6307787], [84.576391, 28.6306092], [84.5760852, 28.6303172], [84.575876, 28.6297852], [84.5756829, 28.6294273], [84.5755166, 28.6290036], [84.5754951, 28.6286928], [84.5753771, 28.6282361], [84.5752805, 28.6279206], [84.574964, 28.6274168], [84.5748192, 28.6271342], [84.574728, 28.6269318], [84.5746475, 28.626734], [84.574551, 28.6265174], [84.5744866, 28.6262961], [84.5744115, 28.6259712], [84.5743364, 28.6256698], [84.5742345, 28.6252743], [84.574095, 28.6248411], [84.5739716, 28.6245868], [84.5738161, 28.6242713], [84.573639, 28.6239464], [84.5734727, 28.6236498], [84.5733333, 28.6232637], [84.5730758, 28.6229152], [84.5728719, 28.6225856], [84.5726895, 28.6222183], [84.5725071, 28.6219263], [84.5723784, 28.6214743], [84.5722711, 28.6212106], [84.5720673, 28.6208621], [84.5719707, 28.6206738], [84.571681, 28.6203159], [84.571445, 28.6200239], [84.5711124, 28.6196472], [84.5708012, 28.6193458], [84.570415, 28.6190916], [84.5698786, 28.618696], [84.569385, 28.6183287], [84.5691061, 28.6181027], [84.5688486, 28.617886], [84.5686555, 28.6177636], [84.5683336, 28.6174246], [84.5680761, 28.6172079], [84.5674968, 28.6167559], [84.5671749, 28.6163038], [84.5669067, 28.6158235], [84.5665526, 28.6152866], [84.5663381, 28.6149476], [84.5661771, 28.6147027], [84.5659304, 28.6142223], [84.565866, 28.614034], [84.5658553, 28.6136478], [84.5657694, 28.6131957], [84.5657051, 28.6128566], [84.5654368, 28.6126871], [84.5652437, 28.6125741], [84.5649218, 28.6124705], [84.5646, 28.6122539], [84.5643854, 28.611943], [84.5642567, 28.6116511], [84.5640635, 28.6111942], [84.5639509, 28.6109494], [84.5638061, 28.610761], [84.5636719, 28.6105867], [84.5635217, 28.6103277]]]}, "properties": {"external_id": "osm:way/480685102", "name": "", "name_ne": "", "area_km2": 7.63}}, {"type": "Feature", "geometry": {"type": "Polygon", "coordinates": [[[84.539237, 28.5989822], [84.5392142, 28.5989735], [84.5389902, 28.598888], [84.5388186, 28.5986807], [84.5385933, 28.5982097], [84.5385611, 28.5978424], [84.5384323, 28.5975409], [84.5381963, 28.5973243], [84.5379388, 28.5971641], [84.5374882, 28.5969757], [84.5370483, 28.5967308], [84.5367479, 28.5964859], [84.5364582, 28.5960997], [84.5362329, 28.5958641], [84.5358467, 28.5956852], [84.5354605, 28.5955439], [84.5348918, 28.5953366], [84.5345271, 28.5952142], [84.5342947, 28.5951326], [84.5339906, 28.5950258], [84.5336795, 28.5949975], [84.5333147, 28.5950163], [84.5329821, 28.5950917], [84.5326602, 28.5950917], [84.5324993, 28.5949598], [84.5324993, 28.5947997], [84.5326817, 28.5943852], [84.5328748, 28.5941214], [84.5331216, 28.5938671], [84.5333469, 28.5936033], [84.5335722, 28.5933018], [84.5338189, 28.5931511], [84.5341515, 28.5930569], [84.5343876, 28.5930569], [84.534806, 28.5932171], [84.5350099, 28.5935185], [84.5352888, 28.5937446], [84.5354605, 28.5939142], [84.5358574, 28.5941874], [84.536351, 28.5942533], [84.5366621, 28.5943098], [84.5369303, 28.5941591], [84.5373917, 28.5937446], [84.5377028, 28.5934714], [84.5381427, 28.5933207], [84.5389044, 28.5933207], [84.5393765, 28.5933395], [84.5403743, 28.5936787], [84.5410609, 28.5942816], [84.5414472, 28.5946866], [84.5416617, 28.5950729], [84.5420158, 28.5953649], [84.5423591, 28.595591], [84.5429063, 28.5956663], [84.5431745, 28.5956663], [84.5434427, 28.5955815], [84.5436358, 28.5953837], [84.5435285, 28.59512], [84.5432174, 28.5946207], [84.5430779, 28.5943004], [84.5427668, 28.5937634], [84.5426488, 28.5934432], [84.5424878, 28.5932265], [84.5422411, 28.5930569], [84.5418763, 28.5928591], [84.5414364, 28.5927272], [84.5411253, 28.5925482], [84.5406854, 28.5922091], [84.5403421, 28.5920489], [84.5400309, 28.5919453], [84.5394409, 28.5919642], [84.5389259, 28.5920866], [84.5385826, 28.5921808], [84.5382178, 28.5923033], [84.5375419, 28.5924069], [84.5371663, 28.5924069], [84.5366514, 28.592341], [84.5362008, 28.5921808], [84.5360291, 28.5919924], [84.5360076, 28.5917286], [84.5361364, 28.5914366], [84.5362544, 28.591267], [84.5365226, 28.5909279], [84.5367908, 28.5906547], [84.5371342, 28.590438], [84.5374346, 28.5902025], [84.5376706, 28.5899764], [84.5378637, 28.5896184], [84.5379388, 28.5891945], [84.5379496, 28.5885351], [84.5378852, 28.5881488], [84.5378208, 28.5879039], [84.5376706, 28.5875647], [84.5374775, 28.5873009], [84.5372736, 28.58699], [84.5370805, 28.5866886], [84.5368552, 28.5863965], [84.5364797, 28.5859443], [84.5362222, 28.5855769], [84.5360613, 28.5852095], [84.5359969, 28.5848892], [84.5359754, 28.584663], [84.5360827, 28.5844935], [84.53619, 28.5842768], [84.5364261, 28.5839753], [84.5366514, 28.5837209], [84.5368767, 28.5834948], [84.5371449, 28.5833064], [84.5374346, 28.5829672], [84.5376384, 28.5827317], [84.5379281, 28.5823737], [84.5381641, 28.5820911], [84.538368, 28.5817896], [84.5387006, 28.5813279], [84.5388079, 28.5809322], [84.5389581, 28.5803292], [84.5390332, 28.579943], [84.5391083, 28.5792269], [84.5391405, 28.5789443], [84.5391941, 28.5784355], [84.539355, 28.5779079], [84.5396554, 28.577418], [84.5398915, 28.5770788], [84.5400739, 28.5767679], [84.5402133, 28.5762968], [84.5402241, 28.5759858], [84.5402026, 28.5756655], [84.5402348, 28.5752886], [84.5405996, 28.5746197], [84.5407712, 28.5742993], [84.5411146, 28.5737717], [84.5412648, 28.5735173], [84.5416295, 28.5730273], [84.5418763, 28.5728672], [84.5421338, 28.5726976], [84.5426273, 28.5722736], [84.543196, 28.5717082], [84.5433569, 28.5712371], [84.5433569, 28.5707566], [84.5433462, 28.5704645], [84.543196, 28.5700216], [84.5430243, 28.5696541], [84.5427453, 28.5693244], [84.5422625, 28.5689757], [84.5418548, 28.5688061], [84.5413828, 28.5685611], [84.5412004, 28.5683821], [84.5411897, 28.5681089], [84.5412433, 28.5678544], [84.5414257, 28.5675718], [84.5414901, 28.5673927], [84.5416832, 28.5670912], [84.5417905, 28.5668179], [84.5418548, 28.5665824], [84.5418548, 28.5663845], [84.5417583, 28.5662337], [84.5414257, 28.5660924], [84.5411897, 28.566017], [84.5409429, 28.5659887], [84.5404279, 28.5659228], [84.5400953, 28.5658003], [84.5395911, 28.5657532], [84.5389581, 28.565772], [84.5384753, 28.5657814], [84.5381427, 28.5658474], [84.5377993, 28.5660547], [84.537338, 28.5665635], [84.5371449, 28.5668462], [84.5367479, 28.5672891], [84.5365763, 28.5674116], [84.5352888, 28.5678073], [84.5344198, 28.5680806], [84.5339048, 28.5682031], [84.5337868, 28.5682973], [84.5336795, 28.5684858], [84.5337009, 28.5686742], [84.5338511, 28.5689003], [84.5340979, 28.5692396], [84.534173, 28.5694469], [84.5340872, 28.5695788], [84.5338619, 28.5696353], [84.5336258, 28.5696165], [84.5330894, 28.5695599], [84.5325529, 28.5696259], [84.532156, 28.5698049], [84.531759, 28.5698709], [84.5313942, 28.5700122], [84.5311046, 28.5701347], [84.5308363, 28.5703137], [84.5305788, 28.570587], [84.5303857, 28.5708225], [84.5302784, 28.5713973], [84.5302248, 28.5718024], [84.5301604, 28.5722076], [84.5301497, 28.5725562], [84.5300639, 28.5731121], [84.5300102, 28.5735832], [84.529978, 28.5739224], [84.529978, 28.5742805], [84.5299995, 28.5744406], [84.5300639, 28.5746197], [84.5302033, 28.5747893], [84.5302033, 28.5750908], [84.5300531, 28.5752698], [84.5298815, 28.575298], [84.5292914, 28.5754394], [84.5290553, 28.5755148], [84.52883, 28.5756749], [84.5286047, 28.5758539], [84.5284223, 28.5761083], [84.5281112, 28.576391], [84.5278537, 28.5765135], [84.5275319, 28.5767584], [84.5270169, 28.5768903], [84.5263195, 28.5772484], [84.5259011, 28.5774839], [84.5253003, 28.577889], [84.524914, 28.5782565], [84.5243883, 28.5785957], [84.524045, 28.5790291], [84.523766, 28.5794813], [84.5236587, 28.5798582], [84.5236373, 28.5803387], [84.5236266, 28.5806873], [84.5234978, 28.5810924], [84.523251, 28.5814127], [84.522779, 28.5819497], [84.5224893, 28.582402], [84.5223927, 28.5826846], [84.5222962, 28.5831086], [84.522146, 28.5833252], [84.522028, 28.5834854], [84.5216954, 28.5839941], [84.5212984, 28.5844558], [84.5205045, 28.5850682], [84.5199251, 28.5854827], [84.5193136, 28.5859255], [84.5190775, 28.5862081], [84.5185411, 28.5867451], [84.5180154, 28.5871313], [84.5177257, 28.5874328], [84.5172429, 28.5881394], [84.5168674, 28.5883937], [84.5161915, 28.5885633], [84.5158267, 28.5885633], [84.5154405, 28.5885351], [84.5149898, 28.5884879], [84.5146143, 28.5884032], [84.5142496, 28.5884503], [84.5140135, 28.5885445], [84.5137989, 28.5886858], [84.513402, 28.5889967], [84.5128977, 28.5892416], [84.5122754, 28.58943], [84.5119429, 28.5895431], [84.5114922, 28.5898351], [84.5108914, 28.5904757], [84.5105266, 28.5909185], [84.5100117, 28.591333], [84.5094859, 28.5917286], [84.5092606, 28.5918888], [84.5089066, 28.5923221], [84.5086169, 28.5927084], [84.5084238, 28.5929816], [84.5079839, 28.5935939], [84.5077157, 28.5940178], [84.5074153, 28.5943663], [84.5070827, 28.5947903], [84.5067394, 28.5951388], [84.5062244, 28.5955627], [84.5058918, 28.5958641], [84.5056772, 28.5960902], [84.5056021, 28.5963446], [84.5056128, 28.5968156], [84.5056343, 28.5972583], [84.5057094, 28.5975692], [84.5058596, 28.5978329], [84.5061278, 28.5979931], [84.5064819, 28.5980967], [84.5067286, 28.5980967], [84.5071471, 28.5979931], [84.5074797, 28.5978235], [84.5079303, 28.5975503], [84.5083809, 28.5972112], [84.5092821, 28.5964482], [84.5098078, 28.5960243], [84.5101941, 28.5956475], [84.5106554, 28.595054], [84.5109558, 28.5946584], [84.5112777, 28.5943381], [84.511621, 28.5940932], [84.5122433, 28.5937258], [84.5126939, 28.5934903], [84.5133698, 28.5930852], [84.5140993, 28.5926047], [84.514668, 28.5922656], [84.5152688, 28.5918699], [84.5156228, 28.5916344], [84.5166957, 28.5911351], [84.5171249, 28.5909185], [84.5175326, 28.5907489], [84.5178223, 28.5906453], [84.5182836, 28.5906924], [84.5185733, 28.5910692], [84.5186376, 28.5912953], [84.5185947, 28.591512], [84.5185304, 28.5917381], [84.5186376, 28.5920489], [84.5187449, 28.5921243], [84.5190239, 28.592162], [84.5193243, 28.592162], [84.5196783, 28.5920489], [84.5201611, 28.5918323], [84.5205045, 28.5917004], [84.5210945, 28.5915402], [84.5214808, 28.5915025], [84.5216524, 28.5915025], [84.5216846, 28.5916439], [84.521513, 28.5918605], [84.5213091, 28.5919547], [84.5209873, 28.5920207], [84.5207834, 28.5920584], [84.5202362, 28.5921902], [84.5198715, 28.5922656], [84.5196783, 28.5923504], [84.519453, 28.5924917], [84.5191741, 28.592746], [84.5191526, 28.5928403], [84.5191848, 28.5930852], [84.5193028, 28.593349], [84.5194316, 28.5934997], [84.5195603, 28.593641], [84.5198285, 28.5937729], [84.5203221, 28.5938105], [84.5207405, 28.5938011], [84.5211375, 28.5939518], [84.5214379, 28.5940932], [84.5216846, 28.5942345], [84.5218992, 28.5943381], [84.5221031, 28.5944229], [84.5221352, 28.5946113], [84.521985, 28.5948185], [84.5217705, 28.5950069], [84.5215559, 28.5951859], [84.5212018, 28.5954026], [84.5210087, 28.5956475], [84.5208585, 28.5958736], [84.5207727, 28.5962692], [84.5204615, 28.5965518], [84.5200324, 28.5968627], [84.5196462, 28.5970605], [84.5189595, 28.5972583], [84.5185625, 28.5973808], [84.5180797, 28.5974938], [84.5176291, 28.5975974], [84.5171893, 28.5977011], [84.5169103, 28.597767], [84.5163202, 28.5979742], [84.5158374, 28.5981155], [84.5155048, 28.5982191], [84.5151722, 28.5984452], [84.5151079, 28.5986148], [84.5150649, 28.598888], [84.5150649, 28.5990952], [84.5150649, 28.5992742], [84.5149469, 28.5994626], [84.5148182, 28.5996133], [84.5146036, 28.5998299], [84.514507, 28.6000843], [84.514507, 28.6003386], [84.51455, 28.6005458], [84.5146251, 28.600998], [84.5145821, 28.6012146], [84.5145714, 28.6014407], [84.5146251, 28.6017327], [84.5148075, 28.6019588], [84.5149791, 28.6021566], [84.5151293, 28.6023638], [84.5153332, 28.6025616], [84.5155907, 28.6026935], [84.5159125, 28.6026935], [84.516052, 28.6026181], [84.5161807, 28.6025334], [84.5167386, 28.6023544], [84.516921, 28.6022508], [84.5171463, 28.6021095], [84.5173502, 28.6020718], [84.5175648, 28.6021283], [84.5177364, 28.6022885], [84.5179725, 28.6024015], [84.5181763, 28.6025051], [84.5184123, 28.6026276], [84.518584, 28.6027029], [84.5188093, 28.6026935], [84.5189381, 28.6025522], [84.5190346, 28.602458], [84.5193779, 28.6024392], [84.5196247, 28.6025993], [84.520086, 28.6026652], [84.5204401, 28.6026276], [84.5207512, 28.6025334], [84.5210194, 28.6024015], [84.5214379, 28.6022131], [84.5220172, 28.6019776], [84.5226502, 28.6019494], [84.5229399, 28.6019023], [84.5232725, 28.6017798], [84.5238197, 28.6015443], [84.5243883, 28.6013842], [84.5249033, 28.601111], [84.5251822, 28.6008661], [84.5253861, 28.60064], [84.5257509, 28.6001879], [84.526062, 28.5997452], [84.526341, 28.5995473], [84.5269418, 28.5992836], [84.5273924, 28.5991423], [84.5278966, 28.5990764], [84.5284331, 28.5990764], [84.5288515, 28.5991046], [84.5291412, 28.5992082], [84.5294845, 28.5992742], [84.5297527, 28.5993495], [84.5299244, 28.5994343], [84.530139, 28.5995662], [84.5302355, 28.5997734], [84.5302892, 28.6000183], [84.530375, 28.6001973], [84.5304823, 28.6003103], [84.5306325, 28.6003763], [84.5306861, 28.6004658], [84.5306593, 28.6005458], [84.5305949, 28.6005882], [84.5304286, 28.6006165], [84.5302838, 28.6006165], [84.5301068, 28.6005741], [84.5299619, 28.6004658], [84.5298546, 28.6003951], [84.529742, 28.6003433], [84.5295972, 28.6002585], [84.5294791, 28.600235], [84.5293128, 28.6002256], [84.5290661, 28.6002868], [84.528873, 28.6003669], [84.5287335, 28.6004752], [84.5285726, 28.6006024], [84.5284545, 28.6007201], [84.5283687, 28.6009367], [84.528358, 28.6010686], [84.5283419, 28.6012146], [84.52824, 28.6013653], [84.5281219, 28.6015349], [84.5280683, 28.6016715], [84.5281005, 28.6018646], [84.52824, 28.6019446], [84.5284545, 28.6019446], [84.5286316, 28.6019776], [84.5288032, 28.6020483], [84.5289695, 28.6021189], [84.5291197, 28.6022037], [84.5291948, 28.6023026], [84.5293075, 28.6025428], [84.5293719, 28.602604], [84.529624, 28.6026982], [84.5298707, 28.6029007], [84.5300102, 28.6030985], [84.530096, 28.603221], [84.5302033, 28.6034565], [84.5302999, 28.6037014], [84.5303106, 28.6038615], [84.5305037, 28.6042571], [84.5306647, 28.6045868], [84.5309007, 28.6049353], [84.5309436, 28.6052273], [84.5308578, 28.6056512], [84.5308256, 28.6058678], [84.5306432, 28.6060562], [84.5304394, 28.6062258], [84.5301819, 28.6064895], [84.5298064, 28.6066873], [84.5295167, 28.6069039], [84.5293879, 28.6070075], [84.5292485, 28.6072242], [84.5291626, 28.6074691], [84.5291304, 28.6076009], [84.5290446, 28.6077799], [84.5290339, 28.6079306], [84.5289481, 28.6080813], [84.5288193, 28.6082509], [84.5286906, 28.608298], [84.5284438, 28.6083168], [84.5280898, 28.6083356], [84.527961, 28.6084016], [84.5279288, 28.6085146], [84.5280576, 28.6086465], [84.52824, 28.6087595], [84.5285511, 28.6089196], [84.5289266, 28.6090326], [84.5292914, 28.6091457], [84.5298171, 28.6092964], [84.5303213, 28.6093623], [84.530772, 28.6093435], [84.531126, 28.6093529], [84.5314264, 28.6092493], [84.5318127, 28.6090326], [84.5320809, 28.6089102], [84.5322418, 28.608816], [84.5326602, 28.6086276], [84.533422, 28.6084204], [84.5338082, 28.6083356], [84.5343339, 28.6083168], [84.5345914, 28.6083074], [84.5351601, 28.6081472], [84.5354068, 28.6080907], [84.5355999, 28.6079918], [84.5357931, 28.60786], [84.535895, 28.6078082], [84.5360076, 28.6077328], [84.5361257, 28.6076527], [84.5363349, 28.6075162], [84.5364743, 28.6073984], [84.5365924, 28.6072901], [84.5368177, 28.6071865], [84.5371234, 28.6069086], [84.5374721, 28.6067862], [84.5378101, 28.6065695], [84.5380193, 28.6064188], [84.5382607, 28.6062305], [84.5384109, 28.6060232], [84.5385396, 28.6058066], [84.5385933, 28.6056889], [84.5386201, 28.6055052], [84.5386308, 28.6052603], [84.5385879, 28.6050719], [84.5384109, 28.6048364], [84.5381802, 28.6046622], [84.5378745, 28.6044832], [84.5375472, 28.6043419], [84.5373648, 28.6042713], [84.5370644, 28.6041771], [84.5368713, 28.6041253], [84.5368069, 28.6041017], [84.5366138, 28.6039981], [84.5364743, 28.6039369], [84.5362705, 28.6038568], [84.5359755, 28.603838], [84.5358306, 28.603805], [84.5356268, 28.603805], [84.5354336, 28.6038333], [84.5351922, 28.6038615], [84.5348167, 28.6038851], [84.5345753, 28.603951], [84.5342803, 28.6040216], [84.5340872, 28.6040593], [84.5338243, 28.6040734], [84.5335668, 28.6040405], [84.5334166, 28.6039416], [84.533363, 28.6038568], [84.5333201, 28.6036825], [84.5334113, 28.6034753], [84.5334971, 28.6032963], [84.5337599, 28.6030373], [84.5339423, 28.602896], [84.5341676, 28.6027689], [84.5344198, 28.6026605], [84.5346451, 28.6025946], [84.5351976, 28.6025475], [84.535439, 28.602571], [84.5357341, 28.6026794], [84.5360881, 28.6027406], [84.5364529, 28.602783], [84.5365334, 28.6027783], [84.5369732, 28.6027218], [84.5372522, 28.6026511], [84.5376491, 28.6025663], [84.5377886, 28.6025475], [84.5379496, 28.6025287], [84.5380622, 28.6025428], [84.538148, 28.6026181], [84.538309, 28.6028112], [84.5384431, 28.6029149], [84.538663, 28.6030985], [84.538942, 28.6032304], [84.5393175, 28.603367], [84.539634, 28.6034942], [84.5400256, 28.6036119], [84.5402831, 28.6037108], [84.5405835, 28.6037909], [84.5407391, 28.6038992], [84.5408356, 28.6039557], [84.5410663, 28.6040687], [84.5412004, 28.6040593], [84.541297, 28.6040169], [84.5413345, 28.6039369], [84.5413345, 28.6038333], [84.541297, 28.6036731], [84.5412326, 28.6035177], [84.5411521, 28.6034047], [84.541077, 28.6032304], [84.5408517, 28.6030373], [84.5408088, 28.6029337], [84.540664, 28.6026841], [84.5406425, 28.6025428], [84.5406371, 28.6023732], [84.5406479, 28.6021707], [84.5406479, 28.6020106], [84.5406425, 28.601761], [84.5406425, 28.6016621], [84.5406479, 28.6014313], [84.5406961, 28.6010875], [84.540723, 28.600965], [84.540723, 28.6007578], [84.5408249, 28.6005317], [84.5408624, 28.6002774], [84.5408839, 28.6000466], [84.5408195, 28.5999053], [84.5407176, 28.5997875], [84.540562, 28.5996981], [84.5404226, 28.5996321], [84.5401919, 28.5995238], [84.5400149, 28.5994249], [84.5398807, 28.5993589], [84.5397037, 28.599293], [84.5395482, 28.5992035], [84.5394248, 28.5991187], [84.539237, 28.5989822]]]}, "properties": {"external_id": "osm:way/480685103", "name": "", "name_ne": "", "area_km2": 7.109}}, {"type": "Feature", "geometry": {"type": "Polygon", "coordinates": [[[84.5543969, 28.5539269], [84.5546758, 28.5537667], [84.5548582, 28.5535971], [84.5549118, 28.5533992], [84.5549655, 28.5530505], [84.5551693, 28.552862], [84.5554376, 28.5528243], [84.5558345, 28.5528243], [84.5563066, 28.5527395], [84.5566714, 28.5526075], [84.5571434, 28.552485], [84.5574868, 28.5522117], [84.5577121, 28.5520704], [84.5585167, 28.5518536], [84.5591819, 28.5519573], [84.5597076, 28.5520421], [84.5601046, 28.5521928], [84.560523, 28.5522777], [84.5607376, 28.5523814], [84.5611131, 28.5527395], [84.5611775, 28.553041], [84.5611775, 28.5533332], [84.5611775, 28.5536442], [84.5611668, 28.5538609], [84.5610165, 28.5540871], [84.5607912, 28.5542944], [84.5606518, 28.5544829], [84.5605874, 28.5546525], [84.5605874, 28.5547939], [84.560641, 28.5550483], [84.5608878, 28.5554912], [84.5610487, 28.555774], [84.561038, 28.5560661], [84.5609414, 28.5563488], [84.5607591, 28.5566692], [84.5605767, 28.5568954], [84.5600939, 28.5571592], [84.5597613, 28.5573854], [84.5595038, 28.5575456], [84.5592356, 28.5576681], [84.5588279, 28.5578], [84.5584202, 28.557932], [84.5580768, 28.558045], [84.5577335, 28.558111], [84.5573473, 28.5581487], [84.5568323, 28.5581299], [84.5565641, 28.558045], [84.5563495, 28.5578943], [84.5561349, 28.5576493], [84.556092, 28.5573383], [84.5560706, 28.5570933], [84.5560491, 28.5568483], [84.5560062, 28.5564336], [84.5558238, 28.5559059], [84.5556092, 28.5553876], [84.5553839, 28.5551614], [84.5552444, 28.5551237], [84.5550513, 28.555152], [84.5543969, 28.5539269]]]}, "properties": {"external_id": "osm:way/480685104", "name": "", "name_ne": "", "area_km2": 0.327}}, {"type": "Feature", "geometry": {"type": "Polygon", "coordinates": [[[84.4778466, 28.5748835], [84.4777608, 28.5746008], [84.4776964, 28.5738847], [84.4777608, 28.5734702], [84.4778788, 28.5731875], [84.4780826, 28.57282], [84.4781399, 28.5727167], [84.4782758, 28.5724714], [84.4784152, 28.5722736], [84.4787264, 28.5720945], [84.4793057, 28.5719815], [84.4797671, 28.5719155], [84.4801319, 28.5717082], [84.4803786, 28.5713784], [84.4808185, 28.5709733], [84.4813013, 28.5706341], [84.4818485, 28.5704833], [84.4822025, 28.570521], [84.4825995, 28.5706435], [84.4828033, 28.5707943], [84.4829857, 28.5710298], [84.4829912, 28.5711502], [84.4829965, 28.5712654], [84.4828462, 28.5715669], [84.4826102, 28.5719909], [84.4825351, 28.5723772], [84.4825244, 28.5726787], [84.48246, 28.5730462], [84.4821489, 28.5733854], [84.4819021, 28.5735361], [84.4815373, 28.5737623], [84.4813228, 28.5739319], [84.4811189, 28.5741957], [84.4809472, 28.5746291], [84.4809902, 28.5749117], [84.4810116, 28.5752886], [84.4811296, 28.5755336], [84.48143, 28.5758257], [84.4817305, 28.5760895], [84.4819987, 28.5764664], [84.4822132, 28.5767867], [84.4824278, 28.5772484], [84.4826102, 28.5778137], [84.4826853, 28.5781717], [84.4826853, 28.5784544], [84.4827175, 28.5788783], [84.4826317, 28.5793965], [84.4825888, 28.5799901], [84.4824064, 28.5805459], [84.4823313, 28.5808474], [84.4822669, 28.5810547], [84.4821274, 28.5812243], [84.4819772, 28.5813468], [84.4816875, 28.5814787], [84.4812477, 28.5815258], [84.4809902, 28.5814598], [84.4807649, 28.5813468], [84.4805395, 28.5809134], [84.4804644, 28.5806213], [84.4803142, 28.5804517], [84.4801855, 28.5803669], [84.4799065, 28.5803764], [84.4797778, 28.580414], [84.4795954, 28.5803575], [84.4794345, 28.5802445], [84.4792199, 28.5801126], [84.478941, 28.5798487], [84.4788015, 28.5795661], [84.47878, 28.5793682], [84.478662, 28.5791704], [84.478544, 28.5789254], [84.4784474, 28.5785297], [84.4784152, 28.5782848], [84.4783282, 28.5780683], [84.4782865, 28.5779644], [84.478029, 28.5775593], [84.4777715, 28.5770599], [84.4776642, 28.5768244], [84.4776642, 28.5766171], [84.4776964, 28.576391], [84.4777501, 28.5760612], [84.4777608, 28.5757409], [84.4778037, 28.5752792], [84.4778466, 28.5748835]]]}, "properties": {"external_id": "osm:way/480685105", "name": "", "name_ne": "", "area_km2": 0.417}}, {"type": "Feature", "geometry": {"type": "Polygon", "coordinates": [[[84.4929099, 28.5285548], [84.4932103, 28.5287528], [84.4933283, 28.5289413], [84.493618, 28.529422], [84.4938004, 28.5297613], [84.4940793, 28.5302609], [84.4941866, 28.5305908], [84.4943261, 28.531147], [84.4944656, 28.53159], [84.4945085, 28.5320047], [84.4944763, 28.5321838], [84.4943583, 28.5327776], [84.4943583, 28.5329756], [84.4944763, 28.5331264], [84.4947553, 28.5334751], [84.4949376, 28.5336259], [84.4950664, 28.5338522], [84.4950879, 28.5340407], [84.4950986, 28.534446], [84.4950986, 28.5345779], [84.4951415, 28.5347382], [84.4952273, 28.5348795], [84.4954204, 28.5351529], [84.4956779, 28.5353131], [84.495796, 28.5353414], [84.4960642, 28.5352189], [84.4960749, 28.5350775], [84.496032, 28.5348513], [84.4960642, 28.534691], [84.4960856, 28.5345497], [84.496268, 28.5343894], [84.4963753, 28.534314], [84.4965255, 28.5341538], [84.4966757, 28.5340407], [84.4968796, 28.533871], [84.4970298, 28.5337768], [84.4971263, 28.5336919], [84.4972443, 28.533494], [84.4973731, 28.5333055], [84.4973946, 28.5331547], [84.4975233, 28.5328436], [84.4976842, 28.5325891], [84.497813, 28.5323063], [84.4979095, 28.5321461], [84.4980705, 28.5318539], [84.4981563, 28.5316842], [84.4983065, 28.5314957], [84.4985103, 28.5312883], [84.4988429, 28.5312224], [84.4990575, 28.5311658], [84.4993794, 28.5311281], [84.4996905, 28.5310716], [84.5001304, 28.5310998], [84.5003557, 28.5311187], [84.5007098, 28.5311187], [84.5008278, 28.5311187], [84.5011282, 28.5309679], [84.5014501, 28.5307134], [84.5017075, 28.5305531], [84.5018899, 28.5304683], [84.502008, 28.5304023], [84.502126, 28.5302986], [84.5022225, 28.5301949], [84.5022869, 28.5300818], [84.5023191, 28.5299687], [84.5022011, 28.529799], [84.5021045, 28.5296765], [84.5020294, 28.5295917], [84.5018792, 28.5294503], [84.5017612, 28.5291392], [84.5018041, 28.5290167], [84.502008, 28.528847], [84.5023513, 28.5286208], [84.502759, 28.5285737], [84.5032203, 28.5284134], [84.5034456, 28.5281966], [84.5034993, 28.5280081], [84.5036602, 28.5276782], [84.5038962, 28.5275368], [84.5042074, 28.5274048], [84.5045078, 28.5273671], [84.5051408, 28.5273011], [84.5053768, 28.5271597], [84.5057094, 28.5269995], [84.5059132, 28.5266978], [84.5060205, 28.5264245], [84.5062351, 28.5261982], [84.5065462, 28.5259249], [84.5069218, 28.5257364], [84.5071041, 28.5255667], [84.5075762, 28.525397], [84.5077157, 28.5252933], [84.5080268, 28.5251236], [84.5082629, 28.5249822], [84.5086491, 28.524756], [84.5086813, 28.5246617], [84.5087135, 28.5244166], [84.5087778, 28.5240019], [84.5088208, 28.5237379], [84.5089066, 28.5235683], [84.5089602, 28.5231158], [84.508928, 28.5228613], [84.5089602, 28.5225408], [84.5090461, 28.5223051], [84.5091963, 28.5220977], [84.509325, 28.5219657], [84.5097542, 28.5218809], [84.5101082, 28.521928], [84.5103764, 28.5220317], [84.5105803, 28.5222768], [84.5105696, 28.5225785], [84.5107949, 28.5229084], [84.5110953, 28.5230309], [84.5113957, 28.5231441], [84.511621, 28.5232478], [84.511857, 28.5234457], [84.511975, 28.5237851], [84.5120823, 28.5240961], [84.512018, 28.5244072], [84.5118248, 28.52469], [84.5116639, 28.5251331], [84.5116639, 28.5253593], [84.5116746, 28.5256704], [84.511739, 28.5260286], [84.5117068, 28.5262171], [84.5115244, 28.526481], [84.5115137, 28.5265753], [84.5115566, 28.5268298], [84.511975, 28.5270372], [84.5123398, 28.5272257], [84.5130372, 28.5275745], [84.5134878, 28.5277536], [84.513917, 28.5279798], [84.5141423, 28.5283003], [84.5142603, 28.5286302], [84.5144641, 28.5289036], [84.5146251, 28.5293183], [84.5147109, 28.5295728], [84.5147753, 28.5298933], [84.5146358, 28.5301949], [84.5143461, 28.5303363], [84.514153, 28.53044], [84.5140135, 28.5304966], [84.5138311, 28.5306097], [84.5136702, 28.5307888], [84.5136487, 28.5309679], [84.5136273, 28.531147], [84.5136058, 28.531524], [84.5134556, 28.5319953], [84.5134234, 28.5323252], [84.5131445, 28.5328907], [84.5130479, 28.5331924], [84.5128226, 28.5336542], [84.5125008, 28.5339558], [84.5122647, 28.5341066], [84.512018, 28.5342292], [84.5114708, 28.5343423], [84.511224, 28.534446], [84.5108378, 28.5346628], [84.5106554, 28.5347947], [84.5105803, 28.534889], [84.5103979, 28.5351623], [84.510237, 28.5354074], [84.5101941, 28.5356619], [84.5102155, 28.5359446], [84.5101404, 28.5362557], [84.5100331, 28.5365384], [84.5095611, 28.5370003], [84.5094108, 28.5371322], [84.5090783, 28.537349], [84.5087242, 28.5375092], [84.5083702, 28.5376224], [84.5082629, 28.5376883], [84.5080161, 28.5379617], [84.5078552, 28.5383858], [84.507662, 28.5386591], [84.5073187, 28.5389702], [84.5070076, 28.5391587], [84.5064282, 28.5394791], [84.5061386, 28.5395734], [84.505527, 28.5396488], [84.5044541, 28.5396676], [84.5039821, 28.5397525], [84.5037353, 28.5399033], [84.5035422, 28.5400729], [84.5033061, 28.5404311], [84.5031452, 28.5406667], [84.5028877, 28.5408646], [84.5026517, 28.5409871], [84.5023513, 28.5409871], [84.5019328, 28.5409777], [84.5015895, 28.5409589], [84.5014393, 28.5409589], [84.5011496, 28.5410437], [84.5008707, 28.5411756], [84.5005917, 28.5413076], [84.5003664, 28.541383], [84.4999158, 28.5414395], [84.499594, 28.5414678], [84.4993579, 28.5414678], [84.4988644, 28.541383], [84.4987249, 28.541317], [84.4984567, 28.5412133], [84.4978881, 28.5410908], [84.4975448, 28.541072], [84.4969761, 28.5411379], [84.4967294, 28.5412228], [84.4962573, 28.5414301], [84.4961715, 28.5416657], [84.4960105, 28.5418354], [84.4957745, 28.5418165], [84.4954419, 28.54176], [84.4951522, 28.5417411], [84.4947553, 28.5417317], [84.4943476, 28.5417977], [84.4935536, 28.5418825], [84.4933069, 28.5418919], [84.4925237, 28.5419391], [84.4920945, 28.5420239], [84.4918156, 28.5421747], [84.4914722, 28.5423443], [84.4911718, 28.5424292], [84.4905603, 28.5425705], [84.4899273, 28.5425611], [84.4894767, 28.5423915], [84.4893372, 28.5422312], [84.4891763, 28.5419391], [84.4887578, 28.5416092], [84.488554, 28.5414961], [84.4883823, 28.5411191], [84.488318, 28.5408929], [84.488436, 28.5406007], [84.4882965, 28.5402331], [84.4880927, 28.5400446], [84.4879532, 28.5398373], [84.4878352, 28.5396205], [84.4877279, 28.5394414], [84.487642, 28.5392718], [84.487524, 28.538678], [84.4874489, 28.5381407], [84.4872773, 28.5377732], [84.4870412, 28.5374715], [84.4867086, 28.5370474], [84.486537, 28.536463], [84.4864297, 28.5363028], [84.4863009, 28.535841], [84.4860005, 28.5350398], [84.485625, 28.5345779], [84.485389, 28.5343046], [84.4852924, 28.5340595], [84.4852817, 28.5338522], [84.4853032, 28.5335128], [84.4853246, 28.5334091], [84.4854641, 28.5331641], [84.4856036, 28.5329567], [84.485904, 28.532542], [84.4860327, 28.532344], [84.4863117, 28.5321084], [84.4868266, 28.5319105], [84.4872129, 28.5318162], [84.4875026, 28.5316842], [84.4875991, 28.5315523], [84.4874382, 28.531326], [84.487288, 28.5310338], [84.4868266, 28.530883], [84.486537, 28.5308265], [84.4863009, 28.5307793], [84.4860434, 28.5307322], [84.4857752, 28.5305814], [84.4853997, 28.5302515], [84.4850349, 28.529931], [84.4849384, 28.5296671], [84.4850564, 28.5293466], [84.4850671, 28.5290827], [84.4850457, 28.528781], [84.4849062, 28.5286302], [84.484756, 28.5285454], [84.4846272, 28.52847], [84.4842732, 28.5281966], [84.4840586, 28.5280081], [84.4838011, 28.5277819], [84.4835973, 28.5274991], [84.4835973, 28.5273294], [84.4837689, 28.5269335], [84.4838226, 28.5266413], [84.4840479, 28.5263019], [84.4842517, 28.526104], [84.484595, 28.5258589], [84.4848847, 28.5256138], [84.48511, 28.5254536], [84.4852817, 28.5251708], [84.4854534, 28.5249115], [84.4879371, 28.5262689], [84.4878781, 28.5263868], [84.4878566, 28.5265093], [84.4881678, 28.5266884], [84.4883501, 28.5267827], [84.4887578, 28.5269241], [84.4894552, 28.5272163], [84.4898307, 28.527386], [84.4903028, 28.5275462], [84.4912255, 28.5278855], [84.4917405, 28.5280929], [84.4922018, 28.5282814], [84.4929099, 28.5285548]]]}, "properties": {"external_id": "osm:way/480685108", "name": "", "name_ne": "", "area_km2": 3.56}}, {"type": "Feature", "geometry": {"type": "Polygon", "coordinates": [[[84.5485282, 28.485544], [84.5488822, 28.485346], [84.5490646, 28.4852517], [84.5492792, 28.4851008], [84.5494938, 28.4848273], [84.5498264, 28.4843936], [84.5501482, 28.4841201], [84.5504379, 28.4840164], [84.5512533, 28.4839032], [84.5518863, 28.4838655], [84.552294, 28.4839315], [84.5525515, 28.4841295], [84.5526481, 28.4844218], [84.5527017, 28.4847896], [84.5527232, 28.4851857], [84.5526481, 28.485676], [84.5525515, 28.4863267], [84.5523155, 28.4867416], [84.5520258, 28.4870434], [84.5516181, 28.4874111], [84.5512533, 28.4877412], [84.5508885, 28.4879675], [84.5504808, 28.4882787], [84.5501268, 28.4884767], [84.5489037, 28.4889576], [84.5484531, 28.4891179], [84.5480668, 28.4892499], [84.5477664, 28.4894102], [84.5475197, 28.4896177], [84.547348, 28.4898817], [84.547112, 28.4902023], [84.5468223, 28.4905041], [84.5465755, 28.4907964], [84.546318, 28.4910133], [84.5459533, 28.4912207], [84.5453954, 28.4914282], [84.5449018, 28.4916545], [84.544462, 28.4918902], [84.544183, 28.4921165], [84.5438933, 28.4923051], [84.5435285, 28.4925785], [84.5430994, 28.4928237], [84.5427239, 28.4930406], [84.5424127, 28.4932103], [84.5421982, 28.4933895], [84.5420694, 28.4935498], [84.5419621, 28.4937855], [84.5418763, 28.4941155], [84.5417476, 28.494455], [84.5414793, 28.4948416], [84.5410931, 28.495181], [84.540739, 28.495445], [84.5403314, 28.4956525], [84.5398593, 28.4956808], [84.5394623, 28.4956619], [84.5390761, 28.4955676], [84.5387649, 28.4955393], [84.5383465, 28.4955959], [84.5380247, 28.4956619], [84.5376062, 28.4957373], [84.5371234, 28.4957373], [84.5366943, 28.4957656], [84.5361578, 28.4958599], [84.5355034, 28.4959731], [84.5350206, 28.4960862], [84.5344949, 28.4961805], [84.5340443, 28.4962559], [84.5334542, 28.4963785], [84.5329499, 28.4964351], [84.5324564, 28.4965199], [84.5321453, 28.4965765], [84.5318448, 28.4966331], [84.5315552, 28.4966991], [84.5311475, 28.4967462], [84.5295381, 28.4938468], [84.5296776, 28.4938704], [84.5299351, 28.4937855], [84.5305037, 28.4936063], [84.5310402, 28.4934272], [84.5313835, 28.4932952], [84.5318341, 28.4931537], [84.5322418, 28.4930123], [84.5326924, 28.4928614], [84.5332932, 28.4926068], [84.5338941, 28.4923334], [84.5340872, 28.4921071], [84.5343661, 28.4919468], [84.5346343, 28.4918242], [84.5350099, 28.4916733], [84.5354068, 28.491579], [84.5357716, 28.4915979], [84.5361578, 28.491711], [84.5364797, 28.4918619], [84.5369089, 28.4919468], [84.5371878, 28.4919562], [84.5375848, 28.4918902], [84.5378744, 28.4918336], [84.5381963, 28.4917393], [84.5385611, 28.4916262], [84.5391726, 28.4915036], [84.5396447, 28.4915036], [84.5400739, 28.4915885], [84.5406854, 28.4915696], [84.5414901, 28.491513], [84.5419836, 28.4914282], [84.5424771, 28.4912207], [84.5429921, 28.4907775], [84.543314, 28.4904758], [84.5435715, 28.490042], [84.5437646, 28.489712], [84.5438933, 28.4893725], [84.5440113, 28.4890708], [84.5442259, 28.4885333], [84.5444512, 28.4881184], [84.5447087, 28.4878355], [84.5448804, 28.4876092], [84.5451808, 28.4871565], [84.5454276, 28.4868076], [84.5454919, 28.4864587], [84.5455027, 28.4859401], [84.5455134, 28.4854969], [84.5455778, 28.4851857], [84.5456529, 28.4847708], [84.5458138, 28.4844879], [84.5461678, 28.4843558], [84.5466292, 28.4842804], [84.546951, 28.4843087], [84.5474875, 28.4845067], [84.5476377, 28.4848085], [84.5476699, 28.4850914], [84.5477986, 28.485346], [84.5480025, 28.4854874], [84.5482707, 28.4855912], [84.5485282, 28.485544]]]}, "properties": {"external_id": "osm:way/480685110", "name": "", "name_ne": "", "area_km2": 0.948}}, {"type": "Feature", "geometry": {"type": "Polygon", "coordinates": [[[84.5379388, 28.4804517], [84.5379817, 28.480612], [84.5379925, 28.480744], [84.5379925, 28.4808525], [84.53803, 28.481027], [84.5380944, 28.4811307], [84.5382339, 28.4812203], [84.538368, 28.481258], [84.5385665, 28.4812061], [84.5386791, 28.4811024], [84.5387703, 28.480994], [84.5388883, 28.4808855], [84.5390707, 28.4807582], [84.5392048, 28.4806262], [84.5393121, 28.4804941], [84.5393711, 28.4803715], [84.5393497, 28.4802725], [84.5392799, 28.4801311], [84.5391726, 28.4800085], [84.5390707, 28.4799142], [84.5388937, 28.4798293], [84.5387542, 28.4797067], [84.538604, 28.4794992], [84.538604, 28.4793436], [84.5386308, 28.4791739], [84.5387167, 28.4790041], [84.5387918, 28.4789051], [84.5388883, 28.4788014], [84.5390278, 28.4786741], [84.5392156, 28.4785609], [84.5393175, 28.4784336], [84.5393819, 28.4783346], [84.5393819, 28.4781459], [84.539355, 28.477995], [84.5393121, 28.4778394], [84.5392263, 28.4777121], [84.5390171, 28.4773632], [84.5389259, 28.4770803], [84.5388561, 28.4768162], [84.5387971, 28.4765286], [84.5387649, 28.4762598], [84.5386898, 28.475925], [84.5385987, 28.4757222], [84.5385021, 28.4755855], [84.5383197, 28.4753874], [84.5381105, 28.4752931], [84.5379281, 28.4752648], [84.5376277, 28.4752035], [84.537515, 28.475213], [84.5374131, 28.4752696], [84.5373434, 28.4753969], [84.537338, 28.4755808], [84.5374024, 28.4758024], [84.5374453, 28.4759863], [84.5374989, 28.4761891], [84.5375043, 28.476373], [84.5374346, 28.4766229], [84.5373487, 28.4768068], [84.5371985, 28.4770284], [84.537043, 28.47725], [84.5368552, 28.4773868], [84.5367265, 28.4774292], [84.5365387, 28.4774764], [84.536292, 28.4774716], [84.5361042, 28.4774245], [84.5359325, 28.4773585], [84.5357609, 28.4773585], [84.5356536, 28.4774386], [84.5355195, 28.4776603], [84.5353478, 28.4779715], [84.5352352, 28.4782355], [84.5351654, 28.4784336], [84.5350635, 28.4785939], [84.5348704, 28.4786976], [84.534468, 28.4786741], [84.5341998, 28.4785609], [84.5338887, 28.4783911], [84.5336366, 28.4781931], [84.5334756, 28.4780469], [84.5333952, 28.4778536], [84.5333898, 28.4776744], [84.5333952, 28.4775565], [84.5334327, 28.4773962], [84.5334971, 28.4772359], [84.5335293, 28.4770001], [84.5334917, 28.4767738], [84.5334756, 28.476637], [84.5334059, 28.476439], [84.5332611, 28.476123], [84.5331162, 28.4758826], [84.5329821, 28.4756704], [84.5328534, 28.4754582], [84.5327622, 28.4752554], [84.5327407, 28.4750857], [84.5327246, 28.4747603], [84.5326978, 28.4745245], [84.532553, 28.474053], [84.5324081, 28.4737134], [84.5322955, 28.4735107], [84.5322257, 28.4732938], [84.5322257, 28.4730863], [84.5322633, 28.4728835], [84.5324081, 28.4725864], [84.53251, 28.4724308], [84.5327836, 28.4721007], [84.5329446, 28.4719498], [84.5332074, 28.4716669], [84.5335025, 28.4713557], [84.5337331, 28.4711435], [84.5340121, 28.4709407], [84.5344359, 28.4707285], [84.5350099, 28.4708039], [84.5355999, 28.4708322], [84.5360398, 28.4708888], [84.5364046, 28.4710209], [84.5367694, 28.471134], [84.5370805, 28.4712189], [84.5374989, 28.4711812], [84.5381534, 28.471068], [84.5386255, 28.4709831], [84.539119, 28.4709265], [84.5397413, 28.4709077], [84.5401919, 28.4709077], [84.5406532, 28.4709548], [84.5412433, 28.4710963], [84.5415974, 28.4712661], [84.5418763, 28.4713415], [84.5421553, 28.4713604], [84.54252, 28.471351], [84.5428848, 28.4712661], [84.5432281, 28.4712095], [84.5434642, 28.4711718], [84.5439041, 28.4711435], [84.5443332, 28.4711529], [84.5447838, 28.4711906], [84.5452666, 28.4712283], [84.545685, 28.4712095], [84.546082, 28.4712001], [84.5465648, 28.4712661], [84.547112, 28.4714547], [84.5476162, 28.4715207], [84.5479381, 28.4715207], [84.548217, 28.4715301], [84.5485389, 28.4715773], [84.549011, 28.4717471], [84.5494187, 28.4718885], [84.5497191, 28.4719828], [84.5503306, 28.47203], [84.550674, 28.4720772], [84.551146, 28.4721998], [84.5514464, 28.4723035], [84.5517576, 28.4724733], [84.5520043, 28.4726807], [84.552176, 28.4728411], [84.5523476, 28.4730203], [84.5525408, 28.4732749], [84.5528197, 28.4734635], [84.5531309, 28.4735861], [84.5535171, 28.4736333], [84.5538068, 28.4736144], [84.554075, 28.4736333], [84.5542788, 28.4736899], [84.55459, 28.4738125], [84.554826, 28.4739162], [84.5550191, 28.47402], [84.5552659, 28.4741614], [84.5555234, 28.474284], [84.5557916, 28.4743689], [84.5560276, 28.4744161], [84.5563281, 28.4744208], [84.5566606, 28.4744066], [84.5573848, 28.4744066], [84.5581251, 28.4745245], [84.5583773, 28.4746188], [84.5587152, 28.4746707], [84.5589995, 28.4747886], [84.5590854, 28.4748829], [84.5591873, 28.4750338], [84.559198, 28.4751422], [84.5591605, 28.4753403], [84.5591176, 28.4755431], [84.5591497, 28.4757411], [84.5592463, 28.475859], [84.5593858, 28.4759344], [84.559654, 28.4760287], [84.55989, 28.4760995], [84.5602226, 28.4762126], [84.5605498, 28.4762174], [84.5607269, 28.4761702], [84.5609575, 28.4760853], [84.5613116, 28.4759439], [84.5616549, 28.4759391], [84.5619392, 28.4760146], [84.5622289, 28.4761419], [84.5624059, 28.4762598], [84.5625293, 28.4763588], [84.5628136, 28.4767502], [84.5630711, 28.4770756], [84.5631623, 28.4772689], [84.5631891, 28.4774669], [84.5630443, 28.4776744], [84.5627868, 28.47783], [84.5625454, 28.4779432], [84.5620519, 28.4780941], [84.5619017, 28.4781884], [84.56173, 28.4783817], [84.5616066, 28.4784996], [84.5613331, 28.4785797], [84.5610219, 28.4786269], [84.5606142, 28.4786128], [84.5602494, 28.478575], [84.5599544, 28.4784807], [84.5597613, 28.4783581], [84.5596218, 28.4782025], [84.5596111, 28.4780186], [84.5596325, 28.4776367], [84.559654, 28.4773443], [84.5596433, 28.4771274], [84.5596272, 28.4769199], [84.5596218, 28.476703], [84.559595, 28.4765474], [84.5595306, 28.4764484], [84.5594019, 28.4763965], [84.5593107, 28.476373], [84.5591336, 28.4763635], [84.5588922, 28.4763635], [84.5586777, 28.4764013], [84.5582646, 28.4764295], [84.5579106, 28.476439], [84.5576262, 28.4764578], [84.5573473, 28.4764908], [84.5571703, 28.476571], [84.5568752, 28.4766842], [84.5567143, 28.4768304], [84.5565855, 28.4770048], [84.5564461, 28.477151], [84.5561403, 28.4773773], [84.5557809, 28.4775707], [84.5555019, 28.4776603], [84.5553142, 28.4777404], [84.5550889, 28.4778724], [84.5548582, 28.4780516], [84.5545793, 28.4782355], [84.5544076, 28.4783959], [84.5543271, 28.478542], [84.5542949, 28.4787354], [84.5543218, 28.4789051], [84.5544505, 28.4791456], [84.5545739, 28.47932], [84.5545739, 28.4794615], [84.5545846, 28.479603], [84.5546812, 28.4798482], [84.5549011, 28.4801122], [84.5550299, 28.4802914], [84.5551532, 28.4804423], [84.5551801, 28.480612], [84.5552069, 28.4808006], [84.555223, 28.4809798], [84.5552874, 28.4811826], [84.5553571, 28.4813523], [84.5554268, 28.4815786], [84.5554912, 28.4817861], [84.5555931, 28.4819276], [84.5556843, 28.4819936], [84.5558184, 28.482069], [84.5560169, 28.4822529], [84.5562208, 28.4824604], [84.5565909, 28.4827668], [84.5567357, 28.4829036], [84.5568645, 28.4830309], [84.5569557, 28.4831299], [84.5571274, 28.4832525], [84.5573044, 28.4833279], [84.5576316, 28.4833892], [84.5578408, 28.4834175], [84.5579642, 28.4834505], [84.5580447, 28.4835543], [84.5580983, 28.4836721], [84.5581251, 28.4838277], [84.5581037, 28.4839928], [84.5580769, 28.4840776], [84.5578945, 28.484238], [84.5576531, 28.4844124], [84.5573956, 28.4844973], [84.5570576, 28.484535], [84.5567518, 28.4845397], [84.5564836, 28.484535], [84.5561725, 28.4844596], [84.5559204, 28.4843511], [84.555636, 28.4842521], [84.555459, 28.4841955], [84.5553142, 28.4841342], [84.5552123, 28.4840871], [84.5550728, 28.4839739], [84.5549601, 28.4837806], [84.5548528, 28.4835731], [84.5547885, 28.4834741], [84.5547187, 28.4832997], [84.5546973, 28.4831723], [84.5546865, 28.4830356], [84.554708, 28.48288], [84.5547938, 28.4827433], [84.5549011, 28.4826301], [84.5550406, 28.4825358], [84.5551372, 28.4824274], [84.555223, 28.4823189], [84.5552552, 28.4821727], [84.5551908, 28.4820596], [84.5550621, 28.4820124], [84.5547992, 28.4820124], [84.5545685, 28.482003], [84.5544559, 28.4819936], [84.5542467, 28.4819181], [84.5539677, 28.481772], [84.5537317, 28.4816588], [84.5535654, 28.4815032], [84.5534152, 28.4812627], [84.5532435, 28.4811118], [84.5530611, 28.4809704], [84.5527607, 28.4807676], [84.5525515, 28.4806356], [84.5523423, 28.4805083], [84.5520419, 28.4802867], [84.5516986, 28.479999], [84.5514786, 28.4798104], [84.5511997, 28.479669], [84.5508724, 28.4795747], [84.5506847, 28.4795039], [84.5504433, 28.4793955], [84.5503199, 28.4793342], [84.5501536, 28.4792116], [84.5500249, 28.4790984], [84.5498478, 28.4790136], [84.5493489, 28.4790796], [84.5491666, 28.4791597], [84.5489734, 28.4792352], [84.5487213, 28.4793436], [84.5484263, 28.4794332], [84.5480454, 28.4795605], [84.5476592, 28.4796926], [84.5473963, 28.4797444], [84.547171, 28.4797963], [84.5466345, 28.4798717], [84.5463341, 28.4799377], [84.5460659, 28.4799896], [84.5457226, 28.4800745], [84.5454329, 28.4801452], [84.5451593, 28.4801924], [84.5447248, 28.4802867], [84.5442957, 28.4803763], [84.5440221, 28.4804658], [84.543727, 28.4805932], [84.5433408, 28.4807771], [84.5431852, 28.4808808], [84.543035, 28.4810364], [84.5428741, 28.4812627], [84.5427132, 28.4815221], [84.5425683, 28.4817437], [84.5424128, 28.4820124], [84.5423001, 28.4822246], [84.5421767, 28.4824274], [84.5420372, 28.4826584], [84.54171, 28.4830639], [84.5413345, 28.4833091], [84.5410556, 28.4835071], [84.5409214, 28.4836721], [84.5408302, 28.4837287], [84.5406371, 28.4837664], [84.5404333, 28.4837664], [84.5402831, 28.4837334], [84.5400846, 28.4836721], [84.5399129, 28.4836816], [84.5397145, 28.4837146], [84.5395374, 28.4837759], [84.5393765, 28.4838466], [84.5392209, 28.483889], [84.539119, 28.4839173], [84.5389903, 28.4839975], [84.5388883, 28.4840635], [84.5387918, 28.4841814], [84.5386577, 28.4843417], [84.5385557, 28.484469], [84.5384538, 28.4845586], [84.5382822, 28.4845916], [84.5380783, 28.4845303], [84.5379871, 28.4844548], [84.5379603, 28.4843275], [84.5379764, 28.4842332], [84.5380515, 28.4840352], [84.5381051, 28.4839079], [84.5380729, 28.48379], [84.5380247, 28.4837146], [84.5379442, 28.4836533], [84.5378423, 28.4836061], [84.5377296, 28.4835873], [84.5376331, 28.4835826], [84.5375097, 28.483592], [84.5373863, 28.4836391], [84.5372897, 28.4837617], [84.5372039, 28.4839409], [84.5371073, 28.4841012], [84.5370269, 28.4842427], [84.5369035, 28.4844313], [84.5367962, 28.4846199], [84.5367318, 28.4847613], [84.5367426, 28.4849782], [84.5368391, 28.4851857], [84.5369786, 28.4853884], [84.5371073, 28.4855252], [84.537338, 28.4856477], [84.5376277, 28.4857138], [84.5378423, 28.485742], [84.538089, 28.4857609], [84.538427, 28.4858128], [84.5387113, 28.4858693], [84.5389044, 28.4859589], [84.5390654, 28.4860438], [84.5391834, 28.4861853], [84.5392799, 28.4863597], [84.5394623, 28.4866897], [84.5394999, 28.4868831], [84.5394945, 28.4870952], [84.5395052, 28.487364], [84.5395052, 28.4875479], [84.5394945, 28.4877459], [84.5394462, 28.4879628], [84.5393711, 28.4881325], [84.5392799, 28.4883447], [84.5392102, 28.4885238], [84.5391136, 28.4887172], [84.5390117, 28.4888397], [84.5388615, 28.4889765], [84.5386898, 28.4890755], [84.5385611, 28.4891415], [84.5383412, 28.4891698], [84.5381534, 28.4891745], [84.5379871, 28.4891839], [84.5378369, 28.4892075], [84.5376438, 28.4892122], [84.5372951, 28.4890849], [84.5370912, 28.488967], [84.536984, 28.4888869], [84.5368981, 28.4887219], [84.5368284, 28.4885286], [84.5367801, 28.4883352], [84.5367211, 28.4881089], [84.5366728, 28.4878685], [84.536528, 28.4875431], [84.5364582, 28.487397], [84.5363885, 28.4872838], [84.5362973, 28.4872461], [84.5361364, 28.4872461], [84.5359003, 28.4873546], [84.5357448, 28.48743], [84.5355946, 28.4875101], [84.5354283, 28.4875573], [84.5352566, 28.4875856], [84.5347899, 28.4876044], [84.5345432, 28.4875997], [84.53435, 28.4875714], [84.5341194, 28.4874771], [84.5338619, 28.4872885], [84.5336473, 28.4870811], [84.5335239, 28.4868501], [84.533422, 28.4865342], [84.533422, 28.4863126], [84.5334274, 28.4860202], [84.5334971, 28.4857703], [84.5335668, 28.4855959], [84.5336795, 28.4851904], [84.5337063, 28.4849358], [84.5338136, 28.4846199], [84.5339477, 28.4842945], [84.5340496, 28.4841437], [84.5341891, 28.4839645], [84.5343929, 28.4837806], [84.534452, 28.4834505], [84.5345271, 28.4831016], [84.5346075, 28.4828564], [84.5347577, 28.4824557], [84.5349884, 28.482168], [84.535203, 28.4818993], [84.5354551, 28.4816116], [84.535895, 28.4809138], [84.5361149, 28.4805743], [84.5361525, 28.4805083], [84.5363831, 28.4800981], [84.5365012, 28.4799189], [84.5366299, 28.4797963], [84.5368767, 28.4797538], [84.5371342, 28.4797586], [84.5373058, 28.4798246], [84.5375365, 28.4799142], [84.537735, 28.4800462], [84.5378476, 28.4802254], [84.5379388, 28.4804517]]]}, "properties": {"external_id": "osm:way/480685111", "name": "", "name_ne": "", "area_km2": 2.618}}, {"type": "Feature", "geometry": {"type": "Polygon", "coordinates": [[[84.582839, 28.4243352], [84.5823884, 28.4243257], [84.5821202, 28.4242408], [84.5818627, 28.4241559], [84.5816052, 28.4240521], [84.5813262, 28.4238162], [84.5811653, 28.4236181], [84.5809615, 28.4234011], [84.580543, 28.4231369], [84.5802748, 28.4229859], [84.5800602, 28.4227689], [84.5799959, 28.4224669], [84.5799315, 28.4222688], [84.5795667, 28.4219669], [84.5792341, 28.4216932], [84.5791054, 28.4215139], [84.5789552, 28.4212686], [84.578923, 28.4210705], [84.5789659, 28.4207591], [84.5792019, 28.4205798], [84.5795667, 28.4205232], [84.5799422, 28.4205138], [84.5804679, 28.4204383], [84.5807791, 28.4202967], [84.5810258, 28.4199382], [84.5810473, 28.4196268], [84.5809936, 28.4192871], [84.5810044, 28.4188531], [84.5810795, 28.4185228], [84.5812297, 28.418202], [84.5813584, 28.4178151], [84.5815301, 28.4172678], [84.5817661, 28.4169092], [84.5820665, 28.4164657], [84.5822704, 28.4161826], [84.5826352, 28.4158524], [84.5827424, 28.4155599], [84.5827854, 28.4154466], [84.5828819, 28.4153145], [84.5830428, 28.4150031], [84.5832896, 28.4148144], [84.58359, 28.4145596], [84.5836866, 28.4143237], [84.5836759, 28.4140972], [84.5833218, 28.4140312], [84.583075, 28.4141067], [84.5826459, 28.4141633], [84.5822704, 28.4141067], [84.5820022, 28.4139746], [84.5817768, 28.4137292], [84.5816588, 28.4135122], [84.5814657, 28.4132291], [84.5813155, 28.4129554], [84.5810044, 28.4127384], [84.5806825, 28.4125025], [84.5803499, 28.4123232], [84.5801246, 28.4120873], [84.580028, 28.411908], [84.5800495, 28.411757], [84.5800334, 28.4116202], [84.5800334, 28.4114975], [84.5800656, 28.4114173], [84.5801246, 28.4114031], [84.5801997, 28.4113984], [84.5803338, 28.4114126], [84.5804465, 28.411455], [84.5805967, 28.4115635], [84.5807737, 28.4117287], [84.5809615, 28.4118891], [84.5811707, 28.4120542], [84.581396, 28.4122194], [84.5816106, 28.4123656], [84.5817608, 28.4126063], [84.581911, 28.4128139], [84.5820773, 28.4129554], [84.5823884, 28.4131583], [84.5826513, 28.4132291], [84.5828336, 28.413248], [84.5831126, 28.4132668], [84.5833486, 28.4132668], [84.5836651, 28.4132527], [84.5838153, 28.4132291], [84.5842391, 28.4131489], [84.584502, 28.4130639], [84.5847058, 28.4128044], [84.5848614, 28.4124883], [84.5849901, 28.4122194], [84.5850813, 28.412059], [84.585194, 28.4118844], [84.5853013, 28.4118089], [84.5854193, 28.4117995], [84.585591, 28.4118042], [84.5857573, 28.411757], [84.5858967, 28.4115871], [84.5859772, 28.4114031], [84.5860898, 28.4110634], [84.5862561, 28.4108039], [84.5864063, 28.4106199], [84.586637, 28.4104123], [84.5867443, 28.4103132], [84.5868623, 28.4102613], [84.5870179, 28.4102047], [84.5871735, 28.4101103], [84.5872915, 28.4099499], [84.5874202, 28.4098083], [84.5875543, 28.4097753], [84.5876777, 28.409813], [84.5877474, 28.4099263], [84.5877206, 28.4101386], [84.5876723, 28.4103038], [84.5875758, 28.4104076], [84.5873934, 28.4106152], [84.5872325, 28.4107661], [84.5870715, 28.4109502], [84.5869803, 28.4110257], [84.5868087, 28.4112285], [84.5867658, 28.4113748], [84.5867336, 28.4115258], [84.5866853, 28.4116768], [84.5864975, 28.4118938], [84.5862615, 28.4121061], [84.5861113, 28.4122666], [84.5858216, 28.4125497], [84.5856553, 28.412795], [84.5855963, 28.4129035], [84.5855373, 28.413097], [84.5855051, 28.4134131], [84.5854944, 28.4136301], [84.5854783, 28.4139132], [84.5854247, 28.4140736], [84.5852745, 28.4143143], [84.5852423, 28.4144983], [84.5852423, 28.4146728], [84.5854032, 28.414838], [84.5856821, 28.4149937], [84.5859611, 28.4151022], [84.586401, 28.4152485], [84.5872647, 28.4154136], [84.5877474, 28.4154749], [84.5881015, 28.4156212], [84.5883322, 28.4158099], [84.588697, 28.4158948], [84.5890188, 28.4159373], [84.5893675, 28.415942], [84.5896572, 28.4159373], [84.5899844, 28.4159798], [84.5902419, 28.4160411], [84.5904672, 28.4161213], [84.5905799, 28.4162015], [84.5906603, 28.4164091], [84.5906067, 28.4166261], [84.5906228, 28.4168951], [84.5907569, 28.4171263], [84.5909446, 28.4172631], [84.5911431, 28.4173999], [84.5915079, 28.41765], [84.5918351, 28.4178528], [84.5921892, 28.4180321], [84.5924413, 28.4181548], [84.5927256, 28.4183435], [84.593026, 28.418603], [84.5930743, 28.4187776], [84.5930636, 28.4189238], [84.5929939, 28.4191503], [84.5929509, 28.4193956], [84.5928866, 28.4196928], [84.5928383, 28.4199287], [84.5928329, 28.4201929], [84.5928651, 28.420476], [84.5929724, 28.4208157], [84.593128, 28.4210893], [84.5933586, 28.421363], [84.593482, 28.4215328], [84.5936966, 28.4216555], [84.5940077, 28.4218064], [84.5942599, 28.4219291], [84.5944476, 28.4220376], [84.5946997, 28.4221933], [84.5949089, 28.422349], [84.5951021, 28.4224717], [84.5953381, 28.4226179], [84.5954829, 28.42275], [84.595601, 28.4228868], [84.5956975, 28.4229812], [84.5957243, 28.4231463], [84.5958155, 28.4233492], [84.5958799, 28.4235001], [84.595955, 28.4236275], [84.5960838, 28.4237596], [84.5962608, 28.4238917], [84.5963895, 28.4239436], [84.5965826, 28.4239813], [84.5947748, 28.4263496], [84.592613, 28.4275526], [84.5925164, 28.4274535], [84.5924413, 28.4273639], [84.5923448, 28.4272884], [84.5921677, 28.4271846], [84.5919907, 28.427062], [84.5918298, 28.4269629], [84.5916527, 28.426845], [84.591524, 28.4267318], [84.5913953, 28.4265572], [84.5912665, 28.4264251], [84.5909071, 28.4262977], [84.5907086, 28.426293], [84.5904511, 28.4263024], [84.5901561, 28.4263072], [84.5898557, 28.4263213], [84.5894802, 28.4263496], [84.5891583, 28.4263638], [84.5889705, 28.4263543], [84.5887184, 28.4263449], [84.5884931, 28.4262883], [84.5882463, 28.4262741], [84.5880586, 28.4263166], [84.5878226, 28.4263685], [84.5875651, 28.4264487], [84.5873934, 28.4265478], [84.5871895, 28.4265808], [84.5868784, 28.4265666], [84.5867121, 28.4265242], [84.5865244, 28.4264204], [84.5863795, 28.4263543], [84.5861864, 28.4263213], [84.5859396, 28.4263119], [84.5858002, 28.4263072], [84.5856285, 28.4262458], [84.5855051, 28.4261609], [84.5854783, 28.4260571], [84.5854086, 28.4259439], [84.5852798, 28.4258873], [84.5851779, 28.4258496], [84.5850706, 28.4256986], [84.5849901, 28.4255571], [84.5848668, 28.4254533], [84.5847434, 28.4253825], [84.58462, 28.4253259], [84.5845073, 28.4252646], [84.5843679, 28.4251985], [84.5841747, 28.4251466], [84.5839816, 28.4251042], [84.5837885, 28.4250664], [84.58359, 28.425024], [84.5835042, 28.4249768], [84.5834184, 28.4249107], [84.5833808, 28.4248164], [84.5833325, 28.4246984], [84.5832896, 28.4245663], [84.5832199, 28.4244767], [84.5830965, 28.4243871], [84.582839, 28.4243352]]]}, "properties": {"external_id": "osm:way/480685112", "name": "", "name_ne": "", "area_km2": 1.564}}, {"type": "Feature", "geometry": {"type": "Polygon", "coordinates": [[[84.5807147, 28.4524679], [84.5808649, 28.4521661], [84.5810795, 28.4517887], [84.5813048, 28.4513548], [84.5814013, 28.4509398], [84.5815301, 28.4506473], [84.5816803, 28.4501285], [84.5817017, 28.4497229], [84.581809, 28.4493833], [84.5821416, 28.4491663], [84.5825279, 28.4490437], [84.582957, 28.4490531], [84.5833969, 28.4493078], [84.5837402, 28.4495531], [84.5840406, 28.4497984], [84.5844483, 28.4501663], [84.5848668, 28.4504304], [84.5856285, 28.4507605], [84.5862079, 28.451053], [84.586519, 28.4512888], [84.586916, 28.4517416], [84.5869803, 28.4520812], [84.5872807, 28.4523642], [84.5874524, 28.4525434], [84.5879137, 28.4528641], [84.5882034, 28.4531754], [84.588418, 28.4534301], [84.5887506, 28.45393], [84.589051, 28.4542602], [84.5893836, 28.4545526], [84.5899951, 28.4549959], [84.5904243, 28.4552978], [84.5907032, 28.4555147], [84.5910251, 28.4558166], [84.5913684, 28.4560712], [84.5915723, 28.4562693], [84.5917225, 28.456524], [84.5917332, 28.4568258], [84.591583, 28.4572692], [84.5914543, 28.4574484], [84.5912397, 28.4579106], [84.5910787, 28.4581935], [84.5910036, 28.4587501], [84.5910036, 28.4592028], [84.5910036, 28.4596461], [84.5910036, 28.4600423], [84.5909715, 28.4603913], [84.590832, 28.4608157], [84.5906818, 28.461193], [84.5904565, 28.4617023], [84.5902526, 28.4620042], [84.5900166, 28.4623249], [84.5898771, 28.462721], [84.5898557, 28.4630323], [84.5900059, 28.4632209], [84.5901668, 28.4633907], [84.5902526, 28.4637019], [84.5901346, 28.4638528], [84.5899415, 28.4638623], [84.5896196, 28.4637774], [84.5892441, 28.4635227], [84.5889974, 28.4633247], [84.5887506, 28.4631077], [84.5885897, 28.4628625], [84.5885789, 28.4625984], [84.5885789, 28.4622022], [84.5886326, 28.4617306], [84.5885146, 28.4613251], [84.5883429, 28.4610798], [84.5882571, 28.4607025], [84.5883, 28.460363], [84.5884609, 28.4601083], [84.5885897, 28.4598819], [84.5886433, 28.4595801], [84.5886433, 28.4593537], [84.5884287, 28.4588915], [84.5882141, 28.4585425], [84.5879781, 28.4581653], [84.5877206, 28.4578257], [84.587506, 28.4574201], [84.5874631, 28.4571277], [84.5876241, 28.4565806], [84.5877528, 28.4562599], [84.5877743, 28.4559014], [84.5877206, 28.455609], [84.587549, 28.4552129], [84.5873129, 28.4549016], [84.5870662, 28.4544677], [84.5869589, 28.4543073], [84.5867443, 28.4541658], [84.5863902, 28.4541092], [84.5860577, 28.4541092], [84.5856714, 28.4541375], [84.5853281, 28.4542224], [84.5850813, 28.4542413], [84.5847273, 28.4543262], [84.5843947, 28.4545431], [84.5841265, 28.4546752], [84.5836222, 28.4548544], [84.5832574, 28.4548733], [84.5828926, 28.4548921], [84.5823777, 28.4549865], [84.5820236, 28.4550714], [84.5817017, 28.4550242], [84.5814657, 28.4548921], [84.5813155, 28.4547224], [84.5811653, 28.4545809], [84.5808864, 28.4545054], [84.5806825, 28.4545431], [84.580425, 28.4548544], [84.5802963, 28.4551468], [84.5802426, 28.455543], [84.5802426, 28.4558448], [84.580307, 28.4562316], [84.5804036, 28.4563825], [84.5805216, 28.4564957], [84.5807576, 28.4566278], [84.5810366, 28.4567409], [84.581294, 28.4568164], [84.5816052, 28.4570239], [84.5817447, 28.4572409], [84.5818198, 28.4574578], [84.5817876, 28.4577408], [84.5816481, 28.4580709], [84.581455, 28.4583822], [84.5813692, 28.4585803], [84.5813155, 28.4589387], [84.581337, 28.4590991], [84.5814979, 28.4592877], [84.5817876, 28.4595235], [84.5820451, 28.4597216], [84.5823562, 28.4599008], [84.582721, 28.4601649], [84.5829034, 28.4604007], [84.5830214, 28.4606177], [84.583075, 28.4608252], [84.5830428, 28.4610515], [84.5829356, 28.4611741], [84.5827961, 28.461259], [84.5826137, 28.4614477], [84.5823884, 28.4617495], [84.5823133, 28.4620985], [84.5821845, 28.4624852], [84.5821309, 28.4626267], [84.5821738, 28.4627682], [84.582442, 28.4630228], [84.5826781, 28.4631737], [84.5831716, 28.4634378], [84.5834505, 28.4636831], [84.5837617, 28.4639755], [84.5840514, 28.4641924], [84.5843196, 28.4643339], [84.5846844, 28.4644848], [84.5852744, 28.4645697], [84.5858645, 28.4646074], [84.5865619, 28.4646168], [84.5871305, 28.4646546], [84.587506, 28.4646923], [84.5878816, 28.46473], [84.5882034, 28.4648621], [84.5882356, 28.4650318], [84.5880961, 28.4653525], [84.5877528, 28.4655317], [84.5873022, 28.4656543], [84.5868516, 28.4656638], [84.5863795, 28.4656921], [84.5858216, 28.4657015], [84.5854032, 28.4656449], [84.5846522, 28.465626], [84.5842767, 28.4655977], [84.5839977, 28.4655694], [84.5834827, 28.4654468], [84.5831287, 28.4653619], [84.5826781, 28.4653242], [84.5822596, 28.4654751], [84.5820451, 28.4658052], [84.5818734, 28.4660222], [84.5817125, 28.4661825], [84.5814979, 28.4664937], [84.581455, 28.4667484], [84.5814335, 28.4670219], [84.5813906, 28.467352], [84.5813155, 28.4677199], [84.581337, 28.4679839], [84.581294, 28.4683612], [84.5811546, 28.4687102], [84.5808649, 28.4689837], [84.5805752, 28.4690497], [84.5802641, 28.469012], [84.5798671, 28.4689271], [84.5795989, 28.4687951], [84.5793092, 28.4686253], [84.5789552, 28.4684461], [84.5784402, 28.4682575], [84.5779896, 28.4680405], [84.5773566, 28.4677764], [84.5768416, 28.4675312], [84.5764017, 28.467286], [84.5760369, 28.4670125], [84.57564, 28.4665503], [84.5753717, 28.4662297], [84.5751464, 28.465843], [84.574964, 28.4654091], [84.5749104, 28.465211], [84.5749318, 28.4649564], [84.5750713, 28.4646168], [84.5753181, 28.4642678], [84.5755863, 28.4639755], [84.5758438, 28.4636925], [84.5761549, 28.4632869], [84.576391, 28.4629474], [84.5766699, 28.4627587], [84.5769811, 28.4625418], [84.5773244, 28.46224], [84.5775819, 28.4619287], [84.5778179, 28.4615326], [84.5780969, 28.4611364], [84.5783543, 28.4609383], [84.578644, 28.4606742], [84.5787084, 28.4604856], [84.5787513, 28.4600329], [84.5787835, 28.459382], [84.5787942, 28.4588727], [84.5788479, 28.4586086], [84.5789015, 28.4584011], [84.5788264, 28.4580804], [84.5784724, 28.4579011], [84.5776784, 28.4579766], [84.577142, 28.4580709], [84.576627, 28.4581841], [84.5762408, 28.4583162], [84.5757365, 28.4585425], [84.5753503, 28.4587689], [84.5751572, 28.4590047], [84.5749318, 28.4593537], [84.574846, 28.4597499], [84.5747924, 28.4602309], [84.5747924, 28.4605705], [84.5747924, 28.460844], [84.5747495, 28.461259], [84.5746958, 28.4616929], [84.5746314, 28.46224], [84.5745671, 28.4627399], [84.5745349, 28.463202], [84.574492, 28.4636925], [84.5744276, 28.464183], [84.574331, 28.4644471], [84.5741379, 28.4646734], [84.5737946, 28.4647111], [84.5734191, 28.4646168], [84.5730758, 28.4643716], [84.5727432, 28.4640792], [84.5724213, 28.4636453], [84.5721745, 28.4631737], [84.5719814, 28.462787], [84.571799, 28.4625229], [84.5715523, 28.4622117], [84.5710373, 28.4616741], [84.5705438, 28.4611176], [84.5702004, 28.4608252], [84.5698571, 28.4605516], [84.5694494, 28.4602781], [84.5687199, 28.4600423], [84.5683765, 28.4599574], [84.5677435, 28.4598536], [84.567132, 28.4597782], [84.5663595, 28.4596084], [84.565748, 28.4594858], [84.5654154, 28.4594763], [84.5652652, 28.4595329], [84.5651901, 28.4597216], [84.5652759, 28.4599668], [84.5654261, 28.4602121], [84.5656514, 28.4605045], [84.5659518, 28.4608346], [84.5662737, 28.4612024], [84.5666921, 28.4616363], [84.5670891, 28.4619382], [84.567529, 28.462174], [84.5680976, 28.4625607], [84.5689666, 28.4631643], [84.569428, 28.4633812], [84.5697606, 28.4634944], [84.570694, 28.4638434], [84.571327, 28.4640886], [84.5720351, 28.4645036], [84.5725715, 28.4650224], [84.5729577, 28.4653902], [84.5732796, 28.4658713], [84.5734942, 28.4663617], [84.5736873, 28.4669182], [84.5738697, 28.4673049], [84.5740414, 28.4676633], [84.574213, 28.4679839], [84.5745563, 28.4684838], [84.5748675, 28.4687668], [84.5751357, 28.4690025], [84.5752752, 28.469144], [84.575479, 28.4692949], [84.5758653, 28.4695873], [84.5762944, 28.4698042], [84.5766592, 28.4699551], [84.5770669, 28.47004], [84.5776677, 28.4701909], [84.578011, 28.4703229], [84.5785475, 28.4706719], [84.578762, 28.4709737], [84.5788264, 28.4713698], [84.5787835, 28.4717471], [84.578644, 28.4721243], [84.5784187, 28.4724638], [84.5782256, 28.4727751], [84.5780218, 28.473256], [84.5779359, 28.4736993], [84.5778608, 28.474086], [84.5777535, 28.4743406], [84.5775711, 28.4744632], [84.5772815, 28.4744726], [84.5768201, 28.4744349], [84.5764875, 28.4742935], [84.5761979, 28.4739822], [84.5761549, 28.4736427], [84.5761549, 28.4732749], [84.5760476, 28.4728882], [84.5758974, 28.4726525], [84.5756936, 28.4723978], [84.5756185, 28.4722092], [84.5755756, 28.4717942], [84.575361, 28.471417], [84.5750928, 28.4711718], [84.5748246, 28.471002], [84.5743739, 28.4708039], [84.5737195, 28.4705776], [84.573344, 28.4704173], [84.5727861, 28.470172], [84.5725393, 28.4699645], [84.5723247, 28.4696627], [84.5720994, 28.4692572], [84.5719063, 28.4688516], [84.5715523, 28.468465], [84.5712626, 28.4682952], [84.5709193, 28.4682103], [84.5703506, 28.4681914], [84.569664, 28.4683801], [84.5691597, 28.4686441], [84.5689237, 28.4688328], [84.5687199, 28.4690403], [84.5683765, 28.4693326], [84.5681405, 28.4696533], [84.567883, 28.4699268], [84.5676577, 28.4701909], [84.5673251, 28.4703418], [84.567014, 28.4703418], [84.5666492, 28.4702192], [84.5663702, 28.4699174], [84.5661664, 28.469427], [84.5661235, 28.4690497], [84.566102, 28.4685781], [84.5660698, 28.4678142], [84.5660698, 28.4671634], [84.5660162, 28.4667484], [84.5659304, 28.4663523], [84.5658123, 28.4658147], [84.5656621, 28.4653054], [84.5654797, 28.4648055], [84.565115, 28.4640886], [84.5647609, 28.4635699], [84.5640528, 28.4625324], [84.5636129, 28.4619853], [84.5631409, 28.46141], [84.5629156, 28.4610138], [84.562701, 28.4607308], [84.5623577, 28.4604101], [84.5618319, 28.4600611], [84.5614135, 28.459797], [84.5611131, 28.4596084], [84.5607376, 28.459316], [84.5605445, 28.4591934], [84.5601582, 28.4588915], [84.560051, 28.458684], [84.560051, 28.4584765], [84.560169, 28.4583067], [84.5604694, 28.4581653], [84.5607483, 28.4580426], [84.5611668, 28.457854], [84.5613491, 28.4575804], [84.5613706, 28.4573352], [84.5613921, 28.4571277], [84.5617139, 28.4570428], [84.5619285, 28.4569673], [84.5621431, 28.4567975], [84.5622933, 28.4566561], [84.56254, 28.4564108], [84.5628619, 28.4562787], [84.563216, 28.4561939], [84.5635486, 28.4561373], [84.5639133, 28.4560901], [84.564482, 28.4560807], [84.5651472, 28.4561184], [84.5656729, 28.4559769], [84.5660269, 28.4558637], [84.5665097, 28.4557317], [84.567014, 28.4556656], [84.5674324, 28.4556373], [84.5681727, 28.455609], [84.5686126, 28.4555996], [84.5689881, 28.455543], [84.5694172, 28.4554864], [84.5697069, 28.4554204], [84.5700824, 28.4552978], [84.5704257, 28.455128], [84.5707798, 28.4549204], [84.5711875, 28.4546092], [84.5714772, 28.4543639], [84.5717561, 28.4542413], [84.5722604, 28.4540621], [84.57255, 28.4539866], [84.5729148, 28.4539017], [84.5733654, 28.4537791], [84.5737302, 28.4536282], [84.5741165, 28.4534301], [84.5745456, 28.4531848], [84.5749211, 28.4530245], [84.5755649, 28.4527698], [84.5759296, 28.4527132], [84.5763481, 28.4527603], [84.5766699, 28.4528547], [84.5769167, 28.452949], [84.5773244, 28.4530339], [84.5775497, 28.4530528], [84.578172, 28.4530811], [84.5785904, 28.4531094], [84.5792556, 28.4530622], [84.5800066, 28.4529301], [84.5804465, 28.452666], [84.5807147, 28.4524679]]]}, "properties": {"external_id": "osm:way/480934198", "name": "", "name_ne": "", "area_km2": 3.219}}, {"type": "Feature", "geometry": {"type": "Polygon", "coordinates": [[[84.3475879, 28.6408544], [84.3482852, 28.6410145], [84.3486447, 28.6410851], [84.3490577, 28.6412546], [84.3492777, 28.6413817], [84.34968, 28.6416689], [84.3498731, 28.6418902], [84.3501896, 28.6421868], [84.3505758, 28.6424928], [84.3508602, 28.6426717], [84.3512679, 28.6430012], [84.3515253, 28.6432837], [84.3517614, 28.6436133], [84.3519384, 28.643844], [84.3520779, 28.6439946], [84.3524588, 28.6442347], [84.3528128, 28.644456], [84.3529845, 28.6446113], [84.3532205, 28.644842], [84.3534243, 28.6450209], [84.3536282, 28.6451292], [84.3539125, 28.6452375], [84.3542934, 28.6453175], [84.354626, 28.6453269], [84.3550712, 28.6453081], [84.3554199, 28.6452563], [84.3558866, 28.6451527], [84.3561978, 28.645068], [84.3563748, 28.6450256], [84.3568361, 28.6449079], [84.3571312, 28.6447808], [84.3574316, 28.6446725], [84.3577588, 28.6445125], [84.3580431, 28.6443995], [84.3582631, 28.6442865], [84.3584937, 28.6442018], [84.3587995, 28.6441358], [84.3590516, 28.6440888], [84.3594808, 28.6440229], [84.3599475, 28.6439664], [84.3606878, 28.6438816], [84.3610204, 28.643844], [84.3615622, 28.6438063], [84.3619377, 28.6437686], [84.362399, 28.6437263], [84.3629569, 28.6436556], [84.3632627, 28.6436368], [84.3635309, 28.643618], [84.3637669, 28.6435944], [84.3640244, 28.643585], [84.3642819, 28.6436133], [84.3644858, 28.643698], [84.364695, 28.6437121], [84.3648881, 28.6436745], [84.3650651, 28.6436415], [84.3653012, 28.6436415], [84.3655211, 28.6437121], [84.3656606, 28.6438345], [84.3657357, 28.6439758], [84.3657732, 28.6441453], [84.3658108, 28.6442347], [84.3658966, 28.6444277], [84.3659127, 28.6445925], [84.3658966, 28.6448138], [84.3658001, 28.6449268], [84.3656928, 28.6450068], [84.3655211, 28.6450492], [84.365387, 28.6450633], [84.3651188, 28.6450868], [84.3648023, 28.6451057], [84.3644375, 28.6451104], [84.3642122, 28.6451339], [84.363944, 28.6451669], [84.3635095, 28.6451669], [84.3631286, 28.6451904], [84.3628389, 28.6451951], [84.3626297, 28.6451904], [84.3620986, 28.6451575], [84.361825, 28.6451669], [84.3613583, 28.6451904], [84.3609453, 28.6452704], [84.3605483, 28.6453787], [84.3603069, 28.6454352], [84.3599046, 28.6455058], [84.3595344, 28.6455859], [84.3592018, 28.6456989], [84.35888, 28.6458307], [84.3586386, 28.6459248], [84.3582416, 28.6461602], [84.3579841, 28.6463627], [84.3577803, 28.6465039], [84.3576461, 28.6465651], [84.3572653, 28.6466075], [84.3569541, 28.6466498], [84.3566215, 28.6466875], [84.3560851, 28.6467769], [84.3556399, 28.6468758], [84.3553287, 28.646937], [84.3550766, 28.64697], [84.3548888, 28.6469653], [84.3545616, 28.646937], [84.3543363, 28.6469888], [84.3541593, 28.6470547], [84.3538696, 28.6471536], [84.353655, 28.6472101], [84.3534136, 28.6472289], [84.3532473, 28.6472101], [84.3531078, 28.6471724], [84.3528664, 28.6470971], [84.3526572, 28.6470924], [84.3523622, 28.6470782], [84.3519974, 28.6470735], [84.3517882, 28.64705], [84.351579, 28.6469417], [84.3513966, 28.6468993], [84.3510479, 28.6468711], [84.3508226, 28.6468428], [84.3505651, 28.6468287], [84.3502272, 28.6467769], [84.3498516, 28.6467157], [84.3495191, 28.6466922], [84.3491596, 28.646664], [84.3488592, 28.6466122], [84.3485856, 28.6465886], [84.3484193, 28.6465416], [84.3480653, 28.6464191], [84.3477971, 28.6463156], [84.3475342, 28.6463062], [84.347266, 28.6463156], [84.3469441, 28.6463062], [84.3467671, 28.6462967], [84.3465257, 28.646292], [84.3462307, 28.6462873], [84.345941, 28.6461602], [84.3456728, 28.6461178], [84.3454367, 28.6461178], [84.3451471, 28.6461508], [84.3448896, 28.6461791], [84.3446106, 28.6461791], [84.3443156, 28.6461649], [84.3439883, 28.6461226], [84.3438006, 28.6461131], [84.3435216, 28.6461131], [84.3432588, 28.6461131], [84.3430388, 28.6461178], [84.3427652, 28.6461131], [84.3425024, 28.6461131], [84.3423629, 28.6460943], [84.3418587, 28.6460661], [84.34151, 28.6460755], [84.3411184, 28.6460755], [84.3407375, 28.646099], [84.3404854, 28.6461367], [84.3402118, 28.646212], [84.3398148, 28.6463532], [84.3393588, 28.6464662], [84.3389887, 28.6466028], [84.3386561, 28.6468005], [84.338463, 28.6469558], [84.3382913, 28.6470971], [84.3381465, 28.6472854], [84.3380446, 28.6474313], [84.3379105, 28.6476573], [84.3378461, 28.6477373], [84.3377173, 28.6478362], [84.337492, 28.6479586], [84.3372667, 28.6480857], [84.3369609, 28.6482363], [84.3366337, 28.6484482], [84.3363709, 28.6486412], [84.3360758, 28.648853], [84.3358183, 28.6490178], [84.3355823, 28.6491826], [84.3353033, 28.6493474], [84.3350566, 28.6494698], [84.3347615, 28.6496016], [84.3343324, 28.6497051], [84.3340427, 28.6497522], [84.3336189, 28.6498605], [84.3333614, 28.6499076], [84.3329913, 28.6499688], [84.3327821, 28.65003], [84.3325568, 28.6502324], [84.3324227, 28.6504066], [84.33231, 28.6505572], [84.3320686, 28.6507173], [84.331854, 28.6507549], [84.3315912, 28.6507314], [84.331398, 28.6506843], [84.3311137, 28.6505666], [84.3309152, 28.6504631], [84.330808, 28.6503972], [84.3305183, 28.6503171], [84.3302662, 28.6502889], [84.3300999, 28.6502653], [84.3296653, 28.6502512], [84.3294454, 28.6502512], [84.3289411, 28.6502701], [84.3287534, 28.650303], [84.328512, 28.6503972], [84.3283028, 28.6504678], [84.3281097, 28.6504772], [84.3277288, 28.6505101], [84.3274981, 28.6505572], [84.3273265, 28.6506467], [84.3272353, 28.6507973], [84.3272192, 28.6510656], [84.3272674, 28.651188], [84.327364, 28.6512728], [84.3276644, 28.6513481], [84.327997, 28.6513763], [84.3282491, 28.651414], [84.3285066, 28.6515458], [84.3287212, 28.6517294], [84.328807, 28.6520448], [84.3287695, 28.6522755], [84.3286837, 28.6524261], [84.3285174, 28.652605], [84.3284047, 28.6527651], [84.3283779, 28.6529062], [84.3284852, 28.6530945], [84.3287105, 28.653231], [84.3288714, 28.6533675], [84.3289894, 28.6535229], [84.3290162, 28.653617], [84.3289197, 28.6538241], [84.3287427, 28.6539371], [84.328453, 28.6539889], [84.327997, 28.6539701], [84.3276054, 28.6539701], [84.3272674, 28.6539701], [84.3270207, 28.6538806], [84.3268919, 28.6536876], [84.3269509, 28.6535087], [84.3270904, 28.6533299], [84.3272943, 28.6532687], [84.3275357, 28.6531792], [84.3275786, 28.6530757], [84.3275088, 28.652925], [84.3273425, 28.652831], [84.3272943, 28.6527509], [84.3272943, 28.6525626], [84.3273372, 28.6523037], [84.3273372, 28.6521531], [84.3272782, 28.6520071], [84.3272031, 28.6519083], [84.3269349, 28.6517953], [84.326613, 28.6517671], [84.3262858, 28.6517765], [84.3260819, 28.6518424], [84.32576, 28.6518942], [84.3254757, 28.6519507], [84.3252933, 28.6520166], [84.3249822, 28.6521013], [84.3247998, 28.6521295], [84.3245316, 28.6521201], [84.3243492, 28.652139], [84.3240702, 28.6522002], [84.3238235, 28.6523508], [84.3236089, 28.6525109], [84.3233836, 28.6526803], [84.3232119, 28.6528591], [84.323051, 28.6530098], [84.3229115, 28.6531604], [84.3227828, 28.6532828], [84.3225038, 28.6533769], [84.3221391, 28.653424], [84.3218386, 28.6534334], [84.3212593, 28.6533958], [84.3206156, 28.6532451], [84.3203473, 28.6531133], [84.3200255, 28.6528403], [84.3197143, 28.6526333], [84.3194139, 28.6524261], [84.3193496, 28.652219], [84.319371, 28.6519271], [84.3195749, 28.6517294], [84.3198538, 28.6516729], [84.3203688, 28.6516164], [84.3208623, 28.6516258], [84.32127, 28.6517294], [84.3216026, 28.651993], [84.3217421, 28.6521907], [84.3219996, 28.6524355], [84.3223, 28.6525579], [84.3226219, 28.6525956], [84.3228472, 28.6524826], [84.3229866, 28.6523226], [84.3229974, 28.6520495], [84.3230832, 28.6518424], [84.3232119, 28.6516353], [84.3232978, 28.6514187], [84.3233192, 28.6511833], [84.3231583, 28.6509103], [84.3228257, 28.6507785], [84.3224395, 28.6506937], [84.3221498, 28.6505619], [84.3218494, 28.650383], [84.3216348, 28.650383], [84.3210984, 28.650496], [84.320696, 28.6506043], [84.3203098, 28.6506843], [84.320004, 28.6507314], [84.3197948, 28.6507738], [84.319591, 28.650802], [84.3193442, 28.650802], [84.3190062, 28.6507643], [84.3188882, 28.650722], [84.3187219, 28.6506325], [84.3185449, 28.6504207], [84.3185127, 28.65019], [84.3185717, 28.6499405], [84.3186844, 28.6497899], [84.3188668, 28.6496157], [84.3190599, 28.6494603], [84.3192101, 28.6493191], [84.3193978, 28.6491873], [84.3195856, 28.6490743], [84.3198377, 28.6489849], [84.3203581, 28.6489048], [84.3208784, 28.6488954], [84.3213719, 28.6488766], [84.3217421, 28.6488389], [84.3221122, 28.6488766], [84.3223, 28.6489519], [84.3226326, 28.6489754], [84.3229491, 28.6488954], [84.3231583, 28.648806], [84.32333, 28.6484717], [84.323566, 28.6480292], [84.3237806, 28.6477938], [84.3239844, 28.6476526], [84.3243277, 28.6475019], [84.3246818, 28.6474078], [84.3249178, 28.647389], [84.3252182, 28.647389], [84.3255401, 28.6475019], [84.325862, 28.6476526], [84.3262428, 28.6477232], [84.3264521, 28.6477703], [84.3267632, 28.6477562], [84.3269617, 28.6476855], [84.3272782, 28.6475726], [84.3275035, 28.6475584], [84.3277717, 28.647582], [84.3279755, 28.6476149], [84.3283993, 28.6476385], [84.3287051, 28.6476102], [84.3292308, 28.6474784], [84.3296063, 28.6472948], [84.3300838, 28.6470594], [84.3304432, 28.6468617], [84.3306578, 28.6467346], [84.3309689, 28.6464851], [84.3313659, 28.6460802], [84.331677, 28.6453364], [84.3319023, 28.6449974], [84.3321598, 28.6446867], [84.3324709, 28.6445172], [84.332943, 28.6443383], [84.3333507, 28.6442912], [84.3340051, 28.6442253], [84.334563, 28.6441688], [84.3351317, 28.6440746], [84.3354428, 28.6438769], [84.3357969, 28.6435097], [84.3360114, 28.6431331], [84.3362904, 28.6429071], [84.3367303, 28.6426717], [84.3372238, 28.6424928], [84.3375993, 28.6423515], [84.3379104, 28.6422103], [84.3381894, 28.6419278], [84.3384469, 28.6416171], [84.3386722, 28.6413534], [84.3390155, 28.6412028], [84.339391, 28.6410992], [84.339788, 28.6410521], [84.3402601, 28.6409391], [84.3404961, 28.6408356], [84.3409896, 28.6405625], [84.3413008, 28.6404213], [84.3419123, 28.6402047], [84.3424702, 28.6401294], [84.343189, 28.6399975], [84.3437147, 28.639941], [84.3442405, 28.6399222], [84.3446482, 28.6400164], [84.3450988, 28.6402235], [84.3453348, 28.6403365], [84.3457425, 28.6404307], [84.346, 28.6404495], [84.346397, 28.6404778], [84.3468154, 28.6405719], [84.3472338, 28.6407037], [84.3475879, 28.6408544]]]}, "properties": {"external_id": "osm:way/480942284", "name": "", "name_ne": "", "area_km2": 1.993}}, {"type": "Feature", "geometry": {"type": "Polygon", "coordinates": [[[84.5328855, 28.6928558], [84.5323169, 28.6930347], [84.5319521, 28.6932229], [84.5315444, 28.693477], [84.5306647, 28.6938534], [84.5303213, 28.6940793], [84.5295596, 28.6943146], [84.5289159, 28.6943711], [84.5284009, 28.6944464], [84.5274353, 28.6944275], [84.5267165, 28.6942017], [84.5261264, 28.6941075], [84.525826, 28.6940134], [84.5255577, 28.6939381], [84.52456, 28.6938534], [84.5237875, 28.6940323], [84.5232296, 28.6941546], [84.5230579, 28.6941828], [84.5225537, 28.6941452], [84.522028, 28.6939476], [84.5217168, 28.6937593], [84.521513, 28.6934676], [84.5214808, 28.6929123], [84.521513, 28.6925735], [84.5216524, 28.6922723], [84.5218348, 28.69199], [84.5221782, 28.6916041], [84.5225108, 28.6912277], [84.5228541, 28.6908606], [84.5232403, 28.6903618], [84.5237124, 28.6894865], [84.5239377, 28.6891289], [84.5241094, 28.6889406], [84.5244098, 28.6886489], [84.5246565, 28.6883759], [84.5248067, 28.6881689], [84.5249784, 28.6878583], [84.5252359, 28.6874347], [84.5253432, 28.6872277], [84.5252895, 28.6870583], [84.5251393, 28.6869171], [84.5248926, 28.686823], [84.5245814, 28.6866912], [84.5243132, 28.6865877], [84.5240879, 28.6864653], [84.5238948, 28.6863712], [84.5235729, 28.6861735], [84.523412, 28.6859947], [84.5232296, 28.6858723], [84.5230365, 28.6857594], [84.5229077, 28.6856276], [84.5228112, 28.68543], [84.5227575, 28.6852229], [84.5228326, 28.68495], [84.5229936, 28.6846864], [84.5231223, 28.6845358], [84.5233047, 28.6843946], [84.5236373, 28.6841688], [84.5239377, 28.6840087], [84.5242917, 28.6838864], [84.5244312, 28.6838582], [84.5246994, 28.6837452], [84.5251393, 28.6835758], [84.525429, 28.6832934], [84.5256543, 28.6828981], [84.5257938, 28.682691], [84.5259011, 28.6825498], [84.5259762, 28.6822769], [84.5260513, 28.6820886], [84.5260727, 28.681891], [84.5262444, 28.6816745], [84.5263624, 28.6815521], [84.5265233, 28.6814109], [84.5265233, 28.6810533], [84.5265341, 28.6807615], [84.5265984, 28.6805544], [84.5267057, 28.6802909], [84.5268667, 28.6800461], [84.5271671, 28.6798391], [84.527607, 28.6797826], [84.5278859, 28.6798391], [84.5283365, 28.6798579], [84.5288408, 28.6798296], [84.5295381, 28.6798861], [84.5300209, 28.6799708], [84.5302141, 28.6800555], [84.5303213, 28.6801403], [84.530493, 28.6804415], [84.5305467, 28.6806956], [84.5305037, 28.6810345], [84.5302999, 28.6813733], [84.5301282, 28.6815239], [84.5298278, 28.6816839], [84.5293236, 28.6818251], [84.5290124, 28.6818439], [84.5286477, 28.6819192], [84.5283687, 28.6820698], [84.5282185, 28.6821828], [84.5280254, 28.6825781], [84.5280576, 28.6830393], [84.5281112, 28.6832558], [84.5281756, 28.6835193], [84.5282507, 28.6837546], [84.5284116, 28.6841311], [84.5285511, 28.6844041], [84.5287013, 28.6848464], [84.528712, 28.6851759], [84.528712, 28.6855806], [84.5287442, 28.68591], [84.5285618, 28.6863147], [84.5282829, 28.6866724], [84.5280468, 28.6869547], [84.527843, 28.6873124], [84.5277142, 28.6877077], [84.5276499, 28.6882347], [84.5275533, 28.6887618], [84.527328, 28.6889406], [84.5272636, 28.6892041], [84.5269418, 28.6896277], [84.5267272, 28.6899759], [84.5265448, 28.6902677], [84.5263624, 28.6906724], [84.526341, 28.6909171], [84.5265126, 28.6912088], [84.5267057, 28.69135], [84.5275319, 28.6911806], [84.5279503, 28.6909453], [84.5283151, 28.6908041], [84.5286906, 28.6907571], [84.5290339, 28.6907665], [84.5292699, 28.6907759], [84.5296669, 28.6906724], [84.5300531, 28.6904371], [84.5303535, 28.6900888], [84.5305681, 28.6896936], [84.5307612, 28.6894018], [84.53089, 28.6890818], [84.5310616, 28.6887336], [84.5311153, 28.6885359], [84.5311582, 28.6882818], [84.5310724, 28.6880653], [84.5309436, 28.6879618], [84.5308041, 28.6879053], [84.5305467, 28.6879053], [84.5302999, 28.687943], [84.5300424, 28.688103], [84.5296991, 28.688423], [84.5294845, 28.6885453], [84.5291519, 28.6885171], [84.5287335, 28.6884512], [84.528476, 28.6882912], [84.5282614, 28.6881218], [84.528197, 28.6878771], [84.5282185, 28.6875383], [84.5283902, 28.6872559], [84.5285833, 28.6870677], [84.5288837, 28.6867853], [84.5292055, 28.6864277], [84.5294094, 28.6861359], [84.5295167, 28.685797], [84.5295596, 28.68559], [84.5295811, 28.685317], [84.529506, 28.6849594], [84.5294952, 28.6844982], [84.5296347, 28.6838582], [84.5297313, 28.6837264], [84.5299673, 28.6836228], [84.5302677, 28.6835758], [84.5305788, 28.6833875], [84.5308363, 28.6831993], [84.5310402, 28.6830958], [84.531362, 28.6830393], [84.5316303, 28.6829922], [84.532038, 28.6830016], [84.5322418, 28.6831052], [84.5323062, 28.6834158], [84.532274, 28.683717], [84.5322204, 28.6841593], [84.531995, 28.6847147], [84.531759, 28.6851664], [84.5316195, 28.6854017], [84.5315874, 28.6857029], [84.5315874, 28.6859759], [84.5316732, 28.6862112], [84.5318341, 28.6863053], [84.5322633, 28.6860982], [84.5324564, 28.6860135], [84.5327997, 28.6860794], [84.5330036, 28.68639], [84.5330894, 28.6865218], [84.5334649, 28.6866535], [84.5337009, 28.6865688], [84.5339584, 28.6864182], [84.5343017, 28.6861924], [84.5346022, 28.6860229], [84.5349669, 28.68575], [84.5352781, 28.6850347], [84.5353532, 28.6846111], [84.5354068, 28.6843946], [84.5355356, 28.6841123], [84.535675, 28.6837358], [84.5357931, 28.6833405], [84.5357931, 28.6830958], [84.5357716, 28.682851], [84.5359433, 28.682531], [84.5360935, 28.6823334], [84.536351, 28.6821828], [84.5366192, 28.6820604], [84.5369196, 28.682051], [84.5370591, 28.6821169], [84.5371556, 28.682484], [84.5371663, 28.6828228], [84.5371878, 28.6830863], [84.5372736, 28.6838487], [84.5372736, 28.684517], [84.5373166, 28.6848182], [84.5373166, 28.6853264], [84.5372844, 28.6857782], [84.5372629, 28.6862676], [84.5371234, 28.6868888], [84.5368767, 28.6874724], [84.5367694, 28.6878489], [84.5365977, 28.6884041], [84.5365548, 28.6885924], [84.5362437, 28.6891759], [84.5359218, 28.6897689], [84.5355141, 28.6904277], [84.5351171, 28.6910677], [84.534806, 28.6914535], [84.5345163, 28.6917359], [84.5340013, 28.6921782], [84.53354, 28.6925076], [84.5331108, 28.6927241], [84.5328855, 28.6928558]]]}, "properties": {"external_id": "osm:way/480942287", "name": "", "name_ne": "", "area_km2": 1.332}}, {"type": "Feature", "geometry": {"type": "Polygon", "coordinates": [[[84.5374346, 28.6922159], [84.5373702, 28.6919994], [84.5373702, 28.6917453], [84.5374668, 28.6914253], [84.5375633, 28.6912277], [84.5377672, 28.6909453], [84.5379817, 28.6908418], [84.5383465, 28.6907477], [84.5389581, 28.69071], [84.5399451, 28.6904747], [84.5401704, 28.6904371], [84.5404172, 28.690343], [84.5406747, 28.6902206], [84.5411682, 28.6900512], [84.5413506, 28.6899947], [84.541769, 28.6900512], [84.5419729, 28.6901265], [84.5422411, 28.6902206], [84.5424664, 28.6902488], [84.5427239, 28.6902677], [84.5430565, 28.6902677], [84.5434749, 28.6902677], [84.5438826, 28.6902677], [84.5440435, 28.6902959], [84.5442045, 28.6904559], [84.5442581, 28.6906535], [84.5441937, 28.6907947], [84.5441508, 28.6910677], [84.5442366, 28.6914065], [84.5443118, 28.6915571], [84.5444727, 28.6917547], [84.5446336, 28.6918676], [84.544934, 28.6919806], [84.5452022, 28.6921217], [84.5453632, 28.6922629], [84.5454383, 28.6924041], [84.5455348, 28.6926676], [84.5455134, 28.6928652], [84.5453954, 28.6930252], [84.5451057, 28.6931946], [84.5449233, 28.6932888], [84.5445585, 28.6936087], [84.5443869, 28.6937405], [84.5440972, 28.6938911], [84.5438397, 28.6940605], [84.5435285, 28.6943522], [84.5433354, 28.6944746], [84.5432389, 28.6945969], [84.5431101, 28.6946534], [84.5430565, 28.6947193], [84.5430243, 28.6947663], [84.5429867, 28.694884], [84.5429867, 28.6949922], [84.5430082, 28.6950957], [84.5430779, 28.6952087], [84.5432657, 28.6953075], [84.5434427, 28.6953686], [84.543668, 28.6953734], [84.5439631, 28.695331], [84.5442581, 28.6952698], [84.5444512, 28.6952416], [84.544816, 28.6951992], [84.5450681, 28.695251], [84.5452452, 28.6953075], [84.5454007, 28.6953828], [84.5455134, 28.6954722], [84.5456582, 28.6956745], [84.5457709, 28.695811], [84.5459425, 28.6960133], [84.5461303, 28.6963803], [84.5461786, 28.6964839], [84.546318, 28.6966297], [84.5463234, 28.696738], [84.5462644, 28.6968791], [84.5461142, 28.696945], [84.5459694, 28.6969215], [84.5458245, 28.6967991], [84.5456582, 28.6966344], [84.5455134, 28.6965074], [84.5452505, 28.6963803], [84.5450842, 28.6963192], [84.5449179, 28.6962721], [84.5447624, 28.6962533], [84.5444673, 28.6962674], [84.5442206, 28.6963051], [84.5439416, 28.6963945], [84.5437968, 28.6964039], [84.5436573, 28.6963615], [84.5434856, 28.6962674], [84.5433247, 28.6961357], [84.5431852, 28.6960557], [84.5429385, 28.6959898], [84.5427775, 28.6959192], [84.5425737, 28.695811], [84.5424771, 28.6957404], [84.5424503, 28.6956227], [84.5424664, 28.6955004], [84.5425254, 28.6953545], [84.5425522, 28.695171], [84.5425415, 28.6950298], [84.5425308, 28.6949216], [84.5425469, 28.6948181], [84.5425951, 28.6947099], [84.5426381, 28.6946487], [84.5426702, 28.6945122], [84.5426005, 28.6944134], [84.5423698, 28.6944511], [84.5422196, 28.6945216], [84.5420372, 28.6946252], [84.5418602, 28.6947099], [84.5416403, 28.6947663], [84.5413399, 28.694804], [84.5410877, 28.6949263], [84.5409054, 28.6950063], [84.5406157, 28.6952087], [84.5404547, 28.6953357], [84.5403475, 28.6955475], [84.540326, 28.695731], [84.540326, 28.6959474], [84.5402723, 28.6960604], [84.5400953, 28.6961921], [84.5398325, 28.6962721], [84.5395857, 28.696258], [84.5392853, 28.6961451], [84.5388776, 28.6960745], [84.5385289, 28.6960368], [84.5383412, 28.6960415], [84.5381802, 28.696051], [84.5380354, 28.6960604], [84.5377028, 28.6960745], [84.5375365, 28.6961215], [84.5373541, 28.6961545], [84.5372468, 28.6962015], [84.5372307, 28.6963098], [84.5372629, 28.6963521], [84.5374024, 28.6963945], [84.5376009, 28.6964039], [84.537853, 28.6964039], [84.5380998, 28.6964039], [84.5383036, 28.6964274], [84.5386845, 28.6964415], [84.5387864, 28.6964415], [84.5390654, 28.6964415], [84.5392156, 28.6964321], [84.5394999, 28.6964133], [84.539752, 28.6964697], [84.5398861, 28.6965403], [84.5399344, 28.6966203], [84.5399612, 28.696785], [84.5398378, 28.6969309], [84.5395964, 28.697025], [84.5393765, 28.6970909], [84.5391458, 28.697152], [84.5389956, 28.6972132], [84.5388293, 28.6973026], [84.5385879, 28.6973967], [84.5383465, 28.6973873], [84.5381159, 28.6972697], [84.5380193, 28.6971756], [84.5379388, 28.6971144], [84.5376009, 28.6970673], [84.5374399, 28.6970862], [84.5372575, 28.6971285], [84.5370483, 28.6972415], [84.5368767, 28.6972791], [84.5366889, 28.6972697], [84.5365494, 28.697105], [84.5365119, 28.6969685], [84.5364422, 28.6968368], [84.5362115, 28.6966815], [84.5359647, 28.696578], [84.535718, 28.6964933], [84.5354122, 28.6964321], [84.5351708, 28.6964556], [84.5349079, 28.6966015], [84.5348543, 28.696705], [84.5347416, 28.6968321], [84.5345914, 28.6968885], [84.5342535, 28.6969309], [84.534055, 28.6969027], [84.5337868, 28.6968509], [84.5334756, 28.6967803], [84.5333523, 28.6967003], [84.5332611, 28.6966344], [84.5331645, 28.6965215], [84.5331591, 28.6964133], [84.5332825, 28.6962345], [84.5333791, 28.6961451], [84.5335132, 28.6960698], [84.5335936, 28.6959992], [84.5337707, 28.6959474], [84.5339101, 28.6958768], [84.5340711, 28.695811], [84.5342267, 28.6957592], [84.5344251, 28.695698], [84.5346183, 28.6956227], [84.5347846, 28.6955851], [84.5349401, 28.6955804], [84.5351279, 28.6955851], [84.5352298, 28.6956086], [84.5355141, 28.6956369], [84.5357931, 28.6956651], [84.5360023, 28.6956839], [84.5363188, 28.6957027], [84.536528, 28.6957074], [84.536823, 28.695698], [84.5370537, 28.695698], [84.5372629, 28.6956557], [84.5373702, 28.6955898], [84.5373487, 28.6954486], [84.537279, 28.6953922], [84.5371664, 28.6953216], [84.5369732, 28.6952039], [84.5368606, 28.6950957], [84.5366996, 28.6950016], [84.536469, 28.6948604], [84.536292, 28.694771], [84.5360881, 28.6946157], [84.5359969, 28.6945169], [84.5358521, 28.6944134], [84.5356429, 28.6942581], [84.535616, 28.694117], [84.535659, 28.6938534], [84.5357609, 28.6936134], [84.5358467, 28.6934111], [84.5359969, 28.6932793], [84.5362168, 28.693157], [84.5364422, 28.6930346], [84.5366138, 28.6929594], [84.5368659, 28.6928605], [84.5371181, 28.6927852], [84.5372468, 28.692757], [84.5374721, 28.69271], [84.5376545, 28.6926535], [84.5377082, 28.692597], [84.5377135, 28.6925076], [84.5376384, 28.6924276], [84.537558, 28.692357], [84.5374989, 28.6923006], [84.5374346, 28.6922159]]]}, "properties": {"external_id": "osm:way/480942288", "name": "", "name_ne": "", "area_km2": 0.522}}, {"type": "Feature", "geometry": {"type": "Polygon", "coordinates": [[[84.5058274, 28.6814957], [84.5061493, 28.6816274], [84.5062995, 28.6817686], [84.5065141, 28.6820322], [84.5066965, 28.6823616], [84.5068145, 28.6827381], [84.5068681, 28.6830205], [84.5069539, 28.6833875], [84.5070183, 28.6837546], [84.5072007, 28.6841311], [84.5074582, 28.6843476], [84.5077693, 28.6845547], [84.5079839, 28.6847429], [84.5081663, 28.684997], [84.5083165, 28.6852229], [84.5083594, 28.68543], [84.5085633, 28.6858629], [84.5087457, 28.6861829], [84.5088315, 28.6865594], [84.5088208, 28.6868983], [84.5087886, 28.687303], [84.5086706, 28.6876418], [84.5085204, 28.6878394], [84.5084238, 28.6879147], [84.5082736, 28.6879806], [84.5078766, 28.688103], [84.5073295, 28.6882159], [84.5068896, 28.6883947], [84.5064711, 28.6885641], [84.5062029, 28.6888277], [84.506042, 28.6890912], [84.5059883, 28.6893077], [84.5060635, 28.6896183], [84.50616, 28.6899006], [84.506396, 28.6902018], [84.5065141, 28.6905406], [84.5067608, 28.690983], [84.506793, 28.6914441], [84.506793, 28.6916794], [84.5067608, 28.6920465], [84.5067072, 28.6922912], [84.5066643, 28.6926488], [84.5066535, 28.6929499], [84.5068574, 28.6932888], [84.5072007, 28.6935523], [84.5074475, 28.6936746], [84.5076728, 28.6937593], [84.5078552, 28.6938723], [84.5080268, 28.694164], [84.5082521, 28.6945687], [84.5084023, 28.6948134], [84.5086062, 28.6950957], [84.5089388, 28.6955192], [84.5092714, 28.6958392], [84.5095825, 28.696018], [84.5100331, 28.6962157], [84.5103228, 28.6963286], [84.5105696, 28.6963945], [84.5109665, 28.6964039], [84.5115566, 28.6963945], [84.5119643, 28.696338], [84.5128119, 28.6962062], [84.5138633, 28.6961027], [84.5145929, 28.6959145], [84.5150757, 28.6958016], [84.5156336, 28.6956416], [84.5163202, 28.6954816], [84.5167172, 28.6953592], [84.5170605, 28.6952181], [84.517554, 28.6949922], [84.517833, 28.6947381], [84.5178652, 28.6944464], [84.5174146, 28.6940699], [84.5170283, 28.6938629], [84.5168674, 28.6937405], [84.516803, 28.693364], [84.5169103, 28.6931194], [84.517082, 28.6929217], [84.5173073, 28.6927711], [84.5175326, 28.6926206], [84.5178223, 28.6923853], [84.5182407, 28.6919335], [84.518702, 28.6914912], [84.5188308, 28.6911806], [84.5187986, 28.6909265], [84.5187127, 28.6907288], [84.5184338, 28.6902488], [84.5182729, 28.6899853], [84.5180905, 28.689703], [84.5180046, 28.68943], [84.5179832, 28.6891477], [84.5179832, 28.6888559], [84.5178866, 28.688583], [84.5177042, 28.6883383], [84.5174253, 28.6882347], [84.5170605, 28.688103], [84.5167708, 28.6880653], [84.5164704, 28.6879524], [84.5162344, 28.6878394], [84.5160305, 28.68767], [84.5157516, 28.687463], [84.5153332, 28.6872747], [84.5148504, 28.687143], [84.5143783, 28.6870771], [84.5140457, 28.6870394], [84.5136917, 28.6869265], [84.5134663, 28.6867006], [84.5133269, 28.6865029], [84.5131659, 28.6861641], [84.5131445, 28.6859194], [84.5131445, 28.6855994], [84.5132303, 28.6854394], [84.513402, 28.6853359], [84.5135414, 28.6852888], [84.5137238, 28.6852606], [84.5139277, 28.6853076], [84.5138848, 28.6819945], [84.5134985, 28.6818439], [84.513241, 28.6816745], [84.5127046, 28.6814298], [84.5123505, 28.6812509], [84.5120394, 28.6810062], [84.5118892, 28.6807897], [84.5118141, 28.6803568], [84.5119214, 28.6801403], [84.5121145, 28.6799614], [84.5122969, 28.6797449], [84.5124042, 28.6794531], [84.5124364, 28.6791425], [84.5123291, 28.6787378], [84.5122003, 28.6783613], [84.5121145, 28.6779848], [84.5120501, 28.6773824], [84.5119643, 28.6770717], [84.5117605, 28.6763658], [84.5115459, 28.675688], [84.5116103, 28.6750385], [84.5117283, 28.6744738], [84.5117926, 28.673956], [84.5119429, 28.6735324], [84.5120394, 28.6733724], [84.5124793, 28.6730994], [84.5131016, 28.6729018], [84.5141101, 28.6727229], [84.514786, 28.6727417], [84.5155477, 28.6727512], [84.5159125, 28.6727323], [84.5162988, 28.6725158], [84.516449, 28.6723181], [84.516449, 28.6720734], [84.5163953, 28.6716122], [84.5155156, 28.6711791], [84.5153546, 28.6711509], [84.5149684, 28.6710662], [84.5143139, 28.6709062], [84.5139384, 28.6707461], [84.5136702, 28.6705202], [84.5133591, 28.6703696], [84.5131123, 28.6702849], [84.5125651, 28.6702001], [84.5120609, 28.6702378], [84.5114708, 28.6703131], [84.5110738, 28.6704261], [84.5104623, 28.6705484], [84.5101404, 28.6706896], [84.5096254, 28.6708497], [84.5091641, 28.6710474], [84.5087564, 28.671358], [84.5085847, 28.6716875], [84.5085311, 28.6720546], [84.5084131, 28.6725252], [84.5082736, 28.6730147], [84.5080912, 28.6734383], [84.5079839, 28.6736454], [84.5078981, 28.6741255], [84.5078659, 28.6743985], [84.5077371, 28.6745679], [84.5074367, 28.6746526], [84.506675, 28.6747091], [84.5059132, 28.6748126], [84.5053124, 28.6747844], [84.5049262, 28.674822], [84.5047867, 28.6748409], [84.5045078, 28.674935], [84.5041859, 28.6750574], [84.5038426, 28.6751891], [84.5036602, 28.6753021], [84.5034563, 28.6755657], [84.5034778, 28.6757539], [84.5035851, 28.6759045], [84.5037782, 28.6759328], [84.5041537, 28.6760175], [84.5045185, 28.6760834], [84.5049047, 28.6761399], [84.5052266, 28.6761869], [84.5056879, 28.6764693], [84.5058596, 28.6766576], [84.5060205, 28.6767799], [84.5062351, 28.6770153], [84.5065355, 28.6773353], [84.5068574, 28.6777306], [84.5071149, 28.6780883], [84.5073616, 28.6785119], [84.5074475, 28.6787001], [84.5074689, 28.6789543], [84.5074797, 28.6792367], [84.5076835, 28.6794531], [84.5078874, 28.6796037], [84.5081234, 28.6797638], [84.5084989, 28.6799802], [84.5088529, 28.6803191], [84.5090461, 28.6806109], [84.5092285, 28.6812133], [84.5092392, 28.6814674], [84.5093143, 28.6817121], [84.5094108, 28.6820792], [84.5094323, 28.6823522], [84.5094216, 28.6826534], [84.5093143, 28.6828699], [84.5092606, 28.6831805], [84.5092606, 28.6834252], [84.5092499, 28.6837452], [84.5091534, 28.6838299], [84.5088529, 28.683604], [84.5087349, 28.683397], [84.5086169, 28.6829828], [84.5085204, 28.6826816], [84.508456, 28.6822957], [84.5082843, 28.6819192], [84.5081663, 28.6817027], [84.5078444, 28.6815051], [84.5075655, 28.6814109], [84.5071792, 28.6812792], [84.5070612, 28.6811003], [84.5068145, 28.6807521], [84.5067608, 28.6804979], [84.5065462, 28.6803473], [84.5064497, 28.6802062], [84.5062995, 28.6800179], [84.506042, 28.6798767], [84.5057094, 28.6797355], [84.505291, 28.6795661], [84.5047867, 28.6793402], [84.5044005, 28.6791614], [84.5039821, 28.6789449], [84.5035851, 28.6786907], [84.5031989, 28.6782766], [84.5029628, 28.6779095], [84.5027912, 28.6776741], [84.5025444, 28.6770341], [84.5022762, 28.6767423], [84.5019436, 28.6764411], [84.5016324, 28.676234], [84.501214, 28.6759422], [84.5009136, 28.6756316], [84.5004523, 28.6751327], [84.499712, 28.6745679], [84.4993472, 28.6743043], [84.4988859, 28.6740313], [84.4984352, 28.6738148], [84.4978559, 28.6735042], [84.4973516, 28.6729677], [84.497062, 28.67261], [84.4966972, 28.6721958], [84.4963539, 28.6716027], [84.4960427, 28.671198], [84.4956243, 28.6707744], [84.4951737, 28.6702472], [84.4948089, 28.6697106], [84.4946158, 28.6693247], [84.4943583, 28.6689199], [84.4941759, 28.6686563], [84.4937897, 28.6680633], [84.4934893, 28.6676491], [84.4931137, 28.6672631], [84.4928455, 28.6670184], [84.4926095, 28.6667171], [84.4919336, 28.6660582], [84.4915581, 28.6655216], [84.4905925, 28.6647779], [84.4898844, 28.6643637], [84.4890368, 28.6639212], [84.4883287, 28.663507], [84.4877493, 28.663234], [84.4871592, 28.6629515], [84.4865477, 28.6626785], [84.4860327, 28.662462], [84.4854212, 28.6622831], [84.4849706, 28.6621419], [84.4840908, 28.6619066], [84.4830716, 28.6615865], [84.4824493, 28.6613135], [84.4817197, 28.6611064], [84.4807112, 28.660711], [84.4797778, 28.6604097], [84.4789946, 28.6600896], [84.4782221, 28.6598825], [84.4773102, 28.6596189], [84.4766879, 28.6593459], [84.4761729, 28.659054], [84.4755721, 28.658734], [84.4751429, 28.6584703], [84.4747889, 28.6581032], [84.4740701, 28.6575477], [84.4735443, 28.6572276], [84.4731045, 28.6568322], [84.4722998, 28.6560508], [84.4715166, 28.6555142], [84.4708621, 28.6547986], [84.4704974, 28.6542902], [84.4702506, 28.6540643], [84.4696498, 28.6536029], [84.4694137, 28.65349], [84.4692206, 28.6534994], [84.4690275, 28.6535747], [84.4689202, 28.6536688], [84.4685125, 28.6542996], [84.468416, 28.6546103], [84.4684267, 28.6550811], [84.4685554, 28.6553918], [84.4687056, 28.6556271], [84.4690812, 28.6559284], [84.4693494, 28.6561732], [84.4697356, 28.6565686], [84.4701862, 28.656964], [84.470669, 28.6574159], [84.4713771, 28.6579243], [84.4720209, 28.6583197], [84.4724715, 28.6586681], [84.4730079, 28.6590352], [84.4735336, 28.6593459], [84.474113, 28.6596942], [84.4743597, 28.6599861], [84.4745529, 28.6601461], [84.4751108, 28.6604944], [84.4758403, 28.6608334], [84.4763553, 28.6611158], [84.4772029, 28.6613982], [84.4779003, 28.6616618], [84.4785869, 28.6619066], [84.4791126, 28.6621231], [84.4800353, 28.6625279], [84.4810116, 28.6628857], [84.4819021, 28.6632999], [84.482696, 28.6636764], [84.4833934, 28.6639306], [84.4840693, 28.6640906], [84.4847345, 28.6643637], [84.4853139, 28.6645143], [84.485904, 28.6647873], [84.4862795, 28.6650603], [84.4866872, 28.6654368], [84.4872343, 28.6659734], [84.4882429, 28.6669807], [84.4888759, 28.6675173], [84.4892514, 28.6678844], [84.4897127, 28.6681103], [84.490174, 28.6686657], [84.4905281, 28.6690988], [84.4907963, 28.6695224], [84.491204, 28.6702943], [84.4914722, 28.6709532], [84.4920087, 28.6717345], [84.4926095, 28.6724499], [84.4930386, 28.6729582], [84.4933176, 28.6733348], [84.4935322, 28.6737772], [84.4936931, 28.6742196], [84.4938326, 28.674662], [84.4938218, 28.6754998], [84.4936824, 28.6762622], [84.4935, 28.6768741], [84.4932103, 28.6774671], [84.492985, 28.6782107], [84.4926739, 28.6787472], [84.4923627, 28.6796132], [84.4921911, 28.680225], [84.4920516, 28.6808086], [84.4920301, 28.6813733], [84.492073, 28.6820322], [84.4921374, 28.6829452], [84.4923305, 28.683764], [84.4925451, 28.6847711], [84.492706, 28.685157], [84.4931137, 28.6858065], [84.4934463, 28.68639], [84.4937253, 28.6867853], [84.4940579, 28.6872088], [84.4944334, 28.6874536], [84.4947231, 28.6876324], [84.4950986, 28.6877641], [84.4956779, 28.6879053], [84.4959891, 28.6879618], [84.4962788, 28.6879524], [84.4966113, 28.68783], [84.496783, 28.6876041], [84.4969118, 28.6874253], [84.4969976, 28.6873218], [84.49718, 28.6870865], [84.4973946, 28.6866912], [84.497652, 28.6864088], [84.498049, 28.6862488], [84.4982636, 28.68623], [84.498564, 28.6861547], [84.4988751, 28.6858629], [84.4990468, 28.6855335], [84.4991219, 28.6853076], [84.4991112, 28.6850064], [84.4991434, 28.6847147], [84.4991326, 28.6844605], [84.498961, 28.6841499], [84.4987035, 28.6838299], [84.4984138, 28.6835193], [84.4980168, 28.6829828], [84.4976842, 28.6827004], [84.4975233, 28.6823428], [84.4972014, 28.682051], [84.4970512, 28.6817969], [84.4969439, 28.6815521], [84.4967401, 28.681298], [84.4967294, 28.6809592], [84.4967401, 28.6807238], [84.4967615, 28.6805921], [84.4968367, 28.680385], [84.4968688, 28.6799991], [84.4968259, 28.679519], [84.4966006, 28.6792649], [84.4965362, 28.6790955], [84.4965148, 28.6786248], [84.4965899, 28.6783236], [84.4966757, 28.6782013], [84.4969225, 28.6779565], [84.4972443, 28.6778436], [84.497813, 28.6777306], [84.4983709, 28.6777212], [84.4988215, 28.6777118], [84.4993043, 28.6776836], [84.5000124, 28.6776459], [84.5004952, 28.6777589], [84.500978, 28.6780977], [84.5010853, 28.678286], [84.5012569, 28.6786719], [84.5014715, 28.6791708], [84.5018041, 28.6796226], [84.5021474, 28.6799144], [84.502598, 28.6804791], [84.5029521, 28.680658], [84.5032203, 28.6807709], [84.5037568, 28.6808933], [84.5043898, 28.6809874], [84.5047867, 28.6811192], [84.5053339, 28.6812415], [84.5058274, 28.6814957]]]}, "properties": {"external_id": "osm:way/480942289", "name": "", "name_ne": "", "area_km2": 3.871}}, {"type": "Feature", "geometry": {"type": "Polygon", "coordinates": [[[84.364019, 28.6759845], [84.3642068, 28.6759422], [84.3643302, 28.6758716], [84.3644321, 28.675801], [84.3646198, 28.675641], [84.3648183, 28.6755045], [84.3650061, 28.6754527], [84.3652636, 28.6754151], [84.3654406, 28.6753727], [84.3656981, 28.6752974], [84.3658858, 28.6752268], [84.3660092, 28.675128], [84.3662614, 28.6749726], [84.3665242, 28.6748314], [84.3666476, 28.6747891], [84.3669265, 28.6747044], [84.3671304, 28.6746997], [84.3673879, 28.674695], [84.3677527, 28.6747703], [84.3678868, 28.6748126], [84.3681067, 28.6748738], [84.368391, 28.6749303], [84.3685842, 28.6749726], [84.3687612, 28.6750009], [84.3690187, 28.6750527], [84.3692815, 28.6751233], [84.3695927, 28.6752409], [84.3699199, 28.6754198], [84.3700969, 28.6755139], [84.3705422, 28.675688], [84.3706334, 28.6757304], [84.3707299, 28.6758198], [84.3707675, 28.6759045], [84.3707728, 28.6760128], [84.3706709, 28.6761351], [84.3705368, 28.6762104], [84.3702686, 28.6763422], [84.3699682, 28.6764975], [84.3696946, 28.676634], [84.3694961, 28.6767329], [84.3690509, 28.6769164], [84.3689221, 28.6769729], [84.3686861, 28.6771047], [84.3684286, 28.6772506], [84.368155, 28.6773918], [84.36786, 28.6775141], [84.3675756, 28.6776271], [84.367243, 28.6777589], [84.3669319, 28.6779], [84.3667012, 28.6780224], [84.3664813, 28.6781401], [84.3661219, 28.6782954], [84.3658, 28.6783848], [84.3655479, 28.6784507], [84.3652689, 28.6785072], [84.3650973, 28.6785684], [84.364872, 28.6786766], [84.3646574, 28.6787848], [84.3644106, 28.6788743], [84.3642497, 28.678959], [84.3640512, 28.679039], [84.3638796, 28.6791425], [84.3636757, 28.6792508], [84.3633807, 28.6794155], [84.3632466, 28.6795143], [84.3630803, 28.679632], [84.3629891, 28.6796979], [84.362855, 28.679759], [84.3626082, 28.6797685], [84.3623829, 28.6797449], [84.3620932, 28.6797167], [84.3617552, 28.6797638], [84.3614334, 28.6798438], [84.3613476, 28.6798861], [84.3611169, 28.6799614], [84.3609023, 28.6800461], [84.3607414, 28.680112], [84.3606019, 28.6801732], [84.3603337, 28.6803003], [84.360103, 28.680432], [84.3598562, 28.6805403], [84.3596953, 28.6805921], [84.3595129, 28.6806485], [84.3593359, 28.6807332], [84.3590677, 28.6808556], [84.3588102, 28.680978], [84.3587029, 28.6810392], [84.3585044, 28.681138], [84.3581343, 28.6813168], [84.3579787, 28.6814015], [84.3578017, 28.6815004], [84.3576944, 28.6815662], [84.3574369, 28.6817733], [84.3572599, 28.6819192], [84.3570292, 28.6820792], [84.3568307, 28.6821969], [84.3565947, 28.6823334], [84.3564552, 28.6824322], [84.3562674, 28.6826157], [84.3561655, 28.6828228], [84.3560314, 28.6830158], [84.3558383, 28.6832087], [84.3556505, 28.6833828], [84.3555003, 28.6835522], [84.3553662, 28.6837593], [84.3551838, 28.6839899], [84.355039, 28.684164], [84.3549049, 28.6842817], [84.3547869, 28.6843993], [84.3545723, 28.6845876], [84.3544489, 28.6847147], [84.3543041, 28.6848841], [84.3541646, 28.6850205], [84.3540144, 28.6851382], [84.3539125, 28.6852041], [84.3537998, 28.6852653], [84.3535852, 28.6852982], [84.3534404, 28.6852935], [84.3532848, 28.6852558], [84.3531722, 28.6851994], [84.3531132, 28.6851664], [84.3530434, 28.6851194], [84.3529737, 28.68503], [84.3529308, 28.6849594], [84.3528986, 28.6848652], [84.3528986, 28.6847664], [84.3529308, 28.6846158], [84.3529791, 28.6844652], [84.3530434, 28.6843617], [84.3531078, 28.6842676], [84.3532312, 28.684117], [84.353317, 28.6840229], [84.3533868, 28.6839617], [84.3535155, 28.683877], [84.3536335, 28.6838111], [84.3537408, 28.6837452], [84.3539071, 28.6836699], [84.3542558, 28.6835005], [84.3543684, 28.6833828], [84.3544275, 28.6832181], [84.3544918, 28.6830063], [84.3545294, 28.6828746], [84.3546098, 28.6827428], [84.3547064, 28.6826628], [84.3548137, 28.6825969], [84.3549424, 28.6825451], [84.3550712, 28.6824134], [84.3551892, 28.6823098], [84.3552911, 28.6822157], [84.355377, 28.6821075], [84.3555057, 28.6819475], [84.3555593, 28.6818674], [84.355672, 28.6817216], [84.3557203, 28.6815239], [84.3557578, 28.6814392], [84.3558276, 28.6813451], [84.3558919, 28.6812745], [84.3559456, 28.6812039], [84.3559992, 28.6810909], [84.3560421, 28.6808227], [84.3560529, 28.6806815], [84.3561065, 28.6805073], [84.3561763, 28.6803897], [84.3562674, 28.6802909], [84.3564123, 28.6801967], [84.3565947, 28.6801073], [84.3566912, 28.6800555], [84.3567878, 28.6800132], [84.3569273, 28.6798861], [84.3570828, 28.6797402], [84.3571794, 28.6795943], [84.3573028, 28.6794673], [84.3574423, 28.6793637], [84.3575388, 28.6793167], [84.3577266, 28.6792319], [84.3579197, 28.6790484], [84.3580109, 28.6789543], [84.3581611, 28.6788178], [84.3584561, 28.6786154], [84.3586117, 28.6784695], [84.3587404, 28.6783283], [84.3588638, 28.6780742], [84.3589228, 28.6779754], [84.3590301, 28.6778812], [84.359175, 28.6777777], [84.3593627, 28.6776883], [84.3595666, 28.677613], [84.359765, 28.6775612], [84.3600333, 28.6774671], [84.3602639, 28.6773729], [84.3604678, 28.6772506], [84.3606341, 28.6771141], [84.3608379, 28.6769823], [84.3611813, 28.6768505], [84.3613529, 28.6767752], [84.3615299, 28.6767376], [84.3618303, 28.6766858], [84.3621039, 28.6766246], [84.3622917, 28.6765211], [84.3623561, 28.6764787], [84.3625492, 28.6763375], [84.3626672, 28.6762575], [84.3628228, 28.676201], [84.3629837, 28.676154], [84.3632036, 28.6760693], [84.3633592, 28.6760222], [84.363488, 28.6760034], [84.3637723, 28.6759751], [84.364019, 28.6759845]]]}, "properties": {"external_id": "osm:way/480942291", "name": "", "name_ne": "", "area_km2": 0.483}}, {"type": "Feature", "geometry": {"type": "Polygon", "coordinates": [[[84.6576404, 28.4107473], [84.6566963, 28.4115871], [84.6561277, 28.4121533], [84.65572, 28.4127101], [84.6553016, 28.4132857], [84.6547651, 28.4139085], [84.654175, 28.4144558], [84.6527266, 28.4149748], [84.6515572, 28.4153145], [84.6507418, 28.4155504], [84.6500873, 28.4158429], [84.6495938, 28.4160789], [84.648993, 28.4163053], [84.6485102, 28.4164563], [84.6476197, 28.4165224], [84.6470296, 28.4164186], [84.6466541, 28.4162581], [84.6464717, 28.4161355], [84.6462572, 28.4158807], [84.6461069, 28.4156165], [84.6459889, 28.4153994], [84.6458924, 28.415088], [84.6457636, 28.4148333], [84.6456349, 28.4146162], [84.6454954, 28.4143426], [84.645313, 28.4140972], [84.6451843, 28.4138991], [84.6451199, 28.413682], [84.6451735, 28.4135122], [84.6453774, 28.413314], [84.6456349, 28.4131159], [84.645946, 28.4128988], [84.6461391, 28.4126912], [84.6463215, 28.4125214], [84.6464395, 28.4122949], [84.6463859, 28.4120401], [84.645946, 28.4118042], [84.6456671, 28.4116438], [84.6453774, 28.4115588], [84.6450019, 28.4115305], [84.6445513, 28.411455], [84.6442401, 28.4113607], [84.6440685, 28.4111908], [84.6440899, 28.4110304], [84.644326, 28.4107284], [84.6447229, 28.4104736], [84.645077, 28.4103793], [84.6453881, 28.4102566], [84.6457422, 28.4100678], [84.6459997, 28.4098885], [84.6462679, 28.4096054], [84.6463537, 28.4092752], [84.6464395, 28.4089354], [84.6466327, 28.4084825], [84.6469867, 28.4079257], [84.6474159, 28.4074727], [84.6477485, 28.4073972], [84.6482205, 28.4073972], [84.648596, 28.4074444], [84.6490681, 28.4073406], [84.6493792, 28.4072085], [84.6499371, 28.407199], [84.650259, 28.4072557], [84.6506989, 28.4070764], [84.6510959, 28.4067838], [84.6511924, 28.4065668], [84.6513748, 28.4062082], [84.6516323, 28.4058024], [84.6519971, 28.4056797], [84.652437, 28.4056986], [84.6527481, 28.4057646], [84.6530485, 28.4059628], [84.6531558, 28.4061515], [84.65307, 28.4064818], [84.6528983, 28.4066045], [84.6524906, 28.406831], [84.6522117, 28.4071519], [84.6520936, 28.4075765], [84.6520936, 28.4078596], [84.6521151, 28.4080955], [84.6518254, 28.4083503], [84.6515465, 28.408473], [84.6512461, 28.4084825], [84.6510637, 28.4085296], [84.6508813, 28.4086995], [84.6509242, 28.4089637], [84.6511173, 28.409228], [84.6512031, 28.4094639], [84.651128, 28.4098319], [84.6510637, 28.4101433], [84.6508598, 28.4104076], [84.6506238, 28.4105302], [84.6503663, 28.4106718], [84.6500981, 28.4109832], [84.6499908, 28.4112097], [84.6499801, 28.4116532], [84.6501088, 28.4120495], [84.6503341, 28.4123138], [84.6506882, 28.4124176], [84.6508706, 28.4123138], [84.650892, 28.412125], [84.6509564, 28.411757], [84.6512461, 28.4114456], [84.6515357, 28.4113135], [84.6517289, 28.4112852], [84.651922, 28.4110681], [84.6519756, 28.4107945], [84.6520507, 28.4105869], [84.6523082, 28.4104642], [84.6524691, 28.4104642], [84.6527374, 28.4104642], [84.6529519, 28.4103132], [84.653027, 28.4100867], [84.6529627, 28.4097281], [84.6530485, 28.4091997], [84.6531773, 28.4089543], [84.6533811, 28.4088411], [84.6536386, 28.4088222], [84.653939, 28.408926], [84.6541536, 28.4090487], [84.6543252, 28.4092374], [84.6543682, 28.4094073], [84.654454, 28.4096432], [84.6547115, 28.4098602], [84.6550226, 28.4100112], [84.6554196, 28.4100678], [84.65572, 28.4099923], [84.6560204, 28.4097753], [84.6562564, 28.4095677], [84.6566749, 28.4093412], [84.6572542, 28.4092657], [84.6576619, 28.4094828], [84.6577585, 28.4098508], [84.6577048, 28.4102377], [84.6576404, 28.4107473]]]}, "properties": {"external_id": "osm:way/793383273", "name": "", "name_ne": "", "area_km2": 0.798}}, {"type": "Feature", "geometry": {"type": "Polygon", "coordinates": [[[84.5958531, 28.419372], [84.5955527, 28.4190229], [84.5954347, 28.4188153], [84.5953059, 28.4184567], [84.5952737, 28.418202], [84.5952093, 28.4178906], [84.5951986, 28.4175792], [84.595263, 28.4173055], [84.595381, 28.4170696], [84.5954776, 28.416796], [84.5955634, 28.4166073], [84.5957029, 28.4165035], [84.5958531, 28.4165978], [84.5959604, 28.4167771], [84.5960462, 28.4170413], [84.5961428, 28.4173244], [84.5963251, 28.4175414], [84.5965075, 28.4177679], [84.5967328, 28.4179566], [84.5969045, 28.418117], [84.5971405, 28.418268], [84.5973551, 28.4183718], [84.5976341, 28.4183907], [84.597795, 28.4183907], [84.5981061, 28.4183907], [84.5984602, 28.4183624], [84.5987713, 28.4183152], [84.5990717, 28.4180604], [84.5992756, 28.4178623], [84.5994365, 28.4177868], [84.5997369, 28.4178151], [84.5999086, 28.4179189], [84.6000373, 28.4181076], [84.6004343, 28.4183152], [84.6007025, 28.4184567], [84.6011102, 28.418636], [84.6013248, 28.4188059], [84.6014535, 28.4189663], [84.6014643, 28.4191927], [84.6013462, 28.4193815], [84.6007562, 28.4196174], [84.6003914, 28.41974], [84.5999408, 28.4200042], [84.5996082, 28.4201552], [84.5993078, 28.4202024], [84.5990503, 28.4202401], [84.5988142, 28.4202779], [84.5986318, 28.4203534], [84.5983851, 28.4204949], [84.5981276, 28.4206459], [84.5978594, 28.420693], [84.5975804, 28.4207308], [84.5971727, 28.4206836], [84.596883, 28.4205609], [84.5966792, 28.4204571], [84.5965075, 28.4202873], [84.5962822, 28.4199854], [84.5960998, 28.4197495], [84.5959818, 28.4195607], [84.5958531, 28.419372]]]}, "properties": {"external_id": "osm:way/796315944", "name": "", "name_ne": "", "area_km2": 0.138}}, {"type": "Feature", "geometry": {"type": "Polygon", "coordinates": [[[84.5939648, 28.4034148], [84.5941472, 28.4032826], [84.5943832, 28.4031033], [84.5946836, 28.4028863], [84.594984, 28.4026409], [84.5952523, 28.4024993], [84.5956385, 28.4023483], [84.5959711, 28.4021313], [84.596014, 28.401952], [84.5959496, 28.4017632], [84.5958531, 28.401499], [84.5958531, 28.4013385], [84.5960033, 28.4011781], [84.5962071, 28.4011309], [84.5964539, 28.4011026], [84.5966363, 28.4011026], [84.5968723, 28.4012158], [84.596883, 28.4014518], [84.596883, 28.4016028], [84.5968616, 28.4019803], [84.5970225, 28.4022917], [84.5970762, 28.4024427], [84.597162, 28.4028013], [84.5973229, 28.4033581], [84.5973766, 28.4036412], [84.5974839, 28.4041131], [84.5975268, 28.4045095], [84.597677, 28.4048492], [84.5978165, 28.4051512], [84.5979023, 28.405406], [84.5980203, 28.4056514], [84.5980203, 28.4058495], [84.5980739, 28.4061515], [84.5981598, 28.4064158], [84.5982456, 28.4066423], [84.5983958, 28.4069726], [84.5986104, 28.4072745], [84.5987606, 28.4075388], [84.5989001, 28.4079351], [84.5989859, 28.4081522], [84.5990717, 28.4084919], [84.5990395, 28.4087467], [84.5989752, 28.408992], [84.5987928, 28.4093035], [84.5985567, 28.4096809], [84.5982778, 28.4102566], [84.5979774, 28.4105963], [84.597677, 28.4107945], [84.5974839, 28.410936], [84.5971191, 28.4112569], [84.5968938, 28.4115305], [84.5965719, 28.4120684], [84.5963573, 28.4123326], [84.596132, 28.4125591], [84.5958424, 28.4127195], [84.5954883, 28.4127761], [84.5952952, 28.4127384], [84.5950913, 28.4124836], [84.5949089, 28.4122477], [84.5947266, 28.4120212], [84.5945656, 28.4119269], [84.5943296, 28.4118985], [84.5939433, 28.4118042], [84.5936, 28.4116909], [84.5932245, 28.4115494], [84.5929134, 28.4113229], [84.5927203, 28.4110776], [84.592613, 28.4105963], [84.592613, 28.4101905], [84.592613, 28.4099169], [84.5925701, 28.4095111], [84.5925701, 28.4090487], [84.5925593, 28.4087939], [84.5924628, 28.4083315], [84.5923448, 28.4079068], [84.592216, 28.4074916], [84.5921945, 28.4072179], [84.592216, 28.4069726], [84.5922589, 28.4066234], [84.5923877, 28.4063214], [84.5927095, 28.4059722], [84.5928705, 28.4057457], [84.5930421, 28.405406], [84.5931709, 28.4050851], [84.5932352, 28.4048964], [84.5934713, 28.4044623], [84.5936751, 28.4040659], [84.5939648, 28.4034148]]]}, "properties": {"external_id": "osm:way/796315946", "name": "", "name_ne": "", "area_km2": 0.543}}, {"type": "Feature", "geometry": {"type": "Polygon", "coordinates": [[[84.5745403, 28.4121958], [84.574433, 28.4120731], [84.5743793, 28.4118985], [84.5742613, 28.4117759], [84.5741272, 28.4117051], [84.5739877, 28.4116673], [84.573698, 28.4115777], [84.5735264, 28.4114692], [84.5734459, 28.4113937], [84.5734298, 28.411238], [84.5735264, 28.4110587], [84.5736605, 28.4109596], [84.5738053, 28.4108935], [84.5740199, 28.4107378], [84.5742023, 28.4105821], [84.5742881, 28.4104736], [84.5743632, 28.4102849], [84.5743096, 28.4101009], [84.5742184, 28.409964], [84.5741969, 28.4099074], [84.5742774, 28.4097328], [84.5744222, 28.4096904], [84.5746368, 28.4097517], [84.5749372, 28.4098319], [84.5752269, 28.4099499], [84.5754576, 28.4101764], [84.5755058, 28.4103934], [84.575538, 28.4105727], [84.5756346, 28.4108275], [84.5757204, 28.4111153], [84.5758545, 28.4113323], [84.575994, 28.4114597], [84.5761764, 28.4115871], [84.5763642, 28.4117664], [84.576568, 28.4119929], [84.5766967, 28.4121533], [84.576804, 28.4123656], [84.5768684, 28.4125544], [84.5768684, 28.4127148], [84.5768309, 28.4128988], [84.5767289, 28.4130498], [84.5766109, 28.4132999], [84.5764822, 28.413498], [84.5764983, 28.4138189], [84.5765197, 28.4139604], [84.5765734, 28.4141444], [84.5766431, 28.4144181], [84.5766538, 28.4145738], [84.5766538, 28.4147814], [84.5766592, 28.4150031], [84.5766967, 28.4153334], [84.5767558, 28.4155646], [84.576847, 28.4158099], [84.5770025, 28.4160836], [84.5770991, 28.41631], [84.5771688, 28.4164657], [84.5772493, 28.416645], [84.5772546, 28.4167582], [84.5772976, 28.416947], [84.5773137, 28.4170838], [84.5773137, 28.4171923], [84.5773834, 28.4174046], [84.5774424, 28.4175556], [84.5774692, 28.4177302], [84.5774263, 28.4179425], [84.5773137, 28.4180557], [84.5771527, 28.4180368], [84.5769542, 28.417933], [84.5767289, 28.4177538], [84.5765144, 28.4175839], [84.5763105, 28.4174282], [84.5761067, 28.4173291], [84.5758599, 28.4172065], [84.5756507, 28.4170791], [84.5754522, 28.4169611], [84.575243, 28.4167535], [84.5751303, 28.4165884], [84.5749855, 28.4163053], [84.5749479, 28.4160458], [84.5749479, 28.4158005], [84.5749265, 28.4154844], [84.5748514, 28.4153098], [84.5747817, 28.415206], [84.574669, 28.4150314], [84.5745939, 28.4148521], [84.5744866, 28.4146681], [84.5744276, 28.4145455], [84.574433, 28.4143662], [84.5745242, 28.4141161], [84.5746583, 28.4139604], [84.5747656, 28.4138566], [84.5748782, 28.4137764], [84.5749748, 28.4136584], [84.5751089, 28.4135169], [84.5752376, 28.4133753], [84.5752966, 28.4132668], [84.5753717, 28.4131347], [84.5753932, 28.412946], [84.5754683, 28.4128422], [84.5755488, 28.4127667], [84.5756024, 28.4126912], [84.5756453, 28.4125591], [84.5756614, 28.4124506], [84.5755863, 28.4123609], [84.5753878, 28.412309], [84.5752215, 28.4123137], [84.5750391, 28.4122996], [84.5748836, 28.412276], [84.5747548, 28.4122477], [84.5745403, 28.4121958]]]}, "properties": {"external_id": "osm:way/796319348", "name": "", "name_ne": "", "area_km2": 0.152}}, {"type": "Feature", "geometry": {"type": "Polygon", "coordinates": [[[84.6287477, 28.4627304], [84.6286726, 28.4622305], [84.6286726, 28.461891], [84.6288335, 28.461542], [84.6290696, 28.4612402], [84.6292627, 28.4609289], [84.6295202, 28.4605988], [84.6300352, 28.4603347], [84.6306789, 28.4602121], [84.6311295, 28.4601932], [84.6315479, 28.4602026], [84.6320951, 28.4602404], [84.6323311, 28.4604007], [84.6325457, 28.4606459], [84.6326959, 28.4611553], [84.6329963, 28.4616175], [84.6332431, 28.4618061], [84.6335113, 28.462023], [84.6337044, 28.4624286], [84.6332323, 28.4628436], [84.6328032, 28.4629851], [84.6319985, 28.463136], [84.6316767, 28.4632964], [84.6315694, 28.4635699], [84.6316767, 28.4638151], [84.6318269, 28.4640038], [84.6320951, 28.4642301], [84.6325779, 28.4644565], [84.6330285, 28.4644942], [84.6333182, 28.4644282], [84.6335864, 28.4642678], [84.6340263, 28.4635322], [84.6343803, 28.4631172], [84.6345949, 28.463004], [84.6348417, 28.4630606], [84.6350777, 28.4633058], [84.6351635, 28.4637208], [84.635067, 28.4639755], [84.6348524, 28.4642773], [84.6346807, 28.4645885], [84.6346486, 28.4648809], [84.6347344, 28.4651261], [84.6348739, 28.4652959], [84.6352065, 28.4654657], [84.6357429, 28.4657958], [84.6362042, 28.4660693], [84.6365154, 28.4662014], [84.6366978, 28.46639], [84.6367943, 28.4665598], [84.6367514, 28.4668239], [84.6365261, 28.4670125], [84.6362257, 28.4670879], [84.6360218, 28.4672388], [84.6357322, 28.4673615], [84.6355069, 28.4676538], [84.6354854, 28.4679085], [84.6355498, 28.4682292], [84.6356892, 28.4684838], [84.6358287, 28.4687007], [84.6359146, 28.4689365], [84.6360111, 28.4691346], [84.6360969, 28.4693044], [84.6361077, 28.4695401], [84.6360218, 28.4698702], [84.6358395, 28.4700494], [84.6356249, 28.4700211], [84.6355605, 28.469908], [84.6354961, 28.4697193], [84.6353674, 28.4695307], [84.6350455, 28.4694835], [84.6347773, 28.4694458], [84.6345198, 28.4693232], [84.6342623, 28.469144], [84.6338761, 28.4689365], [84.6335757, 28.4686724], [84.6333504, 28.4684838], [84.6331358, 28.4681726], [84.6329534, 28.4678802], [84.6326852, 28.4676727], [84.6324062, 28.467569], [84.6321595, 28.4675124], [84.6319449, 28.46722], [84.6319342, 28.4670314], [84.6317625, 28.4668333], [84.6313012, 28.4667295], [84.631108, 28.4667012], [84.6308291, 28.4666164], [84.6306038, 28.4664749], [84.6303785, 28.4663428], [84.630121, 28.4661825], [84.6299064, 28.4661165], [84.6296704, 28.4659844], [84.6295953, 28.4658901], [84.6295524, 28.4656638], [84.6294451, 28.4654563], [84.6292841, 28.4652582], [84.6291125, 28.4651733], [84.628855, 28.4648243], [84.6287262, 28.4645885], [84.628694, 28.4642584], [84.6287906, 28.4639], [84.6288228, 28.4636453], [84.6288335, 28.4632303], [84.6287477, 28.4627304]]]}, "properties": {"external_id": "osm:way/796375352", "name": "", "name_ne": "", "area_km2": 0.422}}, {"type": "Feature", "geometry": {"type": "Polygon", "coordinates": [[[84.6212375, 28.4543545], [84.6209478, 28.4543639], [84.6206474, 28.4544488], [84.620347, 28.454496], [84.6198749, 28.4544111], [84.6195102, 28.4541658], [84.619317, 28.4539394], [84.6192956, 28.453581], [84.6194887, 28.4530999], [84.6198213, 28.4528358], [84.6200788, 28.4526566], [84.6202934, 28.4523359], [84.6205401, 28.4519963], [84.6209156, 28.4515152], [84.6212697, 28.4511284], [84.6216988, 28.4508077], [84.622128, 28.4505153], [84.6224069, 28.4504209], [84.6227503, 28.4500719], [84.6229434, 28.4496003], [84.6230614, 28.4489965], [84.6234155, 28.4483834], [84.6238232, 28.4481287], [84.6243811, 28.4480438], [84.6247995, 28.4480815], [84.6252394, 28.4483456], [84.6254861, 28.4487135], [84.6257007, 28.4490437], [84.6260548, 28.4492324], [84.6266878, 28.4492512], [84.6271598, 28.4490437], [84.6274066, 28.4487135], [84.6277177, 28.4481004], [84.6280396, 28.4477042], [84.6284902, 28.4475155], [84.6289408, 28.4474495], [84.6294343, 28.4474495], [84.6299279, 28.4475155], [84.6301961, 28.4477136], [84.6304321, 28.4483362], [84.6302605, 28.4486475], [84.6299171, 28.4488833], [84.6295631, 28.4489965], [84.6291768, 28.4491663], [84.6291017, 28.4493927], [84.6291447, 28.4496286], [84.6294665, 28.4499965], [84.6297562, 28.450204], [84.6300137, 28.4505907], [84.6300781, 28.4510152], [84.6299815, 28.4513643], [84.6296918, 28.4516567], [84.6291983, 28.4519868], [84.6287906, 28.4522321], [84.6284044, 28.4523359], [84.628104, 28.4526], [84.6279323, 28.4528169], [84.6276319, 28.4531942], [84.6273851, 28.4533735], [84.6269882, 28.4536093], [84.6263873, 28.4539394], [84.6258402, 28.4541847], [84.6253574, 28.4543262], [84.6248424, 28.4545431], [84.6246385, 28.4547695], [84.6244562, 28.4552034], [84.6243167, 28.4556562], [84.6241987, 28.4558826], [84.6240377, 28.4560429], [84.6236944, 28.4563919], [84.6232653, 28.4566089], [84.6227825, 28.456807], [84.6222246, 28.4567881], [84.6217525, 28.4566089], [84.6216559, 28.4562976], [84.6216559, 28.4560995], [84.6218061, 28.4556751], [84.6220851, 28.4553449], [84.6222675, 28.4551751], [84.6224177, 28.454845], [84.6224821, 28.4546186], [84.6225142, 28.4543451], [84.6224499, 28.4539866], [84.622246, 28.4538074], [84.6220314, 28.4538451], [84.6218383, 28.4540998], [84.6216023, 28.4542979], [84.6212375, 28.4543545]]]}, "properties": {"external_id": "osm:way/796375355", "name": "", "name_ne": "", "area_km2": 0.56}}, {"type": "Feature", "geometry": {"type": "Polygon", "coordinates": [[[84.6043932, 28.4269771], [84.6042108, 28.4270714], [84.6040285, 28.4275337], [84.6015823, 28.4254486], [84.5975912, 28.4240804], [84.5979452, 28.4238634], [84.5982456, 28.4234766], [84.5985782, 28.4231746], [84.5988572, 28.4229765], [84.5992541, 28.4227689], [84.5996511, 28.422684], [84.5999944, 28.4226462], [84.6004558, 28.4225141], [84.6007347, 28.4223348], [84.6009493, 28.4222405], [84.6015179, 28.4222122], [84.6020114, 28.4222499], [84.6023333, 28.4223254], [84.6026122, 28.4223726], [84.602859, 28.4224669], [84.6029234, 28.4226557], [84.6029234, 28.4227972], [84.6029985, 28.423052], [84.6030092, 28.4233728], [84.6030199, 28.4236464], [84.6030414, 28.4239578], [84.603095, 28.424137], [84.6032345, 28.4243446], [84.6035778, 28.4245333], [84.6038568, 28.4245994], [84.6041787, 28.4246466], [84.6043932, 28.4269771]]]}, "properties": {"external_id": "osm:way/796375357", "name": "", "name_ne": "", "area_km2": 0.178}}, {"type": "Feature", "geometry": {"type": "Polygon", "coordinates": [[[84.5927203, 28.4470627], [84.5931065, 28.4471948], [84.5935893, 28.4473268], [84.5938361, 28.4474495], [84.5939755, 28.4475627], [84.5940292, 28.4477891], [84.5940184, 28.4481381], [84.5940721, 28.4485437], [84.5943832, 28.4490343], [84.5946407, 28.4492229], [84.5948231, 28.4494965], [84.5949304, 28.449921], [84.5949733, 28.4503361], [84.5949948, 28.4507322], [84.5948982, 28.4510152], [84.5946193, 28.4511379], [84.5944369, 28.4511567], [84.5942652, 28.4510813], [84.5940614, 28.4506945], [84.5939648, 28.4504209], [84.5936537, 28.4502323], [84.5933318, 28.4500814], [84.5930636, 28.449921], [84.5927846, 28.4497606], [84.5924091, 28.4495248], [84.5921087, 28.449355], [84.5917117, 28.449138], [84.5914757, 28.4489871], [84.5914435, 28.4486569], [84.5914435, 28.4483834], [84.5914757, 28.4481381], [84.5915079, 28.4478457], [84.591465, 28.4475438], [84.5913255, 28.4472797], [84.5911538, 28.4470533], [84.5909929, 28.4468457], [84.590832, 28.4465627], [84.590832, 28.4463552], [84.5909822, 28.4461948], [84.5912504, 28.4461571], [84.5915615, 28.446242], [84.5920229, 28.4463646], [84.5923126, 28.4465344], [84.5925915, 28.4467703], [84.5927203, 28.4470627]]]}, "properties": {"external_id": "osm:way/796377041", "name": "", "name_ne": "", "area_km2": 0.105}}, {"type": "Feature", "geometry": {"type": "Polygon", "coordinates": [[[84.5701682, 28.4457892], [84.5699, 28.4456288], [84.569664, 28.4454685], [84.569428, 28.445242], [84.5691919, 28.4450628], [84.5689344, 28.4449119], [84.5686555, 28.4447987], [84.5684302, 28.4446477], [84.5681941, 28.4445251], [84.5679796, 28.4443836], [84.5678401, 28.4442138], [84.5679045, 28.4441006], [84.5680225, 28.4440062], [84.5681405, 28.4438836], [84.5681941, 28.4437232], [84.5682156, 28.443478], [84.5681512, 28.4431761], [84.5681083, 28.4429968], [84.5681834, 28.4426855], [84.5683443, 28.4424497], [84.5685482, 28.4422233], [84.5688057, 28.441978], [84.5691812, 28.4417516], [84.5695674, 28.4416101], [84.5699108, 28.4415629], [84.5702863, 28.4415629], [84.5705974, 28.4415629], [84.5711231, 28.4415346], [84.5715737, 28.4414968], [84.5721209, 28.441478], [84.5725393, 28.441478], [84.5730758, 28.4415157], [84.57358, 28.4416667], [84.5739663, 28.4418742], [84.5744061, 28.4421006], [84.5748138, 28.4423553], [84.5753288, 28.44261], [84.5757365, 28.4427799], [84.5763373, 28.4429025], [84.5767772, 28.4430063], [84.5772385, 28.4432232], [84.5776248, 28.4434025], [84.5779467, 28.4435817], [84.5782471, 28.4439119], [84.5783007, 28.4441949], [84.5782792, 28.4444119], [84.5782471, 28.4446666], [84.5782792, 28.4452137], [84.5784187, 28.4455911], [84.5786118, 28.4458741], [84.5787513, 28.4461665], [84.5790625, 28.4466193], [84.5793307, 28.447025], [84.5794272, 28.447308], [84.5794594, 28.4475344], [84.5794058, 28.4479211], [84.5793199, 28.4482419], [84.5790088, 28.4486381], [84.5785475, 28.4490343], [84.5782685, 28.4491286], [84.5779896, 28.4491286], [84.5777321, 28.4490626], [84.5773029, 28.4489494], [84.5770132, 28.4488833], [84.5760262, 28.448789], [84.5756078, 28.4487984], [84.5752323, 28.4488079], [84.5747387, 28.4487796], [84.5743847, 28.4486286], [84.5740628, 28.44844], [84.5736551, 28.4482136], [84.5732796, 28.4479966], [84.5728719, 28.4476287], [84.5724749, 28.447374], [84.5720458, 28.4471287], [84.5715201, 28.4468646], [84.5709622, 28.446459], [84.5705223, 28.4460439], [84.5701682, 28.4457892]]]}, "properties": {"external_id": "osm:way/796377044", "name": "", "name_ne": "", "area_km2": 0.615}}, {"type": "Feature", "geometry": {"type": "Polygon", "coordinates": [[[84.5739663, 28.5089608], [84.5737892, 28.5087486], [84.5737088, 28.5085035], [84.5735371, 28.5080887], [84.573344, 28.5078294], [84.573167, 28.5076974], [84.5730275, 28.507655], [84.5728451, 28.5076456], [84.5725071, 28.5077776], [84.5721745, 28.5077257], [84.5720458, 28.5076456], [84.5718044, 28.5074664], [84.5716649, 28.5073674], [84.5714182, 28.5071977], [84.5711017, 28.5071647], [84.5708603, 28.5072072], [84.570651, 28.5072779], [84.5699859, 28.5072307], [84.5697391, 28.5069762], [84.5695567, 28.5068159], [84.5692563, 28.5063728], [84.5689666, 28.5061371], [84.5686984, 28.5059108], [84.5683873, 28.5056468], [84.568119, 28.5055242], [84.5678508, 28.5055148], [84.5677006, 28.5056845], [84.5676684, 28.5059674], [84.5676792, 28.5063351], [84.5677435, 28.5065708], [84.5679903, 28.5070799], [84.5681834, 28.5074476], [84.5684409, 28.507721], [84.568913, 28.5079284], [84.5694923, 28.5081547], [84.5699429, 28.5082678], [84.5707262, 28.5085554], [84.5708817, 28.5085648], [84.5710909, 28.5086732], [84.5713431, 28.5088948], [84.5714933, 28.5091257], [84.5713913, 28.509484], [84.5711017, 28.5101157], [84.5709515, 28.5104739], [84.5708334, 28.5107096], [84.5706189, 28.5110867], [84.5704365, 28.5114638], [84.5701253, 28.5118032], [84.5698249, 28.5121143], [84.5695996, 28.512416], [84.5695996, 28.5127271], [84.5696747, 28.5128591], [84.5699108, 28.5129911], [84.570179, 28.5128874], [84.5704043, 28.5125952], [84.570533, 28.5123406], [84.5706618, 28.5121521], [84.5708871, 28.5119446], [84.5711017, 28.5117844], [84.5714021, 28.511577], [84.5717025, 28.5114073], [84.5719492, 28.5113036], [84.5722282, 28.5111904], [84.5726144, 28.5110584], [84.5728505, 28.5110019], [84.5731616, 28.5110679], [84.5739233, 28.5112093], [84.574331, 28.511247], [84.5746207, 28.5112753], [84.5749533, 28.5112281], [84.5751572, 28.5111244], [84.5753825, 28.5108322], [84.5752376, 28.5104174], [84.5752054, 28.5099884], [84.5749104, 28.5096349], [84.5743418, 28.5092483], [84.5739663, 28.5089608]]]}, "properties": {"external_id": "osm:way/796399600", "name": "", "name_ne": "", "area_km2": 0.204}}, {"type": "Feature", "geometry": {"type": "Polygon", "coordinates": [[[84.584974, 28.5104174], [84.586873, 28.5119352], [84.5884073, 28.5128214], [84.588772, 28.512812], [84.5890295, 28.5128874], [84.589287, 28.5130005], [84.5896304, 28.5130665], [84.5899844, 28.513076], [84.590317, 28.5129911], [84.5904887, 28.5128403], [84.5906174, 28.5127554], [84.5909822, 28.512812], [84.5912933, 28.5128874], [84.5916688, 28.5130005], [84.5921302, 28.5131608], [84.5926666, 28.5133116], [84.5928919, 28.5133682], [84.5933425, 28.5133588], [84.5938468, 28.5132457], [84.5941365, 28.5131797], [84.5946085, 28.5131891], [84.5951557, 28.5131797], [84.5956492, 28.5131797], [84.596132, 28.5131985], [84.5965612, 28.5132268], [84.5970011, 28.5133022], [84.598031, 28.5136605], [84.5986211, 28.5137924], [84.5990932, 28.5139244], [84.5995867, 28.5139244], [84.6002734, 28.513981], [84.6007347, 28.5140564], [84.6011531, 28.5140281], [84.6014106, 28.5139904], [84.6016467, 28.5137265], [84.6016574, 28.5136133], [84.6016467, 28.5133965], [84.6014321, 28.5132079], [84.6011424, 28.5130665], [84.6007562, 28.5128968], [84.6003914, 28.5126706], [84.600209, 28.5123972], [84.6000159, 28.5121709], [84.5995438, 28.5118598], [84.5991683, 28.511577], [84.5989752, 28.5112753], [84.5989108, 28.5110584], [84.5988893, 28.5107285], [84.5987606, 28.5105776], [84.5984495, 28.5103891], [84.5980739, 28.5103042], [84.5978165, 28.5102948], [84.59728, 28.5105494], [84.5971084, 28.5107002], [84.5969045, 28.510851], [84.5964432, 28.5109642], [84.5961428, 28.510983], [84.5954668, 28.5109453], [84.5951128, 28.5108133], [84.5948875, 28.5107191], [84.5946836, 28.5105116], [84.5944905, 28.5102571], [84.594351, 28.5100591], [84.594233, 28.5097386], [84.5941365, 28.5094557], [84.5940614, 28.5092295], [84.5940077, 28.5090503], [84.5939541, 28.5089655], [84.5937931, 28.5088806], [84.5935571, 28.5088618], [84.5933854, 28.5088712], [84.593085, 28.5088429], [84.5928275, 28.5087581], [84.5926881, 28.5086826], [84.5924628, 28.5086166], [84.5921838, 28.5086261], [84.5920658, 28.5087581], [84.5921194, 28.5088712], [84.592216, 28.5090126], [84.5923126, 28.5091635], [84.5922482, 28.5094274], [84.5921087, 28.5095312], [84.5918941, 28.5097197], [84.5916581, 28.5098046], [84.5914328, 28.5097291], [84.5912075, 28.5095594], [84.591068, 28.509286], [84.5909822, 28.5089938], [84.5909178, 28.5087109], [84.5908213, 28.5084375], [84.5907676, 28.5082584], [84.5906281, 28.5081358], [84.5902955, 28.5080415], [84.5900273, 28.5080133], [84.5897484, 28.5079378], [84.5894372, 28.5078907], [84.5891797, 28.5078247], [84.5891368, 28.5076361], [84.5892763, 28.5074853], [84.5896196, 28.5074947], [84.5899308, 28.5074759], [84.5902419, 28.5073816], [84.5904994, 28.5071459], [84.5906067, 28.5069668], [84.5907783, 28.5068159], [84.5908534, 28.5066085], [84.5907891, 28.5064105], [84.5906281, 28.5063445], [84.5903599, 28.5063539], [84.5898664, 28.5066179], [84.5897484, 28.5066273], [84.5896196, 28.5067593], [84.5894802, 28.5068442], [84.5892012, 28.5069008], [84.5888579, 28.5069479], [84.5884073, 28.5068819], [84.5881712, 28.5066933], [84.5879781, 28.5063728], [84.5877957, 28.5058448], [84.5876884, 28.5054205], [84.5877099, 28.5050905], [84.5875597, 28.5048831], [84.5872486, 28.504638], [84.5870662, 28.5044306], [84.5867872, 28.5039686], [84.5867121, 28.5035914], [84.5866907, 28.5031295], [84.5866907, 28.50279], [84.5867336, 28.5023846], [84.5867872, 28.5020169], [84.5869589, 28.5016115], [84.5871842, 28.5013946], [84.5873988, 28.5012532], [84.5875704, 28.5010929], [84.5877099, 28.500744], [84.5876241, 28.5005272], [84.587388, 28.5005178], [84.5871091, 28.5004612], [84.5869481, 28.5005083], [84.586637, 28.5006592], [84.5862508, 28.5007535], [84.5859182, 28.500678], [84.5854568, 28.5004423], [84.5852423, 28.5002538], [84.5850062, 28.5000652], [84.5844698, 28.4996126], [84.5840299, 28.4992072], [84.5837617, 28.4988489], [84.5836973, 28.4984812], [84.5837295, 28.4981983], [84.5839441, 28.497906], [84.5841265, 28.4977646], [84.5841908, 28.4976231], [84.5841694, 28.4974345], [84.5839441, 28.4972271], [84.583751, 28.4970574], [84.5836007, 28.4968688], [84.5835042, 28.4966897], [84.5835578, 28.4965011], [84.5837724, 28.4963502], [84.5840728, 28.4961522], [84.5841586, 28.4959542], [84.5841479, 28.4957185], [84.5840406, 28.4954733], [84.5839333, 28.4952942], [84.5835793, 28.4949076], [84.5833003, 28.4945775], [84.5830643, 28.4942004], [84.5829463, 28.4938704], [84.5830107, 28.493446], [84.583118, 28.4932009], [84.5832252, 28.4929934], [84.5833647, 28.4927483], [84.5833325, 28.4924654], [84.5831287, 28.4920882], [84.5830858, 28.4917205], [84.5830214, 28.4913339], [84.5830214, 28.4910133], [84.5828605, 28.4907398], [84.5825171, 28.4905041], [84.5820343, 28.4902306], [84.5817983, 28.4900797], [84.5813048, 28.4895517], [84.581058, 28.4891745], [84.58094, 28.4890142], [84.580704, 28.4885993], [84.5805752, 28.4881184], [84.5807469, 28.4876563], [84.5809722, 28.4873357], [84.581058, 28.4870811], [84.5811117, 28.4867605], [84.5810473, 28.486487], [84.5811009, 28.4859589], [84.5813155, 28.4851574], [84.5816052, 28.4845067], [84.5818627, 28.4840164], [84.5821309, 28.4832808], [84.582442, 28.482847], [84.5830321, 28.4824604], [84.5836437, 28.4821869], [84.5840943, 28.48197], [84.5847702, 28.4816494], [84.5853925, 28.4812627], [84.5858002, 28.4808289], [84.5859289, 28.4806026], [84.5858109, 28.480282], [84.5855749, 28.4801122], [84.5849955, 28.4798576], [84.5847595, 28.4797256], [84.5839012, 28.4792729], [84.5834935, 28.4789334], [84.5832574, 28.4787354], [84.5830643, 28.478509], [84.5828926, 28.4782638], [84.5824742, 28.4780658], [84.5815408, 28.4779149], [84.5812833, 28.4778772], [84.5810795, 28.4778394], [84.5807147, 28.4777923], [84.5802212, 28.4776886], [84.5796633, 28.4775565], [84.5788693, 28.4775943], [84.5779037, 28.4778395], [84.576745, 28.4783487], [84.5750499, 28.4792729], [84.5736766, 28.4801594], [84.5725822, 28.4811779], [84.5720672, 28.4817625], [84.5714235, 28.4824038], [84.5706725, 28.4826301], [84.5700502, 28.4826301], [84.5692348, 28.4826678], [84.568634, 28.4827621], [84.5680332, 28.4830451], [84.5672393, 28.483724], [84.5668101, 28.4844973], [84.5664453, 28.4850631], [84.5661664, 28.4857609], [84.5660162, 28.486421], [84.5658016, 28.4870622], [84.5656729, 28.4875337], [84.5656729, 28.4881372], [84.5656943, 28.4887407], [84.5657158, 28.4898157], [84.5658445, 28.4908153], [84.566102, 28.491513], [84.5662951, 28.4920977], [84.5664024, 28.4926068], [84.5665526, 28.4935121], [84.5665741, 28.4942287], [84.5665741, 28.4948887], [84.5665741, 28.4954168], [84.5666921, 28.4957845], [84.5670032, 28.4960391], [84.567765, 28.4961334], [84.5682049, 28.4961711], [84.5685696, 28.4961805], [84.5688808, 28.4960862], [84.5698786, 28.4956619], [84.570061, 28.4954733], [84.5705008, 28.495181], [84.5710266, 28.4948038], [84.571327, 28.4945304], [84.5722926, 28.4937383], [84.5724749, 28.4934178], [84.5725286, 28.4931066], [84.5725822, 28.4927483], [84.572711, 28.4923051], [84.5728397, 28.4920694], [84.5731616, 28.491579], [84.5734191, 28.4913433], [84.5736444, 28.4908813], [84.5737839, 28.4905701], [84.5739019, 28.4904192], [84.5741701, 28.4901646], [84.5745134, 28.4899477], [84.5748246, 28.4898157], [84.5750821, 28.4897026], [84.5754254, 28.4897686], [84.5755541, 28.4899289], [84.5755649, 28.490042], [84.5755327, 28.4906644], [84.5756078, 28.4914282], [84.5755649, 28.4920128], [84.5755219, 28.4925125], [84.5753181, 28.4928709], [84.575007, 28.493314], [84.5745242, 28.4938704], [84.5742345, 28.4941344], [84.5740092, 28.4944078], [84.5738912, 28.4946153], [84.5738697, 28.4948321], [84.5736658, 28.4954733], [84.5736229, 28.4959636], [84.573462, 28.4963974], [84.5733654, 28.4967745], [84.5732796, 28.497048], [84.5730865, 28.49718], [84.5728183, 28.4971517], [84.5727646, 28.4969537], [84.5726788, 28.4967462], [84.57255, 28.4962371], [84.5725071, 28.4960673], [84.5722926, 28.4959542], [84.5719814, 28.4958976], [84.5716381, 28.4959542], [84.571327, 28.4961899], [84.5708442, 28.4965388], [84.570533, 28.4967179], [84.5699751, 28.4969442], [84.569267, 28.4972271], [84.5686233, 28.4972837], [84.568001, 28.4972365], [84.5677006, 28.4974251], [84.5674324, 28.4975854], [84.5672715, 28.4977646], [84.5668745, 28.4982549], [84.5667779, 28.4986226], [84.5667672, 28.4989149], [84.5668745, 28.4991695], [84.5670462, 28.4995466], [84.5674324, 28.4999332], [84.5677435, 28.5001595], [84.5681405, 28.500348], [84.5685911, 28.5007063], [84.5687842, 28.5009043], [84.5690203, 28.5013003], [84.5693207, 28.5018095], [84.569428, 28.5021866], [84.569546, 28.5024695], [84.5696747, 28.50279], [84.5698249, 28.5030446], [84.5701361, 28.5036103], [84.5702112, 28.5040817], [84.5703828, 28.5045154], [84.5726681, 28.504638], [84.5761657, 28.501932], [84.5756507, 28.5016963], [84.5754683, 28.501404], [84.5754039, 28.5011966], [84.5753825, 28.500942], [84.5753074, 28.5005555], [84.5751572, 28.500348], [84.5747709, 28.5000369], [84.5744705, 28.4997918], [84.574331, 28.4995937], [84.5742667, 28.4993109], [84.5742667, 28.4989809], [84.5743525, 28.4987074], [84.5744598, 28.4984812], [84.5745671, 28.4982926], [84.5746636, 28.4980663], [84.574728, 28.4978117], [84.5749318, 28.4976231], [84.5751464, 28.4976137], [84.5753074, 28.4978494], [84.5753395, 28.4980097], [84.5753932, 28.4981606], [84.5756614, 28.4982926], [84.575994, 28.4983491], [84.5763802, 28.4983397], [84.5767128, 28.498368], [84.577024, 28.4984057], [84.5771849, 28.4985754], [84.5773029, 28.4989337], [84.5774102, 28.4993109], [84.5775926, 28.4996315], [84.5778501, 28.4999803], [84.5781827, 28.5002632], [84.5785797, 28.5005649], [84.5789552, 28.5008572], [84.5791697, 28.5010363], [84.5798135, 28.501536], [84.580071, 28.5018283], [84.5803928, 28.5021395], [84.5806932, 28.5024035], [84.5811868, 28.5026298], [84.5818734, 28.5028372], [84.5823562, 28.5030163], [84.5824313, 28.5031955], [84.5824313, 28.503384], [84.5824313, 28.5036197], [84.5824313, 28.5037894], [84.5824528, 28.5039969], [84.5826137, 28.504308], [84.5827854, 28.5045626], [84.5830536, 28.5049491], [84.5833325, 28.5052697], [84.5836651, 28.5055997], [84.5838797, 28.5058071], [84.5841479, 28.5061182], [84.5843625, 28.5063351], [84.5847058, 28.5066556], [84.5850921, 28.5069762], [84.5853817, 28.5072025], [84.5858323, 28.5074947], [84.5864224, 28.5078153], [84.5868409, 28.5081358], [84.5871091, 28.5083432], [84.5873558, 28.5085507], [84.5876026, 28.5089278], [84.5877206, 28.5093992], [84.5877421, 28.509814], [84.5876992, 28.5102194], [84.5876133, 28.5104645], [84.5873988, 28.5106813], [84.5870876, 28.510785], [84.5867765, 28.5106908], [84.5864653, 28.5104834], [84.5862186, 28.5103514], [84.5858645, 28.5103231], [84.5855105, 28.5104268], [84.5852315, 28.5104456], [84.584974, 28.5104174]]]}, "properties": {"external_id": "osm:way/796399602", "name": "", "name_ne": "", "area_km2": 4.557}}, {"type": "Feature", "geometry": {"type": "Polygon", "coordinates": [[[84.59463, 28.465428], [84.5956492, 28.4650224], [84.5960462, 28.46473], [84.5966041, 28.4643622], [84.597162, 28.4640038], [84.5981276, 28.463966], [84.5988679, 28.4641452], [84.5994902, 28.4644942], [84.5999193, 28.4647489], [84.6005309, 28.4650884], [84.6006811, 28.4653619], [84.6004879, 28.465909], [84.6000051, 28.4664749], [84.5993829, 28.4670408], [84.5986533, 28.4671823], [84.5981276, 28.4670502], [84.5976877, 28.4668427], [84.5969689, 28.4667295], [84.5961106, 28.4669182], [84.5956814, 28.4671728], [84.5955741, 28.4675124], [84.5956278, 28.4679839], [84.5955312, 28.4683801], [84.5952093, 28.4685498], [84.59463, 28.4685687], [84.5940614, 28.468248], [84.5933854, 28.4681914], [84.5928061, 28.4683989], [84.5923018, 28.4685781], [84.5915294, 28.4687951], [84.590832, 28.4691346], [84.5904887, 28.4693704], [84.5899737, 28.4700966], [84.5896625, 28.4704833], [84.5893192, 28.4706908], [84.5889652, 28.4708794], [84.588182, 28.4712944], [84.5876455, 28.4716339], [84.5873129, 28.4720017], [84.5870554, 28.472379], [84.5867979, 28.4727939], [84.5865512, 28.4733032], [84.5863366, 28.4737182], [84.5859826, 28.4739728], [84.5856285, 28.4740011], [84.5854139, 28.4738879], [84.5851672, 28.4735861], [84.5852423, 28.4731429], [84.5855105, 28.4727751], [84.5858431, 28.4722375], [84.5861113, 28.4718319], [84.5863581, 28.4715207], [84.5865619, 28.4712095], [84.5869589, 28.4704833], [84.5872271, 28.469908], [84.5872807, 28.4696062], [84.5873666, 28.4691534], [84.5875597, 28.4686253], [84.5878279, 28.4682575], [84.5881069, 28.4680405], [84.5887291, 28.4678142], [84.589169, 28.4677859], [84.5896411, 28.4678236], [84.58992, 28.4677293], [84.5904457, 28.4675124], [84.5915079, 28.4671634], [84.5920014, 28.4669748], [84.5924628, 28.4667107], [84.5928919, 28.4664089], [84.5931923, 28.4661731], [84.593718, 28.4657486], [84.59463, 28.465428]]]}, "properties": {"external_id": "osm:way/796399603", "name": "", "name_ne": "", "area_km2": 0.402}}, {"type": "Feature", "geometry": {"type": "Polygon", "coordinates": [[[84.6178257, 28.4678896], [84.6175039, 28.4677387], [84.6172786, 28.4675784], [84.617064, 28.4673803], [84.6168816, 28.4671257], [84.616828, 28.4668804], [84.6168494, 28.4665692], [84.6169889, 28.4661919], [84.6171713, 28.4657581], [84.6174395, 28.4653242], [84.6176004, 28.4652582], [84.6181583, 28.4652865], [84.618684, 28.4653619], [84.6190166, 28.4654374], [84.6198749, 28.4657298], [84.6202183, 28.4658996], [84.6207869, 28.4660788], [84.6211302, 28.4663051], [84.6213341, 28.4665598], [84.6213126, 28.4668993], [84.6212482, 28.4674652], [84.6210444, 28.4677953], [84.6205723, 28.4680877], [84.6200895, 28.4682575], [84.619714, 28.4682669], [84.6191883, 28.4682763], [84.6185875, 28.4682292], [84.6182549, 28.4680594], [84.6178257, 28.4678896]]]}, "properties": {"external_id": "osm:way/796399604", "name": "", "name_ne": "", "area_km2": 0.112}}, {"type": "Feature", "geometry": {"type": "Polygon", "coordinates": [[[84.6302605, 28.4721432], [84.630416, 28.4724497], [84.630475, 28.4725534], [84.6304965, 28.472709], [84.6304858, 28.4728552], [84.6304321, 28.4730203], [84.6303087, 28.4731382], [84.6301585, 28.4732796], [84.6299654, 28.4733126], [84.6297347, 28.4733032], [84.6294343, 28.4732702], [84.629252, 28.4732136], [84.6290266, 28.4731476], [84.6287638, 28.4731193], [84.6283776, 28.4731759], [84.6282595, 28.4731853], [84.6280825, 28.4731476], [84.6279538, 28.4731334], [84.6277446, 28.4731429], [84.6276534, 28.4731995], [84.6274978, 28.473289], [84.6273315, 28.4733834], [84.6272296, 28.4734069], [84.6270847, 28.4733928], [84.6269828, 28.4733551], [84.6268594, 28.4733692], [84.6267682, 28.4734541], [84.6266019, 28.4735956], [84.6264142, 28.4736804], [84.6262264, 28.4736757], [84.6260977, 28.473638], [84.6259528, 28.473572], [84.625808, 28.473473], [84.6257222, 28.4733409], [84.6256632, 28.4731712], [84.6256685, 28.4730108], [84.6256524, 28.4728458], [84.6256095, 28.4727043], [84.6255183, 28.4723837], [84.625411, 28.4721432], [84.6254218, 28.4719168], [84.6254218, 28.4717188], [84.6254218, 28.4714924], [84.6254218, 28.4713415], [84.6254325, 28.4710963], [84.6254861, 28.4707473], [84.6256685, 28.4704833], [84.6258724, 28.4702664], [84.6261191, 28.4700589], [84.626323, 28.4698136], [84.626441, 28.4694553], [84.626441, 28.4691157], [84.6265268, 28.4687951], [84.6267199, 28.4684367], [84.626956, 28.4682292], [84.6272564, 28.468182], [84.6275568, 28.4682669], [84.6277714, 28.4684367], [84.6279538, 28.4685687], [84.628222, 28.4687196], [84.6285438, 28.4688799], [84.6289623, 28.4690025], [84.629209, 28.4691063], [84.6294558, 28.4692855], [84.6295953, 28.4695118], [84.6296275, 28.4696627], [84.629488, 28.4698985], [84.6294129, 28.4701815], [84.6292841, 28.470455], [84.6292841, 28.4707568], [84.6293807, 28.471002], [84.6295524, 28.4712472], [84.6297133, 28.4714453], [84.6300137, 28.471898], [84.6302605, 28.4721432]]]}, "properties": {"external_id": "osm:way/796399605", "name": "", "name_ne": "", "area_km2": 0.201}}, {"type": "Feature", "geometry": {"type": "Polygon", "coordinates": [[[84.6398306, 28.507523], [84.6400988, 28.5074193], [84.6405065, 28.5074004], [84.6407962, 28.5074664], [84.6410215, 28.5075984], [84.6410966, 28.5076927], [84.6410966, 28.5078058], [84.6410966, 28.507919], [84.6411717, 28.5081075], [84.6412897, 28.508117], [84.641515, 28.5080981], [84.6418369, 28.5081641], [84.6419978, 28.5082867], [84.64203, 28.5085507], [84.6420085, 28.5088052], [84.6419871, 28.5090598], [84.6418798, 28.5092955], [84.641751, 28.5095312], [84.6416116, 28.509682], [84.6413863, 28.509748], [84.6410966, 28.5098611], [84.6408176, 28.5100591], [84.6405601, 28.5103608], [84.640485, 28.5106059], [84.6405065, 28.510851], [84.6406245, 28.5111904], [84.6407425, 28.511379], [84.6410215, 28.5116995], [84.6412039, 28.5118692], [84.6414506, 28.5120672], [84.6416867, 28.5122275], [84.6419978, 28.5125669], [84.6424055, 28.5130948], [84.6426523, 28.5133965], [84.6428239, 28.5136322], [84.6429419, 28.5138113], [84.6429849, 28.5141224], [84.6428776, 28.5144335], [84.6425664, 28.5145843], [84.6423089, 28.5145749], [84.6419549, 28.5145561], [84.6415687, 28.5145278], [84.6411931, 28.5144335], [84.6407962, 28.5143204], [84.6405387, 28.5141413], [84.6402383, 28.5139433], [84.6399808, 28.5137924], [84.6397233, 28.5136605], [84.6394229, 28.5135473], [84.6391439, 28.5135568], [84.6389294, 28.5137924], [84.6385753, 28.5138396], [84.6381783, 28.5137453], [84.6378779, 28.5136133], [84.6375131, 28.5135096], [84.6369767, 28.5134908], [84.6366441, 28.5135756], [84.6362471, 28.5136416], [84.6357643, 28.513585], [84.6352172, 28.5134719], [84.6348202, 28.5132551], [84.6344876, 28.5130948], [84.6340799, 28.512878], [84.6334684, 28.5123312], [84.6331572, 28.5121049], [84.6329534, 28.5119635], [84.6327066, 28.5119069], [84.6325242, 28.5119446], [84.632256, 28.5121332], [84.6320522, 28.5123783], [84.6318912, 28.5126234], [84.6316659, 28.5130382], [84.631505, 28.5134719], [84.6314192, 28.5137076], [84.6313655, 28.5140658], [84.6312261, 28.5142638], [84.63099, 28.5143675], [84.6307969, 28.5143769], [84.6304536, 28.5142638], [84.6302926, 28.5140941], [84.6300888, 28.513915], [84.6298313, 28.513915], [84.6295631, 28.5139716], [84.6292412, 28.5141507], [84.6290588, 28.514245], [84.6288013, 28.5144901], [84.6285438, 28.5147635], [84.6282864, 28.5151406], [84.6279108, 28.515414], [84.6277499, 28.5156308], [84.6275675, 28.5158288], [84.6273208, 28.5159702], [84.6269989, 28.515989], [84.6267092, 28.5159513], [84.6261191, 28.5159607], [84.6257329, 28.515989], [84.625293, 28.5160079], [84.6249926, 28.5160267], [84.6247673, 28.5160456], [84.6239734, 28.5160362], [84.6233511, 28.5159419], [84.6229327, 28.5158759], [84.6226752, 28.5158099], [84.6223533, 28.5156685], [84.6218705, 28.5153762], [84.6216237, 28.5151971], [84.6211517, 28.5149049], [84.6206152, 28.5146126], [84.6201002, 28.5142827], [84.6197462, 28.5141318], [84.6194029, 28.5139339], [84.6190703, 28.5138019], [84.618727, 28.5136322], [84.6183836, 28.5136039], [84.6180832, 28.5136228], [84.6176863, 28.5137359], [84.6175253, 28.5138302], [84.6173429, 28.5139621], [84.6169352, 28.5140093], [84.6165061, 28.5138679], [84.6162379, 28.5137265], [84.6160555, 28.5135473], [84.6158945, 28.5132645], [84.6158838, 28.5129911], [84.6159267, 28.512746], [84.6160769, 28.5124443], [84.6161735, 28.5122369], [84.6163022, 28.5120389], [84.616431, 28.5117372], [84.6164954, 28.5114167], [84.6165919, 28.5110867], [84.6167636, 28.5108039], [84.6171176, 28.5105211], [84.617579, 28.5103891], [84.6178472, 28.5104268], [84.6182227, 28.5104456], [84.6184695, 28.5105211], [84.6187913, 28.5106625], [84.6190381, 28.5107379], [84.6192849, 28.5108228], [84.6195316, 28.510917], [84.619832, 28.5109076], [84.6201002, 28.5108605], [84.6203685, 28.5107473], [84.620626, 28.5106153], [84.6211088, 28.5105588], [84.6215486, 28.5105494], [84.6219778, 28.5104834], [84.6224499, 28.5103231], [84.6229219, 28.510078], [84.623276, 28.5099177], [84.6238124, 28.5096349], [84.6242416, 28.5094369], [84.6245742, 28.5092295], [84.6248639, 28.5090786], [84.6250999, 28.5089561], [84.6253896, 28.5087769], [84.625572, 28.5086355], [84.6257329, 28.5084847], [84.6259367, 28.5083809], [84.626205, 28.5083621], [84.6264517, 28.5084752], [84.626677, 28.5085789], [84.6270311, 28.5085601], [84.6272457, 28.5083338], [84.6273422, 28.5081358], [84.6273422, 28.507919], [84.6272242, 28.5075796], [84.6268916, 28.5070516], [84.6267736, 28.5067593], [84.6265483, 28.5064105], [84.6262693, 28.5061465], [84.6260333, 28.5060145], [84.6257973, 28.5058071], [84.6257114, 28.5055054], [84.6257865, 28.5053451], [84.625926, 28.5052037], [84.6261406, 28.5051377], [84.6264088, 28.5050905], [84.6266878, 28.5050528], [84.6268809, 28.5050057], [84.6270633, 28.5047606], [84.6272242, 28.5045531], [84.6274388, 28.504374], [84.6276533, 28.504308], [84.6277928, 28.504242], [84.6278894, 28.5040252], [84.6279323, 28.5038743], [84.6280718, 28.5036952], [84.6282434, 28.5035914], [84.6285438, 28.5035914], [84.6288013, 28.5036857], [84.6290588, 28.5038743], [84.6292412, 28.5041194], [84.6293807, 28.5043457], [84.6294343, 28.5045343], [84.6295094, 28.5047606], [84.6296489, 28.5048926], [84.629842, 28.5049774], [84.6300137, 28.5050246], [84.630121, 28.5052131], [84.6301854, 28.5053357], [84.6302819, 28.505562], [84.6303141, 28.5058637], [84.630357, 28.5061936], [84.6304428, 28.5064576], [84.6305716, 28.5067876], [84.6306574, 28.5070893], [84.6307325, 28.5072967], [84.6307969, 28.5074947], [84.6308398, 28.5076927], [84.630872, 28.5078813], [84.6309149, 28.5080698], [84.6309793, 28.5082301], [84.63099, 28.5084281], [84.6310329, 28.5085601], [84.631269, 28.5088052], [84.6315157, 28.5088618], [84.6318161, 28.5088523], [84.6321595, 28.5087958], [84.632417, 28.5087298], [84.6326423, 28.5086355], [84.6328246, 28.5085601], [84.6330178, 28.5084658], [84.6331572, 28.5082867], [84.6331787, 28.5080887], [84.6331251, 28.5079755], [84.6330714, 28.5078624], [84.6330714, 28.5076456], [84.6330821, 28.5075041], [84.6330821, 28.5072779], [84.6330929, 28.5070327], [84.633007, 28.506731], [84.6329319, 28.5064671], [84.6328676, 28.5061748], [84.6328783, 28.5057788], [84.6328354, 28.5055714], [84.6327281, 28.5053451], [84.6326852, 28.5050905], [84.6326101, 28.504902], [84.6325779, 28.5046757], [84.6325779, 28.5044211], [84.6327066, 28.5042891], [84.6329534, 28.504242], [84.6331465, 28.5043834], [84.633286, 28.504638], [84.6333611, 28.5047983], [84.6335649, 28.5051188], [84.6337151, 28.5053357], [84.6340263, 28.505694], [84.6342409, 28.5059579], [84.6346271, 28.5062596], [84.634906, 28.5064482], [84.6351313, 28.5066462], [84.6352601, 28.5066745], [84.6353996, 28.5067028], [84.6356195, 28.5067358], [84.635877, 28.5067829], [84.6363491, 28.5068348], [84.6366602, 28.5068866], [84.6370465, 28.5069149], [84.6375132, 28.5068772], [84.637776, 28.5068536], [84.6380603, 28.5068772], [84.6383822, 28.506962], [84.6385592, 28.5070893], [84.6386719, 28.5071883], [84.638924, 28.5073203], [84.639101, 28.5073533], [84.6393371, 28.5074051], [84.6395355, 28.5074476], [84.6398306, 28.507523]]]}, "properties": {"external_id": "osm:way/796417918", "name": "", "name_ne": "", "area_km2": 1.763}}, {"type": "Feature", "geometry": {"type": "Polygon", "coordinates": [[[84.5602333, 28.5423538], [84.5599651, 28.542137], [84.5598149, 28.5418731], [84.5595682, 28.5413547], [84.5595574, 28.5408175], [84.559654, 28.5403651], [84.5599759, 28.539809], [84.5603299, 28.5394226], [84.5607805, 28.5392906], [84.5614135, 28.5392812], [84.5618105, 28.5393849], [84.5620787, 28.5396582], [84.5622396, 28.5399881], [84.5624542, 28.5404782], [84.562583, 28.5407986], [84.5630979, 28.541251], [84.5637417, 28.5416186], [84.5642137, 28.5420333], [84.5645034, 28.5423538], [84.5649004, 28.5428344], [84.5651472, 28.5431926], [84.5656299, 28.5438335], [84.565748, 28.5442576], [84.5657158, 28.5445403], [84.5654797, 28.5447854], [84.565072, 28.544955], [84.5647395, 28.5451718], [84.5645571, 28.5453603], [84.5643103, 28.5456807], [84.5639562, 28.5461613], [84.5636344, 28.5464252], [84.5633554, 28.5466608], [84.5630228, 28.5469059], [84.5623577, 28.5471038], [84.5618427, 28.5469813], [84.5614457, 28.5466797], [84.5610595, 28.5461425], [84.5608449, 28.5457184], [84.5607591, 28.5453131], [84.5607054, 28.5448042], [84.5607483, 28.5445215], [84.5608556, 28.5441162], [84.5608985, 28.5435696], [84.5608449, 28.5432491], [84.5608234, 28.5429287], [84.5607161, 28.5427025], [84.5605552, 28.5425328], [84.5602333, 28.5423538]]]}, "properties": {"external_id": "osm:way/799030597", "name": "", "name_ne": "", "area_km2": 0.298}}, {"type": "Feature", "geometry": {"type": "Polygon", "coordinates": [[[84.6515465, 28.5351906], [84.6512675, 28.5357467], [84.651128, 28.5360766], [84.6510422, 28.5363782], [84.6509349, 28.5367364], [84.6507633, 28.5370286], [84.6506882, 28.5373584], [84.6506989, 28.5375941], [84.650774, 28.5379711], [84.6509135, 28.5383198], [84.6510529, 28.5385837], [84.6512568, 28.5390738], [84.651289, 28.5395168], [84.6512139, 28.5398467], [84.6509671, 28.5402803], [84.6506667, 28.5405536], [84.650495, 28.5406667], [84.6503127, 28.5407609], [84.6501195, 28.5408175], [84.6497762, 28.5408269], [84.6494114, 28.5407986], [84.6489608, 28.5406573], [84.6485746, 28.5403839], [84.6483064, 28.5399881], [84.6481776, 28.5396299], [84.6479738, 28.539366], [84.6477055, 28.5390738], [84.647491, 28.5388382], [84.6472764, 28.5385178], [84.6471476, 28.5383198], [84.646976, 28.5380276], [84.6468902, 28.5377637], [84.6467936, 28.5374998], [84.6467936, 28.5371888], [84.6468472, 28.5369437], [84.6469438, 28.5365761], [84.6470082, 28.5362934], [84.6470082, 28.5359918], [84.6470189, 28.5357373], [84.6471369, 28.5354545], [84.6473515, 28.5350775], [84.6475446, 28.5347947], [84.6475661, 28.5345025], [84.647491, 28.5342952], [84.6473408, 28.5341349], [84.6470082, 28.533937], [84.6467829, 28.5338239], [84.6463752, 28.5336825], [84.6461606, 28.5335128], [84.6460748, 28.5333055], [84.6461069, 28.5330792], [84.6461499, 28.5328153], [84.6461499, 28.5324571], [84.6461069, 28.5320895], [84.6459138, 28.5316748], [84.64571, 28.5314297], [84.6454739, 28.5312789], [84.645195, 28.5311187], [84.6448195, 28.5307982], [84.6446264, 28.5305248], [84.6444869, 28.5302326], [84.6444762, 28.5299687], [84.6444976, 28.52962], [84.6445942, 28.5292806], [84.6448624, 28.528913], [84.6452272, 28.5286962], [84.6458387, 28.5285925], [84.6463752, 28.5286208], [84.6467507, 28.5287056], [84.647094, 28.528847], [84.6475553, 28.5290544], [84.6479308, 28.5292806], [84.6481562, 28.5295634], [84.6482527, 28.5299216], [84.6482527, 28.5303835], [84.648124, 28.5308925], [84.6481025, 28.5313072], [84.6481454, 28.5315994], [84.6482956, 28.5318256], [84.6484887, 28.532033], [84.6486926, 28.5320801], [84.6489394, 28.5320613], [84.6491647, 28.5320518], [84.6494114, 28.5321272], [84.6495402, 28.5322875], [84.6496153, 28.5326739], [84.6496367, 28.5330792], [84.6496475, 28.5333809], [84.6497118, 28.533739], [84.6498728, 28.5340784], [84.6501195, 28.5342669], [84.6503234, 28.5341538], [84.6504736, 28.5339087], [84.6506667, 28.5334374], [84.6508598, 28.5329096], [84.6509993, 28.5327305], [84.6512568, 28.5326174], [84.6515143, 28.5325891], [84.6518683, 28.5326645], [84.652276, 28.5328436], [84.6525872, 28.5330415], [84.6527803, 28.5332206], [84.652791, 28.5334374], [84.6527374, 28.5335317], [84.6524799, 28.5338239], [84.6522117, 28.5342386], [84.6519971, 28.5346345], [84.651804, 28.5348795], [84.6515465, 28.5351906]]]}, "properties": {"external_id": "osm:way/799030602", "name": "", "name_ne": "", "area_km2": 0.487}}, {"type": "Feature", "geometry": {"type": "Polygon", "coordinates": [[[84.6391761, 28.5182798], [84.6387899, 28.5182327], [84.6385753, 28.5182892], [84.6383715, 28.5184307], [84.6379959, 28.5185438], [84.6376097, 28.5185438], [84.6373737, 28.5185061], [84.6371484, 28.5182798], [84.6370196, 28.5180724], [84.6369445, 28.5178462], [84.6369767, 28.5175445], [84.6371269, 28.5173277], [84.6374702, 28.517158], [84.6379745, 28.5171109], [84.638865, 28.5170731], [84.6396375, 28.5169883], [84.6403885, 28.5169506], [84.6409249, 28.5169412], [84.6413755, 28.5169883], [84.6419871, 28.5172051], [84.6422875, 28.5173937], [84.6425021, 28.517733], [84.6426737, 28.5181101], [84.6427703, 28.5185438], [84.6427703, 28.5189963], [84.6427274, 28.5193828], [84.6426093, 28.5195902], [84.6420944, 28.5197504], [84.6416974, 28.519741], [84.641279, 28.5196373], [84.6407425, 28.5193828], [84.6403885, 28.5191565], [84.6401846, 28.5188926], [84.6400666, 28.5187512], [84.6397233, 28.5185438], [84.6395624, 28.5184589], [84.6391761, 28.5182798]]]}, "properties": {"external_id": "osm:way/799030604", "name": "", "name_ne": "", "area_km2": 0.113}}, {"type": "Feature", "geometry": {"type": "Polygon", "coordinates": [[[84.6381891, 28.5274425], [84.6377277, 28.5274331], [84.6374059, 28.5273577], [84.6371055, 28.5272069], [84.6367943, 28.5268675], [84.636569, 28.5267355], [84.6363222, 28.5264905], [84.6362686, 28.5263019], [84.6363437, 28.5261134], [84.6364725, 28.5260191], [84.6367514, 28.525972], [84.6370304, 28.5259437], [84.6373093, 28.5259155], [84.6377385, 28.52584], [84.6380389, 28.5257646], [84.6382856, 28.5256421], [84.6383607, 28.5255384], [84.6383822, 28.5254159], [84.6381569, 28.5253122], [84.6379208, 28.5252839], [84.6378028, 28.5252556], [84.6377277, 28.5250954], [84.6377492, 28.5249163], [84.637835, 28.5247654], [84.6381354, 28.5244826], [84.6383285, 28.5242564], [84.6386504, 28.5238888], [84.6387792, 28.5237568], [84.6388864, 28.5235494], [84.6389294, 28.5233137], [84.6389294, 28.5231064], [84.6389294, 28.5229461], [84.6390152, 28.5227387], [84.6391761, 28.522569], [84.6393263, 28.5224088], [84.6394765, 28.5221448], [84.6395409, 28.521862], [84.6396911, 28.5215981], [84.6398306, 28.5214661], [84.6400452, 28.521353], [84.6403348, 28.5213436], [84.6405494, 28.5214378], [84.6408284, 28.5216641], [84.6411073, 28.5219563], [84.6413648, 28.5222485], [84.6414399, 28.5226162], [84.6414292, 28.5229178], [84.6414292, 28.5234174], [84.6414828, 28.5238134], [84.6416974, 28.5241621], [84.641912, 28.5245863], [84.6420622, 28.5249445], [84.6421909, 28.5253404], [84.6422875, 28.5256232], [84.6424913, 28.5260191], [84.6426415, 28.5262925], [84.6428239, 28.5265187], [84.6431458, 28.5268204], [84.6434784, 28.5271503], [84.6436393, 28.5274991], [84.6438217, 28.5279044], [84.6438753, 28.528272], [84.643929, 28.5286585], [84.6438968, 28.5288659], [84.6437788, 28.5291109], [84.6435213, 28.5294032], [84.6431672, 28.5296577], [84.6426415, 28.5301007], [84.6422017, 28.5303646], [84.6417725, 28.5306191], [84.641397, 28.5308171], [84.6411395, 28.5308736], [84.6407425, 28.5308642], [84.6404207, 28.5308265], [84.6401417, 28.5307228], [84.6400237, 28.5304589], [84.6400237, 28.5302326], [84.6399379, 28.5301667], [84.639734, 28.530063], [84.6395624, 28.5299593], [84.6393907, 28.5298273], [84.6392834, 28.5294503], [84.6393692, 28.5292995], [84.639498, 28.5291581], [84.6397018, 28.5289413], [84.6398628, 28.528847], [84.6401632, 28.5287339], [84.6404099, 28.5286302], [84.6406996, 28.5284982], [84.6408498, 28.5283286], [84.6408713, 28.5281118], [84.6406782, 28.5279044], [84.6404743, 28.5278196], [84.6402061, 28.5277253], [84.6398628, 28.5275745], [84.6395302, 28.5275085], [84.6391761, 28.5274519], [84.6387255, 28.5274237], [84.6381891, 28.5274425]]]}, "properties": {"external_id": "osm:way/799030605", "name": "", "name_ne": "", "area_km2": 0.368}}, {"type": "Feature", "geometry": {"type": "Polygon", "coordinates": [[[84.6300137, 28.5241621], [84.6300781, 28.5235871], [84.6300673, 28.5230969], [84.6299815, 28.5225313], [84.6298206, 28.5219375], [84.6296811, 28.5214944], [84.6295094, 28.5210325], [84.6294451, 28.5205706], [84.6295524, 28.5200144], [84.6297669, 28.5196939], [84.6303677, 28.5193734], [84.6310222, 28.5193451], [84.6314943, 28.5195619], [84.6316552, 28.5199578], [84.6317518, 28.5205329], [84.6319663, 28.5210796], [84.6322346, 28.521419], [84.6324813, 28.5218149], [84.632535, 28.522192], [84.6326423, 28.5225408], [84.6328139, 28.5230027], [84.6330607, 28.5236154], [84.6332431, 28.5241056], [84.6332645, 28.5245015], [84.6332753, 28.5250011], [84.6332753, 28.5255101], [84.6332753, 28.5260663], [84.6333611, 28.5267827], [84.6335649, 28.5271597], [84.6336615, 28.5274237], [84.6337366, 28.5279892], [84.6339083, 28.5284982], [84.6340155, 28.5287056], [84.634316, 28.5290073], [84.6345842, 28.5292335], [84.6348631, 28.5294974], [84.6350884, 28.5298085], [84.6353567, 28.5302609], [84.6354854, 28.5308453], [84.6356571, 28.5313355], [84.6357107, 28.5317031], [84.6357965, 28.5322498], [84.6359146, 28.5327682], [84.6359682, 28.5332489], [84.6360111, 28.5336165], [84.6361184, 28.5342952], [84.6363008, 28.5349078], [84.6363437, 28.535332], [84.6365154, 28.535775], [84.6367192, 28.5362368], [84.6369231, 28.5366327], [84.6370733, 28.5368683], [84.6371698, 28.5370757], [84.6372664, 28.5374244], [84.6372878, 28.5377637], [84.6374166, 28.5380276], [84.6376741, 28.5383387], [84.637835, 28.5386497], [84.6379316, 28.5388476], [84.6381032, 28.5390644], [84.6383285, 28.5392341], [84.6386397, 28.5393754], [84.6388972, 28.5395545], [84.6390796, 28.5397619], [84.6391976, 28.5399975], [84.6392727, 28.5402426], [84.6393049, 28.5404499], [84.6393692, 28.5407327], [84.6394014, 28.5410248], [84.6393585, 28.5412982], [84.6392941, 28.5415715], [84.6392727, 28.5418542], [84.6393049, 28.5421653], [84.63938, 28.5424197], [84.6395087, 28.5427402], [84.6397769, 28.5430983], [84.6401524, 28.5435507], [84.6403456, 28.5436732], [84.6403992, 28.5438146], [84.640367, 28.5439089], [84.6401417, 28.5440314], [84.6398628, 28.5440596], [84.6395624, 28.5440125], [84.6392083, 28.5438146], [84.6389937, 28.5437015], [84.6387684, 28.5435978], [84.6384573, 28.5434282], [84.6381569, 28.5432303], [84.6379638, 28.5431172], [84.6378028, 28.5429758], [84.6376526, 28.542759], [84.6376097, 28.5424292], [84.6376097, 28.5421747], [84.6375453, 28.5419014], [84.6374273, 28.5415903], [84.6372878, 28.5413264], [84.6370947, 28.5410531], [84.6369553, 28.5408363], [84.6367407, 28.5405253], [84.636569, 28.5402237], [84.6364188, 28.5400069], [84.6362257, 28.5397902], [84.6359789, 28.5395828], [84.6356785, 28.5394131], [84.635421, 28.5393189], [84.6351743, 28.5392906], [84.6350241, 28.539366], [84.6349811, 28.5396488], [84.6349811, 28.5399315], [84.6349811, 28.5402614], [84.634906, 28.540497], [84.6348309, 28.5406573], [84.6345198, 28.5407798], [84.6342838, 28.5406761], [84.6341979, 28.5405536], [84.6341336, 28.5402897], [84.6340692, 28.5400541], [84.6339941, 28.5397807], [84.6338868, 28.5393377], [84.6337795, 28.538989], [84.6337581, 28.538744], [84.63364, 28.5383387], [84.6335435, 28.5381125], [84.6333611, 28.5375752], [84.6332323, 28.5371134], [84.6330607, 28.5364253], [84.6328676, 28.5359918], [84.6326423, 28.5356053], [84.6324921, 28.5353603], [84.6323204, 28.5350775], [84.6321916, 28.5348041], [84.6321058, 28.5344742], [84.6319449, 28.5341444], [84.6316659, 28.5335977], [84.6315479, 28.5333432], [84.6314299, 28.5328813], [84.6313333, 28.5322875], [84.6313226, 28.531835], [84.631269, 28.5315051], [84.6311724, 28.5312035], [84.6310758, 28.5308171], [84.6307647, 28.5299781], [84.6306252, 28.5296859], [84.6305179, 28.5293183], [84.6304428, 28.5289884], [84.6303892, 28.5285454], [84.6303356, 28.5280646], [84.6305179, 28.5275273], [84.6306467, 28.5272257], [84.6306574, 28.5267638], [84.6306038, 28.526415], [84.6305394, 28.5259532], [84.6303892, 28.5256421], [84.6302926, 28.5253876], [84.6302068, 28.5250388], [84.630121, 28.5246146], [84.6300137, 28.5241621]]]}, "properties": {"external_id": "osm:way/799030606", "name": "", "name_ne": "", "area_km2": 0.884}}, {"type": "Feature", "geometry": {"type": "Polygon", "coordinates": [[[84.539752, 28.5022715], [84.5391726, 28.502394], [84.5387006, 28.5024789], [84.5382714, 28.5025449], [84.537853, 28.5025449], [84.5375526, 28.5024506], [84.5372951, 28.5023752], [84.5370269, 28.5022715], [84.536823, 28.5021866], [84.5366299, 28.5020452], [84.5365119, 28.5018378], [84.5365441, 28.5016398], [84.5365977, 28.5014135], [84.5366192, 28.5011495], [84.5365333, 28.5009515], [84.536469, 28.5007818], [84.5364904, 28.50048], [84.5365977, 28.5002915], [84.5367694, 28.5002255], [84.5370161, 28.5001972], [84.5372093, 28.5001123], [84.5373487, 28.4999803], [84.5377886, 28.4998295], [84.5380032, 28.4996692], [84.5381963, 28.4995089], [84.5384645, 28.4993015], [84.538722, 28.499292], [84.539001, 28.4992826], [84.5393014, 28.4992072], [84.5396769, 28.4991883], [84.5399558, 28.4992166], [84.540267, 28.4991506], [84.5406854, 28.4989809], [84.5410824, 28.4989149], [84.5414472, 28.4988677], [84.541887, 28.4986886], [84.5424664, 28.4986509], [84.5428526, 28.4985094], [84.5432603, 28.4982737], [84.5435715, 28.4980851], [84.5439041, 28.4978683], [84.5442366, 28.4977834], [84.54458, 28.49784], [84.5449018, 28.4980474], [84.5450306, 28.4982549], [84.5450735, 28.4984906], [84.5449555, 28.4987169], [84.5448053, 28.4989432], [84.5445692, 28.4993203], [84.5443976, 28.4996975], [84.5442152, 28.4999803], [84.5438504, 28.5003009], [84.5436144, 28.50048], [84.5432389, 28.5006686], [84.5428955, 28.5009043], [84.5424986, 28.5013098], [84.5422411, 28.50147], [84.5419192, 28.5016303], [84.5415544, 28.5016492], [84.5412218, 28.501668], [84.541018, 28.5017623], [84.5407498, 28.5019038], [84.5404708, 28.5020829], [84.5402133, 28.5021678], [84.539752, 28.5022715]]]}, "properties": {"external_id": "osm:way/799065092", "name": "", "name_ne": "", "area_km2": 0.24}}, {"type": "Feature", "geometry": {"type": "Polygon", "coordinates": [[[84.5605981, 28.50147], [84.5605874, 28.5011023], [84.5605659, 28.500744], [84.5604265, 28.5004706], [84.5602012, 28.5002255], [84.5600617, 28.4999709], [84.5600402, 28.4996597], [84.5601261, 28.4993392], [84.5602119, 28.4989715], [84.5603514, 28.4984434], [84.5605338, 28.4979249], [84.5606303, 28.4976043], [84.5608985, 28.4975194], [84.5612955, 28.4975006], [84.5616603, 28.497576], [84.5621216, 28.4979343], [84.5622289, 28.4982549], [84.5624006, 28.4987169], [84.5623898, 28.4991035], [84.5624006, 28.499556], [84.5625186, 28.5001972], [84.5625186, 28.500414], [84.5625079, 28.5007535], [84.562422, 28.5010175], [84.5622933, 28.5013569], [84.5621967, 28.5017058], [84.5621002, 28.5020358], [84.5619821, 28.5023092], [84.5616925, 28.5027712], [84.561671, 28.5030823], [84.561789, 28.503582], [84.5618534, 28.5039592], [84.56195, 28.5044023], [84.5617998, 28.5047417], [84.5615744, 28.5050151], [84.5612633, 28.5052225], [84.5607054, 28.50543], [84.560287, 28.5054017], [84.5595574, 28.5054771], [84.5588922, 28.5057128], [84.5585596, 28.5058637], [84.5580983, 28.5060617], [84.557873, 28.5061748], [84.557637, 28.5062785], [84.5573902, 28.5064011], [84.5570469, 28.5063916], [84.5568538, 28.5062408], [84.5568538, 28.5060617], [84.5569932, 28.5058919], [84.5572293, 28.5056845], [84.5573902, 28.5055431], [84.5576584, 28.5052697], [84.5578408, 28.5048548], [84.5579266, 28.5045437], [84.5580876, 28.5042609], [84.5582485, 28.50411], [84.558388, 28.5038743], [84.558506, 28.5033086], [84.5586991, 28.5029786], [84.5589781, 28.5028372], [84.5592999, 28.5027052], [84.5596003, 28.5025355], [84.5598471, 28.5024129], [84.5601046, 28.5022243], [84.5604586, 28.5018849], [84.5605981, 28.50147]]]}, "properties": {"external_id": "osm:way/799065094", "name": "", "name_ne": "", "area_km2": 0.228}}, {"type": "Feature", "geometry": {"type": "Polygon", "coordinates": [[[84.5621645, 28.4889105], [84.5623898, 28.4893537], [84.5624649, 28.4895328], [84.5624649, 28.4898534], [84.5622826, 28.4901363], [84.5622289, 28.4903155], [84.5622289, 28.4905418], [84.5622504, 28.4908907], [84.5624328, 28.4912301], [84.5625722, 28.4914282], [84.5626795, 28.4917299], [84.5627868, 28.4920034], [84.5628619, 28.4922485], [84.5630336, 28.4925031], [84.5632911, 28.4927106], [84.5637202, 28.4928897], [84.5640743, 28.4930123], [84.5643854, 28.4931537], [84.5647824, 28.4934083], [84.5649755, 28.4936723], [84.5649969, 28.4939741], [84.5649862, 28.4942287], [84.5648253, 28.4945493], [84.5647502, 28.4948887], [84.5646858, 28.4953036], [84.5646, 28.495511], [84.5643639, 28.4958976], [84.5641708, 28.4960862], [84.563688, 28.4962465], [84.5632803, 28.4962182], [84.5627332, 28.4961334], [84.562186, 28.4961051], [84.5617783, 28.4961051], [84.5615208, 28.4960956], [84.5611453, 28.4959731], [84.5608127, 28.4958505], [84.5602226, 28.4958128], [84.5597935, 28.4958316], [84.5594609, 28.4958693], [84.5591819, 28.4959259], [84.5588493, 28.4959165], [84.5584202, 28.4958033], [84.5580983, 28.4958033], [84.5577443, 28.4958128], [84.5573687, 28.4958411], [84.5572185, 28.4959071], [84.5570683, 28.4960296], [84.5569181, 28.4962088], [84.5568108, 28.4963879], [84.5568001, 28.4966331], [84.5569181, 28.4970008], [84.557004, 28.4973591], [84.5569825, 28.4976043], [84.5569181, 28.4978023], [84.5567143, 28.4980097], [84.5564997, 28.4981983], [84.5562208, 28.4984152], [84.5559955, 28.4986037], [84.5557272, 28.4988677], [84.5556092, 28.4991129], [84.5555448, 28.499424], [84.5555448, 28.4998766], [84.5555663, 28.5000652], [84.555577, 28.5003292], [84.5555234, 28.5005555], [84.555341, 28.5008666], [84.5550084, 28.501074], [84.5548046, 28.501206], [84.5543539, 28.5014512], [84.554075, 28.5015926], [84.5536673, 28.5016398], [84.5534098, 28.5015832], [84.553206, 28.5015549], [84.5529055, 28.5016209], [84.5523906, 28.5016869], [84.5521974, 28.5017529], [84.5517897, 28.5019509], [84.5513821, 28.5021866], [84.5508563, 28.5024035], [84.5503414, 28.5024412], [84.5499015, 28.5024129], [84.5495152, 28.5024318], [84.549129, 28.5025826], [84.5487857, 28.5027995], [84.548496, 28.5029975], [84.5480883, 28.5031012], [84.5477879, 28.5031483], [84.5473051, 28.503186], [84.5471334, 28.5031672], [84.546994, 28.5030729], [84.5470369, 28.502922], [84.5471656, 28.5028183], [84.5474124, 28.5026109], [84.547863, 28.5022243], [84.5480883, 28.5019603], [84.5481849, 28.5017246], [84.5481849, 28.5014606], [84.5482814, 28.5011778], [84.5484316, 28.5009326], [84.5485067, 28.5006686], [84.548496, 28.5003198], [84.5484209, 28.5001029], [84.548378, 28.4998578], [84.5483994, 28.4995466], [84.5485175, 28.4994052], [84.5485604, 28.4992732], [84.5486247, 28.4990186], [84.5486784, 28.498698], [84.5486998, 28.4983209], [84.5487535, 28.4980003], [84.5488822, 28.4977646], [84.5490861, 28.4974723], [84.5494187, 28.4973874], [84.5496762, 28.4974063], [84.5498693, 28.4975194], [84.5502019, 28.4975571], [84.5505452, 28.4974251], [84.5507276, 28.4972554], [84.5508671, 28.4971423], [84.5511031, 28.4968688], [84.5512962, 28.4966142], [84.5515644, 28.4963879], [84.5518756, 28.4961616], [84.5520902, 28.4958788], [84.552176, 28.4955959], [84.5523047, 28.4953319], [84.5525837, 28.4952659], [84.552809, 28.4953602], [84.5530021, 28.4955582], [84.5530128, 28.4958033], [84.5530665, 28.4959636], [84.5532167, 28.4960862], [84.5534849, 28.4961145], [84.5536995, 28.4960956], [84.5539999, 28.4960673], [84.5543432, 28.4960673], [84.5546973, 28.4960202], [84.554944, 28.4959542], [84.555062, 28.4958411], [84.5550406, 28.4956996], [84.5549762, 28.4955676], [84.5546865, 28.4955299], [84.5543861, 28.495511], [84.5541072, 28.4954733], [84.5539141, 28.4954545], [84.5537317, 28.4953979], [84.5535493, 28.4952564], [84.5535064, 28.4951056], [84.55356, 28.4949359], [84.5536566, 28.4948038], [84.553796, 28.4947567], [84.5542574, 28.4947756], [84.5546007, 28.4948227], [84.5550513, 28.4949547], [84.5553946, 28.4950301], [84.5557809, 28.4949641], [84.5560384, 28.4947661], [84.5562315, 28.4945304], [84.5564353, 28.4944267], [84.5568645, 28.4943795], [84.5573258, 28.4943701], [84.5576155, 28.4943795], [84.5580125, 28.4944078], [84.5584631, 28.4944833], [84.5587957, 28.4945493], [84.5592785, 28.4946247], [84.5595467, 28.4946436], [84.5601261, 28.4946813], [84.5605874, 28.4947944], [84.5609951, 28.4949264], [84.5615101, 28.4950301], [84.5618427, 28.4950867], [84.5621002, 28.4950867], [84.5624435, 28.4950396], [84.5626151, 28.494917], [84.5626902, 28.4946907], [84.5626688, 28.4944833], [84.5626259, 28.4943418], [84.5626366, 28.4941249], [84.5627224, 28.4940401], [84.5628405, 28.4939364], [84.5629907, 28.4938326], [84.5630765, 28.4936441], [84.5632052, 28.4934366], [84.5632267, 28.4932952], [84.5630872, 28.4930972], [84.5628726, 28.4929463], [84.5626259, 28.4929369], [84.5624435, 28.4930594], [84.5623791, 28.4932669], [84.562304, 28.4933989], [84.5621753, 28.4935969], [84.5618963, 28.4938232], [84.5617139, 28.4939269], [84.5615315, 28.4939741], [84.5613599, 28.4939741], [84.5611882, 28.4939175], [84.5611024, 28.4937761], [84.5611024, 28.4935875], [84.5611238, 28.4933612], [84.5611775, 28.4931349], [84.5611989, 28.4928143], [84.5612526, 28.4925125], [84.561274, 28.4922297], [84.561274, 28.4920128], [84.5612097, 28.4918525], [84.5610487, 28.4917865], [84.5608234, 28.4918053], [84.5605338, 28.4919562], [84.5602763, 28.4920882], [84.5599759, 28.4921637], [84.559654, 28.4922014], [84.5595574, 28.4921259], [84.5595574, 28.4920128], [84.5595789, 28.4918902], [84.5596647, 28.4917299], [84.5598793, 28.4914659], [84.5599759, 28.4914093], [84.5602119, 28.4912019], [84.5605874, 28.4910321], [84.5608234, 28.4909378], [84.5608985, 28.4907115], [84.5608127, 28.4904286], [84.5607805, 28.4902495], [84.560641, 28.4899572], [84.5604157, 28.4896365], [84.5602655, 28.4893537], [84.5603192, 28.4891556], [84.5604586, 28.4889199], [84.5607376, 28.4886653], [84.5612526, 28.4885616], [84.5615208, 28.4885144], [84.5617783, 28.4885238], [84.5619929, 28.4885804], [84.5621645, 28.4887596], [84.5621645, 28.4889105]]]}, "properties": {"external_id": "osm:way/799065095", "name": "", "name_ne": "", "area_km2": 0.748}}, {"type": "Feature", "geometry": {"type": "Polygon", "coordinates": [[[84.556371, 28.4905418], [84.5560384, 28.4908718], [84.5559096, 28.4911736], [84.5558452, 28.4914847], [84.5558238, 28.4918148], [84.5556307, 28.4921825], [84.555341, 28.4925314], [84.5550728, 28.4928143], [84.5546651, 28.4929651], [84.5541286, 28.4929651], [84.5538711, 28.492918], [84.5536673, 28.492786], [84.5536029, 28.492588], [84.5535815, 28.49239], [84.5536673, 28.4921825], [84.5537424, 28.4920882], [84.5538711, 28.4919373], [84.554075, 28.4916356], [84.5541608, 28.4914564], [84.5542037, 28.4911924], [84.5543218, 28.4907492], [84.5544076, 28.4905041], [84.5544934, 28.4902589], [84.5546114, 28.4900326], [84.5547938, 28.489778], [84.555223, 28.4895234], [84.5555448, 28.4893819], [84.555695, 28.4892499], [84.5558238, 28.4889765], [84.5560813, 28.4888539], [84.5563173, 28.4888067], [84.5565748, 28.4886842], [84.5567572, 28.4884296], [84.5569181, 28.4882504], [84.5570254, 28.4880146], [84.5570469, 28.4877412], [84.5571434, 28.4875903], [84.5574224, 28.4873923], [84.5576799, 28.4872508], [84.557873, 28.4870434], [84.5580661, 28.4868925], [84.55827, 28.4867133], [84.5584953, 28.4865907], [84.5587957, 28.4865153], [84.5591712, 28.4864682], [84.5594501, 28.4864399], [84.5597076, 28.4865153], [84.5598149, 28.4867039], [84.5598042, 28.4868736], [84.5596647, 28.4870811], [84.5594394, 28.48743], [84.5591497, 28.4878072], [84.5589888, 28.4879203], [84.5585918, 28.4883258], [84.5581949, 28.488571], [84.5579052, 28.4887502], [84.557755, 28.488901], [84.5575833, 28.4891462], [84.5573366, 28.4894668], [84.557122, 28.489778], [84.5569181, 28.4900326], [84.5566499, 28.4902778], [84.556371, 28.4905418]]]}, "properties": {"external_id": "osm:way/799065096", "name": "", "name_ne": "", "area_km2": 0.129}}, {"type": "Feature", "geometry": {"type": "Polygon", "coordinates": [[[84.5181656, 28.5462273], [84.5180905, 28.5463687], [84.5180797, 28.5465195], [84.5179403, 28.5466326], [84.5177042, 28.5466797], [84.5174575, 28.5466514], [84.5172429, 28.5465572], [84.5171785, 28.5463498], [84.5171571, 28.5461331], [84.5171034, 28.5458786], [84.5169854, 28.5456336], [84.5167816, 28.5454922], [84.516567, 28.5454451], [84.5162129, 28.5454451], [84.5158589, 28.5454074], [84.5156014, 28.5453226], [84.5154619, 28.5451529], [84.5155263, 28.5446628], [84.5157087, 28.5443707], [84.5156765, 28.5440031], [84.515537, 28.5434188], [84.5153975, 28.543202], [84.515183, 28.5430889], [84.5148396, 28.5429758], [84.5144749, 28.5429758], [84.5142496, 28.5430135], [84.5139384, 28.5431926], [84.5136058, 28.5433528], [84.5131445, 28.543579], [84.512651, 28.5437392], [84.5121789, 28.543824], [84.5116639, 28.5437958], [84.5112347, 28.5437392], [84.5108378, 28.543513], [84.5106125, 28.543202], [84.5105803, 28.5429287], [84.5106554, 28.5426931], [84.5109665, 28.5420804], [84.5112562, 28.5416752], [84.511621, 28.5412416], [84.5120931, 28.5408081], [84.512608, 28.5404499], [84.5131016, 28.5399881], [84.5134985, 28.5396959], [84.5138526, 28.5394414], [84.5143032, 28.5393], [84.5148075, 28.5391587], [84.5150864, 28.5391021], [84.5159662, 28.5392341], [84.5164275, 28.5392435], [84.5167279, 28.5390738], [84.5181656, 28.5462273]]]}, "properties": {"external_id": "osm:way/799066776", "name": "", "name_ne": "", "area_km2": 0.307}}, {"type": "Feature", "geometry": {"type": "Polygon", "coordinates": [[[84.5550513, 28.555152], [84.5549118, 28.5552839], [84.5548367, 28.5555384], [84.5548153, 28.5557174], [84.5547938, 28.5560661], [84.5547938, 28.5562923], [84.5546973, 28.5566786], [84.5546543, 28.5574702], [84.5544076, 28.5580639], [84.5539355, 28.558846], [84.553678, 28.5591287], [84.5532596, 28.559402], [84.5527339, 28.5596941], [84.5516288, 28.5577341], [84.5502126, 28.5566975], [84.5503199, 28.5564713], [84.5503414, 28.5562828], [84.5503414, 28.5560284], [84.5502663, 28.5558117], [84.5501697, 28.5556232], [84.5499229, 28.5552933], [84.5494079, 28.5550389], [84.5486033, 28.5547656], [84.5479166, 28.5544829], [84.5477342, 28.5543698], [84.5475411, 28.5541625], [84.5473909, 28.5539175], [84.5473051, 28.5535594], [84.5474231, 28.5534086], [84.5476377, 28.5532861], [84.5480347, 28.5533049], [84.5482814, 28.553352], [84.5487106, 28.5533049], [84.548893, 28.5532295], [84.5491397, 28.5532107], [84.5494079, 28.553239], [84.5497191, 28.5532107], [84.5499873, 28.5531164], [84.5504272, 28.5530693], [84.5508456, 28.5530222], [84.5511675, 28.5529751], [84.5516395, 28.5529562], [84.5522404, 28.5528714], [84.5527339, 28.5527866], [84.5529914, 28.5528243], [84.5532381, 28.5528526], [84.5534527, 28.5532013], [84.5534205, 28.5535028], [84.5535922, 28.553729], [84.5539462, 28.553908], [84.5543969, 28.5539269], [84.5550513, 28.555152]]]}, "properties": {"external_id": "osm:way/799110470", "name": "", "name_ne": "", "area_km2": 0.299}}, {"type": "Feature", "geometry": {"type": "Polygon", "coordinates": [[[84.5421016, 28.560448], [84.5418548, 28.560693], [84.5416081, 28.5610794], [84.5415866, 28.5613903], [84.5413721, 28.5618332], [84.5411682, 28.5620217], [84.5408142, 28.5621913], [84.5401382, 28.5621725], [84.5395267, 28.5621065], [84.5392156, 28.5621348], [84.5387971, 28.5623138], [84.5382392, 28.5625871], [84.5375311, 28.562898], [84.5371127, 28.5630582], [84.5367587, 28.5631525], [84.5362866, 28.5631713], [84.5359218, 28.5631996], [84.5356429, 28.5633409], [84.5354283, 28.563454], [84.5351493, 28.5635294], [84.5348275, 28.5635765], [84.5345163, 28.5635765], [84.5339692, 28.5635671], [84.5336044, 28.563388], [84.5334005, 28.5631242], [84.5333683, 28.5627661], [84.533422, 28.5623232], [84.5334756, 28.5618426], [84.5334756, 28.561494], [84.5334005, 28.5610511], [84.533261, 28.5606553], [84.5332074, 28.560269], [84.5331538, 28.5598543], [84.5331538, 28.5595905], [84.5332181, 28.5592701], [84.5333683, 28.558978], [84.5336366, 28.5587989], [84.5338619, 28.5587235], [84.5343125, 28.5587235], [84.5346022, 28.5588272], [84.5349777, 28.5590345], [84.5353639, 28.5593078], [84.5356214, 28.5595434], [84.5358682, 28.5597318], [84.536351, 28.559779], [84.5367479, 28.5597601], [84.5371342, 28.5597413], [84.5374453, 28.5596847], [84.5378744, 28.5597413], [84.5381534, 28.5597224], [84.5385182, 28.5596188], [84.5387006, 28.5593266], [84.5421016, 28.560448]]]}, "properties": {"external_id": "osm:way/799110471", "name": "", "name_ne": "", "area_km2": 0.296}}, {"type": "Feature", "geometry": {"type": "Polygon", "coordinates": [[[84.5526695, 28.5696212], [84.5523691, 28.5696636], [84.5521438, 28.5699368], [84.5518649, 28.5701064], [84.5511246, 28.5706529], [84.5504272, 28.5711617], [84.5498907, 28.5716046], [84.549247, 28.5721888], [84.5489252, 28.5724149], [84.5484638, 28.5726976], [84.5481419, 28.5726599], [84.5480025, 28.5725374], [84.5478201, 28.5723112], [84.547584, 28.572104], [84.5473802, 28.5719249], [84.5471978, 28.5717742], [84.5470047, 28.5716046], [84.5469189, 28.5714727], [84.5467687, 28.57119], [84.5465433, 28.5709073], [84.5464253, 28.5707566], [84.546318, 28.5704268], [84.5464039, 28.5698803], [84.5464146, 28.5692772], [84.5464575, 28.5689475], [84.5465433, 28.5685706], [84.546597, 28.5682502], [84.5466936, 28.5677508], [84.5467043, 28.5672137], [84.5467365, 28.5669876], [84.5469081, 28.5664787], [84.5471871, 28.566017], [84.5474982, 28.5657626], [84.5478308, 28.5656118], [84.5483673, 28.565527], [84.5490217, 28.5653857], [84.5495903, 28.5651784], [84.5499444, 28.565037], [84.5503199, 28.5647355], [84.5504057, 28.5644622], [84.5504057, 28.5641136], [84.5503306, 28.5637555], [84.5504379, 28.5632561], [84.5526695, 28.5696212]]]}, "properties": {"external_id": "osm:way/799110472", "name": "", "name_ne": "", "area_km2": 0.368}}, {"type": "Feature", "geometry": {"type": "Polygon", "coordinates": [[[84.5616925, 28.5615788], [84.5617247, 28.561249], [84.5617461, 28.5608249], [84.5617998, 28.560269], [84.5618963, 28.5598166], [84.5620787, 28.5594303], [84.5624006, 28.5588649], [84.5627439, 28.5585445], [84.5631623, 28.5583937], [84.5636451, 28.5584031], [84.5639992, 28.5585539], [84.5642459, 28.5586858], [84.5645678, 28.5587518], [84.5649433, 28.5587047], [84.5651793, 28.5585068], [84.5652866, 28.5582052], [84.5653832, 28.557866], [84.5654583, 28.5576116], [84.5655441, 28.5571781], [84.5656085, 28.5568765], [84.5657909, 28.5566598], [84.5661127, 28.5563771], [84.566381, 28.5562169], [84.5667565, 28.5560284], [84.5669389, 28.5559907], [84.5672393, 28.5559907], [84.5675719, 28.5561132], [84.5678294, 28.5562546], [84.5680547, 28.5564242], [84.5685267, 28.5568577], [84.5688057, 28.5571215], [84.5692134, 28.5573383], [84.5694601, 28.5574419], [84.5697498, 28.5576021], [84.5699644, 28.5577246], [84.5701361, 28.5578566], [84.5702112, 28.5580168], [84.5702112, 28.5581581], [84.5700824, 28.5582524], [84.5698357, 28.5582901], [84.5695352, 28.5582712], [84.5692885, 28.5582524], [84.5690954, 28.5582712], [84.5689773, 28.5584031], [84.5689237, 28.5585162], [84.568913, 28.5587141], [84.5689666, 28.558912], [84.5690739, 28.5591947], [84.5691705, 28.5593361], [84.5693421, 28.559468], [84.569546, 28.5595245], [84.5698142, 28.5595245], [84.5701253, 28.5593832], [84.570651, 28.5593926], [84.5708871, 28.5594209], [84.5713377, 28.5594209], [84.5718741, 28.5593926], [84.5722926, 28.5593832], [84.5727861, 28.5593643], [84.5733011, 28.5592984], [84.5737946, 28.5591193], [84.5741916, 28.5590534], [84.5745563, 28.5590157], [84.5751142, 28.5589685], [84.5754146, 28.558978], [84.5756292, 28.5590157], [84.5759725, 28.5591193], [84.5764232, 28.5592701], [84.5767021, 28.5593926], [84.5770347, 28.5595622], [84.5775175, 28.5598826], [84.577893, 28.5600993], [84.5784831, 28.5602407], [84.579041, 28.5603632], [84.5794594, 28.5604103], [84.5799208, 28.5604857], [84.5806074, 28.5605517], [84.5812297, 28.5605517], [84.5819056, 28.5605988], [84.5824957, 28.5606647], [84.5829356, 28.5608721], [84.583236, 28.5610699], [84.5835256, 28.5611736], [84.5840192, 28.561249], [84.5845985, 28.5613338], [84.5852744, 28.5613526], [84.5862937, 28.5613903], [84.5871627, 28.5613621], [84.5879996, 28.5613338], [84.5884609, 28.5612207], [84.5888471, 28.5611736], [84.5890725, 28.5613055], [84.5890725, 28.5614657], [84.5889759, 28.5616071], [84.5887613, 28.5617013], [84.588536, 28.5618238], [84.5883214, 28.5619557], [84.5881498, 28.5621159], [84.5880532, 28.5622384], [84.5877421, 28.5623609], [84.5874524, 28.562653], [84.5870125, 28.5629169], [84.5867121, 28.5631619], [84.5864975, 28.563388], [84.5861757, 28.5634917], [84.5856714, 28.5635482], [84.5851779, 28.5635388], [84.5848346, 28.5634728], [84.5845556, 28.5634351], [84.5841908, 28.5634823], [84.5838046, 28.5636236], [84.5835578, 28.5637273], [84.583354, 28.5638309], [84.5831931, 28.563944], [84.5831287, 28.5641701], [84.5832145, 28.5644151], [84.5804786, 28.5648297], [84.5745349, 28.564189], [84.5670461, 28.5611359], [84.5616925, 28.5615788]]]}, "properties": {"external_id": "osm:way/799110473", "name": "", "name_ne": "", "area_km2": 1.069}}, {"type": "Feature", "geometry": {"type": "Polygon", "coordinates": [[[84.5120501, 28.5218526], [84.5117283, 28.5216829], [84.5115781, 28.5215604], [84.5114708, 28.521419], [84.5114279, 28.5212304], [84.5114922, 28.5210042], [84.5116854, 28.5208157], [84.5118463, 28.5206743], [84.5119536, 28.520514], [84.5120287, 28.5202878], [84.5121038, 28.5200804], [84.5122647, 28.5198447], [84.5124471, 28.5196185], [84.512651, 28.5195807], [84.5129943, 28.5196656], [84.5132196, 28.5197976], [84.5134127, 28.5199578], [84.5136809, 28.5202595], [84.5139277, 28.5204669], [84.5143783, 28.5206743], [84.5146787, 28.5208251], [84.5149362, 28.5209759], [84.5150971, 28.5211739], [84.5152151, 28.5214284], [84.5152473, 28.5216075], [84.5153439, 28.5218809], [84.5155048, 28.5222014], [84.5157194, 28.5224936], [84.5159984, 28.5229461], [84.5161378, 28.523342], [84.5161056, 28.5237097], [84.5161915, 28.5240113], [84.5163739, 28.5244544], [84.516406, 28.524954], [84.516406, 28.5252839], [84.5163417, 28.5256421], [84.5162988, 28.5259343], [84.5161593, 28.5262548], [84.5159447, 28.5263868], [84.5156014, 28.526481], [84.5153224, 28.5264999], [84.5149469, 28.526547], [84.5145392, 28.5263962], [84.5144963, 28.5262171], [84.5146787, 28.5259437], [84.5148933, 28.5257741], [84.5150328, 28.525595], [84.5151615, 28.5251425], [84.515183, 28.5247089], [84.5150435, 28.5243412], [84.5147002, 28.5237474], [84.51455, 28.5234834], [84.5144427, 28.5231158], [84.5142066, 28.522701], [84.5139706, 28.5223239], [84.5137131, 28.5220317], [84.5133912, 28.5218997], [84.5131016, 28.5219092], [84.5128441, 28.5220317], [84.5124364, 28.52206], [84.5120501, 28.5218526]]]}, "properties": {"external_id": "osm:way/817797798", "name": "", "name_ne": "", "area_km2": 0.137}}, {"type": "Feature", "geometry": {"type": "Polygon", "coordinates": [[[84.5213413, 28.5187606], [84.5214701, 28.5186098], [84.5216632, 28.5184872], [84.5217705, 28.518261], [84.5219314, 28.5180064], [84.5220923, 28.5177425], [84.5222103, 28.5174879], [84.5222855, 28.5173088], [84.5224571, 28.5170354], [84.522618, 28.5168563], [84.5228219, 28.5166112], [84.5230043, 28.5165547], [84.5232618, 28.5164887], [84.5234656, 28.5165452], [84.5236909, 28.5167055], [84.5238089, 28.5169789], [84.5237124, 28.5171957], [84.5235729, 28.5174031], [84.5235407, 28.5175634], [84.5235515, 28.5180064], [84.5236373, 28.5182327], [84.5237982, 28.5184401], [84.5241523, 28.5188737], [84.5242703, 28.5190905], [84.524399, 28.5192885], [84.5246029, 28.5195902], [84.5248604, 28.5200332], [84.5250213, 28.5204197], [84.5249784, 28.5206554], [84.5248711, 28.5208439], [84.5246243, 28.5210042], [84.5241201, 28.5211362], [84.5236266, 28.5213341], [84.523294, 28.5214001], [84.5229506, 28.521353], [84.522618, 28.5212964], [84.5222962, 28.5212776], [84.5220601, 28.5212776], [84.5218885, 28.5213436], [84.5218778, 28.521485], [84.5219743, 28.5215981], [84.5221138, 28.5216829], [84.5221674, 28.5219375], [84.5221567, 28.5220694], [84.5221031, 28.5223522], [84.521985, 28.522569], [84.5217919, 28.5228613], [84.5216095, 28.5231818], [84.5214164, 28.5234363], [84.5210838, 28.5235871], [84.5205903, 28.5237285], [84.5201719, 28.5238228], [84.5197213, 28.5237945], [84.5193565, 28.5236531], [84.5190668, 28.5235117], [84.5187449, 28.5233137], [84.518348, 28.5230592], [84.5180476, 28.5227764], [84.5179295, 28.5225502], [84.5178115, 28.5222862], [84.5177686, 28.5220411], [84.5178008, 28.5217112], [84.5178759, 28.5215038], [84.5179832, 28.5213059], [84.5180583, 28.5211173], [84.5181548, 28.5208534], [84.5182729, 28.5206177], [84.5185411, 28.5205517], [84.5187664, 28.5206271], [84.5188737, 28.520712], [84.5190132, 28.5209194], [84.5191419, 28.5210608], [84.5193565, 28.5211362], [84.519614, 28.5210231], [84.5198285, 28.5207874], [84.5199895, 28.5205234], [84.5201719, 28.5202029], [84.5203435, 28.5199861], [84.5206225, 28.5197504], [84.5208907, 28.5195242], [84.5210516, 28.5193639], [84.5212233, 28.5191848], [84.5212662, 28.5189868], [84.5213413, 28.5187606]]]}, "properties": {"external_id": "osm:way/817797800", "name": "", "name_ne": "", "area_km2": 0.258}}, {"type": "Feature", "geometry": {"type": "Polygon", "coordinates": [[[84.4985425, 28.5046286], [84.498285, 28.5048077], [84.4979525, 28.5050905], [84.4975662, 28.505364], [84.4971585, 28.5055242], [84.4966221, 28.5057222], [84.4961285, 28.5057788], [84.4958818, 28.5056374], [84.4957638, 28.5053828], [84.4958711, 28.5050717], [84.49615, 28.5048926], [84.4964075, 28.5047511], [84.4965792, 28.5044966], [84.4966221, 28.5043174], [84.4964933, 28.503978], [84.4964611, 28.5038554], [84.4965255, 28.5036669], [84.496783, 28.5034029], [84.49718, 28.5032237], [84.4976091, 28.5030823], [84.4981885, 28.5028843], [84.498564, 28.5026109], [84.4989395, 28.5022998], [84.4992292, 28.5019226], [84.4995725, 28.5016209], [84.4999802, 28.5013192], [84.5006025, 28.5008383], [84.5011496, 28.5004989], [84.5016217, 28.5001783], [84.5023405, 28.499754], [84.5029306, 28.499358], [84.50351, 28.4989149], [84.5039391, 28.4986414], [84.5048833, 28.498236], [84.5056558, 28.4980474], [84.5060527, 28.4980191], [84.5066857, 28.4979343], [84.5074582, 28.497774], [84.5079839, 28.4976326], [84.5087135, 28.4973214], [84.5092821, 28.4969348], [84.5097542, 28.4965954], [84.5101941, 28.4962654], [84.5104945, 28.4960202], [84.5108271, 28.4958599], [84.5112669, 28.4958316], [84.5115244, 28.4958976], [84.5117283, 28.4961051], [84.5118678, 28.4964257], [84.5117819, 28.4968594], [84.511503, 28.4972554], [84.5112347, 28.4975854], [84.5109236, 28.4977551], [84.5102262, 28.4980191], [84.509443, 28.4981511], [84.5088959, 28.4982737], [84.5081878, 28.4985], [84.5074367, 28.4987546], [84.5067394, 28.4990846], [84.5063639, 28.4992826], [84.5057523, 28.4996692], [84.5053232, 28.500018], [84.5050013, 28.5002726], [84.50454, 28.5005649], [84.5040035, 28.5008572], [84.5035207, 28.5011306], [84.5028984, 28.50147], [84.5025122, 28.5016775], [84.502008, 28.5019886], [84.5014071, 28.5022809], [84.5009136, 28.502592], [84.5005381, 28.5028466], [84.5002377, 28.5031012], [84.5000124, 28.5033935], [84.499712, 28.5037612], [84.4994438, 28.5040063], [84.4991004, 28.5042137], [84.4985425, 28.5046286]]]}, "properties": {"external_id": "osm:way/817797803", "name": "", "name_ne": "", "area_km2": 0.304}}, {"type": "Feature", "geometry": {"type": "Polygon", "coordinates": [[[84.5644176, 28.5698709], [84.5642352, 28.5697107], [84.5640743, 28.5695222], [84.5640206, 28.5692961], [84.5640206, 28.5690605], [84.5641279, 28.568825], [84.5644927, 28.5686271], [84.5648575, 28.5684669], [84.5652115, 28.5684198], [84.5658231, 28.5684292], [84.5664132, 28.5685046], [84.5667565, 28.5686271], [84.5670783, 28.5687967], [84.5673358, 28.5689569], [84.5674539, 28.5691548], [84.5674646, 28.5693621], [84.5674539, 28.5695222], [84.5675075, 28.5697295], [84.567647, 28.5700028], [84.5676577, 28.5701724], [84.5676684, 28.5704174], [84.5676041, 28.5708037], [84.5674431, 28.5712465], [84.567368, 28.5714256], [84.5673036, 28.5717271], [84.5673251, 28.5719815], [84.5674324, 28.572217], [84.567486, 28.5723866], [84.567486, 28.5725656], [84.5673466, 28.5728766], [84.5670676, 28.5730933], [84.5667565, 28.5731592], [84.5664883, 28.5731404], [84.56622, 28.5728483], [84.565984, 28.5724243], [84.5658338, 28.5721982], [84.5656299, 28.5719155], [84.5654046, 28.5715669], [84.5652115, 28.5711712], [84.565072, 28.5708696], [84.5648575, 28.5705022], [84.5647287, 28.570342], [84.5645785, 28.5701064], [84.5644176, 28.5698709]]]}, "properties": {"external_id": "osm:way/817797805", "name": "", "name_ne": "", "area_km2": 0.12}}, {"type": "Feature", "geometry": {"type": "Polygon", "coordinates": [[[84.5791322, 28.5906594], [84.5791161, 28.5909185], [84.5789873, 28.5913801], [84.5788264, 28.5916344], [84.5786869, 28.5919076], [84.5786655, 28.5922844], [84.5787299, 28.592633], [84.5789015, 28.5929533], [84.579159, 28.5932359], [84.5796418, 28.5935091], [84.5802748, 28.5937258], [84.5809078, 28.5939613], [84.5814657, 28.5941497], [84.581809, 28.5943381], [84.582324, 28.5944794], [84.5829463, 28.5945642], [84.5832145, 28.5947526], [84.5834076, 28.5949975], [84.5836651, 28.5952142], [84.5841908, 28.5955439], [84.5848775, 28.5958265], [84.5853817, 28.5959301], [84.5859504, 28.5960243], [84.5866692, 28.5960337], [84.5874631, 28.5960054], [84.5881605, 28.5961468], [84.5889544, 28.5963446], [84.5893621, 28.5963634], [84.5897484, 28.5962975], [84.5900381, 28.5962033], [84.5902848, 28.5961468], [84.5905101, 28.5962033], [84.5907783, 28.5964953], [84.5911002, 28.5968156], [84.5914006, 28.5971264], [84.5916474, 28.5972583], [84.5919907, 28.5973996], [84.5925379, 28.5975221], [84.5928383, 28.5975974], [84.593128, 28.5977482], [84.5932245, 28.5979931], [84.5931709, 28.5982474], [84.5930958, 28.5985583], [84.5931065, 28.5989256], [84.593246, 28.599293], [84.5935035, 28.599651], [84.5938253, 28.5999241], [84.5941579, 28.6001314], [84.5945334, 28.6003951], [84.5950162, 28.6006212], [84.5953488, 28.6006777], [84.5957887, 28.6006495], [84.596293, 28.6005364], [84.5969474, 28.6004045], [84.5974731, 28.6005929], [84.5980954, 28.6007907], [84.5985246, 28.6009603], [84.5991683, 28.6011204], [84.6002519, 28.6013559], [84.601239, 28.6014124], [84.6018612, 28.6014407], [84.6023869, 28.6013936], [84.6031058, 28.6011675], [84.6035027, 28.6010451], [84.6040714, 28.6008944], [84.6044254, 28.600706], [84.6046078, 28.6005082], [84.6046722, 28.6001973], [84.60464, 28.5999147], [84.604522, 28.5996039], [84.604361, 28.5993119], [84.6038568, 28.5987749], [84.6034598, 28.5985865], [84.6028805, 28.5984546], [84.6025371, 28.5983228], [84.6023118, 28.5981438], [84.6020651, 28.5977482], [84.6019149, 28.5975127], [84.6015501, 28.5971264], [84.6008527, 28.5969004], [84.6002841, 28.5967402], [84.5999408, 28.5965895], [84.5993292, 28.5963917], [84.5989966, 28.5962975], [84.5978165, 28.5961279], [84.5968294, 28.5960902], [84.5960033, 28.596062], [84.5953059, 28.5960337], [84.5947373, 28.5960243], [84.5938575, 28.5960714], [84.5932138, 28.5961279], [84.592849, 28.5961185], [84.5921624, 28.5960054], [84.5917332, 28.5959018], [84.5915401, 28.5957888], [84.5914006, 28.5956663], [84.5913684, 28.595525], [84.5914221, 28.5952895], [84.5914757, 28.5950258], [84.5915079, 28.5947808], [84.5915079, 28.5945642], [84.5914006, 28.5942816], [84.5911431, 28.5938482], [84.5907998, 28.5936316], [84.5902955, 28.593462], [84.5898235, 28.5934243], [84.5895016, 28.5933584], [84.5888471, 28.5933207], [84.5883644, 28.5932547], [84.5879996, 28.5931323], [84.5876562, 28.5930004], [84.5875275, 28.5928874], [84.5873129, 28.5927084], [84.5870662, 28.5926142], [84.5866048, 28.5924634], [84.5859504, 28.5921431], [84.5854461, 28.591983], [84.5849955, 28.5918699], [84.5845556, 28.5918888], [84.5841372, 28.5919453], [84.5839548, 28.5919547], [84.5837295, 28.5919453], [84.5835364, 28.5918511], [84.583472, 28.5917475], [84.5833862, 28.5916156], [84.5832682, 28.5914931], [84.5831287, 28.5913801], [84.5830107, 28.5911681], [84.5791322, 28.5906594]]]}, "properties": {"external_id": "osm:way/817797807", "name": "", "name_ne": "", "area_km2": 0.963}}, {"type": "Feature", "geometry": {"type": "Polygon", "coordinates": [[[84.6076548, 28.5601936], [84.6079659, 28.5597978], [84.6081912, 28.5595339], [84.6083844, 28.5591287], [84.6086526, 28.5587518], [84.6089744, 28.5584785], [84.6093392, 28.5583277], [84.6098757, 28.5581487], [84.6103585, 28.558045], [84.6106803, 28.5579791], [84.6110988, 28.5579791], [84.6115065, 28.5580922], [84.6119463, 28.5582901], [84.6122789, 28.5584126], [84.6130514, 28.5586199], [84.6134376, 28.5590534], [84.613502, 28.5593737], [84.6132445, 28.5595999], [84.6129763, 28.5597413], [84.6125364, 28.5598638], [84.6118712, 28.5599863], [84.6113777, 28.5600145], [84.611088, 28.5601276], [84.6105838, 28.5603067], [84.610219, 28.5605234], [84.6100151, 28.5606836], [84.609822, 28.5609286], [84.6098971, 28.5612113], [84.6100044, 28.561428], [84.6100473, 28.5616071], [84.6099937, 28.5619275], [84.6097362, 28.5623044], [84.6093821, 28.5624928], [84.6090281, 28.562653], [84.6085668, 28.5628698], [84.6082449, 28.5630111], [84.6078801, 28.5630865], [84.6073222, 28.5630959], [84.6070325, 28.5629828], [84.6067858, 28.5629263], [84.6064103, 28.5629075], [84.6060133, 28.5628698], [84.605627, 28.5627944], [84.6054554, 28.5626907], [84.6053266, 28.5624646], [84.6053374, 28.5622478], [84.6054983, 28.5620028], [84.605788, 28.5619086], [84.6060669, 28.5618332], [84.6065819, 28.5618521], [84.6069467, 28.5618803], [84.607172, 28.5618238], [84.6073329, 28.5615694], [84.6074724, 28.5613244], [84.6075475, 28.5609946], [84.6075153, 28.5605988], [84.6076548, 28.5601936]]]}, "properties": {"external_id": "osm:way/817797808", "name": "", "name_ne": "", "area_km2": 0.192}}, {"type": "Feature", "geometry": {"type": "Polygon", "coordinates": [[[84.469564, 28.5374998], [84.4693494, 28.5372642], [84.4690597, 28.5370663], [84.4688773, 28.5368683], [84.4686627, 28.5365102], [84.4685984, 28.5361991], [84.4686735, 28.5360577], [84.4689846, 28.5358598], [84.469285, 28.5358127], [84.4696176, 28.5358127], [84.4703686, 28.5359164], [84.4706583, 28.5360106], [84.4711196, 28.5363782], [84.4714522, 28.5366798], [84.4719243, 28.5371322], [84.4725144, 28.5375847], [84.4726002, 28.5377072], [84.4729221, 28.5382538], [84.4729864, 28.5385932], [84.472965, 28.5388005], [84.4726968, 28.5394131], [84.4726002, 28.5395451], [84.4723427, 28.5398279], [84.4720423, 28.5401106], [84.4716775, 28.5402897], [84.4714737, 28.5403557], [84.4710874, 28.540318], [84.4708085, 28.5401295], [84.4706154, 28.539809], [84.4705403, 28.5395734], [84.4703364, 28.5393283], [84.4701755, 28.5391869], [84.4700467, 28.5390267], [84.4698644, 28.5386026], [84.4697893, 28.5383575], [84.469682, 28.5381407], [84.4697142, 28.5377826], [84.469564, 28.5374998]]]}, "properties": {"external_id": "osm:way/840321077", "name": "", "name_ne": "", "area_km2": 0.122}}, {"type": "Feature", "geometry": {"type": "Polygon", "coordinates": [[[84.4737911, 28.5565184], [84.4736516, 28.5561273], [84.4735122, 28.555953], [84.4734102, 28.5558211], [84.4732869, 28.5556514], [84.473142, 28.5554347], [84.4730455, 28.5553028], [84.4730025, 28.5552085], [84.4731957, 28.555086], [84.4734907, 28.5550766], [84.4736409, 28.5550954], [84.4738179, 28.5550483], [84.4738984, 28.5550106], [84.4739467, 28.5549352], [84.473936, 28.5547892], [84.4737697, 28.5546431], [84.4736409, 28.5545677], [84.4734693, 28.5544829], [84.4732869, 28.5543887], [84.4730562, 28.5541955], [84.4729865, 28.5541201], [84.4728899, 28.5539552], [84.4728094, 28.5537384], [84.4726646, 28.5534887], [84.4725198, 28.5532719], [84.4724607, 28.5531447], [84.4724393, 28.5529798], [84.4725037, 28.5528337], [84.472568, 28.5527395], [84.4725949, 28.5526217], [84.4725734, 28.5524662], [84.4724983, 28.5523107], [84.47245, 28.5521787], [84.4723749, 28.5520044], [84.4722569, 28.5517123], [84.4721603, 28.5515473], [84.4719189, 28.5511892], [84.4717044, 28.5509725], [84.4715381, 28.5508641], [84.4713986, 28.5507604], [84.4712055, 28.5506285], [84.4710821, 28.5504965], [84.4710231, 28.5504164], [84.4709319, 28.5502562], [84.4708568, 28.5501243], [84.4708675, 28.5499028], [84.4708729, 28.5497332], [84.4708514, 28.5495824], [84.4707602, 28.5494787], [84.4706422, 28.5493892], [84.4704813, 28.5492573], [84.4701594, 28.5490169], [84.4699877, 28.5488002], [84.4698912, 28.54864], [84.4697624, 28.5483101], [84.469741, 28.5481075], [84.4697249, 28.5478342], [84.4697785, 28.5475609], [84.4698268, 28.5473865], [84.4699556, 28.5471603], [84.4700253, 28.5468729], [84.469918, 28.5465713], [84.4697195, 28.5462933], [84.4695854, 28.5461661], [84.4693708, 28.5458833], [84.469285, 28.5456807], [84.4692314, 28.5453744], [84.4691777, 28.5452707], [84.4690919, 28.5450775], [84.4690919, 28.5449361], [84.4691616, 28.5445827], [84.4691616, 28.5443942], [84.4691294, 28.5441586], [84.4690221, 28.5439418], [84.4689417, 28.5438146], [84.4688719, 28.5436874], [84.4688612, 28.5435083], [84.4688988, 28.5432868], [84.4689363, 28.5431549], [84.4689417, 28.5429852], [84.468947, 28.5426695], [84.4689739, 28.5423679], [84.4690812, 28.5421653], [84.4693011, 28.5420851], [84.4695532, 28.542071], [84.4697356, 28.5422784], [84.4698912, 28.5424951], [84.4700092, 28.5427072], [84.4702452, 28.5429381], [84.4706637, 28.5431502], [84.4707817, 28.5433481], [84.4709104, 28.5435743], [84.4710392, 28.5437298], [84.4711786, 28.5439088], [84.4714147, 28.5440832], [84.4716829, 28.5441727], [84.4719297, 28.5441633], [84.4721657, 28.5441445], [84.4723481, 28.5440973], [84.4725573, 28.5440926], [84.4728631, 28.5440455], [84.473083, 28.5440219], [84.4731796, 28.5439748], [84.4732386, 28.5438382], [84.4732976, 28.5437392], [84.4733727, 28.543645], [84.4734853, 28.5434517], [84.473539, 28.5433151], [84.4735229, 28.5429994], [84.4734585, 28.5425752], [84.4732761, 28.5422736], [84.4732439, 28.5422218], [84.4731849, 28.5420851], [84.47326, 28.5418919], [84.4733942, 28.541694], [84.4735014, 28.5415809], [84.4735926, 28.5414961], [84.4737214, 28.5413406], [84.4737697, 28.5412699], [84.4738501, 28.5411568], [84.474054, 28.5410201], [84.4741291, 28.5409871], [84.4742632, 28.54094], [84.4745207, 28.5409259], [84.4746548, 28.5409353], [84.474923, 28.5409353], [84.4752127, 28.5408269], [84.47532, 28.5407704], [84.4754541, 28.5407185], [84.4755506, 28.5406714], [84.4756526, 28.5405866], [84.475792, 28.5402661], [84.4759262, 28.5398985], [84.4759798, 28.5396111], [84.4760978, 28.5393519], [84.4763124, 28.5390173], [84.4764841, 28.5388806], [84.476645, 28.5385837], [84.4769561, 28.5383292], [84.4771278, 28.5382538], [84.4773316, 28.5379994], [84.4776642, 28.5379334], [84.4783401, 28.5379899], [84.4786298, 28.5379334], [84.478941, 28.5377732], [84.4793165, 28.5376978], [84.4795847, 28.5377826], [84.4797885, 28.5379994], [84.4798422, 28.5383198], [84.4798314, 28.5386686], [84.4798314, 28.5391775], [84.4799173, 28.5397619], [84.4798636, 28.5402991], [84.4796491, 28.5407986], [84.479413, 28.5411945], [84.4792521, 28.5414395], [84.4791233, 28.5416469], [84.4789517, 28.5419485], [84.4788551, 28.542137], [84.4787693, 28.5424292], [84.4786405, 28.5428815], [84.478662, 28.5434659], [84.478662, 28.5436355], [84.478662, 28.5440125], [84.4786084, 28.5444178], [84.4784689, 28.5448325], [84.4782972, 28.5453508], [84.4782114, 28.5456618], [84.4779754, 28.5461142], [84.4776642, 28.5464912], [84.4773316, 28.5468116], [84.4769668, 28.5471321], [84.4763446, 28.5476316], [84.4759691, 28.5479614], [84.4757652, 28.5482159], [84.4754541, 28.548574], [84.4751322, 28.5489227], [84.4748747, 28.5490923], [84.4742846, 28.5493091], [84.4740271, 28.5495541], [84.4738126, 28.5498651], [84.4737697, 28.5501667], [84.4737804, 28.5504589], [84.4737804, 28.5510243], [84.4737804, 28.5514201], [84.4738018, 28.5518159], [84.4738984, 28.5523531], [84.4741666, 28.5528243], [84.4743919, 28.553107], [84.4746816, 28.5533992], [84.4749713, 28.5536536], [84.4753468, 28.5538704], [84.4757867, 28.5540306], [84.476012, 28.5538892], [84.4761515, 28.553729], [84.4764519, 28.5535971], [84.4767737, 28.5535782], [84.477396, 28.5535971], [84.4776535, 28.5535876], [84.4778359, 28.5535405], [84.4781577, 28.5535217], [84.4783831, 28.5535876], [84.4786835, 28.553663], [84.4790268, 28.5538798], [84.4791663, 28.5540871], [84.4791984, 28.5542662], [84.4792521, 28.5546431], [84.4792521, 28.554907], [84.4792521, 28.5551331], [84.4793379, 28.5553499], [84.4794774, 28.5555195], [84.4798314, 28.5556138], [84.4801426, 28.555463], [84.4802606, 28.5553216], [84.4803679, 28.5552651], [84.4806254, 28.5552839], [84.4808292, 28.5553593], [84.4809687, 28.5556138], [84.4809794, 28.5559153], [84.4809794, 28.5561038], [84.4809633, 28.5562357], [84.4809794, 28.5563865], [84.4810706, 28.5567399], [84.481076, 28.5570179], [84.4810545, 28.5570885], [84.4802982, 28.5569048], [84.4803089, 28.5565608], [84.4801909, 28.556443], [84.4799441, 28.5564242], [84.4796276, 28.5564666], [84.4793379, 28.556476], [84.479059, 28.5564383], [84.4788819, 28.5563865], [84.4786727, 28.5563441], [84.4783992, 28.5563441], [84.4781899, 28.5563912], [84.4780183, 28.5564525], [84.4778359, 28.5565703], [84.4777179, 28.5567163], [84.477632, 28.5568671], [84.4775194, 28.557032], [84.4773638, 28.557244], [84.4772619, 28.5573524], [84.4770312, 28.5575362], [84.4767523, 28.5577718], [84.476071, 28.5580545], [84.4756257, 28.5573383], [84.4737911, 28.5565184]]]}, "properties": {"external_id": "osm:way/840321080", "name": "", "name_ne": "", "area_km2": 1.101}}, {"type": "Feature", "geometry": {"type": "Polygon", "coordinates": [[[84.4834578, 28.5367317], [84.4835168, 28.5364159], [84.4835544, 28.536218], [84.483608, 28.5360672], [84.4836831, 28.5359211], [84.4837797, 28.5357938], [84.4839352, 28.5356006], [84.4841605, 28.5353508], [84.4844073, 28.5352471], [84.4849706, 28.5351906], [84.4852871, 28.5352471], [84.4854963, 28.5353932], [84.485684, 28.5356242], [84.4859308, 28.5359493], [84.4861293, 28.5362604], [84.4862956, 28.536562], [84.4864887, 28.5368448], [84.4865638, 28.5371322], [84.4866925, 28.5374244], [84.4868481, 28.5376506], [84.4869822, 28.5378156], [84.4870895, 28.5380088], [84.4871163, 28.5382209], [84.4871217, 28.5384094], [84.4871271, 28.538711], [84.4871324, 28.5390079], [84.4871324, 28.5393], [84.4871217, 28.5396252], [84.4870681, 28.5399362], [84.4870198, 28.540219], [84.4869018, 28.540596], [84.486773, 28.5408363], [84.4865853, 28.5410955], [84.4863707, 28.5412463], [84.4861239, 28.5414113], [84.4859093, 28.5415715], [84.4858181, 28.5417788], [84.4857752, 28.5421747], [84.4858181, 28.5423915], [84.485904, 28.5426883], [84.4859844, 28.5429852], [84.4861078, 28.5434423], [84.4861722, 28.5436638], [84.486258, 28.5439466], [84.4862902, 28.5443707], [84.4862687, 28.5446157], [84.4861507, 28.5448325], [84.4859254, 28.5451623], [84.4857216, 28.545332], [84.4855392, 28.5454734], [84.4852173, 28.545643], [84.4849813, 28.5457278], [84.4846487, 28.5457184], [84.484241, 28.5455864], [84.4840801, 28.5454922], [84.4839728, 28.5452566], [84.4839299, 28.544889], [84.4839299, 28.5447194], [84.4839299, 28.5444272], [84.4838762, 28.5441727], [84.4837367, 28.5439748], [84.4835758, 28.5437675], [84.48349, 28.5435601], [84.4834256, 28.5433151], [84.4834471, 28.5429946], [84.4834685, 28.5427779], [84.4834149, 28.54258], [84.4832969, 28.5422972], [84.483211, 28.542137], [84.4831359, 28.5419202], [84.482975, 28.5416846], [84.4827604, 28.541317], [84.4825673, 28.5411191], [84.4822347, 28.5408175], [84.4819987, 28.5405913], [84.4817197, 28.5403462], [84.4814837, 28.5401672], [84.4812262, 28.5400352], [84.480958, 28.5398656], [84.4807863, 28.5397525], [84.4806683, 28.5395734], [84.4806468, 28.5393943], [84.4806576, 28.5392812], [84.4807005, 28.5391869], [84.4810223, 28.5389984], [84.481194, 28.5388759], [84.4813174, 28.5387958], [84.4813979, 28.5386686], [84.4814086, 28.5384706], [84.4814193, 28.5381879], [84.4814461, 28.5379946], [84.4815481, 28.5377025], [84.4819558, 28.5374338], [84.4822615, 28.5373254], [84.4825351, 28.5372406], [84.4827175, 28.5371746], [84.4829857, 28.5370945], [84.4831037, 28.5370615], [84.4832593, 28.537005], [84.483372, 28.536906], [84.4834578, 28.5367317]]]}, "properties": {"external_id": "osm:way/840321087", "name": "", "name_ne": "", "area_km2": 0.411}}, {"type": "Feature", "geometry": {"type": "Polygon", "coordinates": [[[84.4587547, 28.5662243], [84.4585776, 28.5661631], [84.4584006, 28.5660783], [84.4581699, 28.5660264], [84.4579714, 28.5659558], [84.4578749, 28.5659134], [84.4577032, 28.5658851], [84.4575208, 28.5659416], [84.4574135, 28.5659982], [84.4573063, 28.5660029], [84.4570649, 28.5659463], [84.4569951, 28.5659181], [84.4569254, 28.5658568], [84.4567913, 28.5658191], [84.4566411, 28.5658097], [84.4564748, 28.5657626], [84.4563085, 28.565626], [84.4561797, 28.5654469], [84.4561046, 28.5652349], [84.4560295, 28.5651266], [84.4559222, 28.5650417], [84.4556862, 28.5649758], [84.4555682, 28.5649805], [84.4554448, 28.5650794], [84.4553965, 28.5652396], [84.4553912, 28.5653951], [84.4553536, 28.5656542], [84.455198, 28.565871], [84.4550425, 28.5659039], [84.4549406, 28.5658568], [84.4548118, 28.5656872], [84.4546831, 28.5654799], [84.454565, 28.5653763], [84.4544041, 28.5652585], [84.4543022, 28.5651407], [84.4542217, 28.565103], [84.4540769, 28.5650606], [84.4539589, 28.5650559], [84.4537443, 28.5650983], [84.4536585, 28.5651501], [84.4535619, 28.5652208], [84.4534224, 28.5652632], [84.4531649, 28.5652255], [84.4531059, 28.5651595], [84.453122, 28.5650088], [84.4531703, 28.5649145], [84.4532669, 28.5647685], [84.4533151, 28.5646743], [84.453401, 28.5643633], [84.4534814, 28.564222], [84.4535994, 28.5640665], [84.453696, 28.5640052], [84.4538999, 28.5638073], [84.4541413, 28.5637131], [84.4543558, 28.5637037], [84.4545865, 28.5637084], [84.4548655, 28.5637602], [84.4550961, 28.5638168], [84.4553751, 28.5638403], [84.4556433, 28.5638733], [84.455874, 28.5639251], [84.4561315, 28.5639864], [84.4563299, 28.5640665], [84.4568556, 28.564222], [84.4572902, 28.5642267], [84.4575584, 28.5641796], [84.4577247, 28.5641372], [84.4580144, 28.5640947], [84.4584757, 28.5640476], [84.458819, 28.5639817], [84.4591463, 28.5638922], [84.4595271, 28.5637602], [84.4597095, 28.5636801], [84.4598168, 28.5635859], [84.4599187, 28.5634446], [84.4600046, 28.5632844], [84.4601119, 28.5630959], [84.460305, 28.5628179], [84.4605195, 28.5625494], [84.4606644, 28.5623845], [84.4608307, 28.5621772], [84.4609594, 28.5620405], [84.4613081, 28.5618568], [84.4615978, 28.5617107], [84.4619036, 28.5616071], [84.4623381, 28.5615599], [84.4625258, 28.5615505], [84.4626492, 28.5615835], [84.4629228, 28.5617814], [84.4631374, 28.5620782], [84.4632286, 28.5621395], [84.4634271, 28.5622478], [84.4636255, 28.5623138], [84.463985, 28.5623091], [84.4640279, 28.5621866], [84.464044, 28.5620311], [84.4640118, 28.5618803], [84.4640601, 28.561739], [84.4642371, 28.5615694], [84.4644678, 28.5614045], [84.4646341, 28.5611265], [84.464677, 28.5610087], [84.4647521, 28.5608344], [84.4648433, 28.5606694], [84.4649506, 28.5604716], [84.4650364, 28.560382], [84.4651169, 28.5603349], [84.4654441, 28.5602501], [84.4658035, 28.5602407], [84.466002, 28.5603302], [84.4662166, 28.5604763], [84.4663346, 28.5605941], [84.4664848, 28.5607825], [84.4665545, 28.5609192], [84.4665706, 28.561004], [84.4665062, 28.5611265], [84.4664258, 28.5612348], [84.4663829, 28.5614092], [84.466356, 28.56164], [84.4663185, 28.561918], [84.4663238, 28.5621677], [84.4664687, 28.562441], [84.4665116, 28.5625729], [84.4665438, 28.5629122], [84.4665438, 28.5630535], [84.4665438, 28.5632184], [84.4665331, 28.563487], [84.4664526, 28.5637461], [84.4663399, 28.5639911], [84.4663024, 28.5641089], [84.4662058, 28.5644198], [84.4660664, 28.5646978], [84.4658947, 28.5649711], [84.4657659, 28.5651642], [84.465487, 28.5656118], [84.4653851, 28.5658662], [84.4653797, 28.5662196], [84.4653314, 28.5666154], [84.4652885, 28.5667661], [84.465149, 28.5668603], [84.4648969, 28.5669404], [84.464677, 28.5670017], [84.4643015, 28.5671477], [84.4641405, 28.5672373], [84.4639099, 28.5673974], [84.4637382, 28.5676189], [84.4635934, 28.5679722], [84.4634646, 28.5681607], [84.4632876, 28.5683774], [84.4630408, 28.568547], [84.4627404, 28.5687072], [84.4625151, 28.5688297], [84.4622523, 28.5689804], [84.4619948, 28.5690511], [84.4617373, 28.5691171], [84.4615817, 28.5690888], [84.4613671, 28.568971], [84.4611579, 28.5687684], [84.4610345, 28.5686554], [84.4608682, 28.5685706], [84.4607931, 28.5683209], [84.4608414, 28.568156], [84.4609058, 28.5680193], [84.4609111, 28.5678686], [84.4608682, 28.5676424], [84.460836, 28.5674022], [84.4607663, 28.5672797], [84.4606537, 28.5671807], [84.4604552, 28.5671713], [84.4602728, 28.5671572], [84.4600689, 28.5671242], [84.4597793, 28.5670818], [84.4595969, 28.5670724], [84.4593501, 28.5670676], [84.4591302, 28.5671006], [84.4589639, 28.5671666], [84.4588351, 28.5672891], [84.4587064, 28.567421], [84.4585293, 28.5675718], [84.4583631, 28.5676895], [84.4581592, 28.5677602], [84.4580787, 28.5677225], [84.4580412, 28.5676236], [84.4580519, 28.5674917], [84.4581324, 28.5673221], [84.4582236, 28.5671996], [84.4583255, 28.5670488], [84.4584489, 28.5669027], [84.4585937, 28.5667661], [84.4587868, 28.5666248], [84.458921, 28.5665353], [84.4589746, 28.5664316], [84.4589317, 28.5663374], [84.4587547, 28.5662243]]]}, "properties": {"external_id": "osm:way/840411085", "name": "", "name_ne": "", "area_km2": 0.561}}, {"type": "Feature", "geometry": {"type": "Polygon", "coordinates": [[[84.5269096, 28.5754771], [84.5265663, 28.5756184], [84.5262444, 28.5755619], [84.5260084, 28.575364], [84.525665, 28.5751285], [84.5252466, 28.575006], [84.5249998, 28.5746197], [84.5249677, 28.5739695], [84.5251071, 28.5736775], [84.5254183, 28.5733006], [84.5257723, 28.5728672], [84.5262122, 28.5722264], [84.5266628, 28.5715198], [84.5269525, 28.5712842], [84.5273173, 28.5711994], [84.5277679, 28.5712371], [84.5280254, 28.5714256], [84.5282614, 28.5718496], [84.5286262, 28.572462], [84.5287764, 28.5728483], [84.5288622, 28.5732723], [84.5289266, 28.5735361], [84.5288837, 28.5739413], [84.5286798, 28.5741109], [84.5281756, 28.5743653], [84.5280361, 28.5744218], [84.5277357, 28.5746479], [84.527564, 28.5747893], [84.5272744, 28.5750813], [84.5270061, 28.5753169], [84.5269096, 28.5754771]]]}, "properties": {"external_id": "osm:way/841591538", "name": "", "name_ne": "", "area_km2": 0.12}}, {"type": "Feature", "geometry": {"type": "Polygon", "coordinates": [[[84.5155156, 28.5854356], [84.5152259, 28.5849645], [84.5149147, 28.5845783], [84.5143032, 28.5843898], [84.5137024, 28.5841355], [84.5131552, 28.5838057], [84.5125973, 28.582939], [84.512608, 28.5826375], [84.5127046, 28.5824302], [84.5129406, 28.5822229], [84.5133054, 28.5819874], [84.5134878, 28.5819026], [84.5138955, 28.5817425], [84.514389, 28.5816294], [84.5148075, 28.5815917], [84.5153868, 28.5816294], [84.5158911, 28.5815823], [84.5164704, 28.5814975], [84.5167279, 28.5814127], [84.5171463, 28.5813373], [84.5176184, 28.5812902], [84.5183587, 28.5813373], [84.518584, 28.5814127], [84.5188308, 28.5815729], [84.5190132, 28.5818367], [84.5190239, 28.5822324], [84.5189273, 28.5825527], [84.5186913, 28.5829013], [84.5184231, 28.5833064], [84.5182085, 28.5836832], [84.5182192, 28.5840789], [84.518187, 28.5845783], [84.5181334, 28.5848326], [84.5180797, 28.5851247], [84.5177257, 28.5857182], [84.5175326, 28.5860008], [84.5171571, 28.5863777], [84.5169961, 28.5864625], [84.5164812, 28.5866226], [84.5158589, 28.5867828], [84.5156014, 28.5867262], [84.5154297, 28.5865944], [84.5153224, 28.5864813], [84.5152581, 28.5862364], [84.5152581, 28.5861045], [84.5154619, 28.5859632], [84.5156121, 28.5857842], [84.5155156, 28.5854356]]]}, "properties": {"external_id": "osm:way/841591540", "name": "", "name_ne": "", "area_km2": 0.233}}, {"type": "Feature", "geometry": {"type": "Polygon", "coordinates": [[[84.5808434, 28.609739], [84.5806503, 28.6094471], [84.5806503, 28.609221], [84.5806718, 28.6088913], [84.580822, 28.6084958], [84.5810366, 28.6081849], [84.581176, 28.6078647], [84.5813584, 28.6074691], [84.581573, 28.6071582], [84.5818734, 28.6069228], [84.5821416, 28.6067344], [84.5824098, 28.6064801], [84.5831394, 28.6060845], [84.5833969, 28.6059149], [84.5835364, 28.6058867], [84.5838797, 28.6059432], [84.5840943, 28.6061127], [84.5843518, 28.6063011], [84.5845878, 28.6065743], [84.5846414, 28.6068568], [84.5845985, 28.60713], [84.5844805, 28.6073278], [84.5843089, 28.6074973], [84.584223, 28.6076104], [84.5841265, 28.6077799], [84.5840514, 28.608006], [84.5840084, 28.6083168], [84.5839119, 28.608637], [84.5837617, 28.6089855], [84.5835793, 28.6093811], [84.5833754, 28.6096354], [84.5831501, 28.6097861], [84.5828497, 28.609918], [84.5824849, 28.6099934], [84.5821202, 28.610031], [84.5816803, 28.610031], [84.5812404, 28.6099274], [84.5808434, 28.609739]]]}, "properties": {"external_id": "osm:way/843884506", "name": "", "name_ne": "", "area_km2": 0.116}}, {"type": "Feature", "geometry": {"type": "Polygon", "coordinates": [[[84.6034276, 28.6390841], [84.6034169, 28.6387451], [84.603492, 28.6383967], [84.6035349, 28.6381425], [84.6035671, 28.6378506], [84.6036529, 28.6374928], [84.6036959, 28.6372668], [84.6037817, 28.6369843], [84.6040392, 28.636683], [84.6042752, 28.6365135], [84.60464, 28.636504], [84.6048438, 28.6365794], [84.6051443, 28.6367583], [84.6054876, 28.636843], [84.6057773, 28.6368807], [84.6060026, 28.6368807], [84.6060991, 28.6370125], [84.6061849, 28.6374457], [84.6061849, 28.6377564], [84.6062171, 28.6382743], [84.6062601, 28.6387169], [84.6062815, 28.6392913], [84.6062815, 28.6398657], [84.6062708, 28.6401293], [84.6062386, 28.6403836], [84.6060991, 28.6408355], [84.6060133, 28.6410898], [84.6059704, 28.6414852], [84.6059167, 28.6417395], [84.6057665, 28.641956], [84.6054983, 28.6420879], [84.6053696, 28.6420784], [84.6049511, 28.6419654], [84.6046829, 28.6416171], [84.6044791, 28.6412875], [84.6043503, 28.6410238], [84.6042323, 28.6408167], [84.604007, 28.6405342], [84.6038246, 28.64028], [84.6036851, 28.6399222], [84.60361, 28.6396868], [84.6035457, 28.6395455], [84.6034706, 28.6393007], [84.6034276, 28.6390841]]]}, "properties": {"external_id": "osm:way/844165388", "name": "", "name_ne": "", "area_km2": 0.133}}, {"type": "Feature", "geometry": {"type": "Polygon", "coordinates": [[[84.5735478, 28.603334], [84.5737946, 28.6032116], [84.5739126, 28.6031645], [84.5741165, 28.6030232], [84.5742667, 28.6029102], [84.5743847, 28.6028254], [84.5744705, 28.6027594], [84.5745027, 28.6026181], [84.5744276, 28.6024769], [84.5742881, 28.602345], [84.5740735, 28.6022602], [84.5737731, 28.6022602], [84.5736337, 28.6022602], [84.5733869, 28.6022131], [84.5732796, 28.6020624], [84.5733547, 28.6019399], [84.5734727, 28.6018081], [84.5736766, 28.6016856], [84.5737839, 28.6016479], [84.5740628, 28.601582], [84.574492, 28.6014595], [84.5749104, 28.6014595], [84.5752537, 28.6015632], [84.575479, 28.6016479], [84.5757794, 28.601695], [84.5761764, 28.6016385], [84.5764983, 28.6015349], [84.5768523, 28.6014219], [84.5773566, 28.6011487], [84.577657, 28.600998], [84.5778179, 28.6009132], [84.5782363, 28.6006683], [84.5785153, 28.6005364], [84.5786226, 28.6004611], [84.5787942, 28.6003103], [84.5788479, 28.6001973], [84.5788693, 28.600056], [84.5788479, 28.5999147], [84.5788371, 28.5996981], [84.5788908, 28.5995662], [84.5789873, 28.5994437], [84.5791054, 28.5993684], [84.5792663, 28.599293], [84.579438, 28.5992648], [84.5796847, 28.5992177], [84.5798993, 28.5992177], [84.5801568, 28.5992177], [84.5804572, 28.5992459], [84.5807361, 28.5993024], [84.5809078, 28.5993589], [84.5811117, 28.5994626], [84.5813155, 28.5995756], [84.5815837, 28.5998111], [84.5816803, 28.5999524], [84.5817661, 28.6000937], [84.5817983, 28.6002538], [84.5817339, 28.6003857], [84.5815623, 28.6004799], [84.581294, 28.6005082], [84.581058, 28.600527], [84.5807898, 28.6006118], [84.5806181, 28.600706], [84.5802855, 28.6008849], [84.580028, 28.6010451], [84.5797598, 28.6012146], [84.5794272, 28.6014972], [84.5792234, 28.6017045], [84.5791161, 28.6018646], [84.5790088, 28.6019588], [84.5788479, 28.6020718], [84.5786977, 28.602166], [84.5784509, 28.6024109], [84.5783222, 28.6025993], [84.5781612, 28.6028065], [84.5780003, 28.6029384], [84.5778072, 28.6030514], [84.5775282, 28.6031833], [84.577024, 28.6033434], [84.5767558, 28.6034471], [84.5764983, 28.6035789], [84.57623, 28.6037296], [84.5759296, 28.6037673], [84.5756614, 28.6037673], [84.5753288, 28.6037673], [84.5751357, 28.6037767], [84.5749211, 28.6038333], [84.5746422, 28.603918], [84.5741916, 28.6040687], [84.5737946, 28.6041912], [84.5735478, 28.6042854], [84.573344, 28.604422], [84.5732367, 28.6044879], [84.5730007, 28.6046339], [84.5728344, 28.6047234], [84.5726627, 28.604827], [84.5724374, 28.6049683], [84.5722657, 28.6050766], [84.5720941, 28.6052085], [84.5719975, 28.6052791], [84.5718849, 28.6053639], [84.5717722, 28.6054251], [84.5715576, 28.6054581], [84.5714343, 28.6054251], [84.5713592, 28.6053168], [84.5713484, 28.6052038], [84.5713431, 28.6051143], [84.5713055, 28.6050483], [84.5712787, 28.6049824], [84.571225, 28.6049023], [84.5711499, 28.6048082], [84.5710856, 28.6047281], [84.5710212, 28.604648], [84.5709461, 28.604568], [84.57093, 28.6044596], [84.5709783, 28.6042807], [84.5710748, 28.6041394], [84.5711607, 28.6040311], [84.5712572, 28.6039369], [84.5713323, 28.6038474], [84.5714021, 28.6037673], [84.5715147, 28.6037014], [84.5716542, 28.6036684], [84.5719063, 28.6036684], [84.572314, 28.603692], [84.5727754, 28.6036166], [84.5730758, 28.6035695], [84.5732313, 28.6035412], [84.5733708, 28.6034847], [84.5735478, 28.603334]]]}, "properties": {"external_id": "osm:way/844165391", "name": "", "name_ne": "", "area_km2": 0.205}}, {"type": "Feature", "geometry": {"type": "Polygon", "coordinates": [[[84.5575243, 28.6343571], [84.5576155, 28.6344418], [84.557755, 28.6346019], [84.5578623, 28.6347526], [84.5578623, 28.6349691], [84.5578515, 28.6352422], [84.557755, 28.6355247], [84.5577121, 28.6357507], [84.5576584, 28.6359861], [84.557637, 28.6363534], [84.557637, 28.6365982], [84.5576799, 28.6370408], [84.5577335, 28.6373515], [84.5578194, 28.6378412], [84.5579588, 28.6380954], [84.5581412, 28.6384815], [84.5582914, 28.6387263], [84.5584094, 28.6388675], [84.5586777, 28.639103], [84.5590424, 28.6391689], [84.5591399, 28.6392215], [84.5592141, 28.6393148], [84.5592624, 28.639409], [84.5592946, 28.639522], [84.5593536, 28.6396726], [84.5594341, 28.6398186], [84.559536, 28.6399692], [84.5596647, 28.640167], [84.5597506, 28.6402753], [84.5599115, 28.6404306], [84.5600188, 28.640553], [84.5601743, 28.6406802], [84.5603782, 28.640812], [84.5605981, 28.640925], [84.5609629, 28.6410568], [84.5611775, 28.6410945], [84.561376, 28.6410662], [84.5615637, 28.6409673], [84.5616174, 28.6408402], [84.5616227, 28.6406519], [84.5615798, 28.6405625], [84.5614725, 28.6404165], [84.5612848, 28.6402282], [84.5611882, 28.6401199], [84.5610756, 28.6400446], [84.5609254, 28.639908], [84.5607859, 28.6397762], [84.560641, 28.639682], [84.5603889, 28.6395879], [84.5601314, 28.6395031], [84.5599437, 28.6394184], [84.5598847, 28.6393854], [84.5597827, 28.6393195], [84.559713, 28.6392724], [84.5596808, 28.6392348], [84.5597073, 28.6392052], [84.5597505, 28.6392065], [84.5602012, 28.6391595], [84.5604479, 28.6391218], [84.561038, 28.6390559], [84.5614993, 28.6389805], [84.5619285, 28.6388299], [84.5622504, 28.6386321], [84.562422, 28.6384344], [84.56254, 28.6382743], [84.5627224, 28.6379542], [84.5629692, 28.6377753], [84.5631301, 28.6377188], [84.5634091, 28.6375963], [84.5637524, 28.6374269], [84.5639455, 28.637295], [84.5642137, 28.6371161], [84.5645141, 28.6368619], [84.5647073, 28.6366453], [84.5649004, 28.636391], [84.5650184, 28.6362498], [84.5650184, 28.6359391], [84.5649111, 28.6357507], [84.564718, 28.6356942], [84.5643961, 28.635666], [84.5641279, 28.6356848], [84.5638919, 28.6357225], [84.5636344, 28.635779], [84.5633554, 28.635779], [84.563055, 28.6357319], [84.5626366, 28.6355812], [84.5623898, 28.635553], [84.5618641, 28.6356095], [84.5614564, 28.6356942], [84.561215, 28.635553], [84.5611024, 28.6353835], [84.5610326, 28.6351528], [84.5610166, 28.6349409], [84.5610273, 28.6347667], [84.5610648, 28.6345642], [84.5611077, 28.634423], [84.5611346, 28.6342535], [84.5611346, 28.6341452], [84.5610541, 28.6339945], [84.5609629, 28.6339427], [84.5607483, 28.6339239], [84.560641, 28.6339663], [84.5604318, 28.6340887], [84.5601851, 28.6342158], [84.5599383, 28.6343288], [84.5597398, 28.63439], [84.5595038, 28.6344512], [84.5590639, 28.6344889], [84.5587689, 28.6344748], [84.5584899, 28.6344371], [84.5583183, 28.6343194], [84.5581573, 28.6341546], [84.5579857, 28.6339239], [84.5579535, 28.6336791], [84.5579427, 28.6334248], [84.5579106, 28.63318], [84.5578086, 28.633034], [84.5575136, 28.6329587], [84.5572507, 28.6329775], [84.5571542, 28.6330105], [84.5570415, 28.6331611], [84.5570093, 28.6333495], [84.5570308, 28.6335661], [84.5571059, 28.6337073], [84.5571917, 28.6338109], [84.5573312, 28.6340228], [84.5574117, 28.6341781], [84.5575243, 28.6343571]]]}, "properties": {"external_id": "osm:way/844165763", "name": "", "name_ne": "", "area_km2": 0.301}}, {"type": "Feature", "geometry": {"type": "Polygon", "coordinates": [[[84.5496923, 28.6583903], [84.5494723, 28.6583527], [84.5491773, 28.6583621], [84.5489466, 28.6583762], [84.5486569, 28.6584468], [84.548319, 28.6585786], [84.5479542, 28.658781], [84.5477235, 28.6589175], [84.5474178, 28.6590305], [84.5470637, 28.6591623], [84.5466453, 28.6592565], [84.546259, 28.65936], [84.545964, 28.6594353], [84.5456421, 28.659473], [84.5451915, 28.6595012], [84.5447838, 28.6595718], [84.5445961, 28.6595954], [84.5442045, 28.6596189], [84.5435929, 28.6596001], [84.5430887, 28.6596283], [84.5427453, 28.6596754], [84.5424342, 28.6596848], [84.5421445, 28.6596754], [84.5415008, 28.6596095], [84.5410073, 28.6595248], [84.5407712, 28.6595154], [84.5404172, 28.6594589], [84.5401704, 28.6594306], [84.5397627, 28.6593647], [84.5394516, 28.6593553], [84.5390654, 28.6592706], [84.5387971, 28.6591764], [84.5384538, 28.6590164], [84.5381212, 28.6587904], [84.5378852, 28.658508], [84.5376921, 28.6581126], [84.5376706, 28.6578866], [84.5376384, 28.657463], [84.5376062, 28.6572276], [84.5374131, 28.656964], [84.5371449, 28.6568699], [84.5370376, 28.6567946], [84.5368981, 28.656578], [84.5367265, 28.6564086], [84.5366192, 28.6562391], [84.5363831, 28.6558343], [84.5362651, 28.655533], [84.5361364, 28.6554294], [84.5358682, 28.6553635], [84.5356321, 28.6554012], [84.535439, 28.6554953], [84.5351493, 28.6555612], [84.5348704, 28.6555989], [84.5344627, 28.6555895], [84.534173, 28.6555424], [84.5338833, 28.6554765], [84.5335293, 28.6553918], [84.5330787, 28.65526], [84.5327783, 28.6551282], [84.5325422, 28.6550152], [84.5321667, 28.6549493], [84.5316946, 28.6549493], [84.5313084, 28.6549775], [84.5311797, 28.6549775], [84.5309758, 28.6549869], [84.5307022, 28.6550764], [84.5303911, 28.6552694], [84.5302516, 28.6554153], [84.5300585, 28.6556836], [84.529978, 28.6559378], [84.5299405, 28.6562297], [84.5299566, 28.6566345], [84.5300263, 28.6569358], [84.5301658, 28.6571853], [84.5303374, 28.6574771], [84.5305467, 28.6576889], [84.5307237, 28.6578584], [84.5309383, 28.658009], [84.5311367, 28.6582444], [84.5312601, 28.6584374], [84.5313567, 28.6586398], [84.5313728, 28.6588281], [84.5313567, 28.6590776], [84.5312387, 28.6592659], [84.5310563, 28.6594259], [84.5307827, 28.6595765], [84.5305198, 28.6596942], [84.530257, 28.6597648], [84.529919, 28.6598307], [84.5295113, 28.6598543], [84.5291734, 28.6598496], [84.528873, 28.6598449], [84.5286208, 28.6598354], [84.5282882, 28.6598025], [84.5280898, 28.6597554], [84.5278001, 28.6596424], [84.5276338, 28.659553], [84.5274621, 28.6594353], [84.5272368, 28.6591717], [84.5270705, 28.6588187], [84.5268989, 28.6585457], [84.5268452, 28.6582773], [84.5267701, 28.6578914], [84.5266682, 28.6577125], [84.5265609, 28.6576042], [84.5264, 28.6574818], [84.5262122, 28.6573594], [84.5259654, 28.6572041], [84.5255792, 28.6569781], [84.5254666, 28.6568463], [84.5253271, 28.6566722], [84.525252, 28.6565356], [84.525193, 28.6563991], [84.5251125, 28.6562579], [84.5250052, 28.6561967], [84.5249301, 28.6561591], [84.5248282, 28.6560743], [84.5248282, 28.6559943], [84.5248979, 28.6559708], [84.5250642, 28.6559755], [84.5251876, 28.6560131], [84.5253217, 28.6560696], [84.5254719, 28.6560837], [84.5256168, 28.6560414], [84.5257509, 28.6559755], [84.5258313, 28.6559002], [84.5258313, 28.6558013], [84.5257938, 28.6557119], [84.5257348, 28.6556601], [84.5256275, 28.6555801], [84.5254826, 28.6554859], [84.5254183, 28.6554106], [84.5252788, 28.6551941], [84.5251822, 28.6549728], [84.5251071, 28.6548504], [84.5248711, 28.6546762], [84.5247155, 28.6545727], [84.5245117, 28.6544691], [84.5244044, 28.6543891], [84.5242917, 28.6542714], [84.5242917, 28.6541961], [84.5243239, 28.6540925], [84.5243883, 28.654036], [84.5245063, 28.6540172], [84.5245707, 28.6538854], [84.5245761, 28.6537724], [84.5245546, 28.6536453], [84.5244366, 28.65349], [84.5242971, 28.6533205], [84.5241469, 28.6531887], [84.524045, 28.6530851], [84.5239162, 28.6530098], [84.5237929, 28.6529392], [84.5235193, 28.6528733], [84.5232242, 28.6527744], [84.5229024, 28.6527273], [84.5226771, 28.6526944], [84.5225483, 28.652652], [84.5224303, 28.6526285], [84.5222801, 28.6525814], [84.5221674, 28.6525438], [84.5219743, 28.6524684], [84.521808, 28.6524167], [84.5216685, 28.6523602], [84.5215559, 28.6523178], [84.5213789, 28.6523084], [84.5212609, 28.6523696], [84.5211589, 28.6524637], [84.5210731, 28.6526144], [84.5210195, 28.6528027], [84.5210195, 28.652991], [84.5210946, 28.6531181], [84.5211965, 28.6531981], [84.5212662, 28.6532452], [84.5213842, 28.6533676], [84.5214164, 28.6534853], [84.5214218, 28.6536406], [84.5214486, 28.6537771], [84.5215666, 28.6538854], [84.5218241, 28.6540972], [84.5219475, 28.6542055], [84.5221084, 28.6543561], [84.5222694, 28.6544409], [84.5224678, 28.6544785], [84.5226878, 28.6545068], [84.5228755, 28.6546103], [84.5230418, 28.6547939], [84.5231599, 28.654954], [84.523294, 28.6552882], [84.5233637, 28.6555047], [84.5234656, 28.6557072], [84.5234925, 28.6558813], [84.5236105, 28.6561355], [84.5236319, 28.6562297], [84.5236856, 28.6563615], [84.5238197, 28.6565404], [84.5239001, 28.6566439], [84.5240074, 28.6567616], [84.5240611, 28.6569028], [84.5240503, 28.6570205], [84.5240235, 28.6570723], [84.5239806, 28.657157], [84.5236587, 28.6573877], [84.523294, 28.6576136], [84.5229775, 28.6578302], [84.5226234, 28.657962], [84.5223981, 28.6580514], [84.5218188, 28.6582444], [84.5213681, 28.6583197], [84.5211214, 28.6583103], [84.5207512, 28.6582726], [84.5204776, 28.658202], [84.5202577, 28.6581503], [84.5200324, 28.6581267], [84.5198071, 28.6580938], [84.5194638, 28.6580796], [84.5192653, 28.6581126], [84.5190293, 28.6581408], [84.5187128, 28.6582303], [84.5184392, 28.6583244], [84.5181924, 28.6584233], [84.5179832, 28.6584374], [84.5178544, 28.6584139], [84.5175809, 28.6584091], [84.5173341, 28.6584374], [84.5171249, 28.6584421], [84.5169854, 28.658428], [84.5168459, 28.6583762], [84.5167869, 28.6582585], [84.5167977, 28.658122], [84.5168352, 28.6580796], [84.516921, 28.6580373], [84.5170873, 28.6580137], [84.5172322, 28.658009], [84.5173556, 28.6579855], [84.5174843, 28.6579431], [84.5175916, 28.6578207], [84.5176023, 28.6576372], [84.517554, 28.6575195], [84.5175379, 28.6573359], [84.5175165, 28.6571947], [84.5174897, 28.6570346], [84.5175111, 28.6567098], [84.5175916, 28.6565262], [84.5176667, 28.6563474], [84.5177579, 28.6561167], [84.5177418, 28.6559049], [84.5176291, 28.6557872], [84.5175433, 28.6557684], [84.5173716, 28.6557636], [84.5172322, 28.6557872], [84.5171356, 28.6558343], [84.5168674, 28.6559566], [84.5164704, 28.6561308], [84.5163578, 28.6561214], [84.5161968, 28.6560932], [84.5160037, 28.6561026], [84.5156926, 28.6562626], [84.5155477, 28.6563897], [84.5154566, 28.6565404], [84.5153171, 28.6567757], [84.5151508, 28.6569781], [84.515022, 28.6570676], [84.5149577, 28.6570911], [84.5147592, 28.657157], [84.5145875, 28.657237], [84.5144963, 28.6573029], [84.5147753, 28.6582491], [84.5151132, 28.658202], [84.5152849, 28.6581738], [84.5154351, 28.6581267], [84.5157301, 28.6580561], [84.515875, 28.6580655], [84.5159501, 28.6580843], [84.5159823, 28.6581503], [84.5159715, 28.6582444], [84.5159072, 28.6583338], [84.5157677, 28.6585315], [84.5156658, 28.6586116], [84.5155585, 28.6586775], [84.5153868, 28.6587857], [84.5160574, 28.6609605], [84.5164597, 28.6608663], [84.5167333, 28.6607392], [84.5170122, 28.6606357], [84.5173556, 28.660598], [84.5176989, 28.6606215], [84.5180154, 28.6606639], [84.5183426, 28.6607439], [84.5186323, 28.6608663], [84.5189542, 28.6608993], [84.5193404, 28.6608898], [84.5196676, 28.6608663], [84.5198876, 28.6609416], [84.5200324, 28.6610028], [84.5202416, 28.6611158], [84.5204723, 28.6612382], [84.5207298, 28.6614594], [84.5209658, 28.6616336], [84.5211643, 28.6618077], [84.5213145, 28.6618877], [84.5215076, 28.6619913], [84.5218348, 28.6621372], [84.5221513, 28.6622267], [84.5226341, 28.6622408], [84.5228112, 28.6622078], [84.5230526, 28.6621419], [84.5233744, 28.6621184], [84.5236802, 28.6621325], [84.5239162, 28.6621608], [84.5242381, 28.6622361], [84.5245063, 28.6622737], [84.5247263, 28.662269], [84.5249247, 28.6621749], [84.5250374, 28.6620996], [84.5252359, 28.661916], [84.5254773, 28.6617277], [84.5257723, 28.6616194], [84.5260245, 28.6616289], [84.5263302, 28.6617042], [84.5266199, 28.6617512], [84.5269149, 28.6618595], [84.5273119, 28.6619442], [84.5276284, 28.6619395], [84.5279342, 28.661916], [84.528181, 28.6618454], [84.5284867, 28.6618077], [84.5288193, 28.6618218], [84.5292431, 28.6618595], [84.5296186, 28.6618218], [84.530037, 28.6617795], [84.5305091, 28.6616948], [84.5308471, 28.661643], [84.5311367, 28.6616053], [84.5314211, 28.6616006], [84.5317322, 28.6616477], [84.5321023, 28.6616995], [84.5323491, 28.6617136], [84.5326281, 28.6617136], [84.5330197, 28.6617418], [84.5333683, 28.6618595], [84.533481, 28.6619584], [84.5337278, 28.6621513], [84.533937, 28.6622784], [84.534511, 28.6624008], [84.535085, 28.6624244], [84.5354444, 28.6624761], [84.5360076, 28.6625985], [84.5362759, 28.6627256], [84.5366514, 28.6629092], [84.5369357, 28.6630833], [84.5372361, 28.6632057], [84.537735, 28.6634128], [84.5380783, 28.6635352], [84.5383841, 28.6636105], [84.5391941, 28.6637141], [84.5396608, 28.6637847], [84.5400578, 28.6637659], [84.5405272, 28.6637988], [84.5410368, 28.6638576], [84.5413828, 28.6638977], [84.5416027, 28.6639141], [84.5417556, 28.6639282], [84.542048, 28.6639541], [84.5426246, 28.663973], [84.5429546, 28.6639941], [84.5433462, 28.6639235], [84.5435178, 28.6639306], [84.5437673, 28.6639377], [84.5440596, 28.6639824], [84.5444539, 28.6640083], [84.544698, 28.664053], [84.5448616, 28.6641165], [84.5450762, 28.6641448], [84.5452639, 28.6641565], [84.5454007, 28.6641965], [84.5454624, 28.6642507], [84.5455027, 28.664293], [84.5456368, 28.6644672], [84.5457628, 28.6645355], [84.5459023, 28.6645755], [84.5459989, 28.6645802], [84.5461759, 28.6646155], [84.5463744, 28.6646649], [84.5465031, 28.6647002], [84.5466533, 28.6647261], [84.5470637, 28.6647331], [84.5473722, 28.6646978], [84.5476645, 28.6646531], [84.5477316, 28.6646319], [84.5479247, 28.664566], [84.5481098, 28.6644648], [84.5482358, 28.6642719], [84.5483834, 28.6640695], [84.548437, 28.6640083], [84.5485952, 28.6638553], [84.5487589, 28.6637635], [84.5490968, 28.6635799], [84.5495179, 28.6634575], [84.5499766, 28.6633964], [84.5501536, 28.663427], [84.5504084, 28.6634599], [84.5506176, 28.6634881], [84.5507625, 28.6634929], [84.5511916, 28.6634411], [84.5516315, 28.6633705], [84.5519507, 28.6633469], [84.5524657, 28.6633046], [84.5526561, 28.6633258], [84.5528492, 28.6633069], [84.553163, 28.6632128], [84.5534044, 28.6630928], [84.5534742, 28.6629398], [84.5534098, 28.6627068], [84.5532998, 28.6625373], [84.5531791, 28.6624408], [84.5529592, 28.6621937], [84.552691, 28.6620078], [84.55253, 28.6619019], [84.5524174, 28.6618171], [84.5523316, 28.6616736], [84.5523208, 28.66153], [84.5523691, 28.66137], [84.5524496, 28.6612005], [84.5524818, 28.6610075], [84.5524764, 28.6608004], [84.5523906, 28.6606168], [84.5522886, 28.660478], [84.5521009, 28.6603156], [84.5520848, 28.6602355], [84.5522135, 28.6601273], [84.5523316, 28.6600943], [84.5525086, 28.6600755], [84.5528144, 28.6600567], [84.553147, 28.6600002], [84.5529753, 28.659939], [84.5526534, 28.6598684], [84.5523852, 28.6597789], [84.5521599, 28.6596942], [84.5520043, 28.6596377], [84.551779, 28.6594024], [84.5516342, 28.6591764], [84.5515054, 28.6590258], [84.5513982, 28.6588799], [84.5512587, 28.6587434], [84.5510656, 28.658541], [84.550851, 28.6583903], [84.5506042, 28.6582114], [84.5505935, 28.6583432], [84.5505238, 28.6583997], [84.5503628, 28.6584374], [84.5502073, 28.6584374], [84.5499659, 28.658395], [84.5496923, 28.6583903]]]}, "properties": {"external_id": "osm:way/844587855", "name": "", "name_ne": "", "area_km2": 1.979}}, {"type": "Feature", "geometry": {"type": "Polygon", "coordinates": [[[84.5328748, 28.6489707], [84.5330089, 28.6487918], [84.5331377, 28.6486929], [84.5333523, 28.64858], [84.5337117, 28.6484858], [84.5341837, 28.6484058], [84.5346075, 28.6483493], [84.5347738, 28.6483304], [84.5350313, 28.6483587], [84.5352781, 28.6484058], [84.5357448, 28.648514], [84.5358628, 28.6485705], [84.5359915, 28.6486976], [84.536249, 28.6488012], [84.5363295, 28.6488624], [84.5364904, 28.6489942], [84.5365977, 28.6490978], [84.5367211, 28.6492484], [84.5368284, 28.6493661], [84.5370161, 28.6495356], [84.5372146, 28.649658], [84.5373219, 28.6497145], [84.5376223, 28.6498228], [84.53803, 28.649964], [84.5382822, 28.6501335], [84.5385235, 28.6503359], [84.538722, 28.6504771], [84.5390224, 28.6507596], [84.5391351, 28.6508726], [84.5392531, 28.6510468], [84.5393282, 28.6512021], [84.5393443, 28.6513575], [84.5392692, 28.6514657], [84.5391405, 28.6516258], [84.5390278, 28.6517811], [84.5389312, 28.6519224], [84.5388401, 28.6520542], [84.538824, 28.6521907], [84.5388615, 28.6524449], [84.538883, 28.6525673], [84.5389312, 28.6526473], [84.5390063, 28.6527885], [84.5390922, 28.6530098], [84.5391673, 28.6531228], [84.539296, 28.6532122], [84.5393765, 28.6532546], [84.5395106, 28.6533393], [84.5395857, 28.6534052], [84.5396179, 28.6534711], [84.5395857, 28.65357], [84.5394462, 28.6536076], [84.5392853, 28.6535982], [84.5391351, 28.6535465], [84.5390117, 28.6534758], [84.5389152, 28.6533629], [84.5387971, 28.6532499], [84.5387489, 28.6531699], [84.5386898, 28.6530522], [84.538663, 28.6529533], [84.5386469, 28.652878], [84.5385504, 28.6527321], [84.5384377, 28.6525955], [84.5383358, 28.6525061], [84.5381856, 28.6524025], [84.5379764, 28.6523413], [84.5378208, 28.652266], [84.5377189, 28.6522095], [84.5376545, 28.6521624], [84.5375687, 28.6520871], [84.5375419, 28.6519318], [84.5375258, 28.6517717], [84.5375204, 28.6516399], [84.5374453, 28.6514281], [84.5373541, 28.651268], [84.5372468, 28.6510985], [84.5371932, 28.6509856], [84.5371395, 28.6508961], [84.5370376, 28.6507408], [84.5368338, 28.6505572], [84.5366406, 28.6504724], [84.5363456, 28.6503924], [84.5361417, 28.6503877], [84.535954, 28.650383], [84.5355624, 28.650383], [84.5353854, 28.650383], [84.5352191, 28.6503971], [84.5350367, 28.6504301], [84.5348704, 28.6504583], [84.5347524, 28.6504771], [84.5345002, 28.6505101], [84.5343393, 28.6505289], [84.5341515, 28.6505054], [84.5339853, 28.6504536], [84.5337385, 28.65035], [84.533599, 28.6502794], [84.5333952, 28.6501664], [84.5332342, 28.650077], [84.5330572, 28.6499499], [84.5329821, 28.6498369], [84.5329499, 28.6497098], [84.5329124, 28.6495215], [84.5328855, 28.6493285], [84.5328855, 28.6491402], [84.5328748, 28.6489707]]]}, "properties": {"external_id": "osm:way/844587856", "name": "", "name_ne": "", "area_km2": 0.129}}, {"type": "Feature", "geometry": {"type": "Polygon", "coordinates": [[[84.5327675, 28.6116511], [84.5328426, 28.6119195], [84.5328909, 28.612155], [84.5329553, 28.6123104], [84.5331162, 28.6125223], [84.5333201, 28.6127201], [84.5334595, 28.6128143], [84.5336473, 28.6129461], [84.5339155, 28.6131015], [84.5341569, 28.6132616], [84.5343071, 28.6133652], [84.5345324, 28.6135442], [84.5346612, 28.6137561], [84.5347685, 28.613888], [84.5348597, 28.6140999], [84.5350152, 28.6144437], [84.5351708, 28.614778], [84.5351869, 28.6152772], [84.5351708, 28.6155644], [84.5351332, 28.6160259], [84.5350528, 28.6165204], [84.5348972, 28.61685], [84.534806, 28.6170007], [84.5346987, 28.6172644], [84.5346665, 28.6174434], [84.5347094, 28.6176741], [84.5348865, 28.6179237], [84.5350903, 28.618065], [84.5353585, 28.6181827], [84.5356643, 28.6183287], [84.5359272, 28.6184558], [84.5362168, 28.6185971], [84.536528, 28.6186772], [84.5368659, 28.6187243], [84.5370752, 28.6188326], [84.5374775, 28.6189503], [84.5377833, 28.6189597], [84.5381159, 28.6189503], [84.5382553, 28.6189173], [84.5385504, 28.6189032], [84.5387167, 28.6189362], [84.5390922, 28.6191057], [84.5393497, 28.6193364], [84.5395642, 28.6196802], [84.5396018, 28.6200616], [84.5395642, 28.6203441], [84.5392907, 28.6206361], [84.5390761, 28.6209233], [84.5387006, 28.621187], [84.5385021, 28.6213283], [84.5383626, 28.6214037], [84.5381641, 28.6215308], [84.5377457, 28.6218275], [84.5376438, 28.6219829], [84.537617, 28.6221288], [84.5376491, 28.6223078], [84.5377779, 28.622595], [84.5378798, 28.6227363], [84.5381159, 28.622854], [84.5383143, 28.6229293], [84.5385289, 28.6230094], [84.5388132, 28.6231836], [84.5391136, 28.6233437], [84.5397627, 28.6235132], [84.5402294, 28.6235603], [84.541077, 28.623711], [84.5413881, 28.6238805], [84.541533, 28.6241725], [84.5416778, 28.6243655], [84.5418173, 28.6245303], [84.5422679, 28.6249117], [84.5424718, 28.6251378], [84.5428204, 28.6255145], [84.5429707, 28.6256745], [84.543094, 28.6258064], [84.5432818, 28.6260136], [84.543432, 28.626249], [84.5435339, 28.6264421], [84.5435446, 28.6266587], [84.5434695, 28.6268658], [84.5433623, 28.6270165], [84.5431423, 28.627073], [84.542917, 28.6270212], [84.542858, 28.6270118], [84.5426756, 28.6270024], [84.5426273, 28.6270636], [84.5426863, 28.627252], [84.5427883, 28.6274733], [84.5428419, 28.6276804], [84.5428151, 28.6278641], [84.5427293, 28.6280571], [84.542563, 28.6282266], [84.542343, 28.6283962], [84.5419943, 28.6285515], [84.5415276, 28.6286693], [84.5409912, 28.6287823], [84.5400578, 28.6290271], [84.5396608, 28.6290601], [84.5394087, 28.6290648], [84.5388669, 28.6290601], [84.5387435, 28.6290836], [84.5385665, 28.6291825], [84.5384109, 28.6294085], [84.5382661, 28.629611], [84.5381963, 28.6299453], [84.538191, 28.6304444], [84.538089, 28.6309246], [84.5380676, 28.6310235], [84.5378798, 28.6315132], [84.5377403, 28.6317062], [84.5373809, 28.6321441], [84.5370376, 28.6325491], [84.536882, 28.6326856], [84.5366514, 28.6329681], [84.5363992, 28.6331847], [84.536292, 28.6332836], [84.5361793, 28.6333071], [84.5359701, 28.63326], [84.5358467, 28.6331282], [84.5357984, 28.6329822], [84.5358038, 28.6327703], [84.5357555, 28.632615], [84.5356268, 28.6324219], [84.5353424, 28.6322477], [84.5350903, 28.6322242], [84.5348489, 28.6321159], [84.5343983, 28.6320029], [84.5341301, 28.6318569], [84.5339799, 28.631711], [84.5337814, 28.6315226], [84.5336205, 28.6313861], [84.5334756, 28.6312589], [84.5328963, 28.6310894], [84.5327139, 28.6310518], [84.532553, 28.6309858], [84.5324027, 28.6309058], [84.5321077, 28.6307834], [84.5319736, 28.630708], [84.5318609, 28.6306563], [84.5317537, 28.6305432], [84.5317483, 28.6304397], [84.5318234, 28.6302042], [84.5319092, 28.6300394], [84.5319468, 28.6299924], [84.532097, 28.6299264], [84.5322365, 28.6298511], [84.5324188, 28.6298464], [84.5326495, 28.6298511], [84.5329499, 28.629804], [84.5332181, 28.6297287], [84.5334488, 28.6296063], [84.5336044, 28.6294179], [84.5337224, 28.6292437], [84.5336956, 28.6290742], [84.5335829, 28.6289565], [84.5335078, 28.6288906], [84.5333308, 28.6288623], [84.5331645, 28.6289188], [84.5330304, 28.6290271], [84.5329928, 28.6291166], [84.5329124, 28.629239], [84.5327514, 28.6293002], [84.532553, 28.6293096], [84.5323276, 28.6292955], [84.5321023, 28.6292437], [84.5318448, 28.629206], [84.5316571, 28.6292154], [84.5311958, 28.629319], [84.5309329, 28.6294226], [84.5306379, 28.6296063], [84.5303804, 28.6298464], [84.530257, 28.63003], [84.5302784, 28.630322], [84.5303804, 28.6305621], [84.5304501, 28.6306704], [84.5305628, 28.6307881], [84.53067, 28.6308493], [84.5308417, 28.6309058], [84.5310348, 28.6309529], [84.5313138, 28.6310518], [84.5315283, 28.6311318], [84.5316678, 28.6312071], [84.5319146, 28.6313767], [84.5320755, 28.6314802], [84.5322794, 28.6316262], [84.5325261, 28.6317816], [84.5326388, 28.6319087], [84.5330036, 28.6320923], [84.5333254, 28.6322336], [84.5335132, 28.6323325], [84.5338243, 28.6325302], [84.533996, 28.6327374], [84.5340174, 28.6329351], [84.5339531, 28.6333966], [84.5338243, 28.6338156], [84.5337385, 28.6340228], [84.5336848, 28.6345266], [84.533658, 28.6347102], [84.5336956, 28.6349221], [84.5337009, 28.6350539], [84.5337599, 28.6352611], [84.5338029, 28.6354306], [84.5339423, 28.6356424], [84.5340657, 28.635779], [84.5342374, 28.6358731], [84.5343554, 28.6359014], [84.5339048, 28.6388016], [84.533937, 28.6397809], [84.5341623, 28.6417865], [84.5330116, 28.6443994], [84.5327729, 28.644423], [84.5326066, 28.6444889], [84.5324564, 28.6445642], [84.5322955, 28.644696], [84.5321667, 28.6448561], [84.5320541, 28.6450303], [84.5319468, 28.6451197], [84.531877, 28.6451621], [84.5317537, 28.6452139], [84.5315713, 28.6452798], [84.5314211, 28.6453269], [84.5312601, 28.6453504], [84.5309919, 28.6453222], [84.5307666, 28.6452233], [84.5306003, 28.6451668], [84.530434, 28.6450915], [84.5302516, 28.6450068], [84.5300853, 28.6449126], [84.5299566, 28.6447996], [84.5298278, 28.6446395], [84.5295811, 28.6443571], [84.5294577, 28.6441546], [84.5293558, 28.6439428], [84.5292646, 28.6438533], [84.5289588, 28.6438345], [84.5288515, 28.6439004], [84.5286369, 28.6440416], [84.5285565, 28.6443147], [84.5285672, 28.6445171], [84.528535, 28.6447761], [84.5285189, 28.6451009], [84.5284921, 28.6452516], [84.5284706, 28.6454022], [84.5284063, 28.6455858], [84.5282721, 28.6456659], [84.528079, 28.6456706], [84.527784, 28.6456047], [84.5275748, 28.6455576], [84.5274085, 28.6455576], [84.5271134, 28.6456329], [84.5268881, 28.6457694], [84.5267487, 28.6458636], [84.5265663, 28.6460095], [84.5264375, 28.6461413], [84.5262551, 28.6462685], [84.5261264, 28.646372], [84.5260137, 28.6464615], [84.5258796, 28.6465886], [84.5257562, 28.6467863], [84.5255202, 28.6470594], [84.5253378, 28.6472147], [84.525091, 28.6473701], [84.524737, 28.6475254], [84.5244259, 28.6476761], [84.5241845, 28.6477796], [84.5239967, 28.6478503], [84.5237714, 28.6479397], [84.5235622, 28.6480386], [84.5233476, 28.6481563], [84.523015, 28.6483681], [84.5226234, 28.6485376], [84.5223445, 28.6486317], [84.5219529, 28.6487494], [84.5217061, 28.6488295], [84.5214593, 28.6489095], [84.5212716, 28.6489472], [84.5210248, 28.6489942], [84.5208156, 28.6489895], [84.5205098, 28.6489566], [84.5202953, 28.648886], [84.520188, 28.6488342], [84.5200163, 28.6487118], [84.5199197, 28.6485282], [84.5199412, 28.6483822], [84.5199788, 28.648321], [84.5202577, 28.6482033], [84.5204025, 28.6481516], [84.520542, 28.6480668], [84.5207244, 28.647968], [84.520998, 28.6478361], [84.5211375, 28.6477561], [84.521293, 28.6476572], [84.5214593, 28.647549], [84.5216739, 28.6474501], [84.5217597, 28.6473795], [84.5219475, 28.6470688], [84.5220494, 28.646904], [84.5222264, 28.6466027], [84.5223337, 28.6462402], [84.5224196, 28.6459624], [84.5224625, 28.645647], [84.5225805, 28.6452516], [84.5227039, 28.6450397], [84.5228863, 28.6448137], [84.5230526, 28.6446584], [84.5231759, 28.6445642], [84.5233154, 28.6444983], [84.5235676, 28.6444654], [84.5239538, 28.6443147], [84.5240825, 28.6442158], [84.5240879, 28.6441123], [84.523986, 28.6440275], [84.523809, 28.6439287], [84.5236212, 28.6438816], [84.523412, 28.643858], [84.5232028, 28.6438439], [84.5227361, 28.6439757], [84.5224893, 28.6440699], [84.5222318, 28.6441358], [84.5220494, 28.6441641], [84.5217168, 28.6441076], [84.5215291, 28.6440087], [84.5212448, 28.6438251], [84.5211106, 28.6436603], [84.5209551, 28.6435097], [84.5207834, 28.6433166], [84.5206332, 28.6431519], [84.5205367, 28.6430483], [84.5203918, 28.6428129], [84.5202953, 28.6425539], [84.5202202, 28.6422715], [84.520188, 28.6419937], [84.520188, 28.6417912], [84.5201611, 28.6416406], [84.5201129, 28.6414758], [84.5199948, 28.6413063], [84.5199519, 28.6412169], [84.5197266, 28.641005], [84.5195335, 28.6407837], [84.5194477, 28.6406378], [84.5192277, 28.6403176], [84.5191419, 28.6401576], [84.5191044, 28.6399739], [84.5191151, 28.6397997], [84.5192116, 28.6396538], [84.5193458, 28.6395549], [84.5194906, 28.6395031], [84.5197052, 28.6395455], [84.5198876, 28.6395691], [84.520027, 28.6396161], [84.5202202, 28.6397056], [84.5203489, 28.6398327], [84.5205367, 28.6399645], [84.5207298, 28.6400775], [84.5209444, 28.6401576], [84.5211536, 28.6402517], [84.5212877, 28.6403223], [84.5214808, 28.6404589], [84.5215505, 28.6406849], [84.5216685, 28.6409061], [84.521808, 28.6409673], [84.5219153, 28.6411415], [84.5219958, 28.6413346], [84.5219958, 28.6415229], [84.5219475, 28.6417159], [84.5219153, 28.6419184], [84.5219314, 28.6421538], [84.5220333, 28.6422997], [84.5220816, 28.6423327], [84.5223337, 28.642328], [84.5226824, 28.6421585], [84.5228648, 28.6419513], [84.5229667, 28.6418054], [84.5231062, 28.6415888], [84.5232189, 28.6413722], [84.5231545, 28.6411321], [84.523074, 28.6409909], [84.5229989, 28.6408732], [84.5226878, 28.6405154], [84.5224893, 28.6403035], [84.5223391, 28.6401717], [84.5221567, 28.6399363], [84.5220602, 28.6398468], [84.521969, 28.6397338], [84.5218456, 28.6396114], [84.5214969, 28.6394937], [84.5211911, 28.6394043], [84.5210034, 28.6393336], [84.5209014, 28.6392301], [84.5207941, 28.6391077], [84.5206815, 28.6389005], [84.5206118, 28.638731], [84.5204884, 28.6385097], [84.5203865, 28.638425], [84.5202309, 28.638279], [84.5201558, 28.6382037], [84.5199519, 28.637973], [84.5197213, 28.6377705], [84.5195013, 28.6375869], [84.5192277, 28.6373798], [84.5190346, 28.6372197], [84.5187664, 28.6370314], [84.5185572, 28.6367865], [84.5184821, 28.6366547], [84.5184392, 28.6365276], [84.5184392, 28.636311], [84.5184392, 28.6361509], [84.5184392, 28.6358826], [84.5184392, 28.6357696], [84.5183909, 28.6356377], [84.5183265, 28.6354965], [84.5181656, 28.6352799], [84.5180476, 28.6350351], [84.5178437, 28.6345925], [84.5177364, 28.634423], [84.5176077, 28.6341687], [84.5173287, 28.6337356], [84.5171249, 28.633406], [84.5168352, 28.6330011], [84.5166957, 28.6328033], [84.5164275, 28.6324455], [84.5162344, 28.6321159], [84.5160949, 28.6318334], [84.5159554, 28.6316262], [84.5157516, 28.6312213], [84.5157462, 28.6309906], [84.515698, 28.6306327], [84.5157784, 28.6302843], [84.515816, 28.6300583], [84.5159823, 28.629837], [84.5161164, 28.6297098], [84.5163792, 28.6296063], [84.5165938, 28.6296015], [84.5168352, 28.6296298], [84.5170712, 28.6297287], [84.5172858, 28.6298605], [84.5175004, 28.6300394], [84.5176667, 28.6301619], [84.5181602, 28.6303926], [84.5185143, 28.6304679], [84.5186537, 28.6305668], [84.5188361, 28.6306892], [84.5190507, 28.6308587], [84.5192492, 28.6310329], [84.5194262, 28.6311459], [84.5196247, 28.6312542], [84.519909, 28.6313955], [84.5201451, 28.6315085], [84.5203274, 28.6315414], [84.5205259, 28.6315979], [84.5208049, 28.6317062], [84.5209122, 28.6317816], [84.5210034, 28.6318522], [84.521116, 28.6320311], [84.5212394, 28.6322383], [84.5212716, 28.6323984], [84.5212823, 28.6325538], [84.5212984, 28.6326997], [84.5213091, 28.6328127], [84.5213199, 28.6329163], [84.5213199, 28.6330293], [84.5214325, 28.6332836], [84.5215666, 28.633406], [84.5217329, 28.6335049], [84.521808, 28.633599], [84.5218778, 28.6337638], [84.5219636, 28.6339474], [84.5220762, 28.6340746], [84.5222479, 28.6342723], [84.5224303, 28.6344512], [84.5225537, 28.6346207], [84.5226341, 28.6348044], [84.5226878, 28.6350445], [84.5226985, 28.6353882], [84.5226771, 28.6355718], [84.5226341, 28.6358402], [84.5225537, 28.6360897], [84.5225, 28.6362498], [84.5224571, 28.6365182], [84.5224035, 28.6367536], [84.5224142, 28.6369042], [84.5224464, 28.6370455], [84.5224196, 28.6372432], [84.5222694, 28.6374551], [84.5221835, 28.6376058], [84.5220816, 28.6377329], [84.521985, 28.6378882], [84.5219099, 28.6380766], [84.5219153, 28.6381378], [84.5219582, 28.6382272], [84.5220119, 28.638279], [84.5221299, 28.6383591], [84.522205, 28.6384156], [84.5222908, 28.6385003], [84.522441, 28.6386698], [84.5225805, 28.6388628], [84.5226771, 28.6389947], [84.5227414, 28.6390747], [84.522838, 28.6391783], [84.522956, 28.6392724], [84.5230848, 28.6393336], [84.5232028, 28.6393996], [84.5233852, 28.6395785], [84.5235246, 28.6397997], [84.5236266, 28.6400022], [84.5236641, 28.6401246], [84.5236641, 28.6402753], [84.5236641, 28.6404024], [84.5237499, 28.6405154], [84.5238465, 28.6406142], [84.5239752, 28.6407037], [84.5240772, 28.6407931], [84.5241898, 28.6408873], [84.5243347, 28.6409862], [84.5244044, 28.641118], [84.524458, 28.6412828], [84.5244795, 28.6413864], [84.5245975, 28.6415229], [84.5246834, 28.6416029], [84.5248175, 28.6417065], [84.5249677, 28.6418054], [84.5252091, 28.6419419], [84.5253807, 28.6419984], [84.5255578, 28.6420078], [84.5257455, 28.6419607], [84.5258903, 28.6418807], [84.5261371, 28.641796], [84.526298, 28.6417348], [84.5263463, 28.6417065], [84.5264697, 28.6416076], [84.5265609, 28.6414664], [84.5265663, 28.6413628], [84.5265555, 28.6412781], [84.5265555, 28.6412027], [84.5265341, 28.6411227], [84.5264322, 28.6410097], [84.5263731, 28.6409673], [84.5261317, 28.6408967], [84.5257831, 28.6408261], [84.5256436, 28.640779], [84.5254451, 28.640619], [84.5253593, 28.6405013], [84.525252, 28.6403506], [84.5252252, 28.6402046], [84.5252252, 28.6400681], [84.5252359, 28.6398986], [84.5251232, 28.6396962], [84.5249623, 28.6395549], [84.5246994, 28.6394231], [84.5245653, 28.6393478], [84.5243669, 28.6392442], [84.524281, 28.6391689], [84.5241415, 28.638957], [84.5241094, 28.6388016], [84.5241684, 28.6386321], [84.524222, 28.6384909], [84.5243293, 28.6383261], [84.5243883, 28.6380813], [84.5243937, 28.6379259], [84.5243829, 28.6377611], [84.5242596, 28.6376058], [84.5241362, 28.6375116], [84.524045, 28.637408], [84.5237338, 28.6372197], [84.5235997, 28.6370973], [84.5235676, 28.6370455], [84.5235461, 28.6369184], [84.5235622, 28.6368007], [84.5236748, 28.6366547], [84.5238626, 28.6366453], [84.5240396, 28.6366265], [84.5242059, 28.6366076], [84.5243776, 28.6365794], [84.5246136, 28.6365276], [84.5247638, 28.6364993], [84.5248657, 28.6364711], [84.525032, 28.6365182], [84.5251715, 28.63657], [84.5253861, 28.6366924], [84.5254934, 28.6367771], [84.525708, 28.636956], [84.526121, 28.6370219], [84.5262712, 28.6369513], [84.5263785, 28.6368242], [84.5264912, 28.6366076], [84.5265394, 28.6364052], [84.5265502, 28.6361792], [84.5264643, 28.6360238], [84.5263892, 28.6358967], [84.5263088, 28.6358166], [84.5260996, 28.6356142], [84.5260674, 28.6355153], [84.5259333, 28.6351857], [84.5257991, 28.6349691], [84.525665, 28.6348891], [84.5255041, 28.6348467], [84.5253485, 28.6348656], [84.5251501, 28.6348844], [84.5249945, 28.6348609], [84.5248067, 28.634762], [84.5246887, 28.6345972], [84.524501, 28.6344324], [84.5243883, 28.6342064], [84.5242488, 28.6338533], [84.5241684, 28.6336273], [84.5241308, 28.6334201], [84.5241898, 28.6332883], [84.5243293, 28.6332129], [84.5245278, 28.6331564], [84.5246512, 28.6331611], [84.5248282, 28.6331659], [84.5250535, 28.6331753], [84.525252, 28.63326], [84.5253056, 28.6333589], [84.5253539, 28.6334531], [84.5254826, 28.6336037], [84.5257455, 28.6335943], [84.5259976, 28.6335849], [84.5262283, 28.6335802], [84.5265126, 28.6336084], [84.5269364, 28.6335614], [84.5272314, 28.633486], [84.5274836, 28.6333966], [84.5277625, 28.6333683], [84.5280576, 28.6333777], [84.5283043, 28.6333589], [84.5285028, 28.6333212], [84.5287549, 28.6332647], [84.5289588, 28.6331941], [84.5290822, 28.6330387], [84.5290929, 28.6328786], [84.5290768, 28.6327751], [84.5289856, 28.6325632], [84.5287389, 28.6323183], [84.5285726, 28.6321159], [84.5283043, 28.6318569], [84.5280737, 28.6317251], [84.5277947, 28.6316356], [84.527607, 28.6316027], [84.5273763, 28.6315791], [84.5270705, 28.6315697], [84.5268291, 28.6315603], [84.5265931, 28.6315179], [84.5263785, 28.6314991], [84.5261639, 28.6315085], [84.5256329, 28.631532], [84.5253754, 28.6314755], [84.5252413, 28.6314661], [84.5251232, 28.6314802], [84.5250696, 28.6315414], [84.5249784, 28.631678], [84.5247853, 28.6317816], [84.5240879, 28.631937], [84.5236963, 28.6320876], [84.5233583, 28.632243], [84.5227843, 28.6323984], [84.5223981, 28.6324172], [84.5221889, 28.6323466], [84.5219475, 28.6322901], [84.521631, 28.6319935], [84.5214754, 28.6318334], [84.521336, 28.6316403], [84.521234, 28.6314002], [84.5211321, 28.631226], [84.5209765, 28.6309435], [84.5208156, 28.6307881], [84.5205098, 28.6305856], [84.5203596, 28.630515], [84.520247, 28.6304444], [84.5197642, 28.6301713], [84.519555, 28.6300771], [84.5193136, 28.6299688], [84.5191634, 28.6298935], [84.5187181, 28.6296345], [84.5185035, 28.6295074], [84.518128, 28.6293991], [84.5179832, 28.6293285], [84.5175111, 28.6292484], [84.5172429, 28.6291448], [84.5170927, 28.6290412], [84.516964, 28.6289282], [84.5168781, 28.6288246], [84.5168674, 28.6287163], [84.5169586, 28.6285751], [84.517023, 28.6285092], [84.5171571, 28.6284574], [84.5173931, 28.6283962], [84.5175219, 28.6283538], [84.5175648, 28.6282596], [84.5175326, 28.6282078], [84.5174897, 28.6281183], [84.5172912, 28.62801], [84.5171785, 28.6279065], [84.516964, 28.6277275], [84.5167494, 28.6275109], [84.516567, 28.627332], [84.5164275, 28.627139], [84.516331, 28.6269836], [84.5162719, 28.6266822], [84.5162559, 28.6265645], [84.5162827, 28.6264468], [84.516331, 28.6262914], [84.5163256, 28.6261595], [84.5163202, 28.6261078], [84.5162559, 28.6260183], [84.516229, 28.6259524], [84.5162451, 28.6258394], [84.5163041, 28.625764], [84.5163846, 28.6257263], [84.5165777, 28.6256793], [84.5167708, 28.6256557], [84.516921, 28.6255568], [84.5171249, 28.6252319], [84.5172751, 28.6250342], [84.5174682, 28.6248223], [84.5176238, 28.6247045], [84.5178062, 28.6246292], [84.5181173, 28.624568], [84.5184016, 28.6245303], [84.518643, 28.6244974], [84.5187932, 28.6244456], [84.5189434, 28.624342], [84.5190132, 28.6242525], [84.5190561, 28.6239512], [84.5192706, 28.6233484], [84.5194638, 28.6230753], [84.5196783, 28.6227457], [84.5198285, 28.6225197], [84.5199788, 28.6222842], [84.5201933, 28.6220959], [84.5205796, 28.621851], [84.5208585, 28.6218039], [84.5211375, 28.6217945], [84.5215022, 28.6218133], [84.5221782, 28.6218322], [84.5225859, 28.6219169], [84.522779, 28.6219829], [84.5230687, 28.6220582], [84.5232618, 28.6220959], [84.5234549, 28.6220959], [84.523766, 28.6220865], [84.5242166, 28.6219734], [84.5245385, 28.6218793], [84.5248496, 28.6217097], [84.5252144, 28.6215025], [84.5256865, 28.6213519], [84.52618, 28.6212012], [84.5264912, 28.6211541], [84.5268989, 28.6213236], [84.5270812, 28.6214555], [84.5272636, 28.621738], [84.5272851, 28.6220865], [84.5272422, 28.6223878], [84.5271563, 28.6225762], [84.5269525, 28.6227269], [84.5265984, 28.6230847], [84.5262658, 28.6232448], [84.5258367, 28.6233484], [84.5254505, 28.6232354], [84.525193, 28.6230471], [84.5249033, 28.6228964], [84.5246136, 28.6228587], [84.5242917, 28.6229435], [84.5240343, 28.6230941], [84.523884, 28.6232731], [84.5235407, 28.6234143], [84.5233691, 28.6234332], [84.5231867, 28.6235179], [84.5227361, 28.6238664], [84.5222694, 28.6241254], [84.5221782, 28.6242101], [84.5218295, 28.6246292], [84.5216685, 28.6249871], [84.5215237, 28.6251801], [84.5211858, 28.6253449], [84.5208317, 28.6254862], [84.520601, 28.6255804], [84.5204294, 28.6257122], [84.5203543, 28.625877], [84.5203704, 28.6259995], [84.5204294, 28.6261737], [84.5205259, 28.6262773], [84.5207995, 28.6265127], [84.5209283, 28.6266022], [84.5210677, 28.6267058], [84.5211697, 28.6267952], [84.5213789, 28.6269271], [84.5215827, 28.6270683], [84.5217276, 28.6271813], [84.5219743, 28.6273226], [84.5220923, 28.6273932], [84.5222586, 28.6275674], [84.5226127, 28.6276852], [84.5232511, 28.6277793], [84.5235783, 28.6278123], [84.5239109, 28.62785], [84.524163, 28.6278688], [84.5243454, 28.6278735], [84.5245492, 28.6279488], [84.5247048, 28.6280807], [84.5247745, 28.6282549], [84.5248818, 28.6284103], [84.5251286, 28.6284479], [84.5253646, 28.6284009], [84.5256329, 28.6282879], [84.5258313, 28.6282266], [84.5261317, 28.628189], [84.5264053, 28.6281796], [84.5266896, 28.6281796], [84.5269901, 28.6282314], [84.5272851, 28.6282831], [84.5274514, 28.6281796], [84.5274943, 28.6280242], [84.5274246, 28.6278547], [84.5273817, 28.6277652], [84.5270705, 28.6275109], [84.526813, 28.6273885], [84.5266414, 28.6272943], [84.5263731, 28.6271295], [84.5260137, 28.626993], [84.5257348, 28.6268282], [84.5254075, 28.626654], [84.5251983, 28.6265362], [84.5249677, 28.626395], [84.524737, 28.6263055], [84.5244205, 28.6261595], [84.5242059, 28.6260136], [84.5240986, 28.6258959], [84.5240611, 28.6257546], [84.5240611, 28.6256557], [84.5240825, 28.625425], [84.5241308, 28.6252461], [84.5241415, 28.6250153], [84.5242006, 28.6247563], [84.524281, 28.6246339], [84.5244527, 28.6245021], [84.524737, 28.6243749], [84.5248765, 28.6242855], [84.525091, 28.6242054], [84.5251876, 28.6241677], [84.5253968, 28.6241442], [84.5256221, 28.6241254], [84.5259601, 28.624116], [84.5264107, 28.6241207], [84.526636, 28.6240971], [84.526813, 28.62405], [84.527151, 28.6239559], [84.5274085, 28.6238899], [84.5279556, 28.6239088], [84.5281917, 28.6239417], [84.5284438, 28.6240453], [84.528712, 28.6241442], [84.5288998, 28.6242478], [84.5291036, 28.6243278], [84.5291787, 28.6243702], [84.529447, 28.624455], [84.5297098, 28.6244691], [84.5299619, 28.6245303], [84.5301443, 28.624601], [84.530316, 28.6247281], [84.5305949, 28.6248458], [84.5308632, 28.6248882], [84.5310724, 28.6248882], [84.531244, 28.6248176], [84.531303, 28.6247234], [84.5313299, 28.6245727], [84.5312226, 28.6243844], [84.5311046, 28.6242902], [84.5309973, 28.6241772], [84.5308363, 28.6240171], [84.5307183, 28.6238193], [84.5306218, 28.6235933], [84.5304072, 28.6233861], [84.5302141, 28.6232731], [84.5300317, 28.623226], [84.5298707, 28.6230941], [84.5298386, 28.6228964], [84.5299244, 28.6227457], [84.5300639, 28.6226327], [84.5300317, 28.6224537], [84.5299244, 28.6223031], [84.5297527, 28.6220488], [84.5295489, 28.6217568], [84.5293343, 28.6214555], [84.5291412, 28.6212106], [84.5290232, 28.6210034], [84.5290124, 28.620815], [84.5290875, 28.6207397], [84.5292163, 28.6207115], [84.5293343, 28.6206926], [84.5294845, 28.6207303], [84.5296562, 28.6208245], [84.5299888, 28.6211164], [84.5301926, 28.6212765], [84.5306218, 28.6214743], [84.5309007, 28.6215873], [84.5311475, 28.6217945], [84.531362, 28.6220205], [84.5315015, 28.62219], [84.5317483, 28.6223784], [84.5319521, 28.6224161], [84.532156, 28.6224161], [84.532392, 28.6224349], [84.5327568, 28.6224726], [84.5328963, 28.6225008], [84.5330572, 28.6225008], [84.5332396, 28.6225008], [84.5335829, 28.6224914], [84.5337331, 28.6224914], [84.5340228, 28.6225102], [84.5343339, 28.6226327], [84.5346665, 28.6226986], [84.5349026, 28.6226421], [84.5351279, 28.6225291], [84.5352888, 28.6223125], [84.5353103, 28.622077], [84.5352673, 28.6219452], [84.5350313, 28.6217757], [84.5347738, 28.6217286], [84.5345485, 28.6217286], [84.5343339, 28.6217474], [84.534173, 28.6217474], [84.5339262, 28.6217568], [84.5335829, 28.6217662], [84.5332825, 28.6217568], [84.5330572, 28.6217192], [84.5327783, 28.6216627], [84.5323813, 28.6215214], [84.5319843, 28.621446], [84.5315659, 28.6212388], [84.5314371, 28.6211729], [84.531126, 28.620994], [84.5308256, 28.6207303], [84.5306539, 28.6206079], [84.5303857, 28.6204666], [84.5302462, 28.6203912], [84.5299995, 28.6202971], [84.5292699, 28.6202688], [84.5289588, 28.6202594], [84.5287549, 28.62025], [84.5284438, 28.62025], [84.5282185, 28.6201935], [84.5280898, 28.6200239], [84.5278537, 28.6197979], [84.5276928, 28.619553], [84.5275533, 28.6192799], [84.5274997, 28.6190539], [84.5275211, 28.6189315], [84.5276928, 28.6184794], [84.5277142, 28.6182063], [84.5276391, 28.617952], [84.5276284, 28.6177071], [84.5277035, 28.6175093], [84.5279074, 28.6174622], [84.5282185, 28.617547], [84.5284223, 28.6177071], [84.5286155, 28.6179896], [84.5286906, 28.6181968], [84.5288086, 28.6186018], [84.5288193, 28.6188279], [84.5288944, 28.6192234], [84.5289373, 28.6194494], [84.5291626, 28.6196096], [84.529506, 28.6194965], [84.5297527, 28.6192611], [84.5300102, 28.618988], [84.5301711, 28.6188844], [84.5304072, 28.6187713], [84.530772, 28.6186112], [84.5309329, 28.6184323], [84.531008, 28.6182439], [84.5309758, 28.6178484], [84.5309007, 28.6173681], [84.530772, 28.6170667], [84.5305359, 28.6166711], [84.5303643, 28.6165016], [84.5300317, 28.6163415], [84.5296991, 28.616285], [84.5290983, 28.6162002], [84.5287013, 28.6161531], [84.5282614, 28.6160118], [84.5279395, 28.61588], [84.5275748, 28.6157199], [84.5272529, 28.6154467], [84.5269525, 28.6151265], [84.5266735, 28.6148722], [84.5264161, 28.6145802], [84.5261371, 28.6141187], [84.5258474, 28.6138173], [84.5255256, 28.6135254], [84.5249998, 28.6132616], [84.5245063, 28.612932], [84.524281, 28.6127625], [84.5238304, 28.6125082], [84.5234871, 28.6122633], [84.5232403, 28.612009], [84.5230579, 28.6117923], [84.523015, 28.6116887], [84.5229506, 28.6113591], [84.5230257, 28.61102], [84.5231759, 28.6106244], [84.5234764, 28.6103513], [84.5237553, 28.6103136], [84.5238626, 28.6103136], [84.524281, 28.6103136], [84.524678, 28.6105208], [84.5249784, 28.6107186], [84.5254934, 28.61102], [84.52618, 28.6113214], [84.5267165, 28.6114062], [84.5276284, 28.6115192], [84.528079, 28.611604], [84.5284545, 28.611538], [84.5294201, 28.6111519], [84.5298386, 28.6110388], [84.5302033, 28.6109917], [84.5307612, 28.610841], [84.5311904, 28.6106433], [84.5313406, 28.6105396], [84.5316195, 28.6101723], [84.5317483, 28.6100499], [84.532038, 28.6099745], [84.5322525, 28.6100593], [84.53251, 28.6103324], [84.5325744, 28.6108222], [84.5326173, 28.6111801], [84.5327675, 28.6116511]]]}, "properties": {"external_id": "osm:way/844691417", "name": "", "name_ne": "", "area_km2": 4.937}}, {"type": "Feature", "geometry": {"type": "Polygon", "coordinates": [[[84.5160574, 28.6609605], [84.5158911, 28.660951], [84.515714, 28.6609934], [84.5154351, 28.6611017], [84.5150328, 28.6612429], [84.5148128, 28.6613558], [84.5146358, 28.6614594], [84.5145285, 28.6615677], [84.5141798, 28.6620525], [84.5140082, 28.6622172], [84.513917, 28.6623067], [84.513756, 28.6624385], [84.5136648, 28.662495], [84.5134449, 28.6625938], [84.5132142, 28.6626315], [84.5126671, 28.6627021], [84.5123023, 28.6627021], [84.512077, 28.6626832], [84.5117605, 28.6626785], [84.5115244, 28.6626785], [84.5109665, 28.662688], [84.510591, 28.6627303], [84.5103872, 28.662735], [84.5102799, 28.6627209], [84.5099634, 28.6626244], [84.5097113, 28.6625891], [84.5095128, 28.6625609], [84.5092875, 28.6625232], [84.5089656, 28.6624761], [84.5087296, 28.6624714], [84.5086008, 28.6624644], [84.5084238, 28.6624903], [84.5082656, 28.6625256], [84.5080027, 28.662655], [84.5078337, 28.6627044], [84.5076191, 28.6627703], [84.507418, 28.6628174], [84.507198, 28.662808], [84.507021, 28.6627374], [84.506954, 28.6626432], [84.506962, 28.6625208], [84.5070612, 28.6623796], [84.5071793, 28.6622149], [84.5073482, 28.662076], [84.5074904, 28.6619678], [84.5076996, 28.6617748], [84.5078069, 28.6617089], [84.5079303, 28.6616289], [84.5080483, 28.6615488], [84.5082575, 28.6614688], [84.5083809, 28.6614547], [84.5085096, 28.6614641], [84.5086384, 28.66153], [84.5087457, 28.6616383], [84.5088369, 28.661723], [84.5090836, 28.6617842], [84.5092982, 28.6618266], [84.5094323, 28.6618407], [84.5098239, 28.6619536], [84.5099419, 28.6619725], [84.5100868, 28.6619913], [84.5102155, 28.661996], [84.5104623, 28.6620007], [84.5106661, 28.6620243], [84.510929, 28.6620243], [84.5110202, 28.661996], [84.5111328, 28.6619301], [84.5112133, 28.6618171], [84.5112669, 28.6617277], [84.5113152, 28.6615959], [84.5113903, 28.6614688], [84.5114762, 28.6611581], [84.5115405, 28.6609652], [84.5115888, 28.6607957], [84.51168, 28.6605133], [84.511798, 28.6603014], [84.5118624, 28.6600284], [84.5119214, 28.6598025], [84.5118785, 28.6596519], [84.5118141, 28.6594777], [84.5117497, 28.65936], [84.5116693, 28.6591435], [84.5116585, 28.6589646], [84.5116532, 28.6587622], [84.5116961, 28.6586163], [84.5117873, 28.6585127], [84.511916, 28.6584091], [84.5120555, 28.6583244], [84.5121843, 28.6581691], [84.5123184, 28.6580184], [84.5124632, 28.657849], [84.5127207, 28.6576277], [84.513123, 28.6574959], [84.5132893, 28.6574583], [84.5134878, 28.6574442], [84.5136326, 28.6574442], [84.5138365, 28.6574489], [84.5141423, 28.6574159], [84.5142442, 28.6573877], [84.5144963, 28.6573029], [84.5147753, 28.6582491], [84.5146894, 28.6582632], [84.5145822, 28.6583385], [84.514507, 28.6584609], [84.5145017, 28.6585598], [84.514507, 28.6587151], [84.5145661, 28.6588328], [84.5146304, 28.658894], [84.5147216, 28.6589552], [84.5148075, 28.6589881], [84.514963, 28.6590023], [84.5151079, 28.658974], [84.5152205, 28.6589364], [84.5152956, 28.6588516], [84.5153868, 28.6587857], [84.5160574, 28.6609605]]]}, "properties": {"external_id": "osm:way/844691420", "name": "", "name_ne": "", "area_km2": 0.221}}, {"type": "Feature", "geometry": {"type": "Polygon", "coordinates": [[[84.5047867, 28.6501429], [84.504953, 28.6502135], [84.5051622, 28.6502088], [84.5053875, 28.6501759], [84.5056558, 28.6501288], [84.5060259, 28.6501147], [84.5063263, 28.6501617], [84.5065302, 28.6502465], [84.5067662, 28.6504724], [84.5070237, 28.6507361], [84.5073187, 28.6509291], [84.507587, 28.6510797], [84.5079356, 28.6512915], [84.5082468, 28.6514422], [84.5084774, 28.6515599], [84.5087993, 28.6517294], [84.5089924, 28.6518847], [84.5091534, 28.6520636], [84.5091909, 28.6522801], [84.5091212, 28.6526426], [84.5089441, 28.6528403], [84.5086223, 28.6530239], [84.5082253, 28.653151], [84.5079088, 28.6531699], [84.5075226, 28.6531416], [84.50719, 28.6530757], [84.5069486, 28.6529486], [84.5066214, 28.6527132], [84.5062995, 28.652459], [84.5058596, 28.6522048], [84.5054841, 28.6520259], [84.5050979, 28.6518565], [84.5048672, 28.6517811], [84.5046848, 28.6517482], [84.5045078, 28.6517435], [84.5043898, 28.6517388], [84.5041001, 28.6517341], [84.5037728, 28.6517105], [84.5034993, 28.6516493], [84.5030004, 28.6515222], [84.5027429, 28.6513857], [84.5024747, 28.6512586], [84.5022333, 28.6510656], [84.5019275, 28.650656], [84.5017451, 28.6504112], [84.5014608, 28.6500676], [84.5011067, 28.6496345], [84.5008868, 28.649272], [84.5007259, 28.6488436], [84.5006776, 28.6485423], [84.5006239, 28.6481468], [84.5004845, 28.6479162], [84.5003504, 28.6477043], [84.5002538, 28.647403], [84.5002645, 28.6470547], [84.500404, 28.6468146], [84.5005917, 28.6466874], [84.5008117, 28.6466733], [84.501037, 28.6467016], [84.5013535, 28.6467392], [84.5019758, 28.6469605], [84.5021206, 28.6471111], [84.5021957, 28.6473371], [84.5022923, 28.6476902], [84.5023888, 28.6480244], [84.5026034, 28.6483163], [84.5028341, 28.6484528], [84.5032203, 28.64858], [84.5034778, 28.6486694], [84.5039767, 28.6488106], [84.5042449, 28.6490036], [84.504481, 28.6492437], [84.5045668, 28.6495497], [84.5045882, 28.6497663], [84.5046151, 28.6499546], [84.5047867, 28.6501429]]]}, "properties": {"external_id": "osm:way/844847957", "name": "", "name_ne": "", "area_km2": 0.227}}, {"type": "Feature", "geometry": {"type": "Polygon", "coordinates": [[[84.5187932, 28.6486412], [84.5189005, 28.6486788], [84.5190078, 28.6487165], [84.5191526, 28.6487824], [84.5193833, 28.6488907], [84.5195174, 28.6490131], [84.5196032, 28.6491308], [84.5197803, 28.6493473], [84.5198661, 28.649465], [84.5199895, 28.6495686], [84.5201129, 28.6496251], [84.5203972, 28.6497098], [84.5205796, 28.6497192], [84.5208585, 28.6497192], [84.5210409, 28.6497192], [84.5214593, 28.6496674], [84.521749, 28.6496204], [84.5220172, 28.6496156], [84.522264, 28.6496392], [84.5224947, 28.6496815], [84.5227736, 28.6496957], [84.5230687, 28.6496533], [84.5232779, 28.6496109], [84.5234173, 28.6495827], [84.5236105, 28.6495309], [84.5238143, 28.6493991], [84.5238733, 28.6491967], [84.523927, 28.6489942], [84.5239699, 28.6488012], [84.524104, 28.6485847], [84.5244151, 28.648274], [84.5248121, 28.6480715], [84.5250803, 28.6479727], [84.5256865, 28.6477655], [84.5258743, 28.6476761], [84.5261103, 28.6475301], [84.5262659, 28.6473183], [84.526357, 28.6470876], [84.5264429, 28.6469699], [84.5266521, 28.6467581], [84.5268881, 28.6466168], [84.5271027, 28.6465086], [84.5272851, 28.6464426], [84.5274568, 28.6463814], [84.5276284, 28.6463297], [84.5278698, 28.6463297], [84.5282131, 28.646372], [84.5283526, 28.6464191], [84.5284116, 28.6465086], [84.5284706, 28.6466592], [84.5285565, 28.6467534], [84.528771, 28.6468099], [84.5289856, 28.6468051], [84.5292753, 28.6467204], [84.5294952, 28.6466357], [84.5296562, 28.6465462], [84.5298386, 28.6464521], [84.5301014, 28.6462637], [84.5303374, 28.6461884], [84.5305788, 28.6460425], [84.5307398, 28.6459389], [84.5308953, 28.6458918], [84.5310563, 28.645906], [84.5312762, 28.6459954], [84.5313728, 28.6461461], [84.5313996, 28.6463014], [84.5314157, 28.6464521], [84.5313728, 28.6465462], [84.531303, 28.646631], [84.5311743, 28.6467486], [84.5310134, 28.6468381], [84.5308095, 28.6469652], [84.5304823, 28.6471111], [84.5302033, 28.6473324], [84.5300907, 28.6475113], [84.5301229, 28.6476525], [84.5302248, 28.6477796], [84.530316, 28.647855], [84.530434, 28.6478879], [84.5305735, 28.647902], [84.5307344, 28.6479068], [84.5312816, 28.6480527], [84.5314372, 28.6482834], [84.5314479, 28.6483964], [84.5314479, 28.6485611], [84.5314479, 28.6487541], [84.5314264, 28.6489754], [84.5313513, 28.6491166], [84.5312172, 28.6492296], [84.5310885, 28.6492673], [84.5308632, 28.6492579], [84.5306647, 28.6491967], [84.5304394, 28.649159], [84.5301872, 28.6491119], [84.5299941, 28.6490507], [84.5299083, 28.6489754], [84.52986, 28.6489095], [84.52986, 28.6488436], [84.5298332, 28.6485705], [84.5297098, 28.648467], [84.5296079, 28.6483587], [84.5295274, 28.6482881], [84.5294362, 28.6482316], [84.5292753, 28.6481892], [84.5291787, 28.648208], [84.5291036, 28.648321], [84.5290983, 28.6484811], [84.5291144, 28.648627], [84.5291197, 28.6487541], [84.5291197, 28.6488718], [84.5290393, 28.6491308], [84.5289266, 28.6492532], [84.5287818, 28.6493661], [84.5285672, 28.6494838], [84.5283741, 28.6495356], [84.5280039, 28.6495262], [84.5277947, 28.6494791], [84.5275855, 28.6495027], [84.5274085, 28.6495639], [84.52721, 28.649658], [84.5270598, 28.649771], [84.5269632, 28.6499028], [84.5267862, 28.6500111], [84.5266628, 28.6501382], [84.5264965, 28.6503312], [84.5263463, 28.650463], [84.5261854, 28.6505713], [84.5259225, 28.650689], [84.5256972, 28.6507502], [84.5255202, 28.6507878], [84.5253593, 28.6508396], [84.5251876, 28.6509291], [84.5250267, 28.6510138], [84.5248228, 28.6511409], [84.5245975, 28.6512633], [84.5242864, 28.6514139], [84.524104, 28.6514799], [84.5238519, 28.6515034], [84.5235193, 28.6515175], [84.523235, 28.6515552], [84.522956, 28.651607], [84.5226824, 28.6516493], [84.5224571, 28.6517058], [84.5222211, 28.6517717], [84.5219475, 28.6518612], [84.5217544, 28.6518847], [84.5216095, 28.6519035], [84.5214325, 28.6519129], [84.5211428, 28.6519553], [84.52088, 28.6520448], [84.5207244, 28.6521295], [84.5204884, 28.6522613], [84.5203167, 28.6523696], [84.520086, 28.652459], [84.5198661, 28.6525014], [84.5196032, 28.6525061], [84.5192921, 28.6524826], [84.5188361, 28.6524119], [84.5185786, 28.6522895], [84.5183104, 28.6521672], [84.5181924, 28.6521248], [84.5180905, 28.6520636], [84.5179778, 28.6519789], [84.517833, 28.6518941], [84.517715, 28.6517529], [84.5176506, 28.6516352], [84.5176023, 28.6515222], [84.5175648, 28.6514328], [84.5175058, 28.6513245], [84.517436, 28.6512398], [84.5173824, 28.6511644], [84.5173019, 28.6510468], [84.5171946, 28.6508726], [84.5171249, 28.6506937], [84.517082, 28.650576], [84.5169532, 28.6503877], [84.5169103, 28.6502841], [84.5168996, 28.6501947], [84.5169049, 28.6501241], [84.5168513, 28.6500252], [84.5167601, 28.6499169], [84.5166743, 28.6498181], [84.5165992, 28.6497192], [84.5164543, 28.6496204], [84.5163095, 28.6495592], [84.5161271, 28.6495262], [84.5159715, 28.6495262], [84.5158589, 28.6495686], [84.5157462, 28.6496627], [84.5155907, 28.6498039], [84.5155102, 28.6499075], [84.5154136, 28.6500582], [84.5152634, 28.65027], [84.5151401, 28.6504442], [84.5150864, 28.6505336], [84.5150757, 28.6506325], [84.5150757, 28.6508396], [84.5151079, 28.6509667], [84.5152259, 28.6511032], [84.515478, 28.6512209], [84.5155638, 28.6512821], [84.5156497, 28.6513716], [84.5158213, 28.6514799], [84.5160574, 28.6515363], [84.5161968, 28.6515316], [84.516288, 28.6515787], [84.5164275, 28.6516493], [84.5165938, 28.651767], [84.5167333, 28.6519271], [84.5168298, 28.6520777], [84.5168406, 28.6522284], [84.5168084, 28.6523931], [84.5167226, 28.6525202], [84.5166206, 28.6525532], [84.5164221, 28.6526002], [84.5162505, 28.6526285], [84.5160574, 28.6526803], [84.5158482, 28.6527273], [84.515655, 28.6527415], [84.5154136, 28.6527368], [84.5152312, 28.6526897], [84.5149952, 28.652572], [84.5147806, 28.6524637], [84.5145607, 28.6523649], [84.5142549, 28.6522519], [84.5140457, 28.6521719], [84.5137989, 28.6520071], [84.5136273, 28.6518329], [84.51352, 28.6517058], [84.5133644, 28.6515693], [84.5132518, 28.6514516], [84.5131445, 28.6512492], [84.513123, 28.6510515], [84.5131338, 28.6508585], [84.5132035, 28.6506466], [84.5132679, 28.6505336], [84.5133376, 28.6504583], [84.5134985, 28.6503453], [84.5135415, 28.6502794], [84.5135522, 28.6501853], [84.5134878, 28.6500346], [84.5133752, 28.6499546], [84.5133001, 28.6499028], [84.513225, 28.6497757], [84.5131981, 28.6496627], [84.5131767, 28.6495497], [84.5131552, 28.6494085], [84.5130908, 28.6492861], [84.5129836, 28.649192], [84.5128173, 28.6491025], [84.512651, 28.6489848], [84.5126134, 28.6489142], [84.5126349, 28.6488059], [84.5127153, 28.6487541], [84.5128387, 28.6487212], [84.5130479, 28.6485847], [84.5132196, 28.6484952], [84.5133913, 28.648467], [84.5136648, 28.648354], [84.5137668, 28.6482787], [84.5138311, 28.6481045], [84.5138687, 28.6479821], [84.5138633, 28.647742], [84.5138633, 28.6475537], [84.5138097, 28.6473136], [84.5136809, 28.647097], [84.5136005, 28.6469887], [84.5135093, 28.6469087], [84.5134073, 28.6467581], [84.5132518, 28.6465839], [84.5130908, 28.6464803], [84.512946, 28.6464238], [84.5127636, 28.6464191], [84.5124149, 28.6463061], [84.5120931, 28.6461743], [84.5119214, 28.6460142], [84.5117712, 28.6459013], [84.5116103, 28.6456847], [84.511503, 28.645534], [84.511385, 28.6453175], [84.5112455, 28.6450821], [84.5112026, 28.6448373], [84.511342, 28.6446678], [84.5114922, 28.6445736], [84.5118678, 28.6443853], [84.5120716, 28.6442158], [84.5122111, 28.6439522], [84.5122754, 28.6437356], [84.5124793, 28.6435473], [84.5127582, 28.6434061], [84.5129084, 28.6432366], [84.5129728, 28.6430483], [84.513005, 28.6429165], [84.5132303, 28.6426622], [84.5134127, 28.6425728], [84.5135629, 28.6426057], [84.513638, 28.6425069], [84.5136166, 28.6423138], [84.5135468, 28.6421632], [84.5134717, 28.6420361], [84.5133054, 28.6419137], [84.513225, 28.6418101], [84.5132035, 28.6416453], [84.5132142, 28.6414994], [84.5132732, 28.641344], [84.5132679, 28.6411039], [84.5132518, 28.6409297], [84.5133001, 28.6407931], [84.5134181, 28.6406849], [84.5135683, 28.640619], [84.5137614, 28.6404636], [84.5137989, 28.6403553], [84.5138043, 28.6402329], [84.5137453, 28.6400775], [84.5136541, 28.6399363], [84.5135361, 28.6397715], [84.5134127, 28.6396208], [84.5132947, 28.639489], [84.5131981, 28.6393713], [84.5130265, 28.6391453], [84.5128655, 28.6389052], [84.5127958, 28.6387028], [84.5127904, 28.6382696], [84.5128548, 28.6379071], [84.512946, 28.6374975], [84.513064, 28.637295], [84.5132625, 28.6370879], [84.5133644, 28.6370408], [84.5136595, 28.6370267], [84.5138955, 28.6370408], [84.5141798, 28.6371491], [84.5143515, 28.6373515], [84.5144963, 28.6377282], [84.5145285, 28.6380672], [84.5146948, 28.6384956], [84.5148128, 28.6387828], [84.515022, 28.6391171], [84.5153546, 28.6395267], [84.5155799, 28.639748], [84.5157462, 28.6399222], [84.5159501, 28.6401576], [84.5162076, 28.6405107], [84.5164865, 28.6408355], [84.5166314, 28.6411368], [84.5167386, 28.6413958], [84.5167601, 28.6416029], [84.5168513, 28.6418148], [84.5169157, 28.6419325], [84.5170176, 28.6420314], [84.5171195, 28.6421632], [84.5171624, 28.6424127], [84.5171356, 28.6427658], [84.5171356, 28.6430153], [84.5170873, 28.643359], [84.5170122, 28.643585], [84.5168352, 28.6437403], [84.5166743, 28.6438392], [84.516508, 28.6439522], [84.5163417, 28.6440746], [84.5161807, 28.6442723], [84.5160466, 28.6444465], [84.5159984, 28.6445736], [84.5158696, 28.6447243], [84.5157999, 28.6448796], [84.515757, 28.6450303], [84.5157462, 28.6452139], [84.515757, 28.6454399], [84.5157999, 28.6456753], [84.5159125, 28.6458353], [84.5160574, 28.6459719], [84.5161647, 28.646066], [84.516347, 28.6461743], [84.516567, 28.6462967], [84.5168191, 28.6463155], [84.5169908, 28.646179], [84.517141, 28.6460801], [84.5173073, 28.6459719], [84.5175272, 28.6458824], [84.5177633, 28.6458589], [84.5181227, 28.6458777], [84.5182782, 28.6459389], [84.5184553, 28.6460849], [84.5189542, 28.6462967], [84.5191902, 28.6464144], [84.5194745, 28.6466215], [84.519614, 28.6468569], [84.5196569, 28.6470405], [84.5196569, 28.6471771], [84.5195174, 28.6473889], [84.519394, 28.647516], [84.5191956, 28.6476149], [84.5189917, 28.6476008], [84.5188791, 28.6475913], [84.5186967, 28.6474878], [84.5185143, 28.6472806], [84.5183051, 28.6471064], [84.5180905, 28.6469464], [84.5179295, 28.6468758], [84.5178384, 28.6468663], [84.517715, 28.6469652], [84.5177364, 28.6471394], [84.5178652, 28.6473136], [84.5180422, 28.6475019], [84.5181978, 28.6477514], [84.5182782, 28.6479162], [84.518348, 28.6481233], [84.5184123, 28.648354], [84.5184982, 28.6484764], [84.5185894, 28.6485564], [84.5187932, 28.6486412]]]}, "properties": {"external_id": "osm:way/844847958", "name": "", "name_ne": "", "area_km2": 1.004}}, {"type": "Feature", "geometry": {"type": "Polygon", "coordinates": [[[84.4974911, 28.6963568], [84.4973409, 28.6964556], [84.4972926, 28.6965592], [84.4973087, 28.6966674], [84.4973946, 28.6968038], [84.4976199, 28.6970015], [84.4977003, 28.6971803], [84.4976842, 28.6973167], [84.4975018, 28.697505], [84.4972658, 28.6975897], [84.4969976, 28.6976414], [84.4967133, 28.6976179], [84.4962788, 28.6974908], [84.4960588, 28.6974626], [84.4959086, 28.6974626], [84.495753, 28.697505], [84.4955975, 28.6975191], [84.4954151, 28.697425], [84.4952488, 28.6971897], [84.4951147, 28.6970768], [84.4949591, 28.6969826], [84.4947231, 28.6969356], [84.494589, 28.6969121], [84.4943798, 28.6968509], [84.4941866, 28.6967709], [84.4940311, 28.6967238], [84.4938111, 28.6966862], [84.493618, 28.6966156], [84.4935, 28.696578], [84.4933605, 28.6965215], [84.4933605, 28.6963898], [84.4934678, 28.6963003], [84.493559, 28.6962298], [84.4936663, 28.6961168], [84.4937521, 28.6960462], [84.4938433, 28.695971], [84.493956, 28.6958392], [84.4939989, 28.6957216], [84.4940257, 28.6955945], [84.4939989, 28.6954581], [84.4938809, 28.6952792], [84.4938058, 28.6951616], [84.4937038, 28.6950157], [84.4937253, 28.6949122], [84.4937575, 28.6948416], [84.4938433, 28.6947899], [84.4940257, 28.6947616], [84.494133, 28.6947804], [84.4942939, 28.6948557], [84.4944388, 28.6949593], [84.494707, 28.6951004], [84.4949859, 28.695124], [84.4952005, 28.6951334], [84.4954151, 28.6951334], [84.4956189, 28.6951287], [84.4958711, 28.6950675], [84.49615, 28.6949404], [84.4962949, 28.6948934], [84.4964129, 28.6947428], [84.4964826, 28.6945687], [84.4965899, 28.6943805], [84.4967455, 28.6941264], [84.4969118, 28.6939475], [84.497062, 28.6938958], [84.4972175, 28.6938864], [84.4974106, 28.6939193], [84.4976735, 28.6939993], [84.4980007, 28.6940511], [84.4982958, 28.6941264], [84.4984835, 28.6942111], [84.498623, 28.6943663], [84.4987249, 28.6945828], [84.498741, 28.6948087], [84.4987571, 28.6949357], [84.4987464, 28.6952557], [84.4987464, 28.6953639], [84.4987678, 28.6955192], [84.4987142, 28.6956839], [84.4986606, 28.6958298], [84.4985264, 28.6960415], [84.4984299, 28.6961309], [84.498167, 28.6962815], [84.4980168, 28.6963003], [84.4977486, 28.6963286], [84.4974911, 28.6963568]]]}, "properties": {"external_id": "osm:way/845408815", "name": "", "name_ne": "", "area_km2": 0.131}}, {"type": "Feature", "geometry": {"type": "Polygon", "coordinates": [[[84.4984996, 28.6902677], [84.4981027, 28.6900324], [84.4979525, 28.689703], [84.4979632, 28.6892889], [84.4980383, 28.6889783], [84.4980383, 28.68863], [84.4981027, 28.6883477], [84.498285, 28.6880559], [84.4984996, 28.687943], [84.4987357, 28.6879524], [84.4991112, 28.688103], [84.4994759, 28.6883853], [84.4996583, 28.6885736], [84.4997442, 28.6888089], [84.4997764, 28.6891571], [84.4999158, 28.689543], [84.5001197, 28.6899853], [84.5002055, 28.6906253], [84.5004523, 28.6911618], [84.5007098, 28.6917923], [84.5009029, 28.6922817], [84.5011389, 28.6924511], [84.5014822, 28.6926394], [84.5020401, 28.6927711], [84.5025873, 28.6929123], [84.5034671, 28.6931382], [84.5039713, 28.6933076], [84.5045936, 28.6934299], [84.5052588, 28.6937123], [84.5055807, 28.6938158], [84.5060205, 28.6940511], [84.5066321, 28.694691], [84.5069754, 28.6950016], [84.507308, 28.6952934], [84.5076084, 28.6955945], [84.5077264, 28.6958674], [84.5079303, 28.6963004], [84.5079732, 28.6968744], [84.5077157, 28.6970626], [84.5072651, 28.6972885], [84.5064765, 28.6975144], [84.5060956, 28.6976226], [84.5056504, 28.6975991], [84.5054841, 28.6974532], [84.5054144, 28.6972415], [84.5054197, 28.6970626], [84.5054787, 28.6968462], [84.5056021, 28.6966015], [84.5057148, 28.6963803], [84.505704, 28.6960698], [84.5055914, 28.6959333], [84.5053983, 28.6958016], [84.504894, 28.6954581], [84.5045829, 28.6952886], [84.5042181, 28.6951616], [84.5038748, 28.6950157], [84.5034403, 28.6948934], [84.503231, 28.6947287], [84.5030111, 28.694531], [84.5025927, 28.6943663], [84.5019436, 28.6942346], [84.5015949, 28.6941264], [84.501273, 28.6939711], [84.5009941, 28.6938111], [84.5007366, 28.6936511], [84.5004201, 28.6934958], [84.4998032, 28.6932982], [84.4995564, 28.6931382], [84.4991004, 28.692677], [84.4987786, 28.69239], [84.4985479, 28.6921688], [84.4984674, 28.6919335], [84.4984621, 28.6917265], [84.4985157, 28.6914488], [84.4985479, 28.6912324], [84.4985694, 28.6910488], [84.4985908, 28.6907994], [84.4985747, 28.6905877], [84.4984996, 28.6902677]]]}, "properties": {"external_id": "osm:way/845408816", "name": "", "name_ne": "", "area_km2": 0.256}}, {"type": "Feature", "geometry": {"type": "Polygon", "coordinates": [[[84.5138848, 28.6819945], [84.5141315, 28.6819004], [84.5141423, 28.6815615], [84.5142388, 28.6812415], [84.5142603, 28.680978], [84.5142388, 28.6807615], [84.5141852, 28.6803568], [84.5141637, 28.6798579], [84.5142817, 28.6790108], [84.5145714, 28.6786813], [84.5148289, 28.6785778], [84.5152151, 28.6785025], [84.5155585, 28.6785966], [84.5157945, 28.6788225], [84.5159554, 28.6791331], [84.5159876, 28.679472], [84.5159233, 28.6797543], [84.5156872, 28.6800744], [84.5154941, 28.6803191], [84.515301, 28.680658], [84.5150757, 28.6810533], [84.5150542, 28.6812133], [84.5150649, 28.6815333], [84.5152795, 28.681571], [84.5155477, 28.681571], [84.5159233, 28.6813733], [84.5161271, 28.6812321], [84.5164168, 28.6810627], [84.5166635, 28.6809121], [84.5168459, 28.6807991], [84.5170069, 28.680705], [84.5172214, 28.6806391], [84.5173931, 28.6803568], [84.5173716, 28.6799991], [84.5173502, 28.6795755], [84.5173609, 28.6792837], [84.5173609, 28.6789637], [84.5173287, 28.6786813], [84.5173073, 28.6783848], [84.5172054, 28.6782107], [84.5171732, 28.6779942], [84.5171249, 28.6778059], [84.5171088, 28.6775518], [84.5171034, 28.6774294], [84.5171356, 28.677307], [84.5172429, 28.6772506], [84.5173985, 28.67718], [84.5177364, 28.6770764], [84.5179993, 28.6769917], [84.5183265, 28.6769635], [84.5186055, 28.6769823], [84.5188683, 28.6770105], [84.5190829, 28.6770435], [84.5194262, 28.6770105], [84.5195979, 28.676827], [84.5196408, 28.6767234], [84.519614, 28.6764834], [84.5196247, 28.6763422], [84.5196515, 28.6762057], [84.5196623, 28.6760787], [84.5196623, 28.6759139], [84.519673, 28.6757963], [84.5196837, 28.6755798], [84.519614, 28.6754056], [84.5194101, 28.6751797], [84.5192814, 28.6749068], [84.5192921, 28.6745491], [84.519335, 28.6742384], [84.5194209, 28.6738619], [84.519453, 28.6736548], [84.519496, 28.6733254], [84.5196354, 28.6730147], [84.5198607, 28.67277], [84.5200968, 28.67261], [84.5204186, 28.6725158], [84.5207083, 28.6725158], [84.5212018, 28.6725535], [84.521513, 28.6725723], [84.5219314, 28.6724782], [84.5223069, 28.6725158], [84.5225322, 28.6725535], [84.5228755, 28.6726759], [84.5229828, 28.6728265], [84.5230257, 28.6730806], [84.5230472, 28.6734477], [84.5231223, 28.6740502], [84.5231116, 28.6745208], [84.5230901, 28.6751703], [84.5229828, 28.6756127], [84.5228755, 28.6759704], [84.5228004, 28.6764128], [84.5226717, 28.6768552], [84.5225966, 28.6771], [84.5223927, 28.6775235], [84.5219743, 28.6780224], [84.5215881, 28.6784836], [84.5213091, 28.6787943], [84.5210302, 28.6791331], [84.520719, 28.6795661], [84.5204508, 28.6800273], [84.5203972, 28.6802815], [84.5204186, 28.6807615], [84.5204401, 28.6812509], [84.520483, 28.681731], [84.5205259, 28.6822204], [84.5204508, 28.6825028], [84.5201611, 28.6827099], [84.5199573, 28.6828605], [84.5197964, 28.6830581], [84.5196676, 28.6830958], [84.5195174, 28.6831852], [84.5192867, 28.6835005], [84.5191687, 28.6837923], [84.519099, 28.6839664], [84.5190722, 28.6842817], [84.5190722, 28.6844605], [84.5190936, 28.6848276], [84.5192385, 28.6850629], [84.5194852, 28.6855241], [84.5194852, 28.6857782], [84.5195067, 28.6861076], [84.5195603, 28.6865688], [84.5194638, 28.6868135], [84.5192277, 28.6870677], [84.5188522, 28.6872371], [84.5184123, 28.6872371], [84.5181548, 28.6871712], [84.5178115, 28.6870488], [84.5170927, 28.6869171], [84.516449, 28.6866818], [84.5153975, 28.6863147], [84.5149255, 28.6860606], [84.5146143, 28.6858159], [84.514389, 28.6856841], [84.5142066, 28.685477], [84.5140993, 28.6853923], [84.5139277, 28.6853076], [84.5138848, 28.6819945]]]}, "properties": {"external_id": "osm:way/845408817", "name": "", "name_ne": "", "area_km2": 0.724}}, {"type": "Feature", "geometry": {"type": "Polygon", "coordinates": [[[84.540208, 28.6880324], [84.5404708, 28.6876324], [84.5406854, 28.6874253], [84.5408142, 28.6873312], [84.5411682, 28.6872371], [84.5413828, 28.6872418], [84.541769, 28.687303], [84.5419568, 28.6873594], [84.5421714, 28.6874018], [84.5427668, 28.6874818], [84.5430028, 28.6874488], [84.5434159, 28.6873547], [84.5436627, 28.6872888], [84.5440006, 28.6871947], [84.5444405, 28.68711], [84.5446497, 28.6870818], [84.5448536, 28.6870771], [84.5450681, 28.6870912], [84.5453578, 28.6871241], [84.5455885, 28.6871994], [84.5456743, 28.6872794], [84.5457548, 28.6874677], [84.5457548, 28.6875524], [84.5456904, 28.6876888], [84.545728, 28.6878394], [84.5457816, 28.6879336], [84.5458406, 28.6880418], [84.5458674, 28.6881736], [84.5458621, 28.688343], [84.5458299, 28.6885218], [84.5457709, 28.6886489], [84.5455992, 28.6887477], [84.5453793, 28.6887336], [84.545213, 28.6886771], [84.5449769, 28.68871], [84.5448053, 28.6888041], [84.5445102, 28.6888041], [84.5443278, 28.6888512], [84.5441669, 28.68895], [84.5440382, 28.6890536], [84.5438182, 28.6891994], [84.543668, 28.6892512], [84.5434213, 28.6892512], [84.5431906, 28.6891618], [84.543035, 28.6890677], [84.5428526, 28.6890112], [84.5425576, 28.6890018], [84.542343, 28.6890112], [84.5421606, 28.6890912], [84.5420051, 28.6891665], [84.5418602, 28.689223], [84.5415974, 28.6892747], [84.5413667, 28.6892794], [84.5409375, 28.6892983], [84.54068, 28.689303], [84.5404708, 28.6892559], [84.5402455, 28.6891571], [84.5401382, 28.6890865], [84.5400631, 28.6888324], [84.5400792, 28.688663], [84.5401061, 28.6885359], [84.5401329, 28.6883618], [84.5401812, 28.688183], [84.540208, 28.6880324]]]}, "properties": {"external_id": "osm:way/845408818", "name": "", "name_ne": "", "area_km2": 0.107}}, {"type": "Feature", "geometry": {"type": "Polygon", "coordinates": [[[84.5341301, 28.6778624], [84.5336902, 28.6778436], [84.5334542, 28.6777212], [84.5332181, 28.6774859], [84.532907, 28.6771753], [84.532274, 28.6770058], [84.5318663, 28.6769588], [84.5316195, 28.6769305], [84.5312762, 28.6766764], [84.5312011, 28.6764034], [84.5312977, 28.6759139], [84.5315552, 28.6751986], [84.5319307, 28.6741349], [84.5323169, 28.6736172], [84.5325529, 28.6733913], [84.5328641, 28.6731653], [84.5334649, 28.6726382], [84.5339692, 28.6720734], [84.5343554, 28.6717251], [84.5347738, 28.6712733], [84.5352352, 28.6707555], [84.5355463, 28.6702943], [84.5359754, 28.6696448], [84.5365119, 28.6689952], [84.53722, 28.6683174], [84.537456, 28.6679409], [84.5377242, 28.6675455], [84.5379925, 28.6673196], [84.538207, 28.6671972], [84.5392477, 28.6669619], [84.5400095, 28.6666795], [84.5404816, 28.6663688], [84.5408463, 28.6661052], [84.5410824, 28.6660582], [84.5415652, 28.6660017], [84.5417797, 28.6660111], [84.5422518, 28.6660487], [84.5425308, 28.6661146], [84.5426381, 28.6662276], [84.5427346, 28.6665947], [84.5426273, 28.6667548], [84.5422733, 28.6669807], [84.5418978, 28.6671596], [84.5415759, 28.6674796], [84.5415115, 28.6676114], [84.5414901, 28.668035], [84.5414257, 28.6684963], [84.5412755, 28.6687881], [84.5411253, 28.6693247], [84.5410716, 28.6696448], [84.5409429, 28.6702472], [84.5409107, 28.6706143], [84.5408249, 28.6708026], [84.5406318, 28.6711132], [84.5405567, 28.6714239], [84.5405137, 28.671678], [84.5401919, 28.6721487], [84.5396447, 28.6725252], [84.5392156, 28.6727606], [84.5387328, 28.6729771], [84.5382714, 28.6733159], [84.5378101, 28.6738243], [84.5373166, 28.6745208], [84.5370591, 28.6751609], [84.5368874, 28.6756127], [84.5366728, 28.6761493], [84.5365977, 28.6767799], [84.5365012, 28.6772788], [84.5362544, 28.6776836], [84.5360291, 28.6778624], [84.5356107, 28.6779659], [84.5352566, 28.6779659], [84.5346451, 28.6779565], [84.5341301, 28.6778624]]]}, "properties": {"external_id": "osm:way/845643600", "name": "", "name_ne": "", "area_km2": 0.629}}, {"type": "Feature", "geometry": {"type": "Polygon", "coordinates": [[[84.4743758, 28.6968227], [84.4740701, 28.696498], [84.473995, 28.6963474], [84.4739735, 28.6962157], [84.4740808, 28.696018], [84.4742846, 28.6958016], [84.4745636, 28.6955381], [84.4747567, 28.6951616], [84.4747996, 28.6949734], [84.4748211, 28.6948134], [84.4748104, 28.6943334], [84.4747889, 28.6941264], [84.4747245, 28.693797], [84.474746, 28.6935523], [84.4748747, 28.6934393], [84.4749927, 28.6934393], [84.4751215, 28.6934676], [84.4752931, 28.693637], [84.475379, 28.6939381], [84.475497, 28.6942111], [84.4755936, 28.694691], [84.475615, 28.694851], [84.4756043, 28.6951616], [84.4755828, 28.6957922], [84.4755506, 28.6961404], [84.4755399, 28.6965168], [84.4755721, 28.6967238], [84.4757223, 28.6970156], [84.4758296, 28.6972226], [84.4759369, 28.6974485], [84.4760013, 28.697712], [84.4760227, 28.6979285], [84.4760227, 28.6982861], [84.4760764, 28.6985872], [84.4762158, 28.6989166], [84.4763124, 28.699086], [84.4764948, 28.6994436], [84.4765913, 28.6998106], [84.4766235, 28.7001682], [84.4766343, 28.7004411], [84.4766557, 28.7006858], [84.4766664, 28.7009023], [84.4766021, 28.7012599], [84.476527, 28.7015704], [84.4764626, 28.701928], [84.4764519, 28.7023986], [84.4765377, 28.7029538], [84.476645, 28.7035466], [84.4767845, 28.7040924], [84.4769347, 28.7045159], [84.4771385, 28.7050147], [84.4773316, 28.7053628], [84.4775462, 28.7055981], [84.4777608, 28.7058522], [84.4778895, 28.7059275], [84.4779861, 28.7061815], [84.4780183, 28.7063321], [84.4780183, 28.7065768], [84.4779432, 28.7068497], [84.477793, 28.7071225], [84.4775247, 28.7072166], [84.4769883, 28.7073013], [84.4766235, 28.7072731], [84.4763768, 28.7071508], [84.4762158, 28.7071225], [84.4760227, 28.7072166], [84.4758618, 28.7073578], [84.4757974, 28.7076495], [84.4757759, 28.7079036], [84.4757759, 28.7083459], [84.4757759, 28.7087881], [84.4757759, 28.7093057], [84.4757759, 28.709955], [84.4758189, 28.7103784], [84.4759154, 28.7107171], [84.4760442, 28.7109336], [84.4761944, 28.711197], [84.4764089, 28.7114699], [84.476527, 28.7116769], [84.4766986, 28.7120251], [84.4769025, 28.7123827], [84.4770312, 28.7126932], [84.4770956, 28.7130037], [84.4770956, 28.7134836], [84.4770956, 28.7137471], [84.4771063, 28.7142269], [84.4771922, 28.7146221], [84.4773209, 28.7149515], [84.4773853, 28.7152808], [84.4772994, 28.7157324], [84.4771385, 28.715883], [84.476881, 28.7159583], [84.4765699, 28.7158171], [84.4764626, 28.7155631], [84.4764089, 28.7152808], [84.4762587, 28.7147821], [84.4761407, 28.7144998], [84.4760013, 28.7140858], [84.4758189, 28.7136247], [84.4756472, 28.7133424], [84.4755292, 28.7131354], [84.4753468, 28.7127967], [84.4752395, 28.7124485], [84.4752502, 28.712138], [84.4752288, 28.7117522], [84.4751859, 28.7114887], [84.4750249, 28.7109053], [84.4748962, 28.7105572], [84.474864, 28.7102843], [84.4748425, 28.7099173], [84.474746, 28.709588], [84.4746172, 28.7092022], [84.474467, 28.7088069], [84.474467, 28.7085811], [84.4744992, 28.7081388], [84.474585, 28.7078189], [84.4747567, 28.7073296], [84.4749713, 28.706765], [84.4750571, 28.7062944], [84.4751108, 28.7059886], [84.4751483, 28.7056687], [84.4752341, 28.7052499], [84.47532, 28.7047041], [84.4753361, 28.7043324], [84.4753736, 28.7040077], [84.4753414, 28.703636], [84.4751751, 28.7033161], [84.4750732, 28.703062], [84.4749176, 28.7025821], [84.4749176, 28.7023233], [84.4749123, 28.7020457], [84.4748801, 28.7018622], [84.4748157, 28.7014199], [84.4748157, 28.7011705], [84.4747889, 28.7008976], [84.4747835, 28.7006623], [84.4747835, 28.7004694], [84.4747835, 28.7000835], [84.4748318, 28.6998436], [84.4748586, 28.6997542], [84.4749176, 28.6994718], [84.4748908, 28.699166], [84.4748425, 28.6990436], [84.4747996, 28.6988225], [84.4747567, 28.6984319], [84.474746, 28.6982437], [84.4747138, 28.6979708], [84.4746977, 28.6977167], [84.4745207, 28.6972038], [84.4744348, 28.6969591], [84.4743758, 28.6968227]]]}, "properties": {"external_id": "osm:way/846862530", "name": "", "name_ne": "", "area_km2": 0.349}}, {"type": "Feature", "geometry": {"type": "Polygon", "coordinates": [[[84.4864833, 28.7015987], [84.4864726, 28.7021068], [84.4865262, 28.7023233], [84.4866764, 28.7026056], [84.4869125, 28.702935], [84.4872022, 28.7034714], [84.487524, 28.7039983], [84.4878244, 28.7045536], [84.488157, 28.70493], [84.4884467, 28.7053722], [84.4888008, 28.705711], [84.4890153, 28.706078], [84.4891012, 28.7064732], [84.489187, 28.7068308], [84.489187, 28.7070943], [84.4890904, 28.7073107], [84.4888651, 28.7074989], [84.4884789, 28.7076119], [84.4879746, 28.7074989], [84.4875991, 28.7072543], [84.4873631, 28.7069438], [84.4871271, 28.7066614], [84.4867515, 28.7062568], [84.4864511, 28.7058428], [84.4862258, 28.7053534], [84.4861615, 28.7048453], [84.4861293, 28.7044312], [84.4860864, 28.7041771], [84.4858181, 28.7037819], [84.4855714, 28.7034808], [84.4853461, 28.7030949], [84.485271, 28.7028126], [84.4853997, 28.7025209], [84.4854534, 28.7022856], [84.485507, 28.7018245], [84.4853783, 28.7014575], [84.4852281, 28.701034], [84.4851315, 28.7007235], [84.4850349, 28.7003094], [84.484874, 28.6998953], [84.4847345, 28.6995942], [84.4845521, 28.6993024], [84.4843805, 28.6989072], [84.4843376, 28.6986531], [84.4842303, 28.6981355], [84.4841552, 28.6978438], [84.4839728, 28.6974579], [84.4839299, 28.6972697], [84.4838333, 28.697025], [84.4836402, 28.6965921], [84.4833076, 28.6961874], [84.4830179, 28.6959239], [84.4828677, 28.6957639], [84.4823313, 28.6953498], [84.4819236, 28.6951145], [84.4813979, 28.694691], [84.4811511, 28.6943805], [84.481076, 28.6942769], [84.4809043, 28.6938817], [84.4806361, 28.6935523], [84.4803035, 28.6931476], [84.4799065, 28.6927241], [84.4796383, 28.6921312], [84.4793594, 28.6916888], [84.4791448, 28.6914441], [84.4788015, 28.6912559], [84.478426, 28.6911335], [84.4779646, 28.6909453], [84.4776642, 28.690823], [84.477278, 28.6905688], [84.4766021, 28.6901547], [84.4762373, 28.6897406], [84.476012, 28.689543], [84.475851, 28.6894394], [84.475497, 28.6892606], [84.4752502, 28.6891665], [84.4748533, 28.6889971], [84.4744348, 28.6888465], [84.4739306, 28.6887336], [84.4733083, 28.6886865], [84.4727397, 28.6885924], [84.4722462, 28.6884606], [84.4718921, 28.6883947], [84.4716453, 28.6883194], [84.4714844, 28.6884371], [84.472399, 28.6874088], [84.4725439, 28.6872488], [84.4727021, 28.6873288], [84.4731447, 28.6873994], [84.4733942, 28.6874983], [84.4737643, 28.6875712], [84.4741076, 28.6876277], [84.4743812, 28.6876959], [84.4747272, 28.6877735], [84.4752395, 28.6878747], [84.4755372, 28.6879641], [84.4759423, 28.6880865], [84.4761997, 28.6881971], [84.476999, 28.6884371], [84.4785869, 28.6888747], [84.479633, 28.6892465], [84.4802928, 28.6894865], [84.4808131, 28.6897077], [84.4813979, 28.6900512], [84.4820362, 28.6903241], [84.4824654, 28.6905782], [84.4827014, 28.690743], [84.4830984, 28.6909688], [84.4834363, 28.6911712], [84.4837904, 28.6914676], [84.4842195, 28.6917688], [84.4847828, 28.6920747], [84.4851315, 28.69231], [84.4855821, 28.6927382], [84.4858235, 28.6929876], [84.4862205, 28.6933735], [84.4865102, 28.6936323], [84.4867998, 28.6941075], [84.4869232, 28.6943522], [84.4870412, 28.6946299], [84.48717, 28.6948793], [84.4873363, 28.6950769], [84.4876635, 28.6953169], [84.4881302, 28.6954816], [84.4883394, 28.6957122], [84.4884843, 28.6959663], [84.4885164, 28.6961968], [84.4885164, 28.6965074], [84.488436, 28.6967286], [84.4882965, 28.6969403], [84.4882536, 28.6969732], [84.4880497, 28.6970673], [84.4874543, 28.6971332], [84.4873095, 28.6971756], [84.4871485, 28.6972885], [84.4870466, 28.6973497], [84.4868642, 28.6975473], [84.4867033, 28.6978438], [84.4866335, 28.6981214], [84.4865638, 28.6985919], [84.4865477, 28.6989778], [84.4865423, 28.6993354], [84.4865423, 28.6997118], [84.4865638, 28.6999706], [84.4865745, 28.7003282], [84.4865584, 28.7007188], [84.4865638, 28.7010811], [84.4864833, 28.7015987]]]}, "properties": {"external_id": "osm:way/846862531", "name": "", "name_ne": "", "area_km2": 0.73}}, {"type": "Feature", "geometry": {"type": "Polygon", "coordinates": [[[84.3982011, 28.670186], [84.3989414, 28.6700636], [84.3990916, 28.6699883], [84.3992364, 28.669913], [84.3994993, 28.6697012], [84.3998104, 28.6695177], [84.3999982, 28.6694471], [84.4001216, 28.6694235], [84.4002181, 28.6694188], [84.4003844, 28.6694188], [84.40054, 28.6694471], [84.4008833, 28.66948], [84.4011462, 28.6695035], [84.4013017, 28.669513], [84.4014895, 28.6695177], [84.4016772, 28.669513], [84.4019455, 28.669513], [84.4021118, 28.6695506], [84.4024229, 28.6696589], [84.4024819, 28.6697624], [84.4025034, 28.6699648], [84.4024873, 28.6701201], [84.4023049, 28.6703602], [84.4021761, 28.6705108], [84.4018435, 28.6706755], [84.4016558, 28.6707273], [84.4012266, 28.670845], [84.4010013, 28.6709156], [84.4007814, 28.6709956], [84.4000089, 28.6711791], [84.3996978, 28.6712309], [84.3993545, 28.6712403], [84.3989038, 28.671278], [84.3984532, 28.6713156], [84.3981957, 28.6713439], [84.3978363, 28.6714568], [84.3976432, 28.6715604], [84.3974286, 28.6716827], [84.3972838, 28.6718051], [84.397096, 28.6719887], [84.3968654, 28.6721393], [84.3965757, 28.6722852], [84.3964201, 28.6723605], [84.3960875, 28.672497], [84.395712, 28.6726241], [84.3953043, 28.67269], [84.3948805, 28.6727276], [84.3943602, 28.672737], [84.3939632, 28.6726617], [84.3937862, 28.6725864], [84.3937057, 28.672464], [84.3936145, 28.6723464], [84.3935502, 28.6722146], [84.3934751, 28.6720028], [84.3934643, 28.6716922], [84.3934697, 28.6714568], [84.3935233, 28.6712121], [84.393636, 28.671005], [84.3938076, 28.6708026], [84.3939257, 28.6707085], [84.3940598, 28.6706049], [84.3944246, 28.6703978], [84.3946499, 28.6703272], [84.3949717, 28.6702331], [84.3952936, 28.6701954], [84.3955779, 28.6701625], [84.3957549, 28.6701578], [84.3960071, 28.6701625], [84.3960607, 28.6701672], [84.396286, 28.6701813], [84.3966132, 28.6702001], [84.3969727, 28.6702331], [84.3972731, 28.670266], [84.3975681, 28.6702566], [84.3978631, 28.6702001], [84.3982011, 28.670186]]]}, "properties": {"external_id": "osm:way/855265589", "name": "", "name_ne": "", "area_km2": 0.164}}, {"type": "Feature", "geometry": {"type": "Polygon", "coordinates": [[[84.4096434, 28.6723087], [84.4096648, 28.6722617], [84.4096863, 28.6724594], [84.4096541, 28.6726382], [84.4096112, 28.6727323], [84.4095039, 28.6729018], [84.4094073, 28.67309], [84.4093322, 28.6732124], [84.4091606, 28.6733818], [84.4089031, 28.6735889], [84.4087529, 28.6736737], [84.4085705, 28.6737866], [84.4084525, 28.6738337], [84.4080662, 28.6738996], [84.4078302, 28.6739466], [84.4076263, 28.6739937], [84.4074439, 28.6740784], [84.407283, 28.674182], [84.4071757, 28.6743137], [84.4070953, 28.6744832], [84.4070041, 28.6746102], [84.4068914, 28.6747656], [84.4067305, 28.6748926], [84.4065213, 28.675015], [84.406414, 28.6750997], [84.4062638, 28.6752409], [84.406194, 28.6753209], [84.4061136, 28.6754151], [84.4059258, 28.6755233], [84.4057434, 28.6755939], [84.4054698, 28.6755939], [84.4052338, 28.6755798], [84.4051426, 28.6755657], [84.4048744, 28.6755704], [84.4045901, 28.6756174], [84.4044613, 28.6756457], [84.4043701, 28.6756974], [84.404295, 28.6757728], [84.404236, 28.6759516], [84.4041717, 28.6760598], [84.4041127, 28.6761775], [84.4040107, 28.6763046], [84.404059, 28.676474], [84.404059, 28.6766246], [84.4041073, 28.6767423], [84.4041073, 28.6768129], [84.4041073, 28.6768788], [84.4040858, 28.6769776], [84.404, 28.6770811], [84.4038873, 28.6772223], [84.4037371, 28.6773447], [84.4035387, 28.6774671], [84.403426, 28.6775424], [84.4032383, 28.6776506], [84.4030612, 28.67774], [84.4027233, 28.6778577], [84.402557, 28.6779142], [84.4023156, 28.6779471], [84.4020849, 28.6779471], [84.4018381, 28.6779377], [84.4015646, 28.677933], [84.4013607, 28.6779048], [84.4011569, 28.677853], [84.4008725, 28.6777542], [84.4006955, 28.6776224], [84.4005721, 28.677533], [84.400438, 28.6774294], [84.4001913, 28.6773353], [84.4000196, 28.6772553], [84.3998479, 28.6771988], [84.399569, 28.6770811], [84.3993115, 28.67702], [84.3990808, 28.676987], [84.3987911, 28.6769588], [84.3984961, 28.6769541], [84.3982654, 28.6769588], [84.3980026, 28.6769635], [84.3976807, 28.6769305], [84.3972355, 28.676827], [84.3970263, 28.6767611], [84.3965917, 28.6766011], [84.3962323, 28.6764599], [84.3959802, 28.6763281], [84.3958729, 28.6762387], [84.3956369, 28.6761257], [84.3954545, 28.6759375], [84.3953901, 28.6758292], [84.3953472, 28.6757163], [84.3953418, 28.675608], [84.3953847, 28.6754904], [84.3954384, 28.6753303], [84.3955028, 28.6752315], [84.3956852, 28.6750809], [84.3958139, 28.675015], [84.3959748, 28.6749774], [84.396184, 28.6749632], [84.3963503, 28.6749397], [84.3965005, 28.6749397], [84.3967527, 28.6749632], [84.3969512, 28.6749868], [84.3972569, 28.675015], [84.3974608, 28.6750762], [84.3976217, 28.6751468], [84.3978363, 28.6752268], [84.3980938, 28.6753115], [84.3983995, 28.6753774], [84.3985819, 28.6753727], [84.3988502, 28.675368], [84.3991291, 28.6753633], [84.3993759, 28.6753774], [84.3996495, 28.6754339], [84.3998158, 28.6754857], [84.4001001, 28.6756174], [84.4002771, 28.6757022], [84.4005614, 28.6757963], [84.4007653, 28.6758951], [84.4008725, 28.6759469], [84.4009316, 28.6760457], [84.400953, 28.676201], [84.4009798, 28.6762999], [84.4010496, 28.6764458], [84.4011837, 28.6765399], [84.4013285, 28.6766105], [84.4014734, 28.6766387], [84.4016182, 28.676667], [84.4018167, 28.6766717], [84.4020098, 28.6766623], [84.4022351, 28.6766387], [84.4024014, 28.6766293], [84.4028091, 28.6765352], [84.4029539, 28.6764928], [84.4030398, 28.6764505], [84.4031256, 28.6763516], [84.4032329, 28.6761446], [84.4033777, 28.6759892], [84.4035172, 28.6758292], [84.4036084, 28.6757069], [84.4037157, 28.6755563], [84.4038122, 28.6754339], [84.4040161, 28.6752127], [84.4040966, 28.6751609], [84.4042736, 28.6750574], [84.4043862, 28.6750197], [84.4046062, 28.6749868], [84.4047725, 28.6749726], [84.4049441, 28.6749538], [84.4051587, 28.6749115], [84.4053518, 28.6748691], [84.405502, 28.6747891], [84.4056952, 28.674582], [84.4058346, 28.6744079], [84.4060009, 28.6742102], [84.4061619, 28.6740031], [84.4062906, 28.6738007], [84.4064462, 28.673556], [84.4065374, 28.6733771], [84.4066232, 28.6731842], [84.4066822, 28.6729818], [84.4067305, 28.6727229], [84.4067895, 28.6726053], [84.4069182, 28.6725299], [84.4069826, 28.6725111], [84.4070684, 28.672497], [84.4072133, 28.6724641], [84.4073528, 28.6724076], [84.4074976, 28.6723276], [84.4076049, 28.6722146], [84.4076156, 28.6723605], [84.4096434, 28.6723087]]]}, "properties": {"external_id": "osm:way/855265592", "name": "", "name_ne": "", "area_km2": 0.221}}, {"type": "Feature", "geometry": {"type": "Polygon", "coordinates": [[[84.3820703, 28.7026715], [84.381566, 28.7026056], [84.3814051, 28.7024833], [84.3813085, 28.7023139], [84.3813407, 28.7020598], [84.3814587, 28.7018245], [84.3815768, 28.7016081], [84.3818343, 28.7013446], [84.3821561, 28.7008929], [84.3824673, 28.7006294], [84.3827891, 28.7004035], [84.3830573, 28.7002247], [84.3835831, 28.6996789], [84.3839157, 28.6994813], [84.3845808, 28.6992742], [84.3851495, 28.6991801], [84.3858468, 28.6990013], [84.386394, 28.6988225], [84.3870592, 28.6986437], [84.3877351, 28.6984178], [84.3882823, 28.6981637], [84.3889689, 28.6979002], [84.3896127, 28.697552], [84.3901062, 28.6970721], [84.3903315, 28.6968838], [84.3910503, 28.6964886], [84.391619, 28.6962627], [84.3920374, 28.6961968], [84.392488, 28.6961968], [84.3928957, 28.6964039], [84.3930781, 28.6965639], [84.3932605, 28.6969591], [84.3933034, 28.6971473], [84.3932819, 28.6974297], [84.3932712, 28.6979285], [84.393239, 28.6983049], [84.3931961, 28.6987566], [84.3930352, 28.6990484], [84.392842, 28.6993495], [84.3924773, 28.6996789], [84.3922949, 28.69982], [84.3918657, 28.6999518], [84.3914902, 28.6999894], [84.3908679, 28.699933], [84.3905568, 28.6999141], [84.3900204, 28.6999047], [84.3889153, 28.6999518], [84.3880892, 28.7000553], [84.387145, 28.7004411], [84.3864906, 28.7007517], [84.3859112, 28.7010717], [84.3854284, 28.7013446], [84.3850529, 28.701514], [84.384774, 28.7016175], [84.3842482, 28.7018151], [84.3836796, 28.7020221], [84.3833256, 28.7021633], [84.382875, 28.7023233], [84.3823492, 28.7025209], [84.3820703, 28.7026715]]]}, "properties": {"external_id": "osm:way/855270322", "name": "", "name_ne": "", "area_km2": 0.306}}, {"type": "Feature", "geometry": {"type": "Polygon", "coordinates": [[[84.3489075, 28.6941217], [84.3486285, 28.694117], [84.3483281, 28.6941075], [84.348017, 28.6940275], [84.347797, 28.6939475], [84.3477058, 28.6938581], [84.347679, 28.6937358], [84.3477058, 28.6936134], [84.347738, 28.6935193], [84.3478239, 28.6934158], [84.3482637, 28.6930911], [84.3485588, 28.6929217], [84.3491328, 28.6926629], [84.3495887, 28.6924982], [84.3501359, 28.6922959], [84.350388, 28.6922017], [84.3507904, 28.6921076], [84.3513751, 28.6920276], [84.3518633, 28.6919759], [84.3522227, 28.6919147], [84.3524694, 28.6918629], [84.3528449, 28.6917923], [84.3533277, 28.6916465], [84.3535906, 28.6915712], [84.3539607, 28.6914441], [84.3544328, 28.6912324], [84.3548512, 28.6910253], [84.3552804, 28.6908465], [84.3555754, 28.6905641], [84.3557846, 28.6903571], [84.3559563, 28.6901735], [84.3563104, 28.6899241], [84.3566269, 28.6896841], [84.3568897, 28.68951], [84.3571901, 28.6893218], [84.3575656, 28.6891006], [84.3578875, 28.6888936], [84.3580592, 28.6887947], [84.3583649, 28.68863], [84.3589175, 28.6883477], [84.3591535, 28.6883053], [84.3593627, 28.6882771], [84.359588, 28.6883053], [84.3597597, 28.6883759], [84.3597811, 28.6884465], [84.3597758, 28.6885359], [84.3596739, 28.6886912], [84.3594217, 28.6888747], [84.3592393, 28.6890065], [84.3589389, 28.6892747], [84.3588477, 28.6894206], [84.358778, 28.6895759], [84.3585688, 28.6898206], [84.3583435, 28.690023], [84.3580645, 28.690183], [84.357571, 28.6903194], [84.3572921, 28.6904135], [84.356938, 28.6905077], [84.3566698, 28.6906394], [84.3563479, 28.6908324], [84.3561011, 28.6910159], [84.3559134, 28.6911712], [84.355672, 28.6913688], [84.3555111, 28.6915053], [84.3554467, 28.6915947], [84.3553287, 28.69175], [84.3552482, 28.6919241], [84.355157, 28.6920417], [84.3548512, 28.692357], [84.3544865, 28.6926253], [84.354127, 28.6928558], [84.3537623, 28.6930346], [84.3534619, 28.693157], [84.3531132, 28.6932558], [84.3528342, 28.6933217], [84.352389, 28.693364], [84.3519276, 28.6934393], [84.3516165, 28.6934629], [84.3511981, 28.6935805], [84.3509674, 28.6936323], [84.3505812, 28.693684], [84.3502539, 28.6937217], [84.3499803, 28.6937876], [84.3498033, 28.6938581], [84.3495995, 28.6939287], [84.3492937, 28.694037], [84.3489075, 28.6941217]]]}, "properties": {"external_id": "osm:way/857334294", "name": "", "name_ne": "", "area_km2": 0.163}}, {"type": "Feature", "geometry": {"type": "Polygon", "coordinates": [[[84.348709, 28.6557967], [84.3490309, 28.6558249], [84.3494064, 28.6559002], [84.3497014, 28.6560132], [84.3500984, 28.6561921], [84.3505383, 28.6563898], [84.3507797, 28.6565169], [84.3510747, 28.6566204], [84.3513537, 28.6567475], [84.3517077, 28.6569688], [84.3519008, 28.6571288], [84.3523246, 28.6574019], [84.3525553, 28.6575666], [84.3529683, 28.6579055], [84.3531936, 28.6580938], [84.3535477, 28.6583622], [84.3537086, 28.6584798], [84.3539178, 28.6586211], [84.3541271, 28.6587058], [84.3544006, 28.6587529], [84.3546796, 28.6587717], [84.3551248, 28.6587387], [84.3555754, 28.6586116], [84.3559671, 28.6583763], [84.3562675, 28.658268], [84.356643, 28.6581033], [84.3571204, 28.6577926], [84.3573833, 28.6576325], [84.3578178, 28.6573642], [84.3581182, 28.6571194], [84.3583971, 28.6568276], [84.3587083, 28.6564839], [84.3589336, 28.6561968], [84.3590999, 28.6559661], [84.3593091, 28.6556743], [84.3595022, 28.6554295], [84.3596524, 28.6553024], [84.3598455, 28.6551612], [84.3600065, 28.6549917], [84.3601298, 28.6547846], [84.3601728, 28.6545727], [84.3601996, 28.6544221], [84.3602479, 28.6541396], [84.3602586, 28.6539984], [84.3603015, 28.6538619], [84.360323, 28.6536501], [84.3603659, 28.6534382], [84.3603981, 28.6532499], [84.3604678, 28.6530193], [84.3606555, 28.6528498], [84.3607414, 28.6527556], [84.3610632, 28.6524073], [84.3611813, 28.6522566], [84.3613529, 28.6520401], [84.3616211, 28.6517294], [84.3618786, 28.6514281], [84.3621361, 28.6511833], [84.3624687, 28.6509009], [84.3627262, 28.6507408], [84.3629837, 28.6506184], [84.3633699, 28.650383], [84.3636274, 28.6502324], [84.363842, 28.6500817], [84.3641102, 28.6499217], [84.3643785, 28.6497993], [84.364754, 28.6496486], [84.3649578, 28.6495639], [84.3653333, 28.6494321], [84.3656766, 28.6493191], [84.3660522, 28.6491779], [84.366256, 28.6491025], [84.3664491, 28.6490555], [84.3670285, 28.6489331], [84.3672216, 28.648886], [84.367522, 28.6487918], [84.3676829, 28.6487165], [84.3678439, 28.64866], [84.3680906, 28.6485659], [84.3682194, 28.6485282], [84.3683803, 28.6484811], [84.3686324, 28.6482787], [84.3689329, 28.6480621], [84.3690777, 28.6479727], [84.3692064, 28.6478926], [84.3693727, 28.6478266], [84.3695283, 28.6480103], [84.3692172, 28.6484152], [84.3689918, 28.6486977], [84.3687773, 28.6490461], [84.3686378, 28.6493568], [84.3684125, 28.6495357], [84.3681121, 28.6498464], [84.367919, 28.6501006], [84.3677688, 28.6503736], [84.3676293, 28.6507032], [84.3675113, 28.6509668], [84.3673289, 28.6512775], [84.3671036, 28.6517765], [84.3669641, 28.6520778], [84.3668354, 28.6524261], [84.3668032, 28.6527557], [84.3666637, 28.6529392], [84.3666101, 28.6526756], [84.3665564, 28.6527745], [84.3664706, 28.6529628], [84.3664008, 28.6531228], [84.3663043, 28.6533723], [84.3662775, 28.6535747], [84.3662828, 28.6539184], [84.3663365, 28.6541585], [84.3663687, 28.6544645], [84.3664116, 28.6546951], [84.3664008, 28.6549258], [84.3663257, 28.6551235], [84.3662131, 28.6552883], [84.3660629, 28.655486], [84.3657625, 28.6557402], [84.3655425, 28.6558861], [84.3653762, 28.6560226], [84.3651778, 28.6561921], [84.3649364, 28.6564463], [84.3647218, 28.6566816], [84.364475, 28.6569641], [84.3643195, 28.6572136], [84.3642122, 28.6574819], [84.3640673, 28.6577784], [84.36396, 28.6579997], [84.3638527, 28.6582162], [84.3637723, 28.658541], [84.3635577, 28.6589223], [84.3633163, 28.6592189], [84.3630856, 28.6595107], [84.3628764, 28.6596896], [84.3626082, 28.6599485], [84.3623507, 28.6601368], [84.3621093, 28.6603204], [84.3618357, 28.6604757], [84.3613422, 28.6607299], [84.3610847, 28.660857], [84.3608487, 28.6609982], [84.3605536, 28.6611724], [84.3602157, 28.6614312], [84.3598241, 28.6617466], [84.3596417, 28.6618831], [84.359411, 28.6620385], [84.3591052, 28.6622032], [84.3587941, 28.6623726], [84.3585956, 28.662542], [84.3583971, 28.6627303], [84.3582577, 28.6628527], [84.3581557, 28.6629327], [84.3579787, 28.6630363], [84.3578821, 28.663088], [84.3577319, 28.6632387], [84.3575871, 28.6634175], [84.3574476, 28.6636105], [84.3573886, 28.6637141], [84.3573242, 28.6638741], [84.3572867, 28.6640624], [84.3573082, 28.6641612], [84.3574101, 28.6642695], [84.3575013, 28.6642836], [84.3577588, 28.6643448], [84.3578768, 28.6643354], [84.3581504, 28.664246], [84.3584508, 28.664133], [84.3586493, 28.6640577], [84.3587673, 28.664053], [84.3588692, 28.6641001], [84.3589228, 28.6641377], [84.3589765, 28.6642036], [84.359116, 28.6644248], [84.3592125, 28.6646319], [84.3592608, 28.664872], [84.3592608, 28.6651074], [84.359234, 28.665305], [84.359234, 28.665611], [84.359234, 28.6658746], [84.3592393, 28.6660911], [84.3592554, 28.6662229], [84.3592769, 28.6666748], [84.3593627, 28.6671125], [84.3594593, 28.6675267], [84.3595719, 28.6678985], [84.3596363, 28.6681292], [84.3596524, 28.6683457], [84.3597114, 28.6685951], [84.3597275, 28.6687833], [84.35969, 28.6689951], [84.3596739, 28.6691787], [84.3596256, 28.669367], [84.359529, 28.6695505], [84.3593627, 28.6697294], [84.3592501, 28.6698518], [84.3590999, 28.6700306], [84.3590087, 28.6701859], [84.3589282, 28.6703507], [84.3587405, 28.670539], [84.3586546, 28.6705907], [84.3585688, 28.6706331], [84.3584347, 28.6707131], [84.3583006, 28.6707837], [84.358086, 28.6709155], [84.3579519, 28.6710002], [84.3577641, 28.6711179], [84.3575817, 28.6712214], [84.357394, 28.6713109], [84.3572813, 28.6714097], [84.3572062, 28.6715415], [84.3570936, 28.6717392], [84.3570024, 28.6719133], [84.3568951, 28.6720875], [84.3567503, 28.6721957], [84.3566054, 28.6723228], [84.3564177, 28.6724452], [84.3561065, 28.6726287], [84.3558437, 28.6727605], [84.3556345, 28.6728688], [84.3555379, 28.6729535], [84.355318, 28.6731088], [84.3551678, 28.6731935], [84.3550175, 28.6732876], [84.3547225, 28.6734853], [84.3545669, 28.6736077], [84.3544275, 28.6737536], [84.3542129, 28.6739372], [84.3540412, 28.6741019], [84.3539125, 28.6742713], [84.3538213, 28.674389], [84.3536604, 28.674615], [84.3534941, 28.6748362], [84.3532419, 28.6751045], [84.3530864, 28.6752692], [84.3529093, 28.675401], [84.3527162, 28.6755186], [84.3524748, 28.6756316], [84.352389, 28.6757399], [84.3523085, 28.6758669], [84.3522227, 28.6759846], [84.3521047, 28.6761305], [84.3520081, 28.6762529], [84.3518901, 28.6763705], [84.3516755, 28.6764882], [84.3514717, 28.6766106], [84.3512088, 28.6767423], [84.350946, 28.6768835], [84.350608, 28.6770059], [84.350372, 28.6770953], [84.350093, 28.6771659], [84.3498677, 28.6771941], [84.3495351, 28.6772318], [84.3492615, 28.6772836], [84.3490791, 28.6773777], [84.3489397, 28.677453], [84.3488163, 28.677566], [84.3486714, 28.6777542], [84.3486393, 28.6779048], [84.3485642, 28.6780742], [84.348473, 28.6782201], [84.3483335, 28.6784555], [84.3481833, 28.678672], [84.3480814, 28.6788414], [84.3480116, 28.6789685], [84.3479526, 28.6791661], [84.3478775, 28.6794297], [84.3478775, 28.6796132], [84.3478936, 28.6797591], [84.3478936, 28.6798862], [84.347899, 28.6799897], [84.3478936, 28.6801544], [84.347899, 28.680258], [84.3478936, 28.6803804], [84.3478453, 28.6805168], [84.3478024, 28.6806721], [84.3477702, 28.6808086], [84.3477809, 28.6809215], [84.3478131, 28.6810062], [84.3478882, 28.6810815], [84.3480277, 28.6811662], [84.3483013, 28.6812697], [84.3484569, 28.6813497], [84.3486017, 28.6814203], [84.3488002, 28.6814721], [84.3488699, 28.6814909], [84.3490309, 28.6815286], [84.3491381, 28.6815945], [84.3492937, 28.6817027], [84.34946, 28.6818204], [84.3495941, 28.6819474], [84.3497497, 28.6821074], [84.3497765, 28.6822675], [84.3497926, 28.6824322], [84.3497765, 28.6826392], [84.349739, 28.6828981], [84.3497121, 28.6830816], [84.3497121, 28.6832557], [84.3497819, 28.6834487], [84.3498463, 28.6835616], [84.3498677, 28.6838581], [84.3498623, 28.6840134], [84.3498355, 28.6841358], [84.3497282, 28.6842817], [84.3496317, 28.6843993], [84.3495566, 28.6844935], [84.3494707, 28.6846299], [84.34946, 28.684757], [84.3494922, 28.6848747], [84.3495888, 28.6850017], [84.3497121, 28.6851288], [84.3499106, 28.6852606], [84.3501037, 28.6853782], [84.3502164, 28.6854911], [84.3503022, 28.6856417], [84.3503398, 28.6857829], [84.3503666, 28.6859476], [84.3503237, 28.6860982], [84.350313, 28.6861829], [84.3501949, 28.6863288], [84.3500555, 28.6864841], [84.3498838, 28.6865924], [84.3497336, 28.6866677], [84.3495405, 28.6867665], [84.3491596, 28.6869594], [84.3490201, 28.6870394], [84.3488216, 28.6871241], [84.3486393, 28.6871947], [84.34843, 28.6872512], [84.3482637, 28.687303], [84.3481565, 28.6873453], [84.3480009, 28.6874112], [84.3478936, 28.6874818], [84.347797, 28.6875571], [84.3477327, 28.6876512], [84.3477219, 28.6877406], [84.3477219, 28.6878677], [84.3477434, 28.6879336], [84.3478185, 28.6880277], [84.3479204, 28.6881218], [84.3481672, 28.6882536], [84.3483549, 28.6883194], [84.3485802, 28.6883477], [84.3488377, 28.6883665], [84.3490094, 28.6883194], [84.3491811, 28.6882206], [84.3492991, 28.6881406], [84.3494332, 28.6880418], [84.3495941, 28.6879665], [84.3498033, 28.6878724], [84.3500662, 28.6877594], [84.3502647, 28.6876983], [84.3505222, 28.6875994], [84.3506992, 28.6874912], [84.3508762, 28.6873688], [84.3511552, 28.6871618], [84.3513376, 28.6870818], [84.3515199, 28.6870394], [84.3516755, 28.6870159], [84.351933, 28.6869971], [84.3521422, 28.6870018], [84.3523139, 28.6870394], [84.3525446, 28.6871147], [84.3527699, 28.6872418], [84.3528289, 28.6873265], [84.3528825, 28.6874488], [84.3528825, 28.6875383], [84.3528825, 28.6876512], [84.3528825, 28.6878159], [84.3528074, 28.6880512], [84.3526787, 28.6882583], [84.3525714, 28.6884465], [84.3525553, 28.6885642], [84.3525285, 28.6886394], [84.3523997, 28.6888042], [84.3523085, 28.6889171], [84.3522066, 28.6890442], [84.352051, 28.689223], [84.3518955, 28.689303], [84.3517828, 28.6892889], [84.3516702, 28.6892277], [84.3515843, 28.689143], [84.3514288, 28.6890442], [84.3511713, 28.6889971], [84.3510264, 28.6889689], [84.3508387, 28.6889595], [84.3506885, 28.688983], [84.3505919, 28.6890395], [84.3505007, 28.6891383], [84.3504524, 28.6892277], [84.3504149, 28.6893642], [84.3504202, 28.6894677], [84.3504202, 28.6896089], [84.3504578, 28.6897783], [84.3505544, 28.6899618], [84.3505973, 28.6900183], [84.3507046, 28.6901689], [84.3507636, 28.6902865], [84.3508065, 28.6904042], [84.3508118, 28.6904841], [84.3508226, 28.69063], [84.3507689, 28.6907383], [84.3507099, 28.6908183], [84.3506348, 28.6908653], [84.3503344, 28.6910065], [84.3502271, 28.6910771], [84.3500018, 28.6911288], [84.3496424, 28.6912088], [84.3493527, 28.6912888], [84.3490416, 28.6914535], [84.3489504, 28.6915853], [84.348886, 28.6917641], [84.3488216, 28.6919006], [84.3487036, 28.6920371], [84.3484891, 28.6921265], [84.3483067, 28.6921971], [84.3481243, 28.6923006], [84.347958, 28.6924323], [84.3477756, 28.6925782], [84.3476468, 28.692677], [84.3474323, 28.6927806], [84.3472016, 28.6928512], [84.3469226, 28.6929547], [84.3463969, 28.6930817], [84.3462145, 28.6930817], [84.3458712, 28.6931006], [84.3451738, 28.69327], [84.344734, 28.69327], [84.3444014, 28.69327], [84.3437576, 28.6932511], [84.3434787, 28.6932323], [84.342438, 28.6931853], [84.3419766, 28.6931759], [84.341526, 28.6931664], [84.3411291, 28.6931382], [84.3405819, 28.6930723], [84.3401527, 28.6929688], [84.3394661, 28.6928747], [84.3390906, 28.6928559], [84.3381786, 28.6929123], [84.3377066, 28.6929782], [84.3371701, 28.69311], [84.3367946, 28.693157], [84.3360972, 28.693157], [84.3355286, 28.6931194], [84.3345952, 28.6930629], [84.3344665, 28.6930064], [84.3342841, 28.6929217], [84.3337476, 28.6926959], [84.3333614, 28.6925547], [84.3329537, 28.6924512], [84.3324173, 28.6922818], [84.3316555, 28.6919335], [84.331044, 28.691783], [84.3305719, 28.6916794], [84.3300462, 28.6915477], [84.3294132, 28.6914253], [84.3291664, 28.6913218], [84.3289733, 28.6912559], [84.3287587, 28.6911053], [84.3285656, 28.6908983], [84.328469, 28.6907289], [84.3284261, 28.6904653], [84.328469, 28.6901924], [84.3286085, 28.6899759], [84.3288231, 28.6898442], [84.3293703, 28.6895242], [84.329617, 28.6893453], [84.3298852, 28.6890536], [84.3302393, 28.6885171], [84.330647, 28.6877642], [84.3308508, 28.6875383], [84.3312907, 28.6870488], [84.3319345, 28.6863241], [84.33231, 28.6859947], [84.3327069, 28.6857688], [84.3332005, 28.6856182], [84.3335545, 28.6853359], [84.3338764, 28.6852417], [84.3345952, 28.6850064], [84.3349385, 28.68495], [84.3352711, 28.6849217], [84.3358719, 28.6849217], [84.3361187, 28.6848652], [84.3363655, 28.6846582], [84.3364835, 28.6845735], [84.336623, 28.6844417], [84.3366981, 28.6842911], [84.3367195, 28.684197], [84.3367302, 28.6839899], [84.3366766, 28.6838581], [84.3365479, 28.6836605], [84.3362689, 28.6834722], [84.3359149, 28.6832087], [84.3356466, 28.6830957], [84.3352926, 28.6829451], [84.3350995, 28.6828322], [84.3347883, 28.682531], [84.3347347, 28.682258], [84.3347991, 28.6821827], [84.3349171, 28.681938], [84.3350565, 28.6815898], [84.3351316, 28.6814109], [84.3354213, 28.6809968], [84.3355823, 28.6808086], [84.3357754, 28.6805639], [84.3360436, 28.6803003], [84.3363655, 28.6800462], [84.3365479, 28.6798768], [84.3367195, 28.6796979], [84.3369126, 28.6795756], [84.3371165, 28.6794062], [84.3372345, 28.6792838], [84.3373525, 28.679152], [84.3375671, 28.6789543], [84.338007, 28.6787943], [84.3384683, 28.6785778], [84.3390584, 28.678286], [84.3395197, 28.6781166], [84.3398309, 28.6779566], [84.3401313, 28.6778154], [84.3404853, 28.677646], [84.3408608, 28.6775424], [84.3412364, 28.6774577], [84.3417192, 28.6774012], [84.3419552, 28.677373], [84.3422234, 28.6773542], [84.3425453, 28.6773165], [84.3430388, 28.6772506], [84.3432748, 28.6772036], [84.3434358, 28.6771], [84.3436396, 28.6768365], [84.3437362, 28.676667], [84.3437791, 28.6764223], [84.3438327, 28.6760834], [84.3439347, 28.6758669], [84.344042, 28.6756693], [84.3441117, 28.6755516], [84.3441439, 28.6754292], [84.3441814, 28.6752551], [84.3442136, 28.675048], [84.3442458, 28.6749397], [84.3443155, 28.6747844], [84.3443745, 28.6746385], [84.3444228, 28.6745538], [84.3444872, 28.6743278], [84.3445247, 28.6742101], [84.3445569, 28.6739466], [84.3446052, 28.673796], [84.3447018, 28.6736265], [84.3449378, 28.6734147], [84.3450666, 28.6733488], [84.3452436, 28.6732782], [84.3454421, 28.6732359], [84.3455976, 28.6731464], [84.3457425, 28.6729958], [84.3459517, 28.6727464], [84.3461502, 28.6725205], [84.3463111, 28.6721863], [84.3464452, 28.6718098], [84.3463433, 28.6714473], [84.3463165, 28.6712873], [84.3463165, 28.671132], [84.346354, 28.670972], [84.3465203, 28.6707131], [84.3466383, 28.6705813], [84.3467993, 28.6704542], [84.346869, 28.6703554], [84.3469119, 28.6702142], [84.3469334, 28.6699977], [84.3469334, 28.6698329], [84.3469387, 28.6696964], [84.3469495, 28.6694752], [84.3469656, 28.6691222], [84.3470031, 28.6689292], [84.3470997, 28.6687739], [84.3473572, 28.6686374], [84.3474644, 28.6685716], [84.3477058, 28.6684351], [84.3480116, 28.6683033], [84.3482906, 28.6681668], [84.3484944, 28.6680303], [84.3487197, 28.6679033], [84.3490523, 28.6676726], [84.3493581, 28.6675361], [84.3495083, 28.6674655], [84.3496853, 28.6674137], [84.3498302, 28.6673667], [84.3501949, 28.6672161], [84.3503505, 28.6671596], [84.3505329, 28.6670607], [84.3509084, 28.6668772], [84.3510908, 28.6668018], [84.3512571, 28.6667501], [84.3514341, 28.6666512], [84.351638, 28.6664912], [84.351874, 28.6663594], [84.3520457, 28.6662135], [84.3522549, 28.6658887], [84.3523192, 28.6656392], [84.3523783, 28.6653003], [84.3523622, 28.6650462], [84.3523675, 28.6648438], [84.3523836, 28.6645613], [84.3524158, 28.6643825], [84.3524802, 28.6641518], [84.3525338, 28.66402], [84.3525821, 28.6639118], [84.3526626, 28.6637659], [84.3527377, 28.6636105], [84.3527913, 28.6634034], [84.3529254, 28.6631634], [84.352963, 28.6629939], [84.3529791, 28.6628244], [84.3529576, 28.6626927], [84.3528503, 28.6625609], [84.3527001, 28.6624291], [84.3526036, 28.6623679], [84.352448, 28.6623068], [84.3522656, 28.662222], [84.3519116, 28.6621514], [84.3517399, 28.6621044], [84.3515897, 28.6620667], [84.3514609, 28.6620338], [84.3513537, 28.6619773], [84.3512142, 28.6619208], [84.3507636, 28.6620385], [84.3502915, 28.6621703], [84.349798, 28.6622456], [84.3491435, 28.6622456], [84.348371, 28.6622832], [84.3474162, 28.6622927], [84.3468046, 28.6622173], [84.3462896, 28.6620196], [84.3459892, 28.6619161], [84.3452597, 28.6615678], [84.3445408, 28.6609182], [84.3444443, 28.6608052], [84.3440902, 28.6605134], [84.3436718, 28.6603345], [84.3427491, 28.6599391], [84.342556, 28.6597602], [84.3422771, 28.6593366], [84.3424594, 28.6588752], [84.3433607, 28.6584328], [84.34394, 28.6583198], [84.3447554, 28.6581786], [84.3454635, 28.6580656], [84.3461287, 28.6578585], [84.3466544, 28.6577926], [84.3472874, 28.6575572], [84.3474269, 28.657416], [84.347502, 28.6570959], [84.3475342, 28.6567005], [84.3477273, 28.6563521], [84.3480492, 28.6558814], [84.3483174, 28.6557308], [84.348709, 28.6557967]]]}, "properties": {"external_id": "osm:way/857334295", "name": "", "name_ne": "", "area_km2": 5.638}}, {"type": "Feature", "geometry": {"type": "Polygon", "coordinates": [[[84.5392142, 28.5989735], [84.5343103, 28.5989689], [84.5342947, 28.5951326], [84.5345271, 28.5952142], [84.5348918, 28.5953366], [84.5354605, 28.5955439], [84.5358467, 28.5956852], [84.5362329, 28.5958641], [84.5364582, 28.5960997], [84.5367479, 28.5964859], [84.5370483, 28.5967308], [84.5374882, 28.5969757], [84.5379388, 28.5971641], [84.5381963, 28.5973243], [84.5384323, 28.5975409], [84.5385611, 28.5978424], [84.5385933, 28.5982097], [84.5388186, 28.5986807], [84.5389902, 28.598888], [84.539237, 28.5989822], [84.5392142, 28.5989735]]]}, "properties": {"external_id": "osm:way/997080663", "name": "", "name_ne": "", "area_km2": 0.129}}, {"type": "Feature", "geometry": {"type": "Polygon", "coordinates": [[[84.3410003, 28.6692588], [84.3408501, 28.6686563], [84.3410432, 28.6679974], [84.3412363, 28.6678844], [84.3420088, 28.6679409], [84.3426096, 28.668148], [84.3429744, 28.6683362], [84.3437469, 28.6685998], [84.344455, 28.6686375], [84.3453133, 28.6685245], [84.3456566, 28.6685622], [84.3453991, 28.6689764], [84.3449914, 28.6691458], [84.3443262, 28.6691835], [84.3438541, 28.6691835], [84.3432104, 28.6692399], [84.3423092, 28.6692776], [84.34188, 28.6694094], [84.341644, 28.6696918], [84.3414723, 28.6701625], [84.3414509, 28.670652], [84.3411934, 28.6713862], [84.3409359, 28.6717251], [84.3399703, 28.6724405], [84.3395197, 28.6727794], [84.339112, 28.6733065], [84.3385541, 28.6741349], [84.3383824, 28.674662], [84.3381679, 28.6751703], [84.3376529, 28.6758292], [84.3370521, 28.6763563], [84.3364083, 28.6766575], [84.3356788, 28.6768458], [84.3348848, 28.6768458], [84.3343913, 28.6766952], [84.334048, 28.6763187], [84.334284, 28.6758292], [84.3346488, 28.6753586], [84.3351423, 28.6749444], [84.3356144, 28.6746808], [84.3360006, 28.6739654], [84.336065, 28.6735324], [84.3366229, 28.6730053], [84.3370521, 28.672817], [84.33761, 28.6721393], [84.3384039, 28.6714615], [84.339112, 28.6706896], [84.3395197, 28.6703131], [84.3399703, 28.6700119], [84.3403351, 28.6697483], [84.3410003, 28.6692588]]]}, "properties": {"external_id": "osm:way/1017180727", "name": "", "name_ne": "", "area_km2": 0.256}}, {"type": "Feature", "geometry": {"type": "Polygon", "coordinates": [[[84.317311, 28.6126118], [84.3168604, 28.6124799], [84.316678, 28.6123386], [84.3167424, 28.6119148], [84.3171286, 28.611604], [84.3174183, 28.6114533], [84.3177724, 28.6111236], [84.3180621, 28.6107657], [84.3183625, 28.6103324], [84.3186629, 28.609918], [84.3192422, 28.6095413], [84.3197036, 28.6093811], [84.3200362, 28.6093623], [84.3206906, 28.6093811], [84.3213665, 28.6095224], [84.3216133, 28.6096731], [84.3217528, 28.6098992], [84.3217528, 28.6104737], [84.3215918, 28.6110577], [84.3214631, 28.6113402], [84.3211305, 28.6117829], [84.3207765, 28.6121597], [84.32024, 28.6125082], [84.319725, 28.612819], [84.31921, 28.6130356], [84.3187916, 28.6130639], [84.3183303, 28.6130168], [84.3179333, 28.6129037], [84.3175256, 28.612753], [84.317311, 28.6126118]]]}, "properties": {"external_id": "osm:way/1017812622", "name": "", "name_ne": "", "area_km2": 0.132}}, {"type": "Feature", "geometry": {"type": "Polygon", "coordinates": [[[84.3215705, 28.6133182], [84.3216456, 28.6130262], [84.3218494, 28.6124423], [84.321946, 28.6121409], [84.3219996, 28.6117547], [84.3219996, 28.611491], [84.3222142, 28.6110483], [84.3226112, 28.610728], [84.322815, 28.610502], [84.3231476, 28.6101158], [84.3232978, 28.6098427], [84.3233836, 28.6096731], [84.3236626, 28.609513], [84.3242205, 28.6093717], [84.324714, 28.6094471], [84.3251324, 28.6097014], [84.3253685, 28.6100405], [84.3255938, 28.6105491], [84.3259693, 28.6112555], [84.326216, 28.6116982], [84.3264306, 28.6119242], [84.3266988, 28.6121503], [84.3271709, 28.6124234], [84.3276752, 28.6125364], [84.3282438, 28.6125741], [84.3286086, 28.6126966], [84.3288983, 28.6129603], [84.3291343, 28.6133464], [84.3292952, 28.6136855], [84.3295527, 28.6139681], [84.3300248, 28.6141376], [84.3305076, 28.6142129], [84.331044, 28.6141658], [84.3319238, 28.6140905], [84.3327606, 28.61426], [84.3332005, 28.6144955], [84.3335009, 28.6148534], [84.3334795, 28.6152019], [84.3331576, 28.6155033], [84.3326426, 28.6156257], [84.3319989, 28.6157387], [84.3315375, 28.6157858], [84.3308831, 28.6157764], [84.3307007, 28.6156822], [84.3303574, 28.6155127], [84.3301321, 28.6155127], [84.3298638, 28.6156539], [84.3296922, 28.6159648], [84.3296064, 28.6162944], [84.3294562, 28.6165864], [84.3293381, 28.6166805], [84.329027, 28.6168595], [84.3288768, 28.6170761], [84.3287051, 28.6174246], [84.328512, 28.6176129], [84.3279863, 28.6177825], [84.3274069, 28.6178672], [84.3268383, 28.6179802], [84.3264414, 28.6180744], [84.3260658, 28.6180933], [84.325744, 28.6181592], [84.3252183, 28.6181969], [84.3249393, 28.6182345], [84.3245316, 28.618244], [84.3242849, 28.6181969], [84.3239523, 28.6180556], [84.3235982, 28.6177825], [84.3234695, 28.6174717], [84.3235338, 28.6172456], [84.3237162, 28.6169631], [84.3239844, 28.6165487], [84.3242419, 28.616106], [84.3243921, 28.6158141], [84.3244351, 28.615475], [84.3243921, 28.6150794], [84.3244672, 28.6148251], [84.3243385, 28.6144767], [84.3242849, 28.6142412], [84.3241561, 28.6139398], [84.3239952, 28.6137891], [84.3236733, 28.6136667], [84.3233944, 28.613629], [84.3229867, 28.6136572], [84.3227614, 28.613742], [84.3227292, 28.6139021], [84.3229974, 28.6141187], [84.3232442, 28.6142883], [84.3233944, 28.6145143], [84.3235124, 28.6147404], [84.3235231, 28.6149193], [84.3234051, 28.6153055], [84.3228901, 28.6156634], [84.3225146, 28.6157858], [84.3221498, 28.6158141], [84.3217528, 28.6157575], [84.3213452, 28.615701], [84.3209589, 28.6156163], [84.3206478, 28.6154656], [84.3202937, 28.6152019], [84.3202401, 28.6149099], [84.3203581, 28.6146179], [84.3206478, 28.6143636], [84.3209267, 28.6142412], [84.3212164, 28.6139681], [84.3213881, 28.6136949], [84.3215705, 28.6133182]]]}, "properties": {"external_id": "osm:way/1017812623", "name": "", "name_ne": "", "area_km2": 0.57}}, {"type": "Feature", "geometry": {"type": "Polygon", "coordinates": [[[84.3049353, 28.6218322], [84.3046296, 28.6217097], [84.3043077, 28.6217239], [84.3042832, 28.6217319], [84.3041629, 28.621771], [84.3041074, 28.6218256], [84.3040287, 28.6219028], [84.3038678, 28.6220629], [84.3035835, 28.6222042], [84.3033528, 28.6222371], [84.3029451, 28.6222607], [84.3026501, 28.622256], [84.302398, 28.6222465], [84.3021887, 28.6222089], [84.3019473, 28.62211], [84.3018186, 28.6220158], [84.3017328, 28.6219358], [84.3015557, 28.6218416], [84.301368, 28.6217898], [84.3011212, 28.6217898], [84.3008423, 28.6217898], [84.3006062, 28.6217945], [84.3003648, 28.6218227], [84.3001342, 28.6218463], [84.2998767, 28.6218039], [84.2996246, 28.6216721], [84.2995709, 28.6215214], [84.2996031, 28.6213472], [84.2997801, 28.6212247], [84.3001288, 28.6211494], [84.3004185, 28.6211494], [84.3007404, 28.6210646], [84.3011641, 28.6209328], [84.3014806, 28.6208574], [84.3021887, 28.6207444], [84.3024623, 28.620702], [84.3037283, 28.6205513], [84.3042701, 28.6204948], [84.3049139, 28.6204148], [84.3053055, 28.6203865], [84.3061316, 28.6204195], [84.306609, 28.620476], [84.3071938, 28.6206926], [84.3077034, 28.6208763], [84.3081218, 28.6210222], [84.308508, 28.6212059], [84.3088353, 28.6215214], [84.3090123, 28.6216297], [84.3094039, 28.6218322], [84.3095809, 28.6219876], [84.3098974, 28.6222136], [84.3101549, 28.622449], [84.3104178, 28.622628], [84.3108147, 28.6228116], [84.3112117, 28.6229293], [84.3117803, 28.6230471], [84.3123007, 28.6232166], [84.3125099, 28.6232966], [84.3127942, 28.623485], [84.3130517, 28.6237157], [84.3132126, 28.6238334], [84.313674, 28.62405], [84.3140066, 28.6242007], [84.3143392, 28.6243184], [84.3146986, 28.6244785], [84.3151706, 28.6247516], [84.315412, 28.6249164], [84.31575, 28.625133], [84.3159699, 28.6253544], [84.3160826, 28.6255097], [84.3162972, 28.6257876], [84.3165708, 28.6260089], [84.3168282, 28.6261313], [84.317252, 28.6262302], [84.3175471, 28.6263338], [84.3178582, 28.6264892], [84.3183625, 28.6266916], [84.3186575, 28.6267858], [84.3190974, 28.6269553], [84.319489, 28.6270872], [84.3197519, 28.6272708], [84.3199396, 28.6274544], [84.3202293, 28.6276381], [84.3204921, 28.6278076], [84.3206799, 28.6280053], [84.320814, 28.6282596], [84.3209106, 28.6285092], [84.3209052, 28.6286787], [84.3208247, 28.6288435], [84.3207174, 28.6290036], [84.3204814, 28.6291966], [84.3200684, 28.6293002], [84.319827, 28.6293614], [84.3195587, 28.6294226], [84.3194246, 28.6294697], [84.319312, 28.6295733], [84.3192154, 28.6297569], [84.3191779, 28.6300394], [84.3191403, 28.6302372], [84.319092, 28.6305103], [84.3190223, 28.6306939], [84.3189418, 28.6309011], [84.3188399, 28.6310941], [84.3187541, 28.6312825], [84.3187272, 28.6315556], [84.3187487, 28.6318287], [84.318797, 28.6322289], [84.3189418, 28.6324455], [84.3191618, 28.6326809], [84.319312, 28.6329163], [84.3194836, 28.6332082], [84.3196821, 28.6336273], [84.3197411, 28.6338674], [84.3199396, 28.6342488], [84.3200952, 28.6346301], [84.3200415, 28.6349126], [84.3199772, 28.6351622], [84.3198377, 28.6353552], [84.3196607, 28.6355953], [84.3195265, 28.6357648], [84.3192583, 28.6358119], [84.3159431, 28.6346819], [84.3162489, 28.6345266], [84.3164635, 28.6343288], [84.3166459, 28.6342017], [84.3168497, 28.6340651], [84.3170106, 28.6339239], [84.3171662, 28.6338297], [84.3173003, 28.6337309], [84.3174291, 28.6335755], [84.3175471, 28.6334295], [84.3176061, 28.6333306], [84.3177026, 28.6331753], [84.3177831, 28.6329587], [84.3177992, 28.6327656], [84.3177134, 28.6326197], [84.3175203, 28.6324784], [84.3172306, 28.6323372], [84.3170536, 28.6321865], [84.3169838, 28.6320264], [84.3168175, 28.6312731], [84.3167746, 28.6308776], [84.3166995, 28.6305809], [84.3165493, 28.6301619], [84.3163508, 28.6298464], [84.3160558, 28.629545], [84.3158144, 28.6293143], [84.3154764, 28.6290177], [84.3149883, 28.6287352], [84.3146878, 28.6284338], [84.3143445, 28.6280053], [84.3140495, 28.6276899], [84.3138188, 28.6274356], [84.3134111, 28.6270259], [84.3131751, 28.626767], [84.3131322, 28.6266634], [84.3131375, 28.6264986], [84.313218, 28.6262349], [84.3133414, 28.6260842], [84.3134004, 28.62599], [84.3134379, 28.6258912], [84.3133038, 28.6255851], [84.3130517, 28.6253873], [84.3126923, 28.625199], [84.3124241, 28.6250671], [84.3121558, 28.6249259], [84.3118715, 28.624794], [84.3113941, 28.6246292], [84.3109757, 28.6243702], [84.3107343, 28.624116], [84.310466, 28.6239559], [84.3101817, 28.6238428], [84.309876, 28.6236875], [84.3095058, 28.6235085], [84.3091947, 28.6233343], [84.3086851, 28.6230753], [84.3084061, 28.6229293], [84.3081111, 28.6227269], [84.3076497, 28.6225197], [84.3073761, 28.6222183], [84.307183, 28.6220864], [84.3069631, 28.621997], [84.3067431, 28.621997], [84.3063945, 28.6220111], [84.3061584, 28.6220864], [84.3059385, 28.6220959], [84.3055844, 28.6220959], [84.3053055, 28.6220017], [84.3049353, 28.6218322]]]}, "properties": {"external_id": "osm:way/1017812624", "name": "", "name_ne": "", "area_km2": 0.623}}, {"type": "Feature", "geometry": {"type": "Polygon", "coordinates": [[[84.3378031, 28.6186583], [84.3377924, 28.6182439], [84.3378246, 28.6178766], [84.3379211, 28.6175847], [84.3379319, 28.6173775], [84.3380391, 28.6170761], [84.3382001, 28.6168406], [84.3385649, 28.6167276], [84.3390691, 28.6167182], [84.3394446, 28.6168312], [84.339906, 28.6170102], [84.3401742, 28.6171797], [84.340539, 28.6176506], [84.3406141, 28.6180556], [84.3405175, 28.6185642], [84.3403137, 28.6188938], [84.3401205, 28.6193176], [84.3400454, 28.6197697], [84.3401205, 28.6201652], [84.3401742, 28.6205325], [84.3403029, 28.6210411], [84.3403995, 28.6214084], [84.3404424, 28.621738], [84.3406141, 28.6223031], [84.3405712, 28.6225856], [84.3402815, 28.6226798], [84.3398845, 28.6226421], [84.3394661, 28.6224632], [84.3391979, 28.6222089], [84.3390262, 28.6218322], [84.3387473, 28.6212671], [84.338479, 28.6208621], [84.3382645, 28.6204572], [84.3380391, 28.6199486], [84.3379855, 28.6195907], [84.3379211, 28.6192988], [84.337846, 28.6189785], [84.3378031, 28.6186583]]]}, "properties": {"external_id": "osm:way/1017812625", "name": "", "name_ne": "", "area_km2": 0.129}}, {"type": "Feature", "geometry": {"type": "Polygon", "coordinates": [[[84.3428296, 28.6229293], [84.3424273, 28.6227786], [84.3421322, 28.6226232], [84.3420088, 28.6224584], [84.3419767, 28.6222418], [84.3420732, 28.6217521], [84.3420947, 28.6214366], [84.3421, 28.6211164], [84.3422181, 28.6208574], [84.3424541, 28.6206502], [84.3426901, 28.6205419], [84.3430603, 28.6203582], [84.3432641, 28.6202358], [84.3436343, 28.6201134], [84.3440956, 28.6200851], [84.3445033, 28.6201181], [84.3451524, 28.6201981], [84.3454957, 28.6202593], [84.3459088, 28.6203347], [84.3463218, 28.620443], [84.3467403, 28.6204336], [84.3470728, 28.6204807], [84.3474376, 28.6206926], [84.3477702, 28.621107], [84.3480063, 28.6215025], [84.3482316, 28.6218039], [84.3485749, 28.6220205], [84.3490523, 28.6221853], [84.3494707, 28.6222889], [84.3497068, 28.622416], [84.3498838, 28.622562], [84.3501306, 28.6227598], [84.3503773, 28.6229434], [84.3507958, 28.6231977], [84.3511927, 28.623339], [84.3515468, 28.6235085], [84.3518847, 28.623565], [84.3521583, 28.6235603], [84.3524534, 28.6235132], [84.3528289, 28.6234049], [84.3530488, 28.6232071], [84.3533009, 28.6230753], [84.3535048, 28.6229434], [84.3537033, 28.6228634], [84.3538803, 28.6227974], [84.3540841, 28.622708], [84.3544167, 28.6226609], [84.3547225, 28.6226797], [84.3549264, 28.6227551], [84.3550551, 28.6229199], [84.3550068, 28.62308], [84.3547547, 28.6232919], [84.3545723, 28.6234002], [84.3541861, 28.6237015], [84.3537623, 28.6239229], [84.3532527, 28.6242101], [84.3527806, 28.6244361], [84.3523139, 28.6246386], [84.3518633, 28.6248128], [84.3515682, 28.6248505], [84.3511391, 28.6248458], [84.3506724, 28.6247798], [84.3503344, 28.6246527], [84.3500233, 28.6244832], [84.3495512, 28.6243184], [84.3491328, 28.6242195], [84.348591, 28.6240264], [84.3479955, 28.6238663], [84.3476844, 28.6237863], [84.3474645, 28.6237722], [84.3468636, 28.6237157], [84.3463111, 28.6237157], [84.3459517, 28.6236874], [84.3452919, 28.6234896], [84.3449324, 28.6234049], [84.3440741, 28.6232165], [84.3436825, 28.6231365], [84.3432856, 28.6230706], [84.3428296, 28.6229293]]]}, "properties": {"external_id": "osm:way/1017812626", "name": "", "name_ne": "", "area_km2": 0.301}}, {"type": "Feature", "geometry": {"type": "Polygon", "coordinates": [[[84.3227398, 28.630854], [84.3226808, 28.6308163], [84.3224984, 28.6307504], [84.3223751, 28.630741], [84.3220371, 28.6307175], [84.3217742, 28.6306798], [84.3215114, 28.6306233], [84.3213451, 28.6305197], [84.3213022, 28.6304067], [84.3213236, 28.6302278], [84.3213826, 28.6301007], [84.3214846, 28.6300253], [84.3216938, 28.6300112], [84.3218976, 28.6300112], [84.3221927, 28.6300536], [84.322359, 28.630063], [84.3225735, 28.6300489], [84.3227988, 28.6300065], [84.3230134, 28.6299735], [84.3233406, 28.6299123], [84.3236457, 28.6298121], [84.3238771, 28.6295921], [84.3239629, 28.6294132], [84.3240809, 28.6289424], [84.324156, 28.6286128], [84.3244994, 28.6282643], [84.3246388, 28.6282078], [84.3248427, 28.628076], [84.3251109, 28.6274262], [84.3251109, 28.6269553], [84.3250143, 28.6263997], [84.3249714, 28.6258912], [84.3250143, 28.625505], [84.3250358, 28.625053], [84.3250358, 28.6246575], [84.325068, 28.6242337], [84.3252933, 28.6237345], [84.3256795, 28.6232731], [84.3260872, 28.6230941], [84.3266451, 28.622934], [84.3272567, 28.6228116], [84.3275785, 28.6227363], [84.3279433, 28.6226421], [84.3284798, 28.6224161], [84.3288124, 28.6221147], [84.3291342, 28.6217097], [84.329617, 28.621107], [84.3303144, 28.6205137], [84.330765, 28.6202876], [84.3312371, 28.6201935], [84.3316233, 28.6200051], [84.3320954, 28.6194494], [84.332428, 28.6189785], [84.3329215, 28.6188749], [84.3336832, 28.618696], [84.3341231, 28.6187713], [84.3344021, 28.6189785], [84.3345523, 28.61944], [84.3345952, 28.6198733], [84.3346059, 28.6207585], [84.3347025, 28.6213236], [84.3347776, 28.6216909], [84.3349063, 28.6223125], [84.335196, 28.6230282], [84.335593, 28.6236498], [84.3357861, 28.6239794], [84.336108, 28.624535], [84.3362367, 28.6248835], [84.3362367, 28.6252884], [84.3361294, 28.6257311], [84.3358612, 28.6261454], [84.3352818, 28.6266069], [84.334681, 28.627219], [84.3344772, 28.6275674], [84.3346381, 28.6278594], [84.3348527, 28.6280006], [84.3352175, 28.6279912], [84.3354428, 28.6279724], [84.3359363, 28.6279441], [84.336065, 28.6280383], [84.3361133, 28.628156], [84.3362153, 28.6284903], [84.3361187, 28.6286598], [84.3359953, 28.628787], [84.3357861, 28.6288482], [84.3356359, 28.6288623], [84.3351477, 28.6288435], [84.3349653, 28.6289], [84.3348795, 28.6290271], [84.3349063, 28.6292013], [84.3351102, 28.6294415], [84.3353516, 28.6295498], [84.3354213, 28.6296533], [84.3355286, 28.6298888], [84.3355125, 28.6300112], [84.335432, 28.6302843], [84.3353999, 28.6305621], [84.335475, 28.6308823], [84.335652, 28.6312024], [84.3357646, 28.6314567], [84.3358666, 28.631824], [84.3358612, 28.6320829], [84.3357325, 28.6322336], [84.3354803, 28.6322901], [84.3350351, 28.6321771], [84.3347132, 28.6319605], [84.334386, 28.631937], [84.3342572, 28.6320641], [84.3341392, 28.6321865], [84.3338871, 28.6322854], [84.3337262, 28.632356], [84.3336725, 28.6324643], [84.3336403, 28.6326762], [84.3336511, 28.632954], [84.3335009, 28.6331329], [84.3333077, 28.6331659], [84.3330717, 28.6330905], [84.3329805, 28.6330199], [84.3328679, 28.6328127], [84.3327981, 28.6324737], [84.3326694, 28.6322995], [84.3324548, 28.6319935], [84.3322617, 28.6317722], [84.3321329, 28.6316403], [84.3319505, 28.6314614], [84.3318325, 28.6312354], [84.3317735, 28.6309906], [84.3317467, 28.6306939], [84.3317199, 28.6304679], [84.3316823, 28.6300489], [84.3316984, 28.6296769], [84.3317896, 28.6294132], [84.3318272, 28.6291731], [84.331854, 28.6288199], [84.3318701, 28.6284385], [84.3318808, 28.628189], [84.3318218, 28.6278641], [84.3316823, 28.6276899], [84.3314356, 28.627591], [84.3312103, 28.6275816], [84.3308777, 28.6277275], [84.3306792, 28.6278641], [84.3304217, 28.6281183], [84.3299013, 28.6284809], [84.3294132, 28.6289423], [84.3291289, 28.6291119], [84.3287802, 28.6292625], [84.3284476, 28.6293661], [84.3279755, 28.6297428], [84.3275356, 28.6301948], [84.3271387, 28.6305338], [84.3267631, 28.6308823], [84.3261516, 28.6313154], [84.3255186, 28.6315603], [84.3250358, 28.6317298], [84.3245208, 28.6317204], [84.3242097, 28.6316262], [84.3237698, 28.6315226], [84.3234587, 28.6314002], [84.3230724, 28.6312495], [84.3228471, 28.6311083], [84.3227398, 28.630854]]]}, "properties": {"external_id": "osm:way/1017812628", "name": "", "name_ne": "", "area_km2": 1.139}}, {"type": "Feature", "geometry": {"type": "Polygon", "coordinates": [[[84.3266022, 28.6379259], [84.3262589, 28.6375493], [84.3261409, 28.6371349], [84.3261301, 28.6367112], [84.3261087, 28.6362121], [84.3261194, 28.6358731], [84.326098, 28.6355624], [84.3259907, 28.6351292], [84.3261945, 28.6347432], [84.3265593, 28.6343382], [84.3269563, 28.6341028], [84.327321, 28.6338203], [84.3275034, 28.6336414], [84.3278789, 28.6332365], [84.3280613, 28.6328127], [84.3281042, 28.6324831], [84.3279648, 28.6320876], [84.3278682, 28.631824], [84.3279755, 28.6314002], [84.3282759, 28.6311083], [84.3288016, 28.63108], [84.3291235, 28.6311554], [84.3298745, 28.6311554], [84.3301535, 28.6309011], [84.3302929, 28.6306186], [84.330529, 28.6303643], [84.3309581, 28.6304114], [84.3310654, 28.6306374], [84.3310654, 28.6310141], [84.3310761, 28.6315509], [84.3312585, 28.6321818], [84.3315053, 28.6326903], [84.331795, 28.6332271], [84.3319774, 28.6335001], [84.3321705, 28.6338768], [84.3322885, 28.6344418], [84.3323958, 28.6349691], [84.3326104, 28.635214], [84.3329108, 28.6354117], [84.3334901, 28.6354588], [84.3341339, 28.6354117], [84.3353355, 28.6353364], [84.3360221, 28.6351198], [84.3366122, 28.6350351], [84.3369126, 28.6350445], [84.3370843, 28.6352611], [84.337213, 28.6356471], [84.3372023, 28.6360615], [84.3367731, 28.6363722], [84.3363011, 28.6364287], [84.3357754, 28.6364758], [84.3352711, 28.636504], [84.3348634, 28.636504], [84.3344128, 28.6365135], [84.3340695, 28.6364852], [84.3333185, 28.6363722], [84.3325353, 28.6363816], [84.3318272, 28.636504], [84.3307865, 28.6367677], [84.3303144, 28.636909], [84.3299389, 28.6370879], [84.3296921, 28.6374174], [84.3295848, 28.6378035], [84.3295097, 28.6382461], [84.3295634, 28.6387546], [84.3293059, 28.6389429], [84.3288016, 28.6390747], [84.3286407, 28.639263], [84.3285441, 28.6396868], [84.3286192, 28.639941], [84.3288875, 28.6402611], [84.328748, 28.6405719], [84.3283296, 28.6407414], [84.327997, 28.6407602], [84.3277717, 28.6410238], [84.3278146, 28.6411745], [84.3281793, 28.6413252], [84.3284583, 28.6413157], [84.3294561, 28.641118], [84.3300569, 28.6408732], [84.3305075, 28.6407979], [84.3308508, 28.640892], [84.3309152, 28.6410427], [84.3308723, 28.6412592], [84.3305397, 28.6414852], [84.3300247, 28.6417771], [84.3295956, 28.6421349], [84.3292737, 28.6424833], [84.3289196, 28.6428035], [84.3281901, 28.6430859], [84.3276, 28.6432366], [84.3271387, 28.6432178], [84.3269777, 28.6430389], [84.3270743, 28.6428129], [84.3273103, 28.6421538], [84.3273747, 28.6418807], [84.3272567, 28.6417206], [84.3268382, 28.6415794], [84.3265057, 28.6414476], [84.3260872, 28.6414193], [84.3258834, 28.6414287], [84.3256152, 28.6414005], [84.3254328, 28.6413063], [84.3251967, 28.6412404], [84.3249285, 28.6408355], [84.3250251, 28.6404777], [84.3252075, 28.6402423], [84.3254542, 28.6399881], [84.3258083, 28.6396208], [84.3260872, 28.6393854], [84.3264305, 28.6391406], [84.3270528, 28.6389146], [84.3272781, 28.6386886], [84.3273425, 28.6384344], [84.3271172, 28.6381613], [84.3266022, 28.6379259]]]}, "properties": {"external_id": "osm:way/1017812629", "name": "", "name_ne": "", "area_km2": 0.567}}, {"type": "Feature", "geometry": {"type": "Polygon", "coordinates": [[[84.3346489, 28.6554389], [84.3340373, 28.6556366], [84.3336833, 28.6557496], [84.3333292, 28.6559943], [84.333297, 28.6561167], [84.3334365, 28.6562862], [84.3334151, 28.6565686], [84.3331361, 28.6568322], [84.3326962, 28.656964], [84.3321276, 28.6569358], [84.3316019, 28.6567475], [84.3314302, 28.6566345], [84.3313015, 28.656418], [84.3312908, 28.6562485], [84.3314517, 28.6559473], [84.3317843, 28.655759], [84.3323207, 28.655646], [84.3330825, 28.6553824], [84.3337584, 28.6550529], [84.3342948, 28.654874], [84.3347991, 28.654761], [84.3353355, 28.6546104], [84.3356359, 28.6543468], [84.3358076, 28.6539325], [84.3362582, 28.6535182], [84.3368268, 28.6534523], [84.3372989, 28.65349], [84.3377495, 28.6535936], [84.3385005, 28.653716], [84.3391764, 28.6540078], [84.3396378, 28.6542149], [84.3402386, 28.6542714], [84.3408072, 28.6541208], [84.3413544, 28.6539796], [84.3418801, 28.6538383], [84.3422664, 28.6537442], [84.342835, 28.6536595], [84.3433071, 28.6536595], [84.3436182, 28.6537536], [84.343822, 28.6538478], [84.3440581, 28.654102], [84.3440259, 28.6543185], [84.3437255, 28.654535], [84.3432963, 28.6545633], [84.3428243, 28.6545633], [84.3422771, 28.6545445], [84.3415797, 28.654535], [84.3409896, 28.6545068], [84.3406141, 28.6545162], [84.3405068, 28.654648], [84.3404317, 28.654874], [84.340421, 28.6551188], [84.3406248, 28.6555048], [84.3409145, 28.6557213], [84.3413329, 28.6558625], [84.3416977, 28.6559849], [84.342041, 28.6562109], [84.3422342, 28.6564368], [84.3420625, 28.6566157], [84.3419016, 28.6567004], [84.3416012, 28.6568699], [84.3415904, 28.6570488], [84.3417836, 28.6572182], [84.3422556, 28.6574065], [84.3425668, 28.6575572], [84.3428886, 28.6580091], [84.3429315, 28.6583103], [84.342835, 28.6586022], [84.3424809, 28.6587152], [84.3421269, 28.6586304], [84.3417836, 28.6584421], [84.3414188, 28.6583103], [84.3410862, 28.6581315], [84.3406678, 28.6580091], [84.3402064, 28.6579149], [84.3398416, 28.6578208], [84.339273, 28.6575007], [84.3391335, 28.6572182], [84.3389619, 28.6569735], [84.3387902, 28.656804], [84.3384683, 28.6567193], [84.3380607, 28.6567758], [84.3375457, 28.6568511], [84.3371702, 28.6568887], [84.3368268, 28.6567663], [84.3366444, 28.6565969], [84.3366337, 28.6562674], [84.3368268, 28.6559002], [84.3372453, 28.6557778], [84.3375028, 28.6555424], [84.337492, 28.6553824], [84.3368912, 28.6552223], [84.3365908, 28.6552223], [84.3360436, 28.6552788], [84.3357432, 28.6553259], [84.3354106, 28.6553259], [84.3346489, 28.6554389]]]}, "properties": {"external_id": "osm:way/1017812630", "name": "", "name_ne": "", "area_km2": 0.27}}, {"type": "Feature", "geometry": {"type": "Polygon", "coordinates": [[[84.3315804, 28.6551187], [84.3311405, 28.6551376], [84.3307865, 28.6552505], [84.3304753, 28.6555424], [84.3300354, 28.6558719], [84.3296921, 28.6560226], [84.3290913, 28.6560696], [84.3285441, 28.6559472], [84.3283832, 28.6555236], [84.3286729, 28.6551564], [84.3290484, 28.6549022], [84.3292844, 28.654761], [84.3294132, 28.6545162], [84.329263, 28.6538948], [84.3292737, 28.6536594], [84.3295205, 28.6533017], [84.3303251, 28.652991], [84.3308723, 28.6528968], [84.3316769, 28.652765], [84.3322241, 28.6526426], [84.3326962, 28.6524449], [84.3332863, 28.6523884], [84.3338549, 28.6524072], [84.3342304, 28.6525296], [84.3343913, 28.6527368], [84.3343699, 28.6530475], [84.3340802, 28.6532923], [84.3336618, 28.6533864], [84.333179, 28.6536312], [84.3328464, 28.6538666], [84.3326962, 28.6540454], [84.3325138, 28.6543938], [84.3322456, 28.6546574], [84.3319666, 28.6548269], [84.3315804, 28.6551187]]]}, "properties": {"external_id": "osm:way/1017812631", "name": "", "name_ne": "", "area_km2": 0.116}}, {"type": "Feature", "geometry": {"type": "Polygon", "coordinates": [[[84.337213, 28.6622737], [84.3364835, 28.662462], [84.3361401, 28.6626315], [84.3357646, 28.662848], [84.3353569, 28.6629892], [84.3348741, 28.663008], [84.3345201, 28.6628292], [84.3344664, 28.6625185], [84.3347883, 28.6619631], [84.335314, 28.6614924], [84.3356466, 28.6609746], [84.3357432, 28.6603062], [84.3357432, 28.6597884], [84.3358505, 28.6590917], [84.3360329, 28.6586586], [84.336462, 28.6581314], [84.3373418, 28.657736], [84.3377602, 28.6576325], [84.3382001, 28.6576795], [84.338479, 28.6577737], [84.3388224, 28.6578961], [84.3394339, 28.6581597], [84.3399596, 28.6583385], [84.3402064, 28.6586963], [84.3401635, 28.6589411], [84.3398416, 28.6591105], [84.3392193, 28.6590917], [84.338361, 28.6591388], [84.3380606, 28.6592988], [84.3378031, 28.6597319], [84.3377602, 28.6602308], [84.3378353, 28.6605886], [84.3379962, 28.6609463], [84.3380713, 28.6613606], [84.3379962, 28.661643], [84.3376744, 28.662029], [84.3374491, 28.6621419], [84.337213, 28.6622737]]]}, "properties": {"external_id": "osm:way/1017812633", "name": "", "name_ne": "", "area_km2": 0.146}}, {"type": "Feature", "geometry": {"type": "Polygon", "coordinates": [[[84.3299175, 28.6579054], [84.3299926, 28.6580843], [84.3300247, 28.6585362], [84.3300033, 28.6588375], [84.3299389, 28.6591105], [84.3298102, 28.6593741], [84.3295849, 28.6594682], [84.3293917, 28.6594588], [84.3292844, 28.6592329], [84.329263, 28.6588845], [84.3292844, 28.6585833], [84.3293381, 28.6582255], [84.3293917, 28.658009], [84.3294025, 28.6577642], [84.3292952, 28.657736], [84.3289197, 28.6578584], [84.3286193, 28.6578772], [84.3282759, 28.6579243], [84.3279219, 28.6579808], [84.3276322, 28.6580655], [84.3272782, 28.6581408], [84.3270314, 28.658169], [84.3268168, 28.6581879], [84.3266559, 28.6582161], [84.3264628, 28.6583291], [84.3263877, 28.6584797], [84.3262804, 28.6587527], [84.3261194, 28.658941], [84.325862, 28.6592046], [84.3256045, 28.65944], [84.3252719, 28.6597224], [84.3249393, 28.6599295], [84.3245852, 28.6601931], [84.3242419, 28.6603344], [84.3237162, 28.660598], [84.3233299, 28.6609369], [84.3232012, 28.6611063], [84.323051, 28.6613229], [84.3229222, 28.661577], [84.322772, 28.6619254], [84.3226755, 28.6623396], [84.3226648, 28.6626691], [84.3228364, 28.6628668], [84.3230725, 28.6629703], [84.3233943, 28.6629986], [84.3237269, 28.6629421], [84.3241668, 28.6628197], [84.3246925, 28.6626691], [84.32495, 28.6626032], [84.3252826, 28.662509], [84.3255079, 28.6624902], [84.3258405, 28.6625373], [84.3260014, 28.6626597], [84.3259585, 28.6629139], [84.3256796, 28.6630927], [84.3253792, 28.663281], [84.3250895, 28.6634222], [84.3249178, 28.6635728], [84.3248213, 28.6638553], [84.3248642, 28.6641094], [84.3251646, 28.6646366], [84.3254757, 28.6653238], [84.3256366, 28.6658228], [84.3254435, 28.6661899], [84.3252504, 28.6664629], [84.3250787, 28.6666418], [84.3248749, 28.6668865], [84.3247891, 28.6671125], [84.3248534, 28.6675172], [84.3249393, 28.6678655], [84.325068, 28.6681574], [84.3253577, 28.6685433], [84.3257117, 28.6688916], [84.326098, 28.6694], [84.326334, 28.6698142], [84.3264628, 28.670106], [84.3266022, 28.6706143], [84.3267203, 28.6711509], [84.3268275, 28.6716874], [84.3270636, 28.6719604], [84.3274713, 28.6740878], [84.3278361, 28.6742572], [84.3282545, 28.6744925], [84.3290055, 28.6749914], [84.3291128, 28.6751044], [84.3292844, 28.6753397], [84.3294776, 28.6755656], [84.3297243, 28.6757068], [84.3303359, 28.6759892], [84.3306577, 28.6761022], [84.3311835, 28.6760457], [84.3315482, 28.6759704], [84.3318379, 28.675688], [84.3320632, 28.6753962], [84.3322134, 28.6751891], [84.3322885, 28.6748314], [84.3322778, 28.674502], [84.332149, 28.6740784], [84.3320525, 28.6735889], [84.3320096, 28.673363], [84.3320203, 28.6730618], [84.332192, 28.6728735], [84.3324495, 28.6727229], [84.332825, 28.6725629], [84.3330932, 28.6724217], [84.333458, 28.6722051], [84.3336404, 28.6721393], [84.3339837, 28.6720922], [84.3343914, 28.6721487], [84.3347669, 28.6721581], [84.3351424, 28.6721581], [84.3355715, 28.6720922], [84.3357647, 28.6719981], [84.3359363, 28.6718757], [84.3360007, 28.6716121], [84.33599, 28.6713862], [84.335872, 28.6711697], [84.335711, 28.6709814], [84.3354964, 28.6708026], [84.3352604, 28.6706896], [84.3349385, 28.6706237], [84.334842, 28.6704919], [84.3346703, 28.6703319], [84.3345416, 28.6700871], [84.3345416, 28.6699365], [84.3346918, 28.6696824], [84.3347669, 28.6693152], [84.3347669, 28.6689952], [84.3346167, 28.6687222], [84.3344343, 28.6684021], [84.3342412, 28.6682609], [84.3338764, 28.6681762], [84.3336725, 28.6682609], [84.3334687, 28.6684304], [84.3333399, 28.6687975], [84.3332863, 28.669127], [84.3332863, 28.6693341], [84.3333078, 28.6695976], [84.3331039, 28.6699083], [84.3329108, 28.670106], [84.3323744, 28.6702472], [84.3320847, 28.6702283], [84.3319237, 28.6701436], [84.3319237, 28.6697953], [84.3319237, 28.6693623], [84.331913, 28.6689669], [84.331795, 28.6684304], [84.3316877, 28.6679032], [84.3315268, 28.6674419], [84.3314409, 28.667056], [84.3314302, 28.6663499], [84.3313122, 28.6658698], [84.3313122, 28.665465], [84.3313444, 28.664872], [84.3314731, 28.6645613], [84.3315911, 28.6643071], [84.3318486, 28.6640435], [84.3320847, 28.6638929], [84.3324495, 28.6636576], [84.3327391, 28.6634505], [84.3329537, 28.6632339], [84.3329537, 28.6629609], [84.3327821, 28.6627726], [84.3325567, 28.6626126], [84.3322456, 28.6625561], [84.3318379, 28.6625938], [84.3315268, 28.6626691], [84.3311513, 28.662848], [84.3307972, 28.6630645], [84.3303466, 28.6631774], [84.3301106, 28.6631115], [84.3299282, 28.6629044], [84.3299282, 28.6625655], [84.3300355, 28.6623113], [84.3302071, 28.6620289], [84.3305397, 28.6617842], [84.3307865, 28.6616335], [84.331044, 28.6613888], [84.3311405, 28.6610216], [84.3312371, 28.6605321], [84.3312693, 28.6602873], [84.331398, 28.659826], [84.3316233, 28.6594306], [84.3319667, 28.6589316], [84.3321705, 28.6585739], [84.3322456, 28.6581785], [84.3322027, 28.6578584], [84.3320739, 28.6576042], [84.3318808, 28.6573594], [84.3314839, 28.657124], [84.330883, 28.6570581], [84.3305505, 28.6571052], [84.3301642, 28.6575383], [84.3299175, 28.6579054]]]}, "properties": {"external_id": "osm:way/1017812634", "name": "", "name_ne": "", "area_km2": 1.265}}, {"type": "Feature", "geometry": {"type": "Polygon", "coordinates": [[[84.3091678, 28.6415794], [84.3090176, 28.6413346], [84.3088782, 28.6411274], [84.3086958, 28.6409768], [84.3085348, 28.6409109], [84.3083524, 28.6409203], [84.3081057, 28.6408544], [84.3079769, 28.6407414], [84.3077838, 28.6406566], [84.3076229, 28.6407037], [84.3072366, 28.6407319], [84.3069362, 28.6406849], [84.3067968, 28.6405813], [84.3066895, 28.6403553], [84.3067646, 28.6402329], [84.3069684, 28.6401387], [84.3073869, 28.6399975], [84.3077302, 28.6398092], [84.3079126, 28.6396679], [84.3080735, 28.6395173], [84.3082773, 28.6392724], [84.3084275, 28.6390088], [84.3084383, 28.6388299], [84.3083095, 28.6386416], [84.3080735, 28.6385756], [84.3077838, 28.6385662], [84.3076014, 28.6385191], [84.3074727, 28.6384438], [84.3073869, 28.6382555], [84.3074083, 28.6380954], [84.3075478, 28.6380012], [84.3076873, 28.6379448], [84.3079126, 28.637747], [84.3078804, 28.6376058], [84.3077302, 28.6374174], [84.3076658, 28.6371632], [84.3076658, 28.6369466], [84.3076765, 28.63673], [84.307816, 28.63657], [84.3080199, 28.63657], [84.3082559, 28.6366547], [84.3083739, 28.6368054], [84.3084597, 28.6369749], [84.3085992, 28.6371255], [84.3087923, 28.6372762], [84.3090713, 28.6374551], [84.3092215, 28.6374928], [84.3095755, 28.6374551], [84.3098974, 28.6372762], [84.3101012, 28.637295], [84.3101978, 28.6374739], [84.3102836, 28.6376058], [84.3104446, 28.6376811], [84.3106591, 28.6377188], [84.3108737, 28.6378788], [84.3109917, 28.6381142], [84.3109059, 28.6383497], [84.3108415, 28.6386227], [84.3108415, 28.6390841], [84.3109166, 28.6393384], [84.3108737, 28.6396868], [84.3107557, 28.6399692], [84.310584, 28.6402611], [84.3104017, 28.6406284], [84.3102836, 28.6409297], [84.3100691, 28.6411839], [84.3098974, 28.6412404], [84.3096828, 28.6412781], [84.3095326, 28.6414193], [84.309479, 28.6415041], [84.3094039, 28.6416076], [84.3091678, 28.6415794]]]}, "properties": {"external_id": "osm:way/1017833839", "name": "", "name_ne": "", "area_km2": 0.129}}, {"type": "Feature", "geometry": {"type": "Polygon", "coordinates": [[[84.3030524, 28.6508631], [84.3029022, 28.6511644], [84.3026983, 28.6513056], [84.3022155, 28.6515033], [84.3017113, 28.6514845], [84.3014323, 28.6512962], [84.301207, 28.6512209], [84.3009174, 28.6511832], [84.3005526, 28.6512303], [84.3002951, 28.6514186], [84.3001234, 28.6516822], [84.300102, 28.6518799], [84.300059, 28.6521247], [84.2999088, 28.6523978], [84.2996513, 28.6525672], [84.299469, 28.6526708], [84.2991578, 28.652878], [84.2987609, 28.6530946], [84.2984283, 28.65333], [84.29816, 28.6535747], [84.2981171, 28.6539419], [84.298203, 28.6543091], [84.2994046, 28.6559473], [84.3009388, 28.6574442], [84.3014323, 28.6578679], [84.302237, 28.6583009], [84.3029022, 28.658461], [84.303841, 28.658621], [84.3045544, 28.6585222], [84.3052143, 28.6581785], [84.3058312, 28.6578679], [84.3065822, 28.6576419], [84.3073439, 28.6574348], [84.307816, 28.6573501], [84.3087816, 28.6572183], [84.3099081, 28.6573783], [84.3105304, 28.6575948], [84.3107342, 28.6577078], [84.3108844, 28.6578114], [84.3111312, 28.657962], [84.3114316, 28.6581315], [84.3117642, 28.6582586], [84.3118983, 28.658461], [84.3121934, 28.6587811], [84.3126386, 28.6589976], [84.313159, 28.6592], [84.3136578, 28.6594448], [84.3140495, 28.6596284], [84.3145322, 28.6598496], [84.3149614, 28.6600661], [84.3152725, 28.6601414], [84.3158626, 28.660325], [84.3162918, 28.6604709], [84.3166673, 28.6606216], [84.3170643, 28.660791], [84.3177777, 28.6611958], [84.3183517, 28.6613276], [84.3185931, 28.6613135], [84.3187648, 28.66121], [84.3188131, 28.6609134], [84.3187648, 28.6605604], [84.3185502, 28.6600426], [84.3184483, 28.6597366], [84.3183034, 28.6593365], [84.3183303, 28.6591247], [84.3185019, 28.659007], [84.318754, 28.6589223], [84.3190223, 28.658927], [84.3192851, 28.6589364], [84.3194997, 28.6589694], [84.319725, 28.6590823], [84.3198323, 28.6592471], [84.3198698, 28.6594307], [84.3198108, 28.6596142], [84.3197196, 28.6598025], [84.319607, 28.6600567], [84.3194192, 28.6602262], [84.3192744, 28.6604945], [84.3191993, 28.6608899], [84.3192583, 28.6611676], [84.3193549, 28.6613371], [84.3195158, 28.6616101], [84.3197304, 28.6617936], [84.3201756, 28.6620055], [84.3202722, 28.6620572], [84.3205619, 28.6621279], [84.3208086, 28.662189], [84.3211358, 28.6622361], [84.3213504, 28.6623161], [84.3215596, 28.6623255], [84.3218386, 28.6622832], [84.3221014, 28.6621184], [84.3222677, 28.6616995], [84.3223858, 28.6612806], [84.322375, 28.6608711], [84.3222785, 28.6605839], [84.322139, 28.6604145], [84.3219083, 28.660278], [84.3215382, 28.6601697], [84.321168, 28.6600049], [84.3208033, 28.6598355], [84.3205404, 28.6595013], [84.3204921, 28.6592894], [84.3205189, 28.6590164], [84.3207067, 28.6588423], [84.3209588, 28.6587434], [84.3214953, 28.6587058], [84.3219351, 28.6586022], [84.3224501, 28.6585363], [84.3228042, 28.6585175], [84.3232119, 28.6585081], [84.323802, 28.6584139], [84.3242955, 28.6581503], [84.3246603, 28.6580279], [84.3252396, 28.657962], [84.3257117, 28.6578961], [84.3261087, 28.6577266], [84.3263876, 28.657416], [84.3264091, 28.6572277], [84.3264198, 28.6569641], [84.3266129, 28.6566722], [84.3268382, 28.6564086], [84.3269348, 28.6562109], [84.326924, 28.6560414], [84.326688, 28.6555707], [84.3264305, 28.6553353], [84.3260872, 28.6550811], [84.325658, 28.6549587], [84.3254006, 28.6549117], [84.325025, 28.654874], [84.324671, 28.6549022], [84.3242418, 28.6550152], [84.32392, 28.6552506], [84.3237161, 28.6554671], [84.3235016, 28.6556554], [84.3231582, 28.6557966], [84.3229329, 28.6557872], [84.3225896, 28.6556554], [84.322139, 28.6554012], [84.3218922, 28.6549681], [84.3215489, 28.6546763], [84.3212378, 28.6544974], [84.3208837, 28.6544315], [84.3206799, 28.6544315], [84.3202936, 28.6545257], [84.3199288, 28.654761], [84.319607, 28.6549964], [84.3192422, 28.6551659], [84.3188989, 28.6553165], [84.3186521, 28.6553165], [84.3182552, 28.6554765], [84.3178475, 28.6555801], [84.31759, 28.6555895], [84.3169355, 28.6555707], [84.3164527, 28.655486], [84.316163, 28.6554295], [84.3157446, 28.6552977], [84.3154871, 28.6551188], [84.3154227, 28.6548458], [84.31553, 28.6546763], [84.3158626, 28.654375], [84.3160879, 28.6542432], [84.3164956, 28.6539984], [84.3168711, 28.6536971], [84.3170428, 28.65349], [84.3173325, 28.652991], [84.3174505, 28.6526896], [84.3174505, 28.6523695], [84.3173325, 28.65204], [84.3170964, 28.6515881], [84.317075, 28.6513809], [84.3170428, 28.6511079], [84.3170213, 28.650769], [84.3170106, 28.6505148], [84.3168926, 28.6501758], [84.3168282, 28.6497992], [84.3168497, 28.6493567], [84.3170213, 28.6489424], [84.3172788, 28.6485187], [84.31759, 28.6482268], [84.3179655, 28.6478031], [84.3182981, 28.6475018], [84.3186307, 28.64721], [84.3189847, 28.6468804], [84.3193924, 28.646598], [84.3198216, 28.6463249], [84.3204438, 28.6458824], [84.3208837, 28.6455058], [84.3212914, 28.6452139], [84.3216133, 28.6449502], [84.3220853, 28.6446395], [84.3224394, 28.6443005], [84.3227613, 28.6440557], [84.3229544, 28.6436226], [84.3230402, 28.6432554], [84.3230509, 28.642681], [84.3231153, 28.642342], [84.3231153, 28.6421066], [84.3230831, 28.6417206], [84.3229758, 28.6414099], [84.32289, 28.6411839], [84.3228685, 28.6408826], [84.3229007, 28.6407037], [84.3227934, 28.6405059], [84.3225467, 28.640327], [84.3223321, 28.6401387], [84.3219244, 28.6399033], [84.3217528, 28.6397244], [84.3214523, 28.6393666], [84.3211412, 28.6390653], [84.3208944, 28.6388487], [84.3205511, 28.6386227], [84.3201649, 28.6384626], [84.3196928, 28.6384061], [84.3192422, 28.6382555], [84.3187272, 28.6381613], [84.3184483, 28.6381613], [84.3179655, 28.6380765], [84.3178045, 28.6379259], [84.3178153, 28.6375963], [84.3178582, 28.637408], [84.3180084, 28.6372856], [84.3182122, 28.6370407], [84.3182337, 28.6368053], [84.3182444, 28.6367018], [84.3182981, 28.6364758], [84.3183624, 28.6363533], [84.3185448, 28.6361556], [84.3187916, 28.6360049], [84.3192583, 28.6358119], [84.3159431, 28.6346819], [84.3158304, 28.6350444], [84.3155086, 28.6355906], [84.3153584, 28.6361273], [84.315058, 28.636504], [84.314897, 28.6367488], [84.3147039, 28.6369937], [84.3146288, 28.6372291], [84.3145859, 28.6376999], [84.3144464, 28.6379918], [84.3142318, 28.638312], [84.3138885, 28.6385191], [84.3135023, 28.6386415], [84.3133306, 28.6387545], [84.3132341, 28.6389899], [84.313277, 28.6391971], [84.313277, 28.6395266], [84.3132341, 28.6397432], [84.3129658, 28.6400445], [84.3129766, 28.6404023], [84.3129551, 28.6407225], [84.3127942, 28.6409391], [84.312483, 28.641231], [84.312129, 28.6415134], [84.31185, 28.64173], [84.3115711, 28.6419277], [84.3113029, 28.6421537], [84.3110239, 28.642342], [84.3108201, 28.6425774], [84.3106162, 28.6428411], [84.3104016, 28.6431612], [84.31023, 28.6433966], [84.3100798, 28.6435284], [84.3098116, 28.6435096], [84.3097472, 28.6434155], [84.3098223, 28.6431518], [84.3099832, 28.6429164], [84.3101656, 28.642568], [84.3101871, 28.6423891], [84.3100261, 28.6422196], [84.3096721, 28.6422196], [84.3095004, 28.6421255], [84.3092644, 28.6418712], [84.3089854, 28.6418712], [84.3087601, 28.6420219], [84.3087279, 28.6423326], [84.3087172, 28.6425586], [84.3084812, 28.64302], [84.3083524, 28.6432554], [84.3082988, 28.643519], [84.3082881, 28.643858], [84.3083524, 28.6439898], [84.3082881, 28.6442723], [84.3082881, 28.6444983], [84.3082773, 28.6446395], [84.3081808, 28.6449126], [84.3079877, 28.6452233], [84.3077731, 28.6453551], [84.3074941, 28.6453645], [84.3072259, 28.6453833], [84.3070542, 28.6455246], [84.3070435, 28.6457317], [84.3071615, 28.645873], [84.3073332, 28.6459389], [84.30758, 28.6460519], [84.3077945, 28.6462967], [84.3079018, 28.6464285], [84.308052, 28.6467674], [84.3081915, 28.6470311], [84.3082881, 28.6474171], [84.3083095, 28.6478502], [84.3082022, 28.6480762], [84.3079877, 28.6481609], [84.3077302, 28.6481327], [84.3075907, 28.6479632], [84.307537, 28.6476337], [84.307537, 28.6472759], [84.3074941, 28.6471158], [84.307301, 28.6469275], [84.3070972, 28.6466168], [84.3068719, 28.6463061], [84.3067217, 28.646146], [84.3066036, 28.6460048], [84.3064642, 28.6458541], [84.3062174, 28.6456187], [84.3060565, 28.6455246], [84.3056702, 28.6453645], [84.3053698, 28.6452892], [84.3051338, 28.645148], [84.3048441, 28.6450538], [84.3045437, 28.6448278], [84.304254, 28.6447054], [84.3039751, 28.6445736], [84.3037927, 28.6443288], [84.3036317, 28.6441405], [84.3035245, 28.6439616], [84.3033743, 28.6437827], [84.3031489, 28.643519], [84.3029773, 28.6432177], [84.3027413, 28.6429823], [84.3026125, 28.6428034], [84.3025589, 28.6425963], [84.302591, 28.6423515], [84.3027305, 28.6421914], [84.3028271, 28.6421066], [84.3030309, 28.6418524], [84.3032133, 28.6415888], [84.3034386, 28.6412875], [84.3035137, 28.6409391], [84.3035137, 28.6406283], [84.3033957, 28.6401293], [84.3031704, 28.6393195], [84.3029987, 28.6390276], [84.3027091, 28.6386039], [84.3024301, 28.6382084], [84.3022906, 28.6379824], [84.3021619, 28.6375963], [84.3020761, 28.6374268], [84.3018615, 28.637069], [84.3015504, 28.6367394], [84.3012392, 28.6364381], [84.3009066, 28.6361273], [84.3005204, 28.6355529], [84.3002736, 28.6353364], [84.2999303, 28.6351104], [84.2996621, 28.6350162], [84.2992007, 28.6347996], [84.2988681, 28.6347149], [84.2985463, 28.6347337], [84.2982781, 28.6349126], [84.2981064, 28.6352045], [84.2981279, 28.6355341], [84.2982888, 28.6359484], [84.2984604, 28.636278], [84.2986107, 28.6366358], [84.2986965, 28.6368995], [84.2986965, 28.6371632], [84.2984497, 28.6373044], [84.298203, 28.6373044], [84.2979455, 28.6373609], [84.2978382, 28.6375116], [84.297806, 28.6376716], [84.2979777, 28.63802], [84.2981493, 28.6381707], [84.2982888, 28.6384155], [84.2983102, 28.6387545], [84.2982781, 28.6390558], [84.2983317, 28.6394042], [84.2982781, 28.639602], [84.2981386, 28.6395737], [84.298042, 28.6394419], [84.2979562, 28.6392442], [84.2978811, 28.6391029], [84.297806, 28.6388675], [84.2977309, 28.6387357], [84.2976236, 28.6386604], [84.2973768, 28.6386604], [84.2972159, 28.6387545], [84.2970872, 28.6389805], [84.2970872, 28.6391594], [84.2970979, 28.6394325], [84.2970872, 28.6395549], [84.2969477, 28.6399221], [84.2967867, 28.6401481], [84.2966151, 28.6403835], [84.2963683, 28.64044], [84.2961323, 28.64044], [84.2958426, 28.6403929], [84.2954778, 28.6403082], [84.2951774, 28.6402423], [84.2949414, 28.6400634], [84.2947054, 28.6399315], [84.2942869, 28.6399127], [84.2941689, 28.6400634], [84.2942547, 28.6403741], [84.2944479, 28.6406472], [84.2946946, 28.6410144], [84.2949199, 28.641391], [84.2953491, 28.6419937], [84.2954886, 28.6423138], [84.2957461, 28.6427563], [84.2959284, 28.6430482], [84.2961537, 28.6434343], [84.2963469, 28.6437921], [84.2965185, 28.6441687], [84.296776, 28.64447], [84.2970442, 28.644583], [84.2972695, 28.6445548], [84.2974949, 28.6444135], [84.2976021, 28.644244], [84.2976343, 28.6440181], [84.2976129, 28.6437168], [84.2976021, 28.6434249], [84.2977523, 28.6430294], [84.297924, 28.6428128], [84.2981171, 28.6425492], [84.2983639, 28.6423703], [84.2986536, 28.6423985], [84.298836, 28.642455], [84.2991256, 28.6424362], [84.2992437, 28.6423609], [84.2993617, 28.6422856], [84.2996192, 28.6422856], [84.299823, 28.6424362], [84.2999839, 28.6427375], [84.3001449, 28.642907], [84.3004882, 28.6432554], [84.3007564, 28.6435755], [84.3009281, 28.6438298], [84.3010997, 28.6441687], [84.3012178, 28.6444794], [84.3014323, 28.6448843], [84.3016255, 28.6451385], [84.3018186, 28.6454775], [84.3021083, 28.6457788], [84.3024301, 28.6459954], [84.3026018, 28.6462119], [84.3027734, 28.6464002], [84.3028485, 28.6466921], [84.3028807, 28.6472006], [84.3030202, 28.6474736], [84.3031275, 28.6477655], [84.303385, 28.6480856], [84.3037498, 28.6485564], [84.3039965, 28.6488953], [84.3042647, 28.6492437], [84.3043935, 28.6494697], [84.3047261, 28.6500628], [84.3047261, 28.6503076], [84.3046403, 28.6504677], [84.3042969, 28.6505618], [84.3039322, 28.6505336], [84.3036425, 28.6505148], [84.3032133, 28.6506372], [84.3030524, 28.6508631]]]}, "properties": {"external_id": "osm:way/1017833840", "name": "", "name_ne": "", "area_km2": 4.28}}, {"type": "Feature", "geometry": {"type": "Polygon", "coordinates": [[[84.2909396, 28.6678938], [84.2903173, 28.6677338], [84.2899632, 28.6675079], [84.2896199, 28.6671596], [84.2894804, 28.6667548], [84.2894804, 28.66635], [84.2895555, 28.6660487], [84.2898559, 28.6656251], [84.2902851, 28.664985], [84.2904997, 28.6646272], [84.290607, 28.6641283], [84.2907464, 28.6636953], [84.2909825, 28.6633093], [84.2913473, 28.6631116], [84.2916155, 28.6630739], [84.291991, 28.6631116], [84.2923665, 28.6631869], [84.292506, 28.6632151], [84.2931282, 28.663234], [84.2933857, 28.6630739], [84.2936754, 28.6628951], [84.294008, 28.6625656], [84.2941582, 28.6621702], [84.2943513, 28.6618501], [84.2947054, 28.6614453], [84.2949951, 28.6612476], [84.2953491, 28.6608898], [84.2959285, 28.6604003], [84.2965078, 28.659939], [84.2973661, 28.6592988], [84.2979348, 28.6590446], [84.298557, 28.658894], [84.2988682, 28.6588846], [84.2992866, 28.6588658], [84.2997908, 28.6588658], [84.3002307, 28.6589034], [84.3005419, 28.6590258], [84.3006921, 28.6592612], [84.3006921, 28.6595436], [84.3005097, 28.6598072], [84.3003702, 28.6600049], [84.3002093, 28.6604191], [84.3001556, 28.660711], [84.3001449, 28.6610028], [84.300102, 28.6612382], [84.3000698, 28.6616336], [84.2998552, 28.6619819], [84.2995977, 28.6624338], [84.2995441, 28.6627444], [84.2996728, 28.6631022], [84.2999625, 28.6632434], [84.3002736, 28.6633375], [84.300499, 28.663554], [84.3005311, 28.6637423], [84.3003273, 28.6639212], [84.3001234, 28.664053], [84.3000805, 28.6642695], [84.3000913, 28.6644484], [84.3000162, 28.6647685], [84.2996836, 28.6648343], [84.2991686, 28.6647496], [84.2988253, 28.6646084], [84.2985785, 28.6643919], [84.2982566, 28.6644107], [84.298042, 28.6646555], [84.2982352, 28.6648814], [84.2984283, 28.6651262], [84.2985141, 28.6653615], [84.2981708, 28.6655216], [84.2977202, 28.6655121], [84.2975378, 28.6653709], [84.297173, 28.6650979], [84.2969155, 28.664872], [84.2966688, 28.6646743], [84.2964542, 28.6643166], [84.2962932, 28.6641001], [84.2959821, 28.6639777], [84.2957675, 28.6641283], [84.2956924, 28.664439], [84.2957032, 28.6646931], [84.2955422, 28.6650697], [84.2953706, 28.6655498], [84.2951453, 28.665851], [84.2950058, 28.6660205], [84.2948019, 28.6664253], [84.2946732, 28.6667736], [84.2945337, 28.6670748], [84.2942548, 28.6674514], [84.2939973, 28.6678185], [84.293654, 28.6680539], [84.2932892, 28.6682515], [84.29286, 28.6683551], [84.2924523, 28.6683551], [84.2920554, 28.6683269], [84.2916155, 28.6681857], [84.2913794, 28.6681009], [84.2909396, 28.6678938]]]}, "properties": {"external_id": "osm:way/1020017271", "name": "", "name_ne": "", "area_km2": 0.566}}, {"type": "Feature", "geometry": {"type": "Polygon", "coordinates": [[[84.2993764, 28.6824722], [84.2985194, 28.683237], [84.2973178, 28.6841688], [84.2962449, 28.6857641], [84.2946302, 28.6862959], [84.2939275, 28.6868159], [84.2939624, 28.6868371], [84.2939704, 28.6868983], [84.2939704, 28.6869712], [84.2939597, 28.6870653], [84.2939302, 28.6871171], [84.2938712, 28.6871853], [84.2938256, 28.6872348], [84.2937666, 28.6872677], [84.2937237, 28.6873171], [84.2936888, 28.6874159], [84.2936593, 28.6874818], [84.2936727, 28.6876418], [84.2936754, 28.6877359], [84.2936459, 28.6878536], [84.293619, 28.6879618], [84.2935869, 28.6880207], [84.2935279, 28.6881289], [84.2934983, 28.688263], [84.2934957, 28.6883148], [84.2935547, 28.6884112], [84.2936539, 28.6884724], [84.2938122, 28.6885312], [84.2940053, 28.6886136], [84.2941287, 28.6886559], [84.2944237, 28.6886983], [84.2945954, 28.6888301], [84.2946463, 28.6889077], [84.2946919, 28.6890795], [84.2947402, 28.6893218], [84.2947429, 28.6894889], [84.2947295, 28.6896489], [84.2947107, 28.6897618], [84.2947107, 28.6899383], [84.2947509, 28.690103], [84.2948663, 28.6901571], [84.2949897, 28.6901736], [84.2951586, 28.6901665], [84.2952418, 28.6901595], [84.2953866, 28.6901524], [84.2955395, 28.6901689], [84.2956843, 28.6902042], [84.2958614, 28.6902418], [84.2959606, 28.6902277], [84.2960813, 28.6901289], [84.2961752, 28.6899995], [84.2962181, 28.6898677], [84.2962557, 28.6897359], [84.2962771, 28.6895359], [84.2962771, 28.6893689], [84.2962959, 28.6892559], [84.2963415, 28.6890959], [84.2963871, 28.6889642], [84.2963871, 28.6888348], [84.2963469, 28.6886842], [84.2963308, 28.6885148], [84.2963173, 28.6883807], [84.2963603, 28.6882277], [84.2965239, 28.6880583], [84.2966097, 28.6880065], [84.2968484, 28.6879595], [84.2969343, 28.6879336], [84.2971059, 28.6878606], [84.2972105, 28.6877806], [84.2972427, 28.6877312], [84.2972615, 28.6876489], [84.2972534, 28.6875289], [84.2972534, 28.6874371], [84.2972293, 28.6873571], [84.2971917, 28.6872512], [84.2971757, 28.6871195], [84.2971596, 28.6869665], [84.2971622, 28.6868159], [84.2971596, 28.6866442], [84.2972186, 28.6864983], [84.2972293, 28.68643], [84.2972481, 28.6863124], [84.2972427, 28.6862112], [84.2973124, 28.6861736], [84.2973661, 28.6861712], [84.2974627, 28.6862112], [84.2975002, 28.6862794], [84.2975217, 28.6863453], [84.2975297, 28.6864277], [84.2975565, 28.6864818], [84.2976155, 28.686543], [84.2976933, 28.6865783], [84.2978248, 28.6865947], [84.2979428, 28.6865877], [84.2980554, 28.68655], [84.2981332, 28.686503], [84.2981949, 28.6864347], [84.2982324, 28.6863665], [84.2982754, 28.6862653], [84.2982941, 28.6861312], [84.2982968, 28.68599], [84.2982566, 28.6858983], [84.2981895, 28.6857759], [84.2981413, 28.6857241], [84.2980769, 28.6856865], [84.2979776, 28.6856277], [84.297924, 28.6855853], [84.2978838, 28.6855406], [84.2978462, 28.68547], [84.2978248, 28.6853735], [84.2978248, 28.6852724], [84.2978623, 28.6851359], [84.2979455, 28.6850347], [84.2980527, 28.6849123], [84.2981922, 28.6847782], [84.2982941, 28.68471], [84.2984497, 28.6846112], [84.298565, 28.6845429], [84.2987421, 28.6844464], [84.2989164, 28.68427], [84.299021, 28.684157], [84.2990961, 28.6840535], [84.2991927, 28.6839594], [84.2992839, 28.6838864], [84.2994099, 28.6837947], [84.2995253, 28.6836958], [84.2996996, 28.6836088], [84.2999383, 28.6835005], [84.3000429, 28.683444], [84.3000885, 28.6833899], [84.3001341, 28.6832982], [84.3001475, 28.6832746], [84.3001824, 28.6832393], [84.3002334, 28.683204], [84.3003031, 28.6831546], [84.3003755, 28.6831217], [84.3004453, 28.6831111], [84.3005257, 28.683117], [84.3005982, 28.6831146], [84.3006652, 28.6831205], [84.3007001, 28.6831158], [84.3007443, 28.6830793], [84.3007645, 28.683057], [84.3007712, 28.6830075], [84.3007698, 28.6829323], [84.3007443, 28.6828781], [84.3007028, 28.6828322], [84.300625, 28.6828052], [84.3005056, 28.6827922], [84.3004091, 28.6827852], [84.300346, 28.6827746], [84.3002589, 28.6827334], [84.3002079, 28.6826887], [84.3001569, 28.6826216], [84.3001315, 28.6825946], [84.3000711, 28.682584], [84.3000094, 28.6825711], [84.2998914, 28.6825558], [84.299709, 28.6825346], [84.2996352, 28.6825311], [84.2994824, 28.6825075], [84.2993764, 28.6824722]]]}, "properties": {"external_id": "osm:way/1021645808", "name": "", "name_ne": "", "area_km2": 0.178}}, {"type": "Feature", "geometry": {"type": "Polygon", "coordinates": [[[84.2986321, 28.6805638], [84.2985114, 28.6805168], [84.2983559, 28.6805026], [84.2982244, 28.6804885], [84.2981735, 28.6804626], [84.2981172, 28.6803944], [84.2980796, 28.6803144], [84.2980099, 28.6802367], [84.2979079, 28.6801661], [84.2977953, 28.6801191], [84.2976773, 28.6800508], [84.2975512, 28.6799944], [84.2972964, 28.6799379], [84.2971972, 28.6799144], [84.2971328, 28.6798744], [84.297114, 28.6798132], [84.2971113, 28.6797543], [84.2971757, 28.6796885], [84.2972857, 28.6796461], [84.2974091, 28.6795755], [84.2975646, 28.6794908], [84.2977282, 28.6794555], [84.297924, 28.6794484], [84.2980716, 28.6794578], [84.2981949, 28.6794673], [84.2983934, 28.6794649], [84.2984498, 28.6794437], [84.2984846, 28.6793967], [84.2984685, 28.6793472], [84.2984605, 28.6793119], [84.2984471, 28.679279], [84.2984739, 28.6792555], [84.2985195, 28.6792602], [84.2985785, 28.6792837], [84.2986268, 28.6793308], [84.2986456, 28.6793731], [84.2986885, 28.6794084], [84.2987716, 28.6794484], [84.2988226, 28.6794673], [84.2988709, 28.6794673], [84.2989245, 28.6794367], [84.2989781, 28.679352], [84.2989942, 28.6793049], [84.2990398, 28.6792602], [84.2990908, 28.6792696], [84.299131, 28.679319], [84.2991659, 28.6793849], [84.2992249, 28.6794202], [84.2992893, 28.6794343], [84.2993671, 28.6794367], [84.2994556, 28.6794296], [84.2995709, 28.6793943], [84.2996836, 28.6793284], [84.2998257, 28.679319], [84.2999062, 28.6793496], [84.3000564, 28.6794131], [84.3002978, 28.679512], [84.3004024, 28.6795496], [84.3005177, 28.679599], [84.3007618, 28.6797073], [84.3008879, 28.6797402], [84.3010113, 28.6797732], [84.3011454, 28.6797802], [84.3012392, 28.6797779], [84.3013599, 28.6797473], [84.3014914, 28.6796885], [84.3015745, 28.6796508], [84.3016523, 28.6796132], [84.3017489, 28.6795708], [84.3018803, 28.6795261], [84.3019822, 28.6794767], [84.3020707, 28.6794202], [84.3021673, 28.6793472], [84.3022853, 28.6793025], [84.3024543, 28.6792178], [84.3025696, 28.6791755], [84.3026742, 28.6791284], [84.3027922, 28.6790766], [84.3029666, 28.6790131], [84.3030739, 28.6789966], [84.303259, 28.6789778], [84.3034306, 28.6789425], [84.3036318, 28.6789025], [84.3038008, 28.6788766], [84.30401, 28.6788648], [84.3041494, 28.6788601], [84.3042675, 28.6788225], [84.3043399, 28.6787778], [84.3043908, 28.6787307], [84.3044364, 28.6786789], [84.3044686, 28.6786178], [84.3045008, 28.6785683], [84.3045437, 28.6785025], [84.3045759, 28.6784436], [84.3045947, 28.6783919], [84.3046269, 28.6783236], [84.3046349, 28.6782742], [84.3046349, 28.6782224], [84.3046054, 28.678173], [84.3045866, 28.6781236], [84.3045866, 28.6780718], [84.304584, 28.6780365], [84.3045518, 28.6779895], [84.3045035, 28.6779377], [84.3044445, 28.6778812], [84.3043506, 28.6778271], [84.3042836, 28.677773], [84.3042299, 28.6777353], [84.3041655, 28.6776694], [84.3041253, 28.6775706], [84.3040797, 28.6774741], [84.3040314, 28.6773988], [84.3039858, 28.6773376], [84.3039617, 28.6772576], [84.3039376, 28.6772129], [84.3038839, 28.6771353], [84.3038437, 28.6770929], [84.3037873, 28.6770552], [84.3037122, 28.6770082], [84.3036693, 28.6769635], [84.3036184, 28.676907], [84.3035701, 28.6768223], [84.3035459, 28.6767399], [84.3035433, 28.6766881], [84.3035299, 28.6766176], [84.3035513, 28.6765611], [84.3036076, 28.6765046], [84.3036988, 28.6764622], [84.30379, 28.6764128], [84.3039161, 28.6763681], [84.3039966, 28.6763234], [84.304136, 28.6762763], [84.3042487, 28.6762457], [84.3043774, 28.6762246], [84.3044686, 28.676201], [84.3046162, 28.6761704], [84.3047529, 28.6761587], [84.3048549, 28.6761516], [84.3049809, 28.676154], [84.3050775, 28.6761775], [84.3051338, 28.6761846], [84.3052572, 28.6762128], [84.3053403, 28.6762222], [84.3055227, 28.6762128], [84.3056381, 28.6761963], [84.3057346, 28.6761775], [84.3058768, 28.6761328], [84.3060002, 28.6760998], [84.3062684, 28.6760528], [84.3063837, 28.6760292], [84.3065312, 28.6760081], [84.3067217, 28.6759822], [84.3069041, 28.6759657], [84.307057, 28.6759634], [84.3072125, 28.6759751], [84.3073735, 28.6759798], [84.3075693, 28.6759822], [84.3077597, 28.6759775], [84.3080601, 28.6759775], [84.3082988, 28.6760434], [84.3083927, 28.6760975], [84.3085858, 28.6761822], [84.3087307, 28.6762152], [84.308846, 28.6762552], [84.3090284, 28.6762999], [84.3092161, 28.676354], [84.3094254, 28.6763658], [84.3096292, 28.6763822], [84.3099806, 28.6764105], [84.3101871, 28.6764552], [84.3103829, 28.6765305], [84.3105653, 28.6766764], [84.3107101, 28.6768129], [84.3107879, 28.6769023], [84.3109032, 28.6770294], [84.3109757, 28.6771258], [84.3110508, 28.6772341], [84.3111178, 28.6773682], [84.3111795, 28.6775282], [84.3112037, 28.6777212], [84.3112358, 28.6778859], [84.3113083, 28.6780554], [84.3113539, 28.6781518], [84.3114048, 28.6782577], [84.3114853, 28.6783848], [84.3116006, 28.6785731], [84.3116811, 28.6787401], [84.3117294, 28.6788084], [84.3118018, 28.678966], [84.311834, 28.6791143], [84.3118393, 28.6792178], [84.3118393, 28.6793567], [84.3118581, 28.6794837], [84.3118608, 28.6796367], [84.3118501, 28.6797708], [84.3118367, 28.6798367], [84.3117052, 28.6801285], [84.3116435, 28.6802297], [84.311614, 28.6802744], [84.3115604, 28.6803262], [84.3114987, 28.6804038], [84.3114316, 28.6804579], [84.3113941, 28.6804862], [84.3113404, 28.6805168], [84.3113083, 28.6805662], [84.3113351, 28.6806226], [84.3113807, 28.6806721], [84.311437, 28.6807238], [84.3115148, 28.680778], [84.3115979, 28.6808509], [84.3116596, 28.680978], [84.3116757, 28.6810697], [84.3116918, 28.6811756], [84.3116999, 28.6812768], [84.3116945, 28.6813686], [84.3116918, 28.6814604], [84.3116945, 28.6816227], [84.3117481, 28.6817074], [84.3118447, 28.6818133], [84.3119439, 28.6818651], [84.3120968, 28.6819027], [84.3122202, 28.6819263], [84.3123221, 28.6819427], [84.3124026, 28.6819569], [84.3124589, 28.6819898], [84.3125233, 28.6820416], [84.3126574, 28.6821545], [84.3127754, 28.6822675], [84.3128666, 28.6823757], [84.3129551, 28.6825216], [84.3130356, 28.6826345], [84.3130732, 28.6827287], [84.3131724, 28.6828816], [84.3132663, 28.683004], [84.3134031, 28.6831193], [84.3136016, 28.6832181], [84.3138376, 28.6833122], [84.3140522, 28.6834252], [84.314189, 28.6835522], [84.3142801, 28.683637], [84.3144008, 28.6837687], [84.3144947, 28.6838723], [84.3146181, 28.6839758], [84.3147361, 28.6840887], [84.3148676, 28.684204], [84.3149909, 28.6843829], [84.3150687, 28.6845546], [84.3151411, 28.6847429], [84.3151653, 28.6848747], [84.3151572, 28.6849947], [84.3151385, 28.68511], [84.3151143, 28.6852158], [84.3150768, 28.6852935], [84.3150231, 28.68535], [84.3149319, 28.6854206], [84.3149802, 28.6854747], [84.3125823, 28.6857194], [84.3124214, 28.6856747], [84.3123409, 28.6856559], [84.3122444, 28.6856488], [84.3120646, 28.6856676], [84.3119654, 28.6856912], [84.3118849, 28.685717], [84.3118367, 28.6857617], [84.3118072, 28.6858065], [84.311834, 28.6858606], [84.3108604, 28.6859335], [84.310737, 28.6858559], [84.3107021, 28.6858276], [84.3105921, 28.6858253], [84.310466, 28.6858347], [84.3102971, 28.6858559], [84.3102059, 28.6858959], [84.3101227, 28.6859288], [84.3100315, 28.6859476], [84.3099001, 28.6859594], [84.3096909, 28.6859688], [84.3095434, 28.6860088], [84.309369, 28.68607], [84.3091705, 28.6861735], [84.3090311, 28.6862347], [84.3088782, 28.6863194], [84.3087548, 28.6863782], [84.3086046, 28.6864512], [84.3084303, 28.6865335], [84.3082774, 28.6865806], [84.308095, 28.6866206], [84.3078643, 28.6866912], [84.3076712, 28.6867829], [84.3075076, 28.6868441], [84.3073654, 28.6869006], [84.3072528, 28.6869524], [84.3070838, 28.6870253], [84.306947, 28.6870865], [84.3067673, 28.6871759], [84.3065661, 28.6872488], [84.3064079, 28.6873006], [84.3062603, 28.68735], [84.3061584, 28.6873688], [84.3060726, 28.6874088], [84.3059653, 28.687463], [84.3058258, 28.6875006], [84.3056783, 28.6875571], [84.3055281, 28.6876394], [84.3053752, 28.6877053], [84.3051955, 28.687783], [84.3048093, 28.6879453], [84.3046349, 28.6880559], [84.3045035, 28.6881524], [84.3043801, 28.68827], [84.3042996, 28.6883336], [84.3041843, 28.6884277], [84.3040797, 28.6885218], [84.3039215, 28.6886512], [84.3038142, 28.6887571], [84.3036774, 28.6888488], [84.3035406, 28.6889336], [84.3034574, 28.6889924], [84.3033287, 28.6890677], [84.3031973, 28.6891453], [84.3031222, 28.6891994], [84.3030363, 28.6892841], [84.3029183, 28.6893477], [84.3028218, 28.6893736], [84.302752, 28.6893712], [84.3026903, 28.68935], [84.3026045, 28.6893336], [84.3025321, 28.6893077], [84.302457, 28.6892841], [84.3024141, 28.6892677], [84.3023497, 28.6892371], [84.3022987, 28.6892512], [84.3022746, 28.6892936], [84.3022719, 28.6893477], [84.3022504, 28.6894206], [84.3022048, 28.6894747], [84.3021405, 28.6895406], [84.3020385, 28.6896347], [84.3019527, 28.689743], [84.3018749, 28.6898371], [84.3017837, 28.6899547], [84.3017408, 28.6900253], [84.3016872, 28.690103], [84.3016309, 28.6901524], [84.3015048, 28.6902394], [84.3013841, 28.6903124], [84.3012392, 28.6904041], [84.3011293, 28.6905006], [84.3010434, 28.6905853], [84.3009496, 28.6907218], [84.3009013, 28.6908065], [84.300845, 28.6909077], [84.3008342, 28.6910112], [84.3008208, 28.6911053], [84.3008128, 28.6912394], [84.3007833, 28.6913335], [84.3007189, 28.6914982], [84.3006518, 28.6916041], [84.300558, 28.6917688], [84.3005714, 28.69187], [84.3004668, 28.6920206], [84.3002817, 28.6922958], [84.300161, 28.6924347], [84.299933, 28.6926252], [84.2998714, 28.6926794], [84.2997989, 28.6927288], [84.2997185, 28.6927735], [84.2995387, 28.6928041], [84.2994663, 28.6928394], [84.2993671, 28.6928911], [84.2992866, 28.6929852], [84.299233, 28.6930464], [84.2991471, 28.6931593], [84.2990801, 28.6932888], [84.2990398, 28.6933499], [84.2989433, 28.6934087], [84.2988119, 28.6934535], [84.2987072, 28.6934558], [84.2985919, 28.6934135], [84.2985168, 28.6933476], [84.2984471, 28.6932817], [84.2984068, 28.6931735], [84.2983881, 28.6930841], [84.2984042, 28.6929923], [84.298439, 28.6929099], [84.2985302, 28.6928441], [84.2987019, 28.6927452], [84.2987877, 28.6927123], [84.2988896, 28.6926394], [84.2989942, 28.6925664], [84.2990908, 28.6925005], [84.29919, 28.6924088], [84.2992356, 28.6923006], [84.2992598, 28.6922206], [84.2993268, 28.6920817], [84.2994153, 28.6919712], [84.299536, 28.6917829], [84.2995924, 28.6916582], [84.2996138, 28.6915265], [84.2996246, 28.6914206], [84.299646, 28.6913359], [84.2997077, 28.69115], [84.2997748, 28.6909782], [84.299823, 28.6908888], [84.2998874, 28.6907335], [84.2999089, 28.6906041], [84.2999035, 28.6905382], [84.2998847, 28.69047], [84.299823, 28.6903877], [84.2997667, 28.6903453], [84.2997479, 28.6902888], [84.2996997, 28.6901947], [84.2996272, 28.6900841], [84.299536, 28.6900371], [84.2994583, 28.6900347], [84.2993644, 28.6900206], [84.2992437, 28.6899288], [84.2991739, 28.6898041], [84.2991552, 28.689743], [84.2991471, 28.6895688], [84.2991391, 28.6894771], [84.2991391, 28.6893806], [84.2991418, 28.6893147], [84.2991203, 28.6892465], [84.2990398, 28.6891241], [84.2989701, 28.6890253], [84.298903, 28.6889618], [84.2988011, 28.6888841], [84.2987341, 28.6887877], [84.2987099, 28.6886771], [84.2987019, 28.6885477], [84.2987233, 28.6884277], [84.2987555, 28.6883312], [84.2987609, 28.6881877], [84.2988038, 28.688023], [84.2988145, 28.687863], [84.2988414, 28.6876512], [84.2988467, 28.6875288], [84.2988682, 28.6874159], [84.2988896, 28.6873406], [84.2989272, 28.6871947], [84.2989808, 28.6869782], [84.2990076, 28.6868277], [84.2990988, 28.6865547], [84.2991525, 28.6863147], [84.2991793, 28.6862018], [84.2992169, 28.6860653], [84.2992651, 28.685957], [84.2993402, 28.6858206], [84.2993885, 28.6856888], [84.2994207, 28.6855335], [84.2994851, 28.685397], [84.2995548, 28.6853029], [84.299646, 28.6851947], [84.2997748, 28.6850911], [84.2999518, 28.6847829], [84.3000805, 28.684637], [84.3001878, 28.6845264], [84.3002441, 28.6844629], [84.3003219, 28.6843852], [84.3004346, 28.6842911], [84.3005875, 28.684124], [84.3006948, 28.6839993], [84.300802, 28.6839029], [84.3009067, 28.6837852], [84.300963, 28.6837146], [84.3010542, 28.6835781], [84.3010756, 28.6835358], [84.30114, 28.6833687], [84.3012044, 28.6832864], [84.3012607, 28.6832181], [84.3013144, 28.6830722], [84.3013492, 28.6829593], [84.3013519, 28.6828463], [84.3013358, 28.6827899], [84.3013117, 28.6827216], [84.3012714, 28.6826604], [84.3012312, 28.6826134], [84.3011749, 28.6825334], [84.3011346, 28.6824392], [84.3010461, 28.6822698], [84.300971, 28.6821404], [84.3008932, 28.6820557], [84.3007913, 28.681971], [84.3006679, 28.6818627], [84.3005231, 28.681811], [84.3004507, 28.6817827], [84.3003917, 28.6817474], [84.3003219, 28.6817121], [84.3002281, 28.6816557], [84.3001342, 28.681611], [84.3000939, 28.6815545], [84.3000457, 28.6815051], [84.3000081, 28.6814604], [84.2999679, 28.6814156], [84.2999196, 28.6813521], [84.2998606, 28.6812839], [84.2998043, 28.6812556], [84.2997131, 28.6811803], [84.2996192, 28.6811356], [84.2995656, 28.6811168], [84.2994717, 28.6810744], [84.2993322, 28.6809944], [84.2992517, 28.6809544], [84.2991579, 28.6809027], [84.2990372, 28.6808133], [84.298946, 28.680738], [84.2988682, 28.6806791], [84.2987797, 28.6806462], [84.2986321, 28.6805638]]]}, "properties": {"external_id": "osm:way/1021648090", "name": "", "name_ne": "", "area_km2": 1.511}}, {"type": "Feature", "geometry": {"type": "Polygon", "coordinates": [[[84.3187648, 28.690343], [84.3187595, 28.69047], [84.3187863, 28.6905688], [84.3188238, 28.6906159], [84.318915, 28.6906912], [84.3190116, 28.6908041], [84.3191403, 28.6909406], [84.319194, 28.6910065], [84.3192208, 28.6911429], [84.3191833, 28.6913829], [84.3191672, 28.6914347], [84.3190867, 28.6916276], [84.318915, 28.6916935], [84.3187756, 28.6917782], [84.3186736, 28.6918441], [84.3184537, 28.6919617], [84.3183035, 28.6920135], [84.3179494, 28.6920464], [84.3177939, 28.6920982], [84.3175578, 28.6921735], [84.3172843, 28.6922394], [84.3169517, 28.6923476], [84.3166781, 28.6925405], [84.3165118, 28.6926488], [84.3163508, 28.6927711], [84.3161953, 28.6928276], [84.3159056, 28.6928182], [84.3157339, 28.6927994], [84.3155086, 28.6928041], [84.3153799, 28.6928747], [84.3152029, 28.6931146], [84.3151063, 28.693237], [84.3149025, 28.693397], [84.3148059, 28.6935382], [84.3147844, 28.6936793], [84.3147844, 28.6939005], [84.3146932, 28.694037], [84.3145913, 28.6940228], [84.3142855, 28.6939805], [84.3140066, 28.6939946], [84.3138403, 28.6940322], [84.3136204, 28.6941452], [84.3135131, 28.6942252], [84.3134755, 28.6943052], [84.3134702, 28.6946863], [84.3135453, 28.694884], [84.3135721, 28.6950298], [84.313556, 28.6953075], [84.3135292, 28.6954016], [84.3134594, 28.6955286], [84.3134541, 28.6956604], [84.3133843, 28.6957451], [84.3131858, 28.6959663], [84.3128157, 28.6961827], [84.3125314, 28.6962721], [84.3122578, 28.696258], [84.3120057, 28.6962156], [84.3117428, 28.6962439], [84.311657, 28.6963239], [84.3115765, 28.6964321], [84.3113619, 28.6965403], [84.3111044, 28.6965497], [84.3107879, 28.6965121], [84.3106538, 28.6965262], [84.31045, 28.6966439], [84.310214, 28.6967944], [84.3100369, 28.6969874], [84.3095917, 28.6971426], [84.3094576, 28.6972509], [84.3093127, 28.6973732], [84.3091625, 28.6976085], [84.3090499, 28.6977308], [84.308846, 28.6977449], [84.3087602, 28.6977261], [84.3087012, 28.697712], [84.3085563, 28.6974626], [84.3085242, 28.6974014], [84.3085027, 28.6971944], [84.3084491, 28.6970203], [84.3082506, 28.6969921], [84.3079609, 28.6971238], [84.3078375, 28.6972085], [84.3077141, 28.6971944], [84.3076015, 28.6971097], [84.3073654, 28.6970015], [84.3071133, 28.6969356], [84.3069202, 28.6968603], [84.3067324, 28.6966956], [84.306593, 28.6965733], [84.3063999, 28.6964415], [84.306196, 28.6962392], [84.3060565, 28.696098], [84.305901, 28.6959615], [84.3057025, 28.6958204], [84.3054986, 28.6957169], [84.3051607, 28.695571], [84.3049139, 28.6955286], [84.3046671, 28.6954628], [84.3045599, 28.6954016], [84.3043989, 28.695331], [84.3043185, 28.6952416], [84.3042407, 28.6951687], [84.3041253, 28.6950534], [84.3039993, 28.6949216], [84.3038652, 28.6948204], [84.303715, 28.6947193], [84.3036077, 28.6946463], [84.3033582, 28.6944887], [84.3032644, 28.6944228], [84.3031705, 28.6943099], [84.3031168, 28.6942111], [84.3030954, 28.694124], [84.3031115, 28.6940793], [84.3031597, 28.6940417], [84.3032348, 28.6940087], [84.3033421, 28.6939523], [84.3034521, 28.6938981], [84.3035674, 28.6938464], [84.3037257, 28.6937758], [84.3038383, 28.693724], [84.3039617, 28.6936887], [84.3041334, 28.6936417], [84.3043775, 28.6936252], [84.3045035, 28.6935617], [84.3046859, 28.6934723], [84.3048039, 28.6934417], [84.3050078, 28.6934276], [84.3052358, 28.6934229], [84.3054986, 28.6934158], [84.3056971, 28.6934064], [84.3058634, 28.6933735], [84.306145, 28.6933405], [84.3063167, 28.6933146], [84.3064937, 28.6932746], [84.3067217, 28.6932182], [84.3068746, 28.6932088], [84.3070838, 28.6931876], [84.3073038, 28.6931546], [84.3074406, 28.6931264], [84.3075693, 28.693077], [84.3078161, 28.6929782], [84.3078724, 28.6929546], [84.3080816, 28.6928982], [84.3081433, 28.6928747], [84.3083981, 28.6928182], [84.3084732, 28.6927923], [84.3085993, 28.6927194], [84.30872, 28.6926629], [84.3087897, 28.6926605], [84.3088997, 28.692677], [84.3089962, 28.6926841], [84.309125, 28.6926723], [84.3093717, 28.6926464], [84.3094442, 28.6926158], [84.3095166, 28.6925641], [84.3095836, 28.6924558], [84.3096453, 28.6923876], [84.3097553, 28.6923335], [84.3099404, 28.6922817], [84.3100289, 28.692277], [84.3101523, 28.6922676], [84.3103293, 28.6922159], [84.3104983, 28.6921476], [84.3106109, 28.6921006], [84.3107263, 28.6920864], [84.3108872, 28.6920676], [84.3110481, 28.6920182], [84.3111366, 28.6919829], [84.3114102, 28.6918959], [84.3114719, 28.6918794], [84.3115443, 28.6918606], [84.3116382, 28.691837], [84.3117214, 28.69183], [84.311767, 28.6918112], [84.3117911, 28.691797], [84.3118018, 28.6917665], [84.3117616, 28.6917547], [84.3116543, 28.6917453], [84.3115068, 28.6917923], [84.3113244, 28.6918488], [84.3111742, 28.6918747], [84.3110696, 28.691877], [84.310973, 28.6918747], [84.3109006, 28.6918817], [84.3107719, 28.6919335], [84.3105921, 28.69199], [84.3104768, 28.6920112], [84.3103105, 28.6920253], [84.3102005, 28.6920441], [84.3100825, 28.6920982], [84.3099645, 28.6921476], [84.3097821, 28.6922276], [84.3096936, 28.6922794], [84.3096158, 28.6923241], [84.3095193, 28.6923758], [84.3094227, 28.6923947], [84.3092832, 28.6923947], [84.3090204, 28.6923947], [84.3089104, 28.6923947], [84.3087897, 28.6924253], [84.3086663, 28.6924535], [84.3085134, 28.6924653], [84.3083471, 28.69247], [84.3082854, 28.6924747], [84.3080306, 28.6924794], [84.3079287, 28.6924464], [84.3078134, 28.6924111], [84.3076337, 28.6924276], [84.3074888, 28.6924535], [84.3073413, 28.6924841], [84.3072018, 28.6924935], [84.3070543, 28.6924958], [84.3068907, 28.6925076], [84.3067673, 28.6925335], [84.3066547, 28.6925711], [84.3065474, 28.6925805], [84.3063838, 28.6925547], [84.3062148, 28.6925688], [84.3060834, 28.6925688], [84.3058446, 28.6925429], [84.3057266, 28.6924817], [84.3056247, 28.6924394], [84.3054343, 28.6923923], [84.3052921, 28.6923688], [84.3051821, 28.6923476], [84.3050963, 28.6923217], [84.3050319, 28.69227], [84.3050105, 28.6922041], [84.3050132, 28.6921264], [84.3049783, 28.6920817], [84.3049059, 28.6920135], [84.3047825, 28.691957], [84.3047074, 28.6918959], [84.3045143, 28.6917429], [84.3043936, 28.6916982], [84.3042997, 28.6916347], [84.3041817, 28.6914441], [84.3040556, 28.6913735], [84.3039, 28.6913171], [84.3037498, 28.6912606], [84.3036211, 28.6911618], [84.303546, 28.6910606], [84.3034146, 28.6909524], [84.3032456, 28.6908959], [84.3031329, 28.6908629], [84.3030069, 28.6908088], [84.302913, 28.6907547], [84.302736, 28.6906277], [84.3026904, 28.6905853], [84.3025938, 28.6905477], [84.302457, 28.6905453], [84.3023095, 28.6905618], [84.3021861, 28.6906182], [84.3021056, 28.6907077], [84.302052, 28.6908559], [84.3020064, 28.6909476], [84.3018723, 28.6911312], [84.3018213, 28.6912888], [84.3017677, 28.6913782], [84.3017328, 28.6914606], [84.3016845, 28.6915523], [84.3016282, 28.6917453], [84.3016014, 28.6918065], [84.3015558, 28.6918888], [84.3014968, 28.6919547], [84.3014404, 28.6919806], [84.3013117, 28.6920606], [84.3012661, 28.6920841], [84.3012259, 28.6921923], [84.3011722, 28.6922653], [84.3010971, 28.6923594], [84.3010167, 28.6924276], [84.3009577, 28.6925335], [84.3009067, 28.6925829], [84.3007914, 28.6927876], [84.3006412, 28.6929546], [84.3005231, 28.6930841], [84.3004641, 28.6931758], [84.3003971, 28.6932723], [84.3003407, 28.6933358], [84.300043, 28.6934323], [84.299815, 28.6934393], [84.2996621, 28.6934393], [84.2995736, 28.6934346], [84.2994449, 28.6933687], [84.2994315, 28.6933193], [84.2994368, 28.6931711], [84.299461, 28.693077], [84.2995227, 28.693037], [84.2995736, 28.6930158], [84.2996192, 28.6929923], [84.2996782, 28.6929076], [84.2997185, 28.6928229], [84.2997185, 28.6927735], [84.2997989, 28.6927288], [84.2998714, 28.6926794], [84.299933, 28.6926252], [84.300161, 28.6924347], [84.3002817, 28.6922958], [84.3004668, 28.6920206], [84.3005714, 28.69187], [84.3007404, 28.6917782], [84.3008048, 28.691717], [84.3008772, 28.6916347], [84.3009281, 28.6915594], [84.3009872, 28.6914676], [84.3010408, 28.6913618], [84.3010649, 28.6911829], [84.301081, 28.6910794], [84.3011427, 28.6909476], [84.3012205, 28.6908441], [84.3012715, 28.6907759], [84.3013734, 28.6906535], [84.3015933, 28.6904394], [84.3016497, 28.6903641], [84.3017945, 28.6902465], [84.3019072, 28.6901783], [84.3020144, 28.6901477], [84.3021781, 28.690103], [84.3022988, 28.6900583], [84.3024329, 28.6900159], [84.3026072, 28.6899665], [84.3027279, 28.6899335], [84.3028674, 28.6899124], [84.3031222, 28.6899077], [84.3032509, 28.6899124], [84.303436, 28.6899077], [84.3035755, 28.6899194], [84.3038893, 28.68999], [84.3040476, 28.6900253], [84.3042112, 28.6900771], [84.3043694, 28.6901524], [84.3045143, 28.69019], [84.3046806, 28.6902324], [84.3048629, 28.6903147], [84.3050319, 28.6904041], [84.3051553, 28.6904771], [84.3054799, 28.6905312], [84.3055711, 28.6905241], [84.3057454, 28.6905382], [84.3059787, 28.6905594], [84.3061853, 28.6905994], [84.3063489, 28.69063], [84.3065045, 28.6906465], [84.306711, 28.6907029], [84.3068853, 28.6907547], [84.307226, 28.6908347], [84.3073923, 28.6909053], [84.3074888, 28.6909265], [84.3075934, 28.6909547], [84.3077115, 28.6910065], [84.3078831, 28.6910324], [84.3079663, 28.6910347], [84.3083498, 28.6910724], [84.3084786, 28.6910935], [84.3086288, 28.6911006], [84.3087629, 28.6910865], [84.3089131, 28.6910771], [84.3090391, 28.6910418], [84.3092001, 28.6909853], [84.3092725, 28.69095], [84.3093315, 28.69091], [84.3093691, 28.6908465], [84.3093664, 28.6907971], [84.3092859, 28.6907547], [84.3092242, 28.6907453], [84.3091142, 28.6907547], [84.3089721, 28.6907877], [84.3088407, 28.6908088], [84.3087307, 28.6907947], [84.3086717, 28.6907641], [84.3085617, 28.6906959], [84.3084839, 28.69063], [84.3082989, 28.6904677], [84.3080736, 28.6903735], [84.3078858, 28.6903171], [84.3077222, 28.6903006], [84.3075505, 28.6902935], [84.3074352, 28.6902771], [84.307344, 28.6902441], [84.3072689, 28.6902135], [84.3071536, 28.6901547], [84.3070168, 28.6900677], [84.3069095, 28.6900088], [84.3067861, 28.6899241], [84.3066788, 28.6898535], [84.3064159, 28.6898277], [84.3062818, 28.6898347], [84.3060136, 28.689863], [84.3059063, 28.6898347], [84.3057454, 28.689823], [84.3056193, 28.689783], [84.3055496, 28.6897312], [84.3054825, 28.6896159], [84.3054825, 28.6894794], [84.3054879, 28.6894253], [84.3055094, 28.6893265], [84.305555, 28.6892512], [84.3056006, 28.6891877], [84.3056622, 28.6891194], [84.3057239, 28.6890371], [84.3057722, 28.6889171], [84.3058259, 28.6887947], [84.3058446, 28.6887218], [84.3058741, 28.6886465], [84.3058983, 28.68859], [84.3059841, 28.6885218], [84.3060726, 28.6884653], [84.3061799, 28.6883877], [84.306247, 28.6882653], [84.3063113, 28.6881994], [84.3064481, 28.6880818], [84.3066386, 28.6879806], [84.3068719, 28.6878183], [84.3069524, 28.6877335], [84.3070624, 28.6876488], [84.3071643, 28.6875171], [84.3072582, 28.6874253], [84.3073413, 28.6873147], [84.3073923, 28.6872606], [84.3075076, 28.6871806], [84.3077061, 28.6870747], [84.3078482, 28.6870206], [84.3080548, 28.6869053], [84.3083203, 28.6867806], [84.3084759, 28.6866935], [84.3086019, 28.6866135], [84.3086985, 28.6865641], [84.3088594, 28.6865147], [84.3090284, 28.6864465], [84.3092349, 28.6863665], [84.3094012, 28.6863335], [84.3095327, 28.6863053], [84.3097097, 28.6862653], [84.3098894, 28.6862182], [84.3099994, 28.6861853], [84.310171, 28.6861547], [84.3103373, 28.6861382], [84.310509, 28.6861123], [84.3106297, 28.6860818], [84.3107504, 28.686037], [84.3108282, 28.6859994], [84.3108604, 28.6859335], [84.311834, 28.6858606], [84.3118984, 28.6858935], [84.3119708, 28.6859006], [84.3120727, 28.6859006], [84.3121451, 28.6858959], [84.3122363, 28.6858935], [84.3123088, 28.6858865], [84.3123758, 28.6858747], [84.3124348, 28.6858441], [84.3125046, 28.6858112], [84.3125502, 28.6857688], [84.3125823, 28.6857194], [84.3149802, 28.6854747], [84.3149802, 28.6855288], [84.3149896, 28.6855759], [84.3150138, 28.6856029], [84.3150688, 28.6856229], [84.3151291, 28.6856547], [84.315176, 28.6856829], [84.3152713, 28.6857159], [84.3153933, 28.6857276], [84.315463, 28.6857288], [84.315577, 28.6857406], [84.3156106, 28.6857676], [84.3156119, 28.6858076], [84.3156159, 28.685857], [84.3156146, 28.6859347], [84.3156119, 28.685997], [84.3156213, 28.6860688], [84.3156293, 28.6861123], [84.315636, 28.6861782], [84.3156588, 28.6862629], [84.3156709, 28.6863829], [84.3156816, 28.6864371], [84.3157058, 28.6864782], [84.3157406, 28.6864947], [84.3157755, 28.6865006], [84.3158318, 28.6865041], [84.3158962, 28.6865076], [84.3159525, 28.6865206], [84.3159807, 28.6865418], [84.3160022, 28.6865982], [84.3160035, 28.6866641], [84.316033, 28.6867218], [84.3160799, 28.6867571], [84.3161457, 28.6867688], [84.3162597, 28.6867994], [84.3163254, 28.6868277], [84.3163616, 28.6868371], [84.3164099, 28.6868653], [84.3164447, 28.6869053], [84.3164662, 28.6869559], [84.3164836, 28.6870782], [84.3165171, 28.6871535], [84.3165976, 28.6872653], [84.3166553, 28.6873535], [84.3167264, 28.6874818], [84.316776, 28.6875512], [84.3168511, 28.6876477], [84.3169128, 28.6876959], [84.3169342, 28.6876935], [84.3169718, 28.6876771], [84.3169919, 28.6876347], [84.3169839, 28.6875571], [84.3169865, 28.6875041], [84.3170348, 28.6874406], [84.3171542, 28.6873982], [84.3172199, 28.6874041], [84.3172829, 28.687423], [84.3173728, 28.6874841], [84.3174613, 28.6875983], [84.3175471, 28.6876947], [84.3176169, 28.687763], [84.3177215, 28.6878759], [84.3178153, 28.6880053], [84.3178542, 28.6881112], [84.3179199, 28.6882065], [84.3180447, 28.6883818], [84.3180836, 28.6884641], [84.3181426, 28.6885512], [84.3182029, 28.6886324], [84.3182847, 28.6887006], [84.3183813, 28.6888183], [84.3184457, 28.68891], [84.3184926, 28.6889688], [84.3185248, 28.6890088], [84.3186012, 28.6891547], [84.3186535, 28.6892453], [84.3187581, 28.6893677], [84.3188037, 28.6894312], [84.3188466, 28.6894783], [84.3189177, 28.6895971], [84.3190116, 28.6896865], [84.3191135, 28.6897618], [84.3192423, 28.6899335], [84.3192476, 28.69003], [84.3192154, 28.6900771], [84.3191377, 28.6901053], [84.319017, 28.6901241], [84.3189553, 28.69015], [84.3188185, 28.6902653], [84.3187648, 28.690343]]]}, "properties": {"external_id": "osm:way/1021792490", "name": "", "name_ne": "", "area_km2": 1.283}}, {"type": "Feature", "geometry": {"type": "Polygon", "coordinates": [[[84.3083954, 28.6982202], [84.3085295, 28.6984084], [84.3086046, 28.6985213], [84.3086743, 28.6986437], [84.3087065, 28.6988225], [84.3087172, 28.6990295], [84.3087012, 28.6992883], [84.3086475, 28.6994624], [84.3085992, 28.6995942], [84.3085188, 28.6997118], [84.3083256, 28.6998718], [84.3081647, 28.700013], [84.3079662, 28.7001071], [84.3077141, 28.7001682], [84.3074727, 28.7002106], [84.3072474, 28.7002388], [84.3069363, 28.7002153], [84.3066466, 28.7001823], [84.3062711, 28.7001212], [84.306035, 28.7000553], [84.3057615, 28.700013], [84.3055254, 28.6999424], [84.3052679, 28.6998389], [84.3049943, 28.6996883], [84.3047368, 28.6996224], [84.3043667, 28.6995377], [84.3040931, 28.6995001], [84.3038464, 28.6994389], [84.3035406, 28.6994624], [84.3032348, 28.699453], [84.3029934, 28.6993683], [84.3028754, 28.6992789], [84.3027413, 28.6990907], [84.3026984, 28.6988931], [84.302693, 28.6986907], [84.3026876, 28.698526], [84.3027574, 28.6983614], [84.3027842, 28.6982202], [84.3027091, 28.6980837], [84.3026608, 28.6980179], [84.3025911, 28.6979096], [84.3025911, 28.6977591], [84.3026608, 28.6976461], [84.3027091, 28.6975285], [84.3027896, 28.6974391], [84.3028325, 28.6972932], [84.3028915, 28.6971568], [84.3029451, 28.6970015], [84.3029934, 28.6967944], [84.3030363, 28.6966344], [84.3031061, 28.6964556], [84.3031704, 28.6963803], [84.3033528, 28.6963615], [84.3036532, 28.6963615], [84.3039751, 28.6963239], [84.3041199, 28.6962298], [84.3042809, 28.6962015], [84.3045491, 28.6962486], [84.3047637, 28.6963615], [84.3048978, 28.6965262], [84.3049943, 28.6966062], [84.3052143, 28.6967191], [84.3054986, 28.6968085], [84.3057132, 28.6968556], [84.3058956, 28.6969309], [84.3061262, 28.6971003], [84.3063194, 28.6972979], [84.3064481, 28.697425], [84.3067163, 28.6974955], [84.3069309, 28.6975426], [84.3070704, 28.6976085], [84.3071294, 28.6976697], [84.3072581, 28.6978438], [84.3073815, 28.6979473], [84.3074995, 28.6979708], [84.3076229, 28.6979755], [84.3077141, 28.6979567], [84.3078858, 28.6979755], [84.3080735, 28.698032], [84.3082452, 28.6981167], [84.3083954, 28.6982202]]]}, "properties": {"external_id": "osm:way/1023913544", "name": "", "name_ne": "", "area_km2": 0.177}}], "attribution": "© OpenStreetMap contributors, ODbL 1.0"}