{"type": "FeatureCollection", "features": [{"type": "Feature", "geometry": {"type": "Polygon", "coordinates": [[[86.9921439, 27.7864423], [86.9978998, 27.787827], [87.0065084, 27.7924277], [87.0097903, 27.7953756], [87.0158996, 27.7984574], [87.0213273, 27.8001769], [87.0266792, 27.802611], [87.0286483, 27.8048217], [87.0290775, 27.8070101], [87.0291999, 27.8086544], [87.020626, 27.8133512], [87.0196863, 27.8120788], [87.0175908, 27.8109901], [87.0145021, 27.8082801], [87.0112458, 27.8059495], [87.0083055, 27.8039069], [87.0069369, 27.8030026], [87.0066529, 27.8026006], [87.0061354, 27.8025615], [87.0054727, 27.8027625], [87.0050751, 27.8033487], [87.0042547, 27.8038455], [87.0035604, 27.8038567], [87.0030113, 27.803572], [87.0027273, 27.8031589], [87.0027715, 27.8028797], [87.0027652, 27.8015064], [87.0020394, 27.8008476], [86.9985311, 27.7990671], [86.9964247, 27.7968722], [86.993033, 27.7947562], [86.9879634, 27.7925296], [86.9858927, 27.7906029], [86.9860355, 27.7893396], [86.9874457, 27.7874129], [86.9908552, 27.7861653], [86.9921439, 27.7864423]]]}, "properties": {"external_id": "osm:way/27915250", "name": "Chamlang Glacier", "name_ne": "", "area_km2": 4.523}}, {"type": "Feature", "geometry": {"type": "Polygon", "coordinates": [[[86.8343431, 28.0102173], [86.8337925, 28.0116024], [86.8337923, 28.0129013], [86.8333936, 28.0134693], [86.8335478, 28.0139947], [86.8321256, 28.0140215], [86.8310747, 28.0125221], [86.8292701, 28.012166], [86.8269455, 28.0122878], [86.8255124, 28.0133187], [86.8243023, 28.0149118], [86.8249286, 28.0156521], [86.8265102, 28.0162987], [86.8280538, 28.0160215], [86.8322532, 28.0158238], [86.8328368, 28.0152866], [86.8339094, 28.0148058], [86.8360006, 28.015037], [86.8378087, 28.0155836], [86.8395939, 28.0159339], [86.8402845, 28.015642], [86.8404608, 28.0153891], [86.8404975, 28.0146692], [86.8408061, 28.0142606], [86.8409236, 28.0138066], [86.8404534, 28.0133591], [86.8397629, 28.013145], [86.8394102, 28.013612], [86.8393956, 28.013826], [86.8388152, 28.0138714], [86.8386683, 28.0135277], [86.8386683, 28.0130413], [86.8389842, 28.0125548], [86.8388666, 28.0119582], [86.8381907, 28.0118868], [86.8375663, 28.0121852], [86.8371476, 28.0116079], [86.8371696, 28.0109464], [86.837794, 28.0103562], [86.8380952, 28.0098957], [86.837963, 28.0095065], [86.8376545, 28.0096816], [86.8371476, 28.00998], [86.8361705, 28.0101292], [86.8357003, 28.0098697], [86.8343431, 28.0102173]]]}, "properties": {"external_id": "osm:way/30386284", "name": "", "name_ne": "", "area_km2": 0.592}}, {"type": "Feature", "geometry": {"type": "Polygon", "coordinates": [[[86.8737504, 27.9034702], [86.8740371, 27.9041505], [86.8745904, 27.9042426], [86.8747085, 27.9043677], [86.8749992, 27.9043548], [86.8752503, 27.9045172], [86.8755913, 27.9045086], [86.8758676, 27.9045977], [86.8761317, 27.904574], [86.8763796, 27.9044425], [86.8765851, 27.9045843], [86.8768707, 27.904684], [86.8775543, 27.9046799], [86.8779855, 27.9045521], [86.8783922, 27.9045637], [86.8788395, 27.9045623], [86.8790875, 27.9045723], [86.8794006, 27.9044279], [86.8799342, 27.9043419], [86.8803881, 27.9043276], [86.8807918, 27.904351], [86.8811468, 27.9044103], [86.881781, 27.9046454], [86.882159, 27.904903], [86.8826449, 27.9051289], [86.8828146, 27.9053496], [86.8829767, 27.9054743], [86.883338, 27.90552], [86.8838122, 27.905674], [86.8840615, 27.905866], [86.8842431, 27.9060697], [86.8844538, 27.9063351], [86.8847621, 27.9065501], [86.8850527, 27.9067319], [86.8855151, 27.9068551], [86.8857057, 27.907046], [86.8859595, 27.9071666], [86.8864401, 27.9072521], [86.8879656, 27.9074381], [86.8887329, 27.9083254], [86.8890829, 27.9089324], [86.8888171, 27.9096612], [86.8894064, 27.9101155], [86.8902968, 27.9102042], [86.891514, 27.9093638], [86.8938688, 27.9091331], [86.8970222, 27.9100117], [86.8988914, 27.9114239], [86.9023177, 27.9151369], [86.9082334, 27.9206827], [86.9128855, 27.9257306], [86.9148019, 27.9280535], [86.9159417, 27.9312153], [86.9159861, 27.9332828], [86.9146412, 27.9357634], [86.9117634, 27.9386911], [86.9108854, 27.9409794], [86.9128007, 27.941653], [86.9155495, 27.9397573], [86.9166135, 27.9405564], [86.9165926, 27.9452513], [86.9219541, 27.9451388], [86.9291826, 27.9439219], [86.9303944, 27.9408243], [86.9341939, 27.9389124], [86.9348832, 27.9379057], [86.9337483, 27.9367307], [86.9332894, 27.9356104], [86.9348193, 27.9349768], [86.9353126, 27.932663], [86.9287542, 27.9307621], [86.9258789, 27.9287235], [86.922789, 27.924325], [86.919373, 27.9194152], [86.9157508, 27.9134039], [86.9113283, 27.909735], [86.9073848, 27.9061398], [86.9070015, 27.9045347], [86.9054842, 27.9021521], [86.9038164, 27.9000908], [86.9025498, 27.9000465], [86.9010576, 27.9004011], [86.9003428, 27.9013209], [86.9008193, 27.9029057], [86.900175, 27.9035284], [86.8975797, 27.9035752], [86.8938101, 27.9031092], [86.888097, 27.902199], [86.8843706, 27.9008795], [86.8833342, 27.900544], [86.8824093, 27.900281], [86.8817802, 27.9001595], [86.8801646, 27.9000158], [86.8790911, 27.9001225], [86.8782464, 27.900299], [86.8777932, 27.9003654], [86.8774917, 27.9004356], [86.8769929, 27.900691], [86.876796, 27.9010826], [86.8764636, 27.901289], [86.8764256, 27.9015189], [86.8763506, 27.901738], [86.8760773, 27.9017622], [86.8757526, 27.9018543], [86.8755223, 27.9019294], [86.8752323, 27.9024818], [86.8750772, 27.9025419], [86.8748654, 27.9025145], [86.8745331, 27.9025219], [86.8742469, 27.9027169], [86.8740991, 27.9029192], [86.873919, 27.9030079], [86.8738381, 27.9031403], [86.873662, 27.9032613], [86.8736566, 27.9033783], [86.8737504, 27.9034702]]]}, "properties": {"external_id": "osm:way/30386327", "name": "Lhotse Glacier", "name_ne": "ल्होत्से हिमनदी", "area_km2": 7.898}}, {"type": "Feature", "geometry": {"type": "Polygon", "coordinates": [[[86.8744071, 27.8674359], [86.8733898, 27.8677423], [86.8727116, 27.8677677], [86.8722266, 27.8675933], [86.8719759, 27.8677459], [86.8718731, 27.8679821], [86.8720622, 27.8684072], [86.8724321, 27.8688214], [86.8734556, 27.8691775], [86.8754614, 27.86957], [86.8761687, 27.8695265], [86.8768132, 27.8701346], [86.877534, 27.8711411], [86.8778657, 27.8734427], [86.878055, 27.876514], [86.8781888, 27.8805544], [86.8784245, 27.8839001], [86.8778497, 27.887357], [86.8770277, 27.8886296], [86.8744377, 27.890658], [86.8723146, 27.8911457], [86.8699442, 27.8910319], [86.8684458, 27.8917138], [86.8677912, 27.8916722], [86.8671446, 27.8920731], [86.8661171, 27.893124], [86.8651477, 27.8942463], [86.8659447, 27.8955759], [86.8662896, 27.896458], [86.8670301, 27.896603], [86.8681535, 27.8966655], [86.8695739, 27.8961099], [86.8716339, 27.8953514], [86.8750048, 27.8949661], [86.8758043, 27.8959902], [86.8766996, 27.8960782], [86.8775991, 27.8964371], [86.8790339, 27.8959736], [86.8794848, 27.8950472], [86.8806331, 27.8940489], [86.8815408, 27.8923401], [86.8818654, 27.8897172], [86.8820749, 27.8871175], [86.8828285, 27.8850768], [86.8834713, 27.8830683], [86.8838745, 27.880503], [86.8841029, 27.8783016], [86.884609, 27.8765026], [86.884403, 27.8748616], [86.8843817, 27.8743163], [86.8848916, 27.8738288], [86.8847617, 27.8689116], [86.8874321, 27.8658913], [86.8874452, 27.8638892], [86.8849319, 27.8620954], [86.8828783, 27.8614258], [86.8828869, 27.8599233], [86.8814892, 27.8594077], [86.8806376, 27.859596], [86.8807446, 27.8609051], [86.8795964, 27.8619326], [86.8776178, 27.8622673], [86.8771104, 27.8638263], [86.8750925, 27.8641864], [86.874387, 27.8642366], [86.8735959, 27.863409], [86.8719047, 27.8615068], [86.869718, 27.8613978], [86.8687562, 27.8622845], [86.868337, 27.8636507], [86.8686, 27.8648353], [86.8696687, 27.8654458], [86.8714826, 27.8665922], [86.8744071, 27.8674359]]]}, "properties": {"external_id": "osm:way/30386589", "name": "Ama Dablam Glacier", "name_ne": "", "area_km2": 3.449}}, {"type": "Feature", "geometry": {"type": "Polygon", "coordinates": [[[86.759098, 27.9614067], [86.7591263, 27.9607865], [86.7588025, 27.960316], [86.7578876, 27.9601157], [86.7568944, 27.9596827], [86.7560836, 27.9597512], [86.7558443, 27.9599158], [86.7556901, 27.959974], [86.7555939, 27.9599405], [86.7554652, 27.9599359], [86.7553063, 27.9597871], [86.755204, 27.9597539], [86.7550771, 27.959826], [86.7549502, 27.9598543], [86.7548985, 27.959967], [86.7548326, 27.9601681], [86.7546535, 27.9603347], [86.754451, 27.9606993], [86.7542461, 27.960797], [86.7540319, 27.9609276], [86.7537575, 27.9610692], [86.7536105, 27.961006], [86.7533532, 27.9609532], [86.7531031, 27.9607379], [86.753143, 27.9605694], [86.7533461, 27.9603804], [86.753452, 27.9601878], [86.7536123, 27.9601105], [86.7536924, 27.9601334], [86.7538558, 27.9601164], [86.7538249, 27.9600037], [86.7539275, 27.9598715], [86.7539627, 27.9597486], [86.7542875, 27.9595972], [86.7542908, 27.9591095], [86.7545348, 27.9589595], [86.7542724, 27.9587845], [86.7540621, 27.958672], [86.7538235, 27.958622], [86.7533604, 27.9585595], [86.7530854, 27.9586096], [86.7529273, 27.9587472], [86.7527833, 27.9586848], [86.7527664, 27.9589602], [86.7526301, 27.9591751], [86.752228, 27.9594174], [86.7519391, 27.9598098], [86.751951, 27.9601762], [86.7520619, 27.9605427], [86.7521361, 27.9610196], [86.7521819, 27.9615027], [86.7521453, 27.9615672], [86.7518182, 27.9621548], [86.7519011, 27.9623125], [86.7522017, 27.9623259], [86.7523136, 27.9624825], [86.7525046, 27.9625011], [86.7527439, 27.96252], [86.7528449, 27.9627113], [86.7531771, 27.9627493], [86.7534683, 27.962649], [86.7538815, 27.9626564], [86.7543998, 27.9626091], [86.7547717, 27.9627414], [86.7551008, 27.963143], [86.7556342, 27.9632708], [86.7559906, 27.9630569], [86.7561885, 27.9630936], [86.7563443, 27.9630186], [86.7565652, 27.9631807], [86.7572049, 27.962875], [86.7577795, 27.9624257], [86.7587216, 27.9620786], [86.7588199, 27.9619032], [86.759098, 27.9614067]]]}, "properties": {"external_id": "osm:way/155532892", "name": "", "name_ne": "", "area_km2": 0.223}}, {"type": "Feature", "geometry": {"type": "Polygon", "coordinates": [[[86.8600052, 27.943099], [86.8592746, 27.9411031], [86.8586965, 27.939168], [86.859215, 27.9369452], [86.8607876, 27.9344673], [86.8644649, 27.9310467], [86.8661603, 27.9280567], [86.8665577, 27.9258454], [86.865585, 27.9230984], [86.8646259, 27.9209298], [86.8642379, 27.9186922], [86.8638401, 27.916592], [86.8629673, 27.9156834], [86.8627415, 27.9149587], [86.8629823, 27.9142407], [86.8637422, 27.9134601], [86.8632799, 27.9129963], [86.8627081, 27.9126838], [86.8629414, 27.9105496], [86.8634981, 27.9096972], [86.8648548, 27.9089211], [86.8666636, 27.9090058], [86.8683042, 27.9096153], [86.8695106, 27.9108135], [86.8703646, 27.9152012], [86.8694324, 27.9193278], [86.8697354, 27.9222151], [86.870351, 27.9245675], [86.8709192, 27.9259319], [86.870886, 27.9283817], [86.8701763, 27.9299959], [86.867884, 27.9334881], [86.8655144, 27.936786], [86.8645107, 27.9380778], [86.8648059, 27.9398354], [86.8672338, 27.9421047], [86.869398, 27.9463281], [86.8706331, 27.9495671], [86.8714785, 27.9515946], [86.8731838, 27.9525603], [86.8741325, 27.9539161], [86.8754512, 27.954277], [86.8760079, 27.9530477], [86.87683, 27.9522944], [86.8775137, 27.9520705], [86.8788175, 27.9525293], [86.8797665, 27.9533721], [86.8803394, 27.9549461], [86.8798831, 27.9562321], [86.8786164, 27.9582745], [86.8757065, 27.959747], [86.8733105, 27.960242], [86.8727698, 27.9609124], [86.8742382, 27.9622846], [86.8736849, 27.9633184], [86.8728762, 27.9637319], [86.8704502, 27.9643522], [86.868345, 27.9657035], [86.8666653, 27.9653714], [86.8656236, 27.9634881], [86.8658032, 27.9624771], [86.8656747, 27.9613068], [86.8654797, 27.9596793], [86.8644865, 27.9585429], [86.8637567, 27.9587888], [86.8634181, 27.9594334], [86.8634783, 27.9603638], [86.8642039, 27.9617111], [86.8642317, 27.962907], [86.8636321, 27.9637977], [86.863232, 27.9648407], [86.8612717, 27.9656911], [86.8588613, 27.9660812], [86.8568082, 27.9663318], [86.8557478, 27.9650613], [86.8559364, 27.9636278], [86.858488, 27.96225], [86.8584659, 27.9592884], [86.8592838, 27.9572596], [86.8604266, 27.9562438], [86.8621375, 27.9555259], [86.8637173, 27.9543535], [86.8638691, 27.9526179], [86.8628192, 27.9490062], [86.8614899, 27.9466751], [86.8609267, 27.9450673], [86.8600052, 27.943099]]]}, "properties": {"external_id": "osm:way/222534612", "name": "Nuptse Glacier", "name_ne": "नुप्त्से हिमनदी", "area_km2": 5.176}}, {"type": "Feature", "geometry": {"type": "Polygon", "coordinates": [[[86.7787563, 28.0154863], [86.7774558, 28.0135663], [86.769731, 28.0058181], [86.7681646, 27.9945263], [86.7646885, 27.9887663], [86.757071, 27.9868525], [86.7517924, 27.9872504], [86.7499256, 27.9854882], [86.7459559, 27.9850524], [86.7377805, 27.9890884], [86.7265582, 27.9882926], [86.7216747, 27.9892951], [86.7158811, 27.9927057], [86.7122295, 27.9962703], [86.7085766, 27.9978041], [86.7014241, 27.9984343], [86.7000162, 27.9976477], [86.7011429, 28.000749], [86.7027706, 28.0011936], [86.7065304, 28.0020242], [86.7093095, 28.002185], [86.7120313, 28.0018585], [86.7221808, 27.9969136], [86.7283606, 27.9959663], [86.7381239, 27.9961368], [86.7433595, 27.9967052], [86.7507624, 27.9962694], [86.753273, 27.9968567], [86.7564487, 27.9996229], [86.755054, 28.0036583], [86.7477798, 28.0095312], [86.7444753, 28.0122592], [86.7441483, 28.0141201], [86.7456698, 28.0158807], [86.7476725, 28.0161805], [86.7503333, 28.0158882], [86.7529726, 28.013661], [86.7541313, 28.0157259], [86.7576739, 28.0159612], [86.7596922, 28.0141224], [86.7598176, 28.0119561], [86.7581868, 28.0108005], [86.7580795, 28.0099291], [86.7618131, 28.0080725], [86.7633366, 28.0089629], [86.7660626, 28.0145144], [86.7666577, 28.0163114], [86.7667902, 28.0183594], [86.7641261, 28.0218649], [86.7643234, 28.02368], [86.7659809, 28.0251767], [86.765454, 28.0265561], [86.7663079, 28.0293948], [86.7656035, 28.0316227], [86.76551, 28.0322066], [86.765945, 28.0325146], [86.7662602, 28.0327659], [86.7660975, 28.033089], [86.7656298, 28.0334211], [86.7648264, 28.033457], [86.7631385, 28.0333762], [86.762508, 28.0337173], [86.7629554, 28.0345431], [86.7634639, 28.0346238], [86.7646841, 28.0342828], [86.7662094, 28.0340225], [86.7675516, 28.0335558], [86.7687108, 28.0327121], [86.7697175, 28.0314734], [86.7704174, 28.0298424], [86.7718495, 28.0268608], [86.7746234, 28.0259737], [86.774559, 28.0242689], [86.774559, 28.0226967], [86.7753529, 28.0222042], [86.7777133, 28.022924], [86.7797517, 28.0224884], [86.7800013, 28.0219754], [86.7832862, 28.021824], [86.784256, 28.0212533], [86.7845204, 28.0202676], [86.7830952, 28.0186073], [86.7817288, 28.0173751], [86.7805534, 28.0161818], [86.7787563, 28.0154863]]]}, "properties": {"external_id": "osm:way/247088765", "name": "Gaunar Glacier", "name_ne": "", "area_km2": 11.537}}, {"type": "Feature", "geometry": {"type": "Polygon", "coordinates": [[[86.8621108, 28.090464], [86.8620011, 28.095917], [86.8589335, 28.11567], [86.8547393, 28.1221332], [86.8543133, 28.1227096], [86.8534397, 28.124184], [86.8530235, 28.1254157], [86.8530864, 28.1261982], [86.8526733, 28.1268178], [86.8521973, 28.1282895], [86.8520674, 28.1301131], [86.8526797, 28.1316684], [86.8545493, 28.1335048], [86.8570898, 28.1333961], [86.8590796, 28.1310077], [86.8600642, 28.1297982], [86.8633169, 28.1222249], [86.8677515, 28.113645], [86.8706346, 28.1070628], [86.8712049, 28.1054871], [86.8716258, 28.1044815], [86.8726273, 28.0977036], [86.8732282, 28.0915973], [86.8738661, 28.0859894], [86.8734408, 28.0801929], [86.8733381, 28.0745587], [86.872987, 28.0703984], [86.8736892, 28.0682739], [86.8763979, 28.0650871], [86.8831857, 28.0604107], [86.8862715, 28.0556531], [86.8892863, 28.0452609], [86.8905276, 28.0400957], [86.8904005, 28.0371225], [86.8911272, 28.0368064], [86.8935102, 28.0367951], [86.8953232, 28.0379246], [86.8965554, 28.039252], [86.897715, 28.0399077], [86.8990739, 28.0403235], [86.9007771, 28.0401795], [86.9027883, 28.0401316], [86.9037124, 28.039236], [86.9042922, 28.0394367], [86.9046247, 28.0395193], [86.904739, 28.0394642], [86.9048221, 28.0390149], [86.9047649, 28.0386848], [86.9044065, 28.0384234], [86.9044532, 28.0379878], [86.9041104, 28.0372725], [86.9033935, 28.0369057], [86.9030247, 28.0368736], [86.9029987, 28.0366902], [86.9033052, 28.0365389], [86.9043649, 28.036947], [86.9046818, 28.0372588], [86.9050195, 28.0373734], [86.9056117, 28.0371946], [86.9058662, 28.0367544], [86.9059493, 28.0357778], [86.9059493, 28.0354247], [86.9056169, 28.0355026], [86.9051597, 28.0359245], [86.9041924, 28.035311], [86.9028838, 28.0340904], [86.9020942, 28.0335447], [86.9016994, 28.0333796], [86.9012994, 28.0333842], [86.9011903, 28.0336548], [86.9010812, 28.0339803], [86.9008786, 28.0340078], [86.9004318, 28.0338428], [86.9001929, 28.0339941], [86.9002864, 28.0345764], [86.9005253, 28.0347782], [86.9008942, 28.0347231], [86.9011851, 28.0350349], [86.900944, 28.0355628], [86.9002167, 28.0362827], [86.8994086, 28.0363131], [86.8988202, 28.0357016], [86.8968815, 28.0350619], [86.8954863, 28.0349179], [86.8939643, 28.0342462], [86.8902647, 28.0339455], [86.8902439, 28.0334589], [86.8904148, 28.0322307], [86.8923455, 28.0309015], [86.8940835, 28.0302754], [86.8952894, 28.0306125], [86.8961477, 28.0304989], [86.8966091, 28.0306646], [86.8967539, 28.030854], [86.8969041, 28.0309582], [86.8975103, 28.0310244], [86.897977, 28.0310387], [86.8982529, 28.0312151], [86.8984437, 28.0312044], [86.8987709, 28.0310481], [86.8990767, 28.0306788], [86.8992698, 28.0303521], [86.8995112, 28.0302384], [86.8997526, 28.0301248], [86.8995541, 28.0299685], [86.8994951, 28.0296891], [86.8994254, 28.0293719], [86.8994273, 28.0290795], [86.8992698, 28.028761], [86.8993074, 28.0284343], [86.8993932, 28.0281833], [86.8995219, 28.0280034], [86.8994576, 28.0277666], [86.8992505, 28.0276214], [86.8971359, 28.026756], [86.8961799, 28.0269001], [86.8952894, 28.0269285], [86.8949193, 28.0268906], [86.8945491, 28.0268196], [86.8943024, 28.0267107], [86.8940451, 28.0267257], [86.8938035, 28.0269758], [86.8934387, 28.0270279], [86.89309, 28.0271605], [86.8927896, 28.0271558], [86.8925214, 28.027241], [86.8918536, 28.0274355], [86.8916845, 28.0273594], [86.891706, 28.0271652], [86.892239, 28.0256083], [86.8928969, 28.0245229], [86.894072, 28.0234496], [86.8944579, 28.0222309], [86.8960243, 28.0212081], [86.8970382, 28.0204693], [86.8978872, 28.0194896], [86.8989158, 28.0191623], [86.9003427, 28.0182814], [86.9021457, 28.0170808], [86.902982, 28.0162546], [86.9038104, 28.0150269], [86.9041463, 28.0154046], [86.9044626, 28.0157336], [86.9046235, 28.0163493], [86.9049764, 28.0169381], [86.906983, 28.0179296], [86.9074163, 28.0181093], [86.90792, 28.0178565], [86.9083035, 28.0174764], [86.9090116, 28.0175427], [86.9096553, 28.0175143], [86.9101596, 28.0180352], [86.9104484, 28.0184888], [86.9109321, 28.0186887], [86.9115114, 28.0186414], [86.9113977, 28.0182405], [86.9111895, 28.0178363], [86.9108355, 28.0174764], [86.9111788, 28.0171638], [86.9116294, 28.0168797], [86.9121337, 28.0169554], [86.9126379, 28.0177605], [86.9129675, 28.0184486], [86.9131207, 28.0181867], [86.9131136, 28.017661], [86.9128632, 28.0172491], [86.9128655, 28.016856], [86.9134104, 28.0166902], [86.9143438, 28.0167755], [86.9150841, 28.0166524], [86.9160926, 28.0167376], [86.9169831, 28.0167092], [86.9174337, 28.0168986], [86.9178241, 28.0168081], [86.9180579, 28.0164364], [86.9186139, 28.0164819], [86.9186032, 28.0162261], [86.9191074, 28.0161693], [86.9197082, 28.0160083], [86.9199765, 28.0157241], [86.9202222, 28.0151536], [86.9208617, 28.0145115], [86.9233446, 28.0150872], [86.9239967, 28.0147772], [86.9245485, 28.0132938], [86.9245148, 28.0128163], [86.9242573, 28.0124185], [86.924504, 28.0117081], [86.9237126, 28.0119544], [86.9230986, 28.0123617], [86.9228411, 28.0123238], [86.9227016, 28.0114239], [86.922558, 28.0108052], [86.9220149, 28.0104767], [86.9214892, 28.0093117], [86.9210885, 28.0093482], [86.9197941, 28.0100694], [86.9191718, 28.010202], [86.9187426, 28.010742], [86.9177556, 28.0110356], [86.9173824, 28.0107089], [86.9158673, 28.0112819], [86.9154795, 28.0118682], [86.9147772, 28.0128838], [86.9140434, 28.0128637], [86.9135606, 28.0129205], [86.9130993, 28.0132425], [86.912849, 28.0132013], [86.9126594, 28.0129584], [86.9118439, 28.0128256], [86.9118547, 28.0126458], [86.9124833, 28.0124306], [86.9126916, 28.0121912], [86.9131756, 28.0119221], [86.9134426, 28.0116986], [86.9145767, 28.01142], [86.91495, 28.011135], [86.9151002, 28.0106362], [86.9149446, 28.00997], [86.9143544, 28.0093187], [86.914435, 28.009037], [86.914258, 28.0084686], [86.9137108, 28.0081797], [86.91333, 28.0079145], [86.9126137, 28.0078811], [86.9123322, 28.0077535], [86.9117796, 28.0077914], [86.9112271, 28.0075546], [86.9105726, 28.0075593], [86.9104493, 28.0072325], [86.9101757, 28.0071378], [86.9097465, 28.0070809], [86.9092637, 28.0070573], [86.908915, 28.0071851], [86.9085288, 28.0074788], [86.9080251, 28.0076598], [86.9073801, 28.0079283], [86.9066673, 28.0079666], [86.9064796, 28.0077535], [86.906147, 28.0077251], [86.9055837, 28.0078861], [86.9047342, 28.0083709], [86.9011023, 28.0083173], [86.898154, 28.0082792], [86.8975103, 28.0080803], [86.8972166, 28.0079002], [86.8972313, 28.0076588], [86.8973474, 28.0074226], [86.897585, 28.0073715], [86.8979594, 28.0076264], [86.8991857, 28.0075502], [86.9001165, 28.0074133], [86.9014065, 28.007352], [86.9021577, 28.0070636], [86.9024679, 28.0062346], [86.9027413, 28.0052205], [86.9029781, 28.0037525], [86.9020023, 28.0030083], [86.9014171, 28.0018655], [86.9009354, 28.0012671], [86.9004537, 28.0011085], [86.900025, 28.0012095], [86.8994617, 28.0014618], [86.8990942, 28.0014654], [86.8989758, 28.0012059], [86.8989677, 28.0007229], [86.8983515, 28.0001948], [86.8975096, 28.000219], [86.8972094, 28.0009275], [86.896632, 28.0019113], [86.8952406, 28.0032316], [86.894825, 28.003201], [86.8943284, 28.0028544], [86.8942823, 28.0024925], [86.8941097, 28.0016803], [86.8926495, 28.0009177], [86.8910982, 27.9999373], [86.8894117, 27.9998569], [86.8875909, 28.0006499], [86.8866193, 28.0018683], [86.8853946, 28.0043121], [86.8860349, 28.006622], [86.8872509, 28.0082118], [86.8878454, 28.0084583], [86.8878781, 28.0089702], [86.8881353, 28.0093053], [86.8888497, 28.0094027], [86.8890742, 28.0092405], [86.8891559, 28.0087143], [86.8895396, 28.0079501], [86.889903, 28.007842], [86.8903112, 28.0079646], [86.8906582, 28.007824], [86.8907603, 28.0073554], [86.8908297, 28.0066382], [86.8912053, 28.0063534], [86.8918094, 28.0063931], [86.8921728, 28.0066274], [86.8923116, 28.0065481], [86.8927566, 28.0060975], [86.8932342, 28.0061912], [86.8939282, 28.0068544], [86.8944712, 28.0071284], [86.8948917, 28.0070635], [86.8954224, 28.0067751], [86.8955694, 28.0069301], [86.8955489, 28.0072617], [86.8953734, 28.0076726], [86.8951805, 28.0079302], [86.8947334, 28.0081262], [86.8942028, 28.0082623], [86.8935674, 28.008175], [86.8929827, 28.0083123], [86.8926126, 28.0085113], [86.8921175, 28.0088143], [86.8915933, 28.0093022], [86.8912393, 28.0093259], [86.8910514, 28.0096075], [86.8905526, 28.009861], [86.8901413, 28.0104241], [86.8897927, 28.0111111], [86.8896988, 28.0118932], [86.8897764, 28.0127437], [86.8896334, 28.0129743], [86.888954, 28.0134462], [86.8884786, 28.0136709], [86.8880743, 28.0129868], [86.8880796, 28.0128353], [86.8883479, 28.0125132], [86.8883157, 28.0121296], [86.8880528, 28.0117933], [86.8877041, 28.0114902], [86.8871784, 28.0113055], [86.8864356, 28.0112004], [86.8854028, 28.010723], [86.8846464, 28.0103394], [86.8843192, 28.0101168], [86.8839276, 28.01006], [86.883419, 28.009527], [86.8829566, 28.0095532], [86.8826991, 28.0093495], [86.8826348, 28.0091175], [86.882329, 28.0090606], [86.8816638, 28.0088286], [86.881299, 28.0082413], [86.8807411, 28.0075119], [86.8807626, 28.0068962], [86.8806338, 28.0066121], [86.8802583, 28.0063184], [86.8797171, 28.0061919], [86.8777774, 28.0091462], [86.8766984, 28.0106004], [86.8742174, 28.0117647], [86.8731822, 28.0127266], [86.8736397, 28.0138379], [86.873918, 28.0152296], [86.8737825, 28.0157896], [86.8739365, 28.0164147], [86.8745584, 28.0168224], [86.8753528, 28.0170671], [86.8758392, 28.0170942], [86.8772801, 28.0175346], [86.8780619, 28.018028], [86.8781873, 28.019932], [86.8778864, 28.0213933], [86.8791899, 28.0244703], [86.8794027, 28.0260671], [86.8783386, 28.0267559], [86.8778533, 28.0269157], [86.8769716, 28.0258309], [86.8752254, 28.0246968], [86.8728306, 28.0233536], [86.8722308, 28.0225157], [86.8717574, 28.0225603], [86.8707097, 28.0231663], [86.8684349, 28.0243359], [86.867542, 28.0252914], [86.8655588, 28.0256107], [86.8631515, 28.025875], [86.862839, 28.0264741], [86.8582676, 28.0285024], [86.8560646, 28.0302311], [86.8563865, 28.0331673], [86.8576571, 28.0354752], [86.8599588, 28.0357028], [86.8617818, 28.0357678], [86.863881, 28.0348739], [86.8643597, 28.0336549], [86.8651331, 28.0337524], [86.8664405, 28.0365967], [86.8674717, 28.0387908], [86.8692394, 28.0396522], [86.8701785, 28.0392134], [86.8704179, 28.0383195], [86.8694972, 28.0371655], [86.8688159, 28.0361579], [86.869473, 28.0355747], [86.8699089, 28.0358752], [86.8724798, 28.0371248], [86.8787654, 28.0393241], [86.88018, 28.0408337], [86.8802352, 28.0433719], [86.8793246, 28.0470386], [86.8772039, 28.0468253], [86.8761789, 28.0464973], [86.8744237, 28.0454457], [86.8725018, 28.0448577], [86.871195, 28.0443489], [86.8701059, 28.044428], [86.8696831, 28.04505], [86.8698625, 28.0457963], [86.8713872, 28.0466783], [86.8728349, 28.0470627], [86.8741546, 28.0476507], [86.8764095, 28.0486118], [86.8787974, 28.0491616], [86.878377, 28.0508547], [86.8776185, 28.0548003], [86.874787, 28.0585268], [86.8678267, 28.062466], [86.8656897, 28.0644565], [86.8636325, 28.0686816], [86.8615757, 28.0720594], [86.8613936, 28.0739013], [86.8596841, 28.0733593], [86.8555842, 28.0733367], [86.8521249, 28.0734949], [86.8480763, 28.0748063], [86.8445914, 28.0763663], [86.8422595, 28.0769994], [86.8388515, 28.0772254], [86.8365966, 28.0768637], [86.8333935, 28.0772933], [86.831446, 28.0782202], [86.8305748, 28.0788533], [86.8306517, 28.0796898], [86.8313692, 28.0803906], [86.8335216, 28.0805715], [86.8376984, 28.0801872], [86.8414396, 28.0793506], [86.8447964, 28.0784463], [86.848025, 28.0764567], [86.852458, 28.0751906], [86.8570192, 28.0750776], [86.8611805, 28.0760584], [86.8608391, 28.0795125], [86.8621439, 28.0888225], [86.8621108, 28.090464]]]}, "properties": {"external_id": "osm:way/262484602", "name": "Rongbuk Glacier", "name_ne": "", "area_km2": 23.857}}, {"type": "Feature", "geometry": {"type": "Polygon", "coordinates": [[[86.8264978, 27.9750937], [86.8277483, 27.9760355], [86.8282608, 27.976804], [86.8285761, 27.9776316], [86.8284781, 27.9784455], [86.8277842, 27.9800839], [86.8266782, 27.9810178], [86.8247376, 27.9817767], [86.8216454, 27.9839665], [86.8197834, 27.9858478], [86.8187266, 27.9887808], [86.8194814, 27.9912545], [86.8194311, 27.9934319], [86.8184854, 27.9966434], [86.8173195, 27.9979024], [86.8165395, 27.9993317], [86.816313, 28.0008351], [86.8166485, 28.002368], [86.8178983, 28.0038935], [86.8197076, 28.0053158], [86.8208958, 28.0070145], [86.8211853, 28.0086238], [86.8203773, 28.0113503], [86.8194393, 28.0136862], [86.8188596, 28.0150178], [86.8181735, 28.01556], [86.8173684, 28.0155304], [86.8165708, 28.0152412], [86.8161179, 28.0142638], [86.8154615, 28.0134562], [86.8133807, 28.0129193], [86.8110065, 28.0124212], [86.8093822, 28.0130743], [86.8074818, 28.0142289], [86.8055127, 28.015297], [86.8045878, 28.016927], [86.8020558, 28.0180636], [86.7993736, 28.0176279], [86.7978716, 28.0153926], [86.7983222, 28.0144834], [86.7980432, 28.012911], [86.7984938, 28.011907], [86.7972278, 28.0102778], [86.7967343, 28.0089517], [86.7975401, 28.0074653], [86.7995882, 28.005769], [86.8006825, 28.0044618], [86.8004036, 28.0022263], [86.8015623, 28.0012411], [86.8024635, 28.0000664], [86.8029785, 27.9992517], [86.8045664, 27.9984181], [86.8046884, 27.9977411], [86.8045192, 27.9958244], [86.80407, 27.9941469], [86.8035416, 27.9936359], [86.8018809, 27.9935322], [86.8010707, 27.9938761], [86.8008237, 27.9941722], [86.8006506, 27.9945227], [86.8004221, 27.9951181], [86.8001106, 27.995541], [86.7998933, 27.9959238], [86.7998485, 27.9962087], [86.7996684, 27.9962772], [86.799131, 27.9962805], [86.7981911, 27.9963282], [86.7973128, 27.9962563], [86.7967295, 27.9961092], [86.7962736, 27.995737], [86.7959735, 27.9949026], [86.7958716, 27.9938931], [86.7959438, 27.9935747], [86.7958743, 27.9934062], [86.7960469, 27.9932067], [86.7960613, 27.992914], [86.7964791, 27.9925614], [86.7965818, 27.9922789], [86.7969375, 27.9920501], [86.7972216, 27.9917357], [86.7972508, 27.9913963], [86.7980511, 27.9903099], [86.7983429, 27.9900074], [86.7986871, 27.9897624], [86.7990856, 27.9895524], [86.799647, 27.9894549], [86.8005839, 27.9887464], [86.800999, 27.9878351], [86.8014566, 27.987513], [86.8021123, 27.9873534], [86.8025687, 27.9874096], [86.803011, 27.9876282], [86.8033273, 27.9876431], [86.8037568, 27.9876767], [86.8044671, 27.9878565], [86.8046501, 27.9878545], [86.804819, 27.9879025], [86.8053102, 27.9875728], [86.8053596, 27.9871964], [86.8055023, 27.9868252], [86.8064987, 27.9860303], [86.8069108, 27.9849649], [86.8071329, 27.9847436], [86.8074258, 27.9845472], [86.8075587, 27.9841437], [86.8075825, 27.9837594], [86.8077245, 27.9833877], [86.8082996, 27.9829147], [86.8089693, 27.9822042], [86.8093951, 27.9814938], [86.8103351, 27.9809226], [86.8113159, 27.9807535], [86.8118602, 27.9804843], [86.8124738, 27.9803354], [86.8128285, 27.9802407], [86.8131669, 27.980261], [86.8135021, 27.9801434], [86.8138196, 27.9799537], [86.8140597, 27.9798516], [86.8140477, 27.9796562], [86.8139806, 27.9793525], [86.8191672, 27.9787655], [86.8212672, 27.9773817], [86.8233671, 27.9763114], [86.8240739, 27.9763319], [86.8250764, 27.9760924], [86.8251762, 27.9759928], [86.8249647, 27.9757772], [86.8256999, 27.9756593], [86.8264978, 27.9750937]]]}, "properties": {"external_id": "osm:way/262728460", "name": "Changri Shar Glacier", "name_ne": "चान्ग्री शार हिमनदी", "area_km2": 7.405}}, {"type": "Feature", "geometry": {"type": "Polygon", "coordinates": [[[86.7977218, 27.9581087], [86.7992897, 27.9580248], [86.8013698, 27.9572173], [86.8023511, 27.9565802], [86.8029802, 27.9556467], [86.8036008, 27.9547576], [86.8046157, 27.9542316], [86.8056222, 27.9539945], [86.8069986, 27.9535553], [86.807307, 27.9533353], [86.8076391, 27.9526333], [86.8076154, 27.9520675], [86.8080305, 27.9508416], [86.8087402, 27.9497868], [86.8095622, 27.9495645], [86.8113067, 27.9495534], [86.8124726, 27.9500572], [86.8132028, 27.9510862], [86.8138255, 27.9516101], [86.814211, 27.9531608], [86.8139679, 27.9542662], [86.813873, 27.955314], [86.8136654, 27.9559059], [86.8125208, 27.956896], [86.8103655, 27.9574171], [86.8061341, 27.9586016], [86.8039366, 27.9597573], [86.8012695, 27.9607951], [86.7994611, 27.9610499], [86.7976107, 27.9615947], [86.7963903, 27.9624748], [86.7958328, 27.9632396], [86.7946551, 27.9648454], [86.7937266, 27.9655275], [86.7927579, 27.9663623], [86.7906462, 27.9669073], [86.789237, 27.9667111], [86.7882711, 27.9657747], [86.7885781, 27.9644937], [86.7922981, 27.9609347], [86.7942315, 27.9593946], [86.7961768, 27.9582525], [86.7977218, 27.9581087]]]}, "properties": {"external_id": "osm:way/262728975", "name": "Lobuche Glacier", "name_ne": "लोबुचे हिमनदी", "area_km2": 1.407}}, {"type": "Feature", "geometry": {"type": "Polygon", "coordinates": [[[86.8613883, 27.8774057], [86.8639769, 27.8743478], [86.8640097, 27.87272], [86.8618182, 27.8700983], [86.8593303, 27.8691014], [86.8581213, 27.8698311], [86.8577841, 27.8723181], [86.8578371, 27.8734005], [86.8572651, 27.8745504], [86.8563129, 27.875204], [86.8544308, 27.8754568], [86.8532298, 27.8771311], [86.8519751, 27.8784196], [86.8513847, 27.8790475], [86.8501669, 27.8808334], [86.8501577, 27.8817794], [86.8495672, 27.8823746], [86.8485709, 27.8835163], [86.847676, 27.884715], [86.847307, 27.8853837], [86.8466796, 27.8856528], [86.8464461, 27.8859031], [86.8463862, 27.8862741], [86.8466066, 27.886805], [86.8469018, 27.8871312], [86.8475845, 27.8872168], [86.848198, 27.8871353], [86.8486547, 27.8869436], [86.8497018, 27.887017], [86.8502507, 27.8869273], [86.8506197, 27.886487], [86.8508295, 27.8859783], [86.8510774, 27.8856554], [86.8521016, 27.885419], [86.8532367, 27.8848193], [86.8542479, 27.8838794], [86.8557744, 27.8838218], [86.8567659, 27.8834297], [86.8573465, 27.8824956], [86.8582598, 27.8821727], [86.8594769, 27.8816827], [86.8605396, 27.8797738], [86.8607964, 27.8792607], [86.8613883, 27.8774057]]]}, "properties": {"external_id": "osm:way/263322695", "name": "Duwo Glacier", "name_ne": "", "area_km2": 1.348}}, {"type": "Feature", "geometry": {"type": "Polygon", "coordinates": [[[86.6531578, 27.9952714], [86.6538814, 27.9961392], [86.6538598, 27.9968354], [86.6527582, 27.9976555], [86.6509545, 27.9988475], [86.6505225, 27.9995722], [86.6497233, 27.9999441], [86.648889, 27.9997151], [86.6468397, 27.9986091], [86.6462673, 27.9975887], [86.6466561, 27.9966732], [86.6484489, 27.9960343], [86.6491833, 27.9954621], [86.6509005, 27.9956242], [86.6522182, 27.9956052], [86.6531578, 27.9952714]]]}, "properties": {"external_id": "osm:way/263351132", "name": "", "name_ne": "", "area_km2": 0.239}}, {"type": "Feature", "geometry": {"type": "Polygon", "coordinates": [[[86.6400781, 27.9952863], [86.6400916, 27.9958187], [86.6406208, 27.9968105], [86.6411932, 27.997478], [86.6421004, 27.9978022], [86.6435908, 27.9975924], [86.6445845, 27.9969344], [86.6464313, 27.9956756], [86.6473601, 27.9935013], [86.6470253, 27.9926621], [86.6457509, 27.9920327], [86.6448869, 27.9920899], [86.6439797, 27.9934536], [86.6425324, 27.9940735], [86.641582, 27.9943691], [86.6409076, 27.9944971], [86.6408472, 27.9941791], [86.6412741, 27.9939701], [86.6419501, 27.9935179], [86.6418201, 27.993213], [86.6413215, 27.9929621], [86.6408517, 27.9926292], [86.6403047, 27.9925388], [86.6399499, 27.9925389], [86.6397011, 27.9925335], [86.6385733, 27.9927249], [86.6380289, 27.9933201], [86.6378041, 27.9936489], [86.6374291, 27.9942458], [86.6377382, 27.994882], [86.6380977, 27.9951848], [86.6384709, 27.9951364], [86.6390938, 27.9946906], [86.6394368, 27.9945912], [86.6396974, 27.9947099], [86.6400781, 27.9952863]]]}, "properties": {"external_id": "osm:way/263351134", "name": "", "name_ne": "", "area_km2": 0.351}}, {"type": "Feature", "geometry": {"type": "Polygon", "coordinates": [[[86.6621788, 28.024568], [86.6641371, 28.0243898], [86.6658829, 28.0237471], [86.668293, 28.0238684], [86.6696883, 28.0245776], [86.6702592, 28.0252587], [86.6700583, 28.025632], [86.6687898, 28.0256693], [86.6679442, 28.025716], [86.6676482, 28.0263598], [86.6666757, 28.0274049], [86.6650584, 28.0285899], [86.6646673, 28.0296256], [86.6642656, 28.0312025], [86.6638216, 28.0315291], [86.6615489, 28.031669], [86.660217, 28.0316504], [86.6596357, 28.0313331], [86.65916, 28.0306427], [86.6572044, 28.0299802], [86.6568979, 28.029579], [86.6566125, 28.0283753], [86.6567076, 28.027097], [86.6580183, 28.02552], [86.6598682, 28.0247082], [86.6621788, 28.024568]]]}, "properties": {"external_id": "osm:way/263351137", "name": "", "name_ne": "", "area_km2": 0.699}}, {"type": "Feature", "geometry": {"type": "Polygon", "coordinates": [[[86.7324364, 27.9790149], [86.7320206, 27.9792269], [86.7315946, 27.979615], [86.731385, 27.9806241], [86.7315135, 27.981466], [86.7315078, 27.9826168], [86.7314649, 27.9827989], [86.7309731, 27.9828618], [86.7299898, 27.9829337], [86.7299952, 27.9832503], [86.7298626, 27.9834904], [86.7291327, 27.983599], [86.728157, 27.9834836], [86.7273273, 27.983504], [86.7264284, 27.9833479], [86.7255038, 27.9837074], [86.725715, 27.9842076], [86.725552, 27.9844811], [86.724987, 27.9847929], [86.724623, 27.985052], [86.7247534, 27.9856037], [86.7262216, 27.9860302], [86.7272588, 27.9859555], [86.7287723, 27.9858266], [86.7301475, 27.9862066], [86.7305239, 27.9860709], [86.7308082, 27.9856095], [86.7314459, 27.9854264], [86.7327903, 27.9853721], [86.7338736, 27.9849515], [86.7344805, 27.9843544], [86.7349569, 27.9841102], [86.7349646, 27.9835403], [86.7342731, 27.9830993], [86.733009, 27.9828195], [86.7328273, 27.981688], [86.7329325, 27.9809702], [86.7326686, 27.9806221], [86.7324686, 27.9805029], [86.7324632, 27.9802281], [86.7325497, 27.9797107], [86.7328072, 27.9793807], [86.7327604, 27.9791969], [86.7324364, 27.9790149]]]}, "properties": {"external_id": "osm:way/263352546", "name": "", "name_ne": "", "area_km2": 0.304}}, {"type": "Feature", "geometry": {"type": "Polygon", "coordinates": [[[86.7620105, 27.9693322], [86.7632313, 27.9690354], [86.7634459, 27.9686947], [86.7634296, 27.96839], [86.7629407, 27.9679726], [86.7625903, 27.9678719], [86.7625577, 27.9675528], [86.7624355, 27.9672169], [86.7618868, 27.9671425], [86.7618159, 27.967151], [86.7614864, 27.9672165], [86.7612915, 27.9670532], [86.759929, 27.966577], [86.7592932, 27.9671092], [86.7590524, 27.9675537], [86.7585088, 27.9679187], [86.7574287, 27.9683902], [86.7565729, 27.9686305], [86.7563447, 27.9682211], [86.7558733, 27.9679725], [86.754737, 27.9688129], [86.7546739, 27.9697585], [86.7536711, 27.9710824], [86.7529897, 27.9716596], [86.7520016, 27.9738109], [86.7521607, 27.9741663], [86.7526651, 27.9748566], [86.7515206, 27.9759728], [86.7519412, 27.9771133], [86.7526932, 27.9774158], [86.7546304, 27.9774902], [86.7558938, 27.9773745], [86.7562775, 27.9766885], [86.7562682, 27.9759116], [86.7564928, 27.9749859], [86.7562307, 27.9739362], [86.7566145, 27.9732089], [86.7568952, 27.972994], [86.7573538, 27.973275], [86.7578685, 27.9741677], [86.7581961, 27.9745892], [86.7588512, 27.9746305], [86.7606948, 27.974366], [86.7615371, 27.9739941], [86.7618834, 27.9732833], [86.7616494, 27.9726221], [86.7614622, 27.9718947], [86.7608914, 27.9709277], [86.7612376, 27.9700019], [86.7620105, 27.9693322]]]}, "properties": {"external_id": "osm:way/263352547", "name": "", "name_ne": "", "area_km2": 0.735}}, {"type": "Feature", "geometry": {"type": "Polygon", "coordinates": [[[86.7475108, 27.9846171], [86.7464207, 27.9845242], [86.7458374, 27.9842624], [86.7455697, 27.983798], [86.7459139, 27.9829367], [86.7460669, 27.9821683], [86.7457036, 27.9814253], [86.7451012, 27.9811044], [86.7451107, 27.9806315], [86.7458853, 27.9799729], [86.746, 27.9796604], [86.7457131, 27.9788244], [86.7457705, 27.9777351], [86.7454036, 27.9775192], [86.7452616, 27.977767], [86.7448221, 27.97777], [86.7445212, 27.9775759], [86.7443488, 27.9772057], [86.7444666, 27.9766736], [86.7452302, 27.9758444], [86.7454095, 27.9754728], [86.7457988, 27.9750274], [86.7461065, 27.9749587], [86.7466773, 27.9753298], [86.7473801, 27.9755494], [86.7482186, 27.9756848], [86.7483539, 27.9763335], [86.7488606, 27.9775537], [86.7494917, 27.9778661], [86.7504766, 27.9778577], [86.751691, 27.9783644], [86.7527523, 27.9784488], [86.7536416, 27.9783644], [86.7545882, 27.9793523], [86.7544543, 27.9803403], [86.7537563, 27.9807287], [86.7532113, 27.9811003], [86.7525038, 27.9830701], [86.7514329, 27.9837625], [86.7497309, 27.984286], [86.749212, 27.9844048], [86.7491376, 27.9846496], [86.7492323, 27.9849541], [86.7488604, 27.9851034], [86.748164, 27.9847929], [86.7475108, 27.9846171]]]}, "properties": {"external_id": "osm:way/263352548", "name": "", "name_ne": "", "area_km2": 0.627}}, {"type": "Feature", "geometry": {"type": "Polygon", "coordinates": [[[87.0450039, 27.8251261], [87.0443908, 27.8259571], [87.0434072, 27.826912], [87.0420855, 27.8269461], [87.0408127, 27.826164], [87.0392776, 27.8242786], [87.0370298, 27.8231695], [87.0348399, 27.8231268], [87.0338269, 27.8234766], [87.0314703, 27.8227089], [87.0298659, 27.8213964], [87.0291974, 27.8190918], [87.0299068, 27.8158217], [87.0316371, 27.8143746], [87.0356494, 27.8134547], [87.0452624, 27.8113291], [87.0512706, 27.8087479], [87.0565284, 27.8083214], [87.0601384, 27.807634], [87.0632509, 27.8076215], [87.0665252, 27.8060249], [87.0734648, 27.8026807], [87.0768911, 27.8013581], [87.0786377, 27.8011312], [87.0787887, 27.8006227], [87.0793093, 27.8001875], [87.0806539, 27.7995045], [87.0827123, 27.7995928], [87.0835675, 27.7997691], [87.0843318, 27.7995685], [87.084755, 27.7986609], [87.0847085, 27.797718], [87.0847005, 27.7966673], [87.0846256, 27.7954049], [87.0848301, 27.7942519], [87.0848584, 27.7940926], [87.0831996, 27.7935632], [87.0769539, 27.7942336], [87.0715266, 27.7952336], [87.0631152, 27.7976633], [87.0611374, 27.7979906], [87.0606363, 27.7966492], [87.0603109, 27.7936429], [87.0634201, 27.7903806], [87.0659509, 27.7883016], [87.0661678, 27.7871502], [87.0637455, 27.7859348], [87.0583224, 27.7883656], [87.0561894, 27.7906045], [87.0547432, 27.7925554], [87.055394, 27.7950821], [87.0568398, 27.7964386], [87.057506, 27.7985915], [87.0561268, 27.7988197], [87.0541483, 27.800323], [87.0538527, 27.8032972], [87.0513716, 27.8053131], [87.0480795, 27.8054155], [87.0402072, 27.8056905], [87.0367919, 27.8067805], [87.0336838, 27.8076177], [87.0291999, 27.8086544], [87.020626, 27.8133512], [87.0208379, 27.8143984], [87.0200155, 27.8155327], [87.0197785, 27.8172464], [87.0201409, 27.8197491], [87.0200573, 27.822375], [87.0192209, 27.8239776], [87.0177155, 27.8256912], [87.0158057, 27.8266281], [87.0118993, 27.826623], [87.0089162, 27.8255628], [87.006198, 27.8242438], [87.0047343, 27.8226041], [87.0037586, 27.8215562], [87.002978, 27.821211], [87.0021137, 27.8221973], [87.0026974, 27.8242514], [87.0013173, 27.8252253], [86.9972888, 27.8263841], [86.9902075, 27.8268155], [86.9872245, 27.8267292], [86.9850778, 27.8258786], [86.9829032, 27.8261992], [86.9817741, 27.8265197], [86.9812723, 27.8277031], [86.9824571, 27.8297988], [86.9841996, 27.831993], [86.9856214, 27.8328806], [86.9870154, 27.8328436], [86.9879354, 27.8321902], [86.9892317, 27.8316355], [86.9897057, 27.8323258], [86.9896918, 27.8337558], [86.988716, 27.8343351], [86.9879354, 27.8349268], [86.9876008, 27.835876], [86.9877263, 27.8364923], [86.9892039, 27.8371826], [86.991476, 27.8380208], [86.9941245, 27.8383043], [86.996327, 27.8379222], [86.9973987, 27.8370789], [86.9982284, 27.8364476], [86.9992896, 27.8364817], [87.000492, 27.8372578], [87.002577, 27.8402739], [87.0012904, 27.8425615], [87.0000169, 27.8433974], [86.9986277, 27.8428515], [86.9965439, 27.8416572], [86.9944408, 27.8403947], [86.9914309, 27.8401388], [86.9900417, 27.84048], [86.98947, 27.8421683], [86.9906951, 27.8447316], [86.9908766, 27.84707], [86.9895839, 27.8500555], [86.9887349, 27.8528021], [86.9895905, 27.8539404], [86.9894813, 27.8546883], [86.9888674, 27.8552794], [86.987926, 27.8555448], [86.9870315, 27.8563891], [86.9866406, 27.8573158], [86.9866987, 27.8585608], [86.9877498, 27.8594388], [86.9885773, 27.8603964], [86.990539, 27.8610278], [86.993015, 27.8618291], [86.9975036, 27.8613104], [87.0005188, 27.8608642], [87.002156, 27.8601284], [87.0025257, 27.8584591], [87.0038959, 27.8553455], [87.0066109, 27.8529451], [87.0081441, 27.8521899], [87.0118824, 27.8505735], [87.0170395, 27.8490535], [87.0192704, 27.849105], [87.0199457, 27.8485846], [87.0199843, 27.8473307], [87.019608, 27.8466654], [87.0189424, 27.8464948], [87.0184249, 27.8462591], [87.0185613, 27.8458731], [87.0193117, 27.8457162], [87.0204305, 27.8462832], [87.0207852, 27.8461385], [87.0215356, 27.8444375], [87.0219722, 27.8428813], [87.0225588, 27.8417714], [87.0228465, 27.8414694], [87.0234185, 27.8408959], [87.0234718, 27.8408424], [87.0245773, 27.8403421], [87.0244602, 27.8399175], [87.0215562, 27.8394748], [87.0195496, 27.8396539], [87.0189321, 27.8400719], [87.0177069, 27.840106], [87.0168938, 27.8389803], [87.0167298, 27.8380249], [87.0180182, 27.8362848], [87.0209787, 27.8336909], [87.0236862, 27.8310592], [87.024457, 27.8310471], [87.0258418, 27.8317107], [87.0280463, 27.8334581], [87.0296358, 27.8355212], [87.0308216, 27.8369898], [87.0318517, 27.8379127], [87.0340483, 27.8393001], [87.0349146, 27.8398189], [87.035358, 27.8397586], [87.0355763, 27.8394388], [87.0356855, 27.8382927], [87.0340795, 27.8360125], [87.033491, 27.8352703], [87.0327411, 27.8349909], [87.0323456, 27.8336771], [87.0322395, 27.8320903], [87.0308889, 27.830913], [87.0290366, 27.8298807], [87.0272133, 27.8287289], [87.027607, 27.8266176], [87.0282131, 27.8259477], [87.0330946, 27.8280636], [87.0346315, 27.8281782], [87.0359412, 27.8289263], [87.036828, 27.8304345], [87.0379315, 27.8322188], [87.0380763, 27.8332767], [87.0383271, 27.8342151], [87.0390892, 27.8344881], [87.0402565, 27.8347867], [87.0407775, 27.8353327], [87.0408064, 27.8361943], [87.0413177, 27.8368171], [87.0432472, 27.8369621], [87.044183, 27.8367403], [87.0450319, 27.8359043], [87.0457265, 27.8347355], [87.0455529, 27.833362], [87.0470482, 27.8316387], [87.0478972, 27.8281579], [87.0468824, 27.827252], [87.0475486, 27.8265678], [87.0481679, 27.8263775], [87.0477351, 27.8239619], [87.0467244, 27.8233709], [87.0442239, 27.8226581], [87.0421442, 27.8223901], [87.0435499, 27.8237124], [87.0450039, 27.8251261]]]}, "properties": {"external_id": "osm:way/263354855", "name": "Lower Barun Glacier", "name_ne": "", "area_km2": 19.257}}, {"type": "Feature", "geometry": {"type": "Polygon", "coordinates": [[[86.6234674, 28.0691868], [86.6239878, 28.0688689], [86.6244677, 28.06794], [86.626488, 28.0666934], [86.6285539, 28.0644415], [86.6300882, 28.0611574], [86.6302857, 28.0586775], [86.6297692, 28.0570555], [86.6298069, 28.0533449], [86.6303994, 28.0500336], [86.6307945, 28.0453458], [86.6354387, 28.0447989], [86.6388114, 28.045216], [86.640101, 28.0457154], [86.640496, 28.0483162], [86.6395947, 28.0502933], [86.6359186, 28.049261], [86.6344907, 28.050548], [86.633959, 28.0520494], [86.6349312, 28.0533632], [86.638901, 28.0540674], [86.6384909, 28.0559174], [86.638658, 28.0574992], [86.6381733, 28.0597606], [86.6388176, 28.0622105], [86.64029, 28.0629684], [86.6416858, 28.0637129], [86.6424374, 28.0637129], [86.6429436, 28.0635234], [86.6434957, 28.0619668], [86.6439866, 28.0612766], [86.6448915, 28.0603968], [86.6455252, 28.0597877], [86.6463061, 28.0598068], [86.6465773, 28.0591464], [86.6463603, 28.0583329], [86.6452866, 28.0569068], [86.6444406, 28.0564378], [86.6438007, 28.0564378], [86.6432259, 28.0557199], [86.6435621, 28.0546958], [86.6438007, 28.0532409], [86.6436055, 28.0526379], [86.6433777, 28.0527815], [86.6432367, 28.0537578], [86.642727, 28.0546479], [86.6424153, 28.0547823], [86.6430576, 28.051604], [86.6439491, 28.0507035], [86.6445994, 28.0503657], [86.6454577, 28.050896], [86.6458654, 28.0512463], [86.6464555, 28.0513978], [86.6474855, 28.0521742], [86.6478277, 28.052914], [86.6485834, 28.0540292], [86.6496121, 28.0543762], [86.6509684, 28.0542618], [86.6528177, 28.053443], [86.6540035, 28.0506959], [86.6536641, 28.0485894], [86.6524958, 28.0480081], [86.6518554, 28.0466184], [86.6517663, 28.0458491], [86.652689, 28.0447507], [86.6529894, 28.0442205], [86.6527533, 28.0435387], [86.6515517, 28.042819], [86.6512513, 28.0421183], [86.6520667, 28.0408305], [86.6509723, 28.0393911], [86.6500926, 28.0388229], [86.6488266, 28.0385389], [86.648097, 28.0385389], [86.6479468, 28.0391828], [86.6485047, 28.040054], [86.6483627, 28.0406062], [86.6476108, 28.0408906], [86.6469771, 28.0411561], [86.6465045, 28.0410044], [86.6457633, 28.0398952], [86.6452263, 28.0395254], [86.6448396, 28.039478], [86.6444529, 28.0398098], [86.6437547, 28.0395728], [86.6416859, 28.0380158], [86.6399238, 28.0374594], [86.6368857, 28.0362124], [86.634909, 28.0358885], [86.6329128, 28.0357679], [86.6316824, 28.0355332], [86.6304372, 28.0347806], [86.6291912, 28.0344014], [86.6281601, 28.0335955], [86.6276294, 28.0329362], [86.6276256, 28.0316328], [86.6273195, 28.0312062], [86.6277405, 28.0302557], [86.6276975, 28.0284922], [86.6284387, 28.025771], [86.6300928, 28.0220446], [86.6313398, 28.018539], [86.6315192, 28.0165302], [86.6319918, 28.0135148], [86.6316374, 28.0113906], [86.6312077, 28.0090957], [86.6301336, 28.0068197], [86.6291503, 28.0048118], [86.6285435, 28.0040104], [86.6280091, 28.0030834], [86.6272572, 28.0023484], [86.6266476, 28.0016466], [86.6255708, 28.0009021], [86.624212, 27.9999679], [86.62306, 27.9987397], [86.6220369, 27.9972768], [86.6208876, 27.9957309], [86.6209977, 27.9944813], [86.6207641, 27.9937368], [86.6204096, 27.9933147], [86.6192415, 27.9931369], [86.6184655, 27.9931606], [86.6179741, 27.9930871], [86.6170127, 27.9927267], [86.6166939, 27.9930801], [86.6165535, 27.9934499], [86.6168865, 27.9938316], [86.617002, 27.9942371], [86.6169348, 27.9948465], [86.6174477, 27.9956929], [86.6179418, 27.9962525], [86.6182016, 27.9966662], [86.6194401, 27.9985342], [86.6197496, 27.9989752], [86.6208585, 28.0001655], [86.6215516, 28.0011094], [86.6220756, 28.0016342], [86.6223643, 28.0022914], [86.6230326, 28.0030206], [86.6237885, 28.0049754], [86.6242479, 28.0060936], [86.6247473, 28.0072051], [86.6250528, 28.0086582], [86.6248848, 28.0095087], [86.6253709, 28.011384], [86.625387, 28.012484], [86.6257226, 28.0136006], [86.6258462, 28.0144303], [86.6259858, 28.0159239], [86.6259878, 28.0168577], [86.6255742, 28.0181188], [86.6255581, 28.018894], [86.6252708, 28.0198257], [86.6247364, 28.021037], [86.6240597, 28.0226466], [86.6233964, 28.0242016], [86.62276, 28.0252304], [86.6222471, 28.0262639], [86.6216241, 28.0281223], [86.6213207, 28.0292103], [86.6211488, 28.0316375], [86.6210817, 28.0330383], [86.6212321, 28.0342164], [86.6216966, 28.0352759], [86.6226633, 28.0374635], [86.6233723, 28.0394876], [86.623673, 28.0407983], [86.6239093, 28.0428626], [86.6237724, 28.0441614], [86.6237697, 28.0450099], [86.6234985, 28.0457896], [86.6231467, 28.0469154], [86.6225989, 28.0482686], [86.6229222, 28.0494898], [86.6227058, 28.0506092], [86.6221247, 28.0525263], [86.6217374, 28.0539037], [86.6215703, 28.0547818], [86.6207918, 28.0556431], [86.6193569, 28.0565423], [86.6167138, 28.0564484], [86.6159087, 28.0561535], [86.6163644, 28.0549336], [86.6171695, 28.0539416], [86.6171695, 28.0532579], [86.6168657, 28.0528423], [86.6171087, 28.0521854], [86.6170632, 28.0514481], [86.6163492, 28.051247], [86.6150276, 28.0519843], [86.6133111, 28.0544376], [86.6113819, 28.0574806], [86.6094072, 28.0601616], [86.6093768, 28.0609257], [86.6098781, 28.0616496], [86.6109262, 28.0621991], [86.6120807, 28.0621991], [86.612901, 28.0612474], [86.6140251, 28.0608855], [86.6149213, 28.0598399], [86.6159998, 28.059411], [86.6181265, 28.059411], [86.6197974, 28.0596791], [86.6199038, 28.060604], [86.6195848, 28.063057], [86.6203443, 28.0653224], [86.6225689, 28.0668275], [86.6231006, 28.0675111], [86.6225227, 28.0681978], [86.6225227, 28.0687205], [86.6226829, 28.0690455], [86.6229391, 28.069321], [86.6229711, 28.0694552], [86.6225308, 28.0702535], [86.6225067, 28.0707338], [86.6218663, 28.072189], [86.6215941, 28.0723798], [86.6210897, 28.0732486], [86.6206834, 28.0735693], [86.6202831, 28.0738802], [86.6203552, 28.074304], [86.6206274, 28.0745159], [86.6212919, 28.0744665], [86.6217702, 28.0739903], [86.6222986, 28.0728601], [86.6224187, 28.0723303], [86.6226508, 28.0721113], [86.6232273, 28.0720901], [86.6236836, 28.0711647], [86.6234674, 28.0691868]]]}, "properties": {"external_id": "osm:way/263549288", "name": "Lungsumna Glacier", "name_ne": "", "area_km2": 9.697}}, {"type": "Feature", "geometry": {"type": "Polygon", "coordinates": [[[86.6422498, 27.9839848], [86.642164, 27.984153], [86.6424322, 27.9844798], [86.6428962, 27.9848233], [86.6428533, 27.9853278], [86.6427568, 27.9855812], [86.6428721, 27.9863368], [86.6429767, 27.9868342], [86.6431698, 27.9870545], [86.6434461, 27.9871303], [86.6438538, 27.9872511], [86.6441998, 27.9874784], [86.6443258, 27.9877911], [86.6445163, 27.9878503], [86.6445833, 27.987919], [86.6445646, 27.9880469], [86.6443956, 27.9883193], [86.6441783, 27.988954], [86.6442749, 27.9891293], [86.6439638, 27.989423], [86.6436017, 27.989513], [86.6428989, 27.9893732], [86.6424912, 27.9891696], [86.6420808, 27.9887195], [86.6416933, 27.9883879], [86.6416638, 27.9883145], [86.6417214, 27.9881546], [86.6417067, 27.988022], [86.6414264, 27.987675], [86.6412064, 27.9876158], [86.6410106, 27.9876798], [86.6406593, 27.9877698], [86.6399512, 27.9877792], [86.6394174, 27.9878787], [86.639227, 27.9877034], [86.6390258, 27.9877745], [86.638889, 27.9877769], [86.6384491, 27.987649], [86.6379583, 27.9875069], [86.6372985, 27.987649], [86.6368961, 27.9874998], [86.6361049, 27.9873434], [86.635657, 27.9872155], [86.6351232, 27.9872724], [86.6346967, 27.98709], [86.6344365, 27.9868602], [86.6344151, 27.9864389], [86.6346085, 27.9860032], [86.6348552, 27.9857062], [86.6352364, 27.985679], [86.6360101, 27.9857037], [86.6366324, 27.9856889], [86.6371214, 27.9857447], [86.6379529, 27.9860123], [86.6381675, 27.9859934], [86.6382275, 27.9858021], [86.6386235, 27.985882], [86.6390982, 27.9858299], [86.6396132, 27.9860028], [86.6397232, 27.9859602], [86.6394264, 27.9855656], [86.6393262, 27.9852662], [86.6385618, 27.9849654], [86.6379529, 27.9849796], [86.637792, 27.9849725], [86.6375479, 27.9847807], [86.6371241, 27.9845177], [86.6371724, 27.9843069], [86.6371295, 27.9842311], [86.6368799, 27.9842193], [86.6366386, 27.9842738], [86.6363677, 27.984378], [86.6360888, 27.9843638], [86.6358957, 27.9842785], [86.6357669, 27.9840653], [86.6359064, 27.983864], [86.6364804, 27.9838119], [86.636636, 27.9836271], [86.6368908, 27.9834921], [86.6371563, 27.9834187], [86.6372985, 27.9830492], [86.6375104, 27.9828787], [86.6377786, 27.9829118], [86.637902, 27.9830184], [86.6378912, 27.9832837], [86.6378, 27.9836864], [86.63802, 27.9836177], [86.6380951, 27.9834803], [86.6383579, 27.9832695], [86.6384867, 27.9831155], [86.6385993, 27.9831179], [86.6388327, 27.9830374], [86.6390017, 27.9829545], [86.6391358, 27.9830018], [86.6395669, 27.9828556], [86.6396856, 27.9827508], [86.6399458, 27.982746], [86.639986, 27.9825731], [86.639978, 27.9824618], [86.6398466, 27.9823599], [86.63975, 27.9823078], [86.6393396, 27.9823362], [86.6388515, 27.9822415], [86.6382185, 27.9820212], [86.6377866, 27.9820781], [86.6374004, 27.9819241], [86.6371402, 27.9818578], [86.6369712, 27.9818957], [86.6367137, 27.9818057], [86.6367245, 27.9816541], [86.6369981, 27.9814291], [86.6370517, 27.9812869], [86.6374621, 27.9812206], [86.6375962, 27.9810856], [86.637961, 27.9810453], [86.6384009, 27.9811685], [86.6390473, 27.9811709], [86.6394255, 27.9810738], [86.639699, 27.9813177], [86.6400129, 27.9814906], [86.6401926, 27.9814219], [86.6402945, 27.9811969], [86.6405252, 27.980998], [86.6407692, 27.9807161], [86.6409608, 27.9806831], [86.6411273, 27.9810682], [86.6412681, 27.9813083], [86.6412462, 27.9815934], [86.6413929, 27.9819645], [86.6413216, 27.9822445], [86.6412601, 27.9824665], [86.6413942, 27.9826134], [86.6413566, 27.9828218], [86.641603, 27.9828887], [86.6419601, 27.9829047], [86.6422364, 27.9830539], [86.6425073, 27.983125], [86.64261, 27.9835363], [86.6426361, 27.983729], [86.6422498, 27.9839848]]]}, "properties": {"external_id": "osm:way/263551181", "name": "", "name_ne": "", "area_km2": 0.429}}, {"type": "Feature", "geometry": {"type": "Polygon", "coordinates": [[[86.793742, 27.9507614], [86.7936344, 27.9528245], [86.7939878, 27.954969], [86.7924974, 27.9570456], [86.7906381, 27.9579685], [86.7895472, 27.9574527], [86.7889787, 27.9560276], [86.7891477, 27.9547518], [86.7887328, 27.9538017], [86.7891323, 27.9532317], [86.7906996, 27.9529738], [86.7912067, 27.9522409], [86.7911913, 27.9515622], [86.7895011, 27.9508836], [86.7878109, 27.9498113], [86.7882104, 27.9490512], [86.7892399, 27.9487661], [86.7910837, 27.9498384], [86.7920979, 27.950042], [86.793742, 27.9507614]]]}, "properties": {"external_id": "osm:way/284711851", "name": "", "name_ne": "", "area_km2": 0.35}}, {"type": "Feature", "geometry": {"type": "Polygon", "coordinates": [[[86.7023103, 28.0451505], [86.7022179, 28.0461814], [86.7021147, 28.0469581], [86.7020876, 28.0474184], [86.7023483, 28.0477156], [86.7031686, 28.0476917], [86.703862, 28.0477779], [86.7044535, 28.0476016], [86.7048953, 28.0476389], [86.705072, 28.0478084], [86.7050221, 28.0479948], [86.704926, 28.0479779], [86.7045496, 28.0478558], [86.7041232, 28.0481067], [86.7037714, 28.0489714], [86.7035704, 28.0491968], [86.7031901, 28.0492735], [86.7025328, 28.0491968], [86.7021851, 28.0491728], [86.7016636, 28.04947], [86.7007618, 28.0497098], [86.6999469, 28.0496522], [86.699085, 28.0496447], [86.698558, 28.0487913], [86.6980148, 28.048168], [86.6975313, 28.0479091], [86.6970641, 28.0484317], [86.6966403, 28.0487577], [86.6955212, 28.0483358], [86.6950868, 28.0468332], [86.6951737, 28.0461332], [86.6963852, 28.045577], [86.6973685, 28.0457352], [86.6986777, 28.0467085], [86.6995795, 28.0470202], [86.7001934, 28.046838], [86.7002803, 28.0463969], [86.7004759, 28.0453468], [86.700524, 28.0442545], [86.7005632, 28.0431011], [86.7011282, 28.0417538], [86.7018562, 28.0413271], [86.702394, 28.0413366], [86.7030676, 28.0419312], [86.702959, 28.0429141], [86.7026819, 28.044295], [86.7023103, 28.0451505]]]}, "properties": {"external_id": "osm:way/284711861", "name": "", "name_ne": "", "area_km2": 0.348}}, {"type": "Feature", "geometry": {"type": "Polygon", "coordinates": [[[86.7935337, 27.9152911], [86.7942736, 27.9162702], [86.7951274, 27.9165999], [86.7959369, 27.9166815], [86.7969908, 27.916403], [86.7986752, 27.9152496], [86.8000407, 27.9145986], [86.8006361, 27.9146189], [86.801097, 27.9148498], [86.801383, 27.9154414], [86.801383, 27.9161422], [86.8011059, 27.9172367], [86.800655, 27.9181584], [86.7997261, 27.9189264], [86.7991925, 27.9193829], [86.7986161, 27.9196309], [86.7976723, 27.9200045], [86.796483, 27.9203615], [86.7956308, 27.9206265], [86.7951296, 27.9209676], [86.7946538, 27.9211855], [86.7939743, 27.9215826], [86.7937875, 27.9214713], [86.7929555, 27.9213399], [86.791726, 27.9214259], [86.7904813, 27.921317], [86.7900063, 27.9211281], [86.7895098, 27.9206927], [86.7892465, 27.9204098], [86.7893358, 27.9198266], [86.789747, 27.9198121], [86.790421, 27.9196698], [86.790859, 27.919243], [86.7911743, 27.9180639], [86.7909592, 27.9166315], [86.789977, 27.9140743], [86.7890014, 27.9126804], [86.7882754, 27.9120413], [86.7873066, 27.9114764], [86.7868496, 27.9113014], [86.7862059, 27.9111759], [86.7851985, 27.9106278], [86.7852836, 27.9104041], [86.7839677, 27.9096821], [86.7822373, 27.9089729], [86.7806395, 27.9083816], [86.7804959, 27.9081605], [86.7805045, 27.9079363], [86.7805218, 27.9076404], [86.780236, 27.9072227], [86.7797383, 27.9071498], [86.7781432, 27.9071858], [86.7780269, 27.9068952], [86.7783614, 27.9065098], [86.7787838, 27.9061749], [86.7788892, 27.9055049], [86.7793011, 27.9051287], [86.7793556, 27.9047525], [86.7800192, 27.9045447], [86.7811789, 27.9045468], [86.781771, 27.9042538], [86.7825231, 27.9041291], [86.783429, 27.9041866], [86.7837958, 27.9043678], [86.7840392, 27.9048975], [86.7845611, 27.90507], [86.7853295, 27.9052206], [86.7857818, 27.9056745], [86.7866123, 27.9058852], [86.7870163, 27.9060233], [86.7886151, 27.9072529], [86.790066, 27.9084172], [86.79166, 27.9103635], [86.7918583, 27.9109911], [86.7925302, 27.9123476], [86.7930676, 27.9139667], [86.7935337, 27.9152911]]]}, "properties": {"external_id": "osm:way/284712822", "name": "Chola Glacier", "name_ne": "", "area_km2": 1.284}}, {"type": "Feature", "geometry": {"type": "Polygon", "coordinates": [[[86.8740353, 27.9406841], [86.8752251, 27.9406697], [86.8756053, 27.9403673], [86.8760128, 27.9403049], [86.8763496, 27.9405161], [86.8766755, 27.9415], [86.876719, 27.9427429], [86.8768874, 27.9444178], [86.8772514, 27.9451809], [86.877045, 27.9456608], [86.876518, 27.9461839], [86.8757153, 27.9463927], [86.8752698, 27.9471262], [86.8753889, 27.947323], [86.8757884, 27.9473162], [86.875992, 27.9470345], [86.8763569, 27.9468411], [86.876622, 27.946909], [86.8768832, 27.9474078], [86.8773843, 27.9477144], [86.8775988, 27.9481271], [86.8772216, 27.949059], [86.8768759, 27.9496664], [86.8761844, 27.9501788], [86.8755813, 27.9501754], [86.8752394, 27.9500973], [86.8751242, 27.94987], [86.875032, 27.9492863], [86.8747362, 27.9489199], [86.8741139, 27.9487536], [86.8733379, 27.948835], [86.8728641, 27.9486184], [86.8726413, 27.9482729], [86.8723887, 27.9481577], [86.8720655, 27.9483377], [86.8716771, 27.9485129], [86.8715358, 27.9482921], [86.8715956, 27.9477906], [86.8717097, 27.9473875], [86.8718944, 27.9470348], [86.8718319, 27.9469004], [86.8716445, 27.9466293], [86.8717911, 27.9461518], [86.87184, 27.945895], [86.8717232, 27.9457534], [86.8718862, 27.9455207], [86.8722285, 27.9451512], [86.8724532, 27.9441735], [86.8723982, 27.9439065], [86.8721994, 27.9437851], [86.8718287, 27.9435594], [86.8717403, 27.9433694], [86.8720188, 27.9428383], [86.8721687, 27.9427365], [86.8724548, 27.942806], [86.8727449, 27.9429536], [86.8729216, 27.9429384], [86.8729992, 27.9428059], [86.8728305, 27.9424658], [86.8727729, 27.942118], [86.8727457, 27.9415908], [86.8727452, 27.9413342], [86.8730276, 27.9412442], [86.8733867, 27.9411221], [86.8740353, 27.9406841]]]}, "properties": {"external_id": "osm:way/284713575", "name": "", "name_ne": "", "area_km2": 0.432}}, {"type": "Feature", "geometry": {"type": "Polygon", "coordinates": [[[86.648889, 27.9997151], [86.6486454, 27.9999965], [86.6481297, 28.0005005], [86.6480673, 28.0006699], [86.6482664, 28.0010003], [86.6484703, 28.0010807], [86.6485898, 28.0010172], [86.6487187, 28.0007387], [86.6490782, 28.0006159], [86.6492631, 28.0006863], [86.6495378, 28.0010637], [86.6495531, 28.0015578], [86.6496396, 28.0019816], [86.6494717, 28.0024661], [86.6492207, 28.0026488], [86.6488832, 28.0026458], [86.6487221, 28.0025245], [86.6486033, 28.002511], [86.6486424, 28.0028614], [86.6486067, 28.0031519], [86.6484507, 28.0032163], [86.6481658, 28.003098], [86.648137, 28.0026518], [86.6482234, 28.0023179], [86.6485338, 28.0021636], [86.6487153, 28.0019914], [86.6486084, 28.0017519], [86.6480895, 28.0017099], [86.6476163, 28.0015003], [86.6472958, 28.0011589], [86.6470753, 28.0009777], [86.6465461, 28.0009432], [86.6464172, 28.0010016], [86.6464569, 28.0015657], [86.6466559, 28.0016779], [86.6470181, 28.0016737], [86.6471908, 28.0017521], [86.6472939, 28.0020104], [86.647234, 28.002309], [86.647114, 28.0028003], [86.6469581, 28.0032027], [86.6466176, 28.003461], [86.6464209, 28.0036876], [86.6463513, 28.004037], [86.6459364, 28.0050048], [86.6458932, 28.0053266], [86.6459148, 28.0060847], [86.6455718, 28.0065929], [86.6448483, 28.0066202], [86.6444957, 28.0064657], [86.6441, 28.0060675], [86.6435723, 28.0056694], [86.643366, 28.0055847], [86.6431118, 28.0057669], [86.6430087, 28.0059934], [86.6430902, 28.0064678], [86.6430039, 28.0065927], [86.6428504, 28.0066372], [86.642577, 28.006508], [86.6423419, 28.0062094], [86.6420085, 28.0058706], [86.6419558, 28.0054789], [86.6422867, 28.0048711], [86.6425626, 28.0042803], [86.6428312, 28.0036852], [86.6427544, 28.0033549], [86.6423306, 28.0032277], [86.6419711, 28.0028159], [86.6418879, 28.0025239], [86.6416844, 28.0023697], [86.6411943, 28.0022454], [86.6407432, 28.0023008], [86.640426, 28.0023966], [86.6402072, 28.0025718], [86.6402022, 28.0029057], [86.6400801, 28.0031528], [86.6397103, 28.0032741], [86.6393711, 28.0031708], [86.6393152, 28.0026347], [86.639422, 28.0020447], [86.6397103, 28.0014218], [86.6394899, 28.0010639], [86.6391303, 28.0008857], [86.6389828, 28.0008618], [86.6389251, 28.0007674], [86.6389234, 28.0005503], [86.6390014, 28.0003766], [86.6392355, 28.0002793], [86.6395831, 28.0001924], [86.6397324, 28.0001026], [86.6400054, 28.0000127], [86.6402361, 27.999866], [86.6403735, 27.9998675], [86.6405023, 27.9999573], [86.6407754, 28.0000217], [86.6410213, 28.0001759], [86.6413537, 28.0001714], [86.6416776, 28.0000786], [86.6421559, 28.0001056], [86.6425172, 28.000167], [86.6428258, 28.0001505], [86.6430683, 28.0002493], [86.6431769, 28.0004515], [86.6433685, 28.0005308], [86.64386, 28.0005773], [86.6440843, 28.0004396], [86.6442869, 28.0003126], [86.6444716, 28.0001506], [86.6445052, 28.0000765], [86.64445, 28.0000754], [86.6443145, 28.0001654], [86.6440147, 28.0002279], [86.6438696, 28.0003655], [86.6435362, 28.0003772], [86.6434583, 28.0002978], [86.643288, 28.0000277], [86.6429534, 27.9998774], [86.6430385, 27.9996169], [86.6429822, 27.999493], [86.6421811, 27.9991341], [86.6419317, 27.9990218], [86.6418707, 27.9991597], [86.6418539, 27.999381], [86.6417591, 27.9995494], [86.6411271, 27.9997866], [86.6408825, 27.9998004], [86.6406678, 27.9997697], [86.6405071, 27.9996553], [86.6404688, 27.9994774], [86.6405935, 27.9992794], [86.6406283, 27.9990867], [86.6408237, 27.9988887], [86.6410991, 27.9987121], [86.6411245, 27.9986432], [86.6414839, 27.9985726], [86.6418096, 27.9983375], [86.6421613, 27.9980889], [86.6428175, 27.9981201], [86.6429379, 27.9983225], [86.643203, 27.9984178], [86.6435507, 27.9985247], [86.6439165, 27.9986772], [86.6441671, 27.9988032], [86.6445293, 27.9987428], [86.644991, 27.9988074], [86.6454839, 27.9989906], [86.6459854, 27.9992259], [86.6462245, 27.9995868], [86.6466757, 27.999792], [86.6469538, 27.9999282], [86.6469996, 27.9998669], [86.6469182, 27.9996991], [86.6466847, 27.9992163], [86.6468397, 27.9986091], [86.648889, 27.9997151]]]}, "properties": {"external_id": "osm:way/284721051", "name": "", "name_ne": "", "area_km2": 0.505}}, {"type": "Feature", "geometry": {"type": "Polygon", "coordinates": [[[86.6714757, 27.9412283], [86.6716009, 27.9415652], [86.6714757, 27.9419612], [86.671445, 27.9424064], [86.6715508, 27.9426745], [86.6712641, 27.9430828], [86.6707044, 27.9434444], [86.6705819, 27.9436165], [86.670668, 27.943954], [86.6710185, 27.9441662], [86.6708177, 27.9444583], [86.6701483, 27.9448862], [86.6695971, 27.9449557], [86.6697979, 27.9453028], [86.6701376, 27.9454799], [86.6701738, 27.9457971], [86.6701265, 27.9458808], [86.6696699, 27.9458217], [86.6694388, 27.9458808], [86.6692773, 27.9460455], [86.6688875, 27.9459226], [86.668353, 27.9455807], [86.6680248, 27.9456084], [86.667983, 27.9458346], [86.6677825, 27.9459404], [86.667209, 27.9459429], [86.6667218, 27.9456797], [86.6661844, 27.9459109], [86.6670643, 27.9466343], [86.6684341, 27.9475689], [86.6696731, 27.9478862], [86.6705946, 27.9484912], [86.670681, 27.9487544], [86.6704387, 27.9489487], [86.6694838, 27.9485478], [86.6679297, 27.948576], [86.6665949, 27.948103], [86.6652168, 27.9467969], [86.6628145, 27.9455051], [86.6614503, 27.945237], [86.6603087, 27.94573], [86.6596117, 27.9459978], [86.6593716, 27.9456395], [86.6594306, 27.9449439], [86.6600724, 27.9431143], [86.6607339, 27.9419977], [86.661923, 27.9412499], [86.6627735, 27.9411768], [86.6632814, 27.9409785], [86.6634586, 27.9402724], [86.6635255, 27.9398793], [86.6631948, 27.9395141], [86.6632145, 27.939215], [86.6636043, 27.938961], [86.6643091, 27.9390932], [86.6649351, 27.9394341], [86.6657147, 27.9392567], [86.6667188, 27.9387628], [86.6677031, 27.9388149], [86.6683803, 27.9386201], [86.6681559, 27.9380949], [86.6684394, 27.9374653], [86.6690733, 27.9367661], [86.6696324, 27.9368183], [86.6702034, 27.9372983], [86.670853, 27.9376566], [86.6711168, 27.937594], [86.6710577, 27.9373738], [86.6705176, 27.9369065], [86.6702157, 27.9364393], [86.6698869, 27.9364393], [86.6696034, 27.936248], [86.6697845, 27.9352983], [86.6699558, 27.9353209], [86.6700385, 27.9354966], [86.6701881, 27.9357488], [86.6705523, 27.9357192], [86.670763, 27.9355244], [86.6706744, 27.9349366], [86.6710002, 27.9343473], [86.671429, 27.934244], [86.6721944, 27.9343091], [86.672594, 27.934497], [86.6725172, 27.9346935], [86.6721767, 27.9348709], [86.6718892, 27.935464], [86.6719306, 27.9358415], [86.6721038, 27.9361945], [86.6723187, 27.9364607], [86.6729939, 27.9365198], [86.6733089, 27.9366555], [86.6732892, 27.9369216], [86.6732184, 27.9374538], [86.6731239, 27.9376747], [86.6727607, 27.9376081], [86.6725436, 27.9375134], [86.6724308, 27.9375183], [86.6724768, 27.9376941], [86.6723974, 27.9378885], [86.6721273, 27.9380619], [86.6719673, 27.9384591], [86.6718698, 27.9386042], [86.6717515, 27.9386042], [86.6714661, 27.9384935], [86.6713297, 27.9385796], [86.6712965, 27.9389519], [86.6713663, 27.9390751], [86.6719589, 27.9393986], [86.6724606, 27.9396726], [86.6725278, 27.9400077], [86.6724471, 27.9403102], [86.6722466, 27.9405218], [86.6716007, 27.9407948], [86.6715144, 27.9409694], [86.6714757, 27.9412283]]]}, "properties": {"external_id": "osm:way/284816135", "name": "", "name_ne": "", "area_km2": 0.965}}, {"type": "Feature", "geometry": {"type": "Polygon", "coordinates": [[[86.6535902, 27.9596169], [86.6532004, 27.9606498], [86.6526441, 27.9614085], [86.6517253, 27.9616545], [86.651291, 27.9616594], [86.6509346, 27.9613397], [86.6505448, 27.960297], [86.650478, 27.9593969], [86.6512687, 27.9580936], [86.6520204, 27.9569525], [86.6528947, 27.9561606], [86.6542088, 27.9553736], [86.655612, 27.9545522], [86.656915, 27.9542571], [86.6581623, 27.9541735], [86.6593595, 27.9543899], [86.6602989, 27.9546386], [86.6615589, 27.9554281], [86.6620038, 27.9560541], [86.6619817, 27.9567548], [86.6618081, 27.9569546], [86.6616113, 27.9569545], [86.6613945, 27.9570425], [86.6609609, 27.957112], [86.6605393, 27.9571409], [86.660342, 27.9572566], [86.660167, 27.9572672], [86.6600194, 27.9572374], [86.6599075, 27.9574061], [86.6596282, 27.9575741], [86.659502, 27.9576547], [86.6588523, 27.957709], [86.6583845, 27.9572884], [86.6581757, 27.9565949], [86.6573923, 27.9559544], [86.6570399, 27.9559614], [86.6562347, 27.9565856], [86.6559296, 27.9569369], [86.6556973, 27.9569717], [86.6553193, 27.9567369], [86.6551894, 27.9565474], [86.6548882, 27.9566309], [86.6548035, 27.9569856], [86.6552976, 27.9574621], [86.6552996, 27.9577507], [86.6549728, 27.9580533], [86.6545141, 27.958262], [86.6541617, 27.9581159], [86.6538369, 27.9582237], [86.653523, 27.958912], [86.6535902, 27.9596169]]]}, "properties": {"external_id": "osm:way/284816141", "name": "", "name_ne": "", "area_km2": 0.357}}, {"type": "Feature", "geometry": {"type": "Polygon", "coordinates": [[[86.9133178, 27.8328719], [86.9132887, 27.8330184], [86.9134021, 27.8330955], [86.9134341, 27.8333269], [86.9133517, 27.8334641], [86.9133134, 27.8335376], [86.9130911, 27.8335582], [86.9130388, 27.833679], [86.913062, 27.8338794], [86.9132975, 27.8339848], [86.9134806, 27.834229], [86.9134889, 27.8344304], [86.9135464, 27.8349647], [86.9134108, 27.8351391], [86.91338, 27.8352736], [86.9134211, 27.8353518], [86.9136266, 27.8353699], [86.9138218, 27.8355462], [86.9139184, 27.8357425], [86.9142164, 27.8359969], [86.9143644, 27.8362295], [86.9139491, 27.8366117], [86.9134376, 27.8367608], [86.9129726, 27.8376912], [86.9116996, 27.8388888], [86.9106063, 27.8403925], [86.9096773, 27.8421734], [86.9084854, 27.8435981], [86.9079757, 27.8447975], [86.907877, 27.8462294], [86.908173, 27.8465565], [86.9089128, 27.8464911], [86.9094143, 27.8471235], [86.9103679, 27.8474215], [86.9115598, 27.8479303], [86.9120038, 27.8487298], [86.9119051, 27.8495729], [86.9115516, 27.8502634], [86.9107625, 27.850307], [86.9103021, 27.8500599], [86.9098253, 27.8494712], [86.9097267, 27.8495802], [86.9097924, 27.8499073], [86.9100555, 27.8506705], [86.9098253, 27.8513028], [86.9093074, 27.8517389], [86.9087238, 27.8517898], [86.9079264, 27.85139], [86.9070632, 27.8507577], [86.9062823, 27.8510048], [86.9060932, 27.8517316], [86.9062905, 27.8525893], [86.906907, 27.853178], [86.9069974, 27.8538685], [86.9062165, 27.8545081], [86.9055917, 27.8545662], [86.904482, 27.8542173], [86.9039394, 27.853396], [86.9037832, 27.8526402], [86.9030927, 27.852175], [86.902583, 27.8523349], [86.9024104, 27.8528364], [86.9025501, 27.8533016], [86.9033804, 27.853992], [86.9038161, 27.8544427], [86.9037257, 27.8552131], [86.9031913, 27.8558745], [86.902657, 27.8558963], [86.9021802, 27.8555474], [86.9015719, 27.8555111], [86.9006759, 27.8551622], [86.899303, 27.8539412], [86.8975109, 27.8531925], [86.8955134, 27.8526838], [86.8941652, 27.8518552], [86.8933925, 27.8515427], [86.8924635, 27.8517534], [86.891773, 27.8522331], [86.8914442, 27.8528146], [86.8910825, 27.8528655], [86.8892822, 27.8525384], [86.8879916, 27.8520732], [86.8878847, 27.8513973], [86.888345, 27.8508449], [86.8883779, 27.8499073], [86.8889616, 27.8489842], [86.8892411, 27.848301], [86.8892657, 27.8478939], [86.8889451, 27.8477922], [86.8881889, 27.848599], [86.8877203, 27.848817], [86.8865979, 27.849556], [86.8858416, 27.8492725], [86.8854306, 27.8489455], [86.8856279, 27.8478625], [86.8862862, 27.8462655], [86.8867219, 27.8452116], [86.8878392, 27.8441764], [86.8895339, 27.8432311], [86.8897489, 27.8429792], [86.8895106, 27.8426862], [86.8894234, 27.8421825], [86.8898187, 27.8417662], [86.8908553, 27.8408887], [86.8915344, 27.8401801], [86.8915402, 27.8398768], [86.8913193, 27.8396763], [86.8907845, 27.839445], [86.8904125, 27.8390493], [86.8904242, 27.8386586], [86.8912961, 27.8381189], [86.891825, 27.8378208], [86.8924761, 27.8377077], [86.8926795, 27.837425], [86.89279, 27.8367979], [86.8927609, 27.8361297], [86.8927202, 27.8356002], [86.892883, 27.8354255], [86.893877, 27.8352918], [86.8944873, 27.8348189], [86.8947721, 27.834418], [86.8942781, 27.8341072], [86.8940108, 27.8328529], [86.8949059, 27.8319791], [86.8972892, 27.8317632], [86.9001026, 27.8310332], [86.9017766, 27.8295322], [86.903288, 27.8295322], [86.9049504, 27.8299846], [86.9056363, 27.8309201], [86.9052939, 27.8318007], [86.9059386, 27.8323697], [86.9065588, 27.832412], [86.9067336, 27.8329503], [86.9072289, 27.8332261], [86.9075612, 27.8331753], [86.9084496, 27.8326764], [86.9092311, 27.8329173], [86.9100093, 27.8327051], [86.9102547, 27.8329789], [86.9099819, 27.8331411], [86.909775, 27.833185], [86.9095683, 27.8333015], [86.9087382, 27.8336743], [86.9072186, 27.8344642], [86.9059022, 27.8355136], [86.9050656, 27.8365057], [86.9052926, 27.8367752], [86.9057919, 27.8369071], [86.9064729, 27.836781], [86.9069531, 27.836367], [86.9081593, 27.8358796], [86.9088662, 27.8353405], [86.9099686, 27.8347441], [86.911765, 27.8335456], [86.9133178, 27.8328719]]]}, "properties": {"external_id": "osm:way/284820600", "name": "Hongku Nup Glacier", "name_ne": "", "area_km2": 4.832}}, {"type": "Feature", "geometry": {"type": "Polygon", "coordinates": [[[86.8958098, 27.8796972], [86.8951587, 27.8807865], [86.8945019, 27.8821635], [86.8941764, 27.8833041], [86.8946472, 27.8841313], [86.8959958, 27.884008], [86.8974025, 27.8832425], [86.8978326, 27.8821326], [86.8983325, 27.8816754], [86.8989022, 27.881737], [86.8999775, 27.882256], [86.9002798, 27.8831397], [86.9000299, 27.8840851], [86.8993963, 27.8846862], [86.8993672, 27.8853695], [86.8995241, 27.8855699], [86.9001577, 27.8854723], [86.9009367, 27.8856059], [86.9010297, 27.886094], [86.9010645, 27.8865307], [86.9014133, 27.8868698], [86.9014191, 27.8871472], [86.90071, 27.8874503], [86.9004891, 27.8877329], [86.9005821, 27.8879282], [86.9017621, 27.8879744], [86.9031281, 27.8879436], [86.9040988, 27.8876918], [86.905616, 27.8867208], [86.9067843, 27.8864125], [86.9070517, 27.8864844], [86.9070401, 27.8866129], [86.9069587, 27.8871369], [86.9074993, 27.8871626], [86.9079992, 27.8866026], [86.9091559, 27.8860375], [86.91062, 27.8844921], [86.9110721, 27.8828791], [86.9103076, 27.8808954], [86.9098898, 27.8792629], [86.9104069, 27.8764679], [86.9106278, 27.8731691], [86.9102616, 27.8719902], [86.9087387, 27.8701147], [86.9037934, 27.8672469], [86.897776, 27.8627048], [86.8939997, 27.8598922], [86.8913491, 27.8604061], [86.8905237, 27.8624103], [86.8910026, 27.8649418], [86.8899918, 27.8655636], [86.8891722, 27.8659439], [86.8888409, 27.8663344], [86.8888641, 27.8666222], [86.8892419, 27.8667918], [86.8899162, 27.8667147], [86.8898067, 27.8673573], [86.8902794, 27.8671829], [86.8907192, 27.8672956], [86.8906164, 27.8677243], [86.8899424, 27.8686945], [86.8889365, 27.8693382], [86.8867807, 27.8693781], [86.8860244, 27.8696506], [86.885597, 27.8699885], [86.8856586, 27.8702574], [86.8860984, 27.8706789], [86.8864437, 27.8711294], [86.8862834, 27.8716054], [86.8862587, 27.8719687], [86.8864519, 27.8722558], [86.8863697, 27.8726482], [86.8864478, 27.8731387], [86.8867108, 27.8734003], [86.8872082, 27.8734476], [86.8877672, 27.8732332], [86.888244, 27.873324], [86.888544, 27.8738545], [86.8891112, 27.8742578], [86.8902128, 27.8744903], [86.8914418, 27.8743486], [86.8918322, 27.8745848], [86.8920049, 27.8752533], [86.8921939, 27.8758456], [86.8927694, 27.8765541], [86.8936129, 27.8766194], [86.8937609, 27.8768084], [86.8942181, 27.8773525], [86.8946703, 27.8774251], [86.8949251, 27.877803], [86.8953855, 27.8777485], [86.8958951, 27.8776395], [86.8961047, 27.8778793], [86.8961459, 27.8789184], [86.8958098, 27.8796972]]]}, "properties": {"external_id": "osm:way/284821125", "name": "Chukhung Glacier", "name_ne": "", "area_km2": 4.256}}, {"type": "Feature", "geometry": {"type": "Polygon", "coordinates": [[[86.8480283, 27.9479487], [86.8483048, 27.949129], [86.8480826, 27.9497545], [86.8491071, 27.9509821], [86.8496382, 27.9517907], [86.8495556, 27.9521638], [86.8494451, 27.9526626], [86.8491554, 27.9532881], [86.8486726, 27.9534587], [86.8485868, 27.9530512], [86.8482864, 27.9526816], [86.8483078, 27.9521793], [86.8481254, 27.9521793], [86.8477392, 27.9533544], [86.847074, 27.9536388], [86.8468437, 27.9534423], [86.846602, 27.9528806], [86.8466234, 27.9524067], [86.8463015, 27.9519329], [86.8463659, 27.951241], [86.8467027, 27.9500852], [86.8472597, 27.9493128], [86.8474337, 27.9483424], [86.8476082, 27.9479901], [86.8478475, 27.9478888], [86.8480283, 27.9479487]]]}, "properties": {"external_id": "osm:way/284848773", "name": "", "name_ne": "", "area_km2": 0.114}}, {"type": "Feature", "geometry": {"type": "Polygon", "coordinates": [[[86.831802, 27.9248574], [86.8322127, 27.9249915], [86.8325681, 27.9254031], [86.8328407, 27.9260952], [86.8327544, 27.9266013], [86.8324941, 27.9271355], [86.8324989, 27.9282091], [86.8329939, 27.9291652], [86.8332941, 27.9294579], [86.8332527, 27.9296713], [86.8327731, 27.9299061], [86.8318173, 27.9299305], [86.8314308, 27.9296835], [86.8303197, 27.9289823], [86.8297055, 27.9282842], [86.8291983, 27.9275159], [86.8290292, 27.9267629], [86.8294916, 27.9263482], [86.8301127, 27.9259793], [86.8305061, 27.9259214], [86.8305854, 27.9254793], [86.8308235, 27.9253635], [86.8311582, 27.9252659], [86.8311513, 27.924961], [86.8313515, 27.924836], [86.831802, 27.9248574]]]}, "properties": {"external_id": "osm:way/284848776", "name": "", "name_ne": "", "area_km2": 0.144}}, {"type": "Feature", "geometry": {"type": "Polygon", "coordinates": [[[86.8368488, 27.8545821], [86.8363801, 27.8540191], [86.8364107, 27.8535417], [86.8371799, 27.8531768], [86.8392145, 27.8534138], [86.8411668, 27.8535667], [86.8424491, 27.8539425], [86.8448121, 27.8541017], [86.8453596, 27.853917], [86.8459719, 27.8541017], [86.8468745, 27.8547308], [86.8472594, 27.8556432], [86.8478244, 27.8553734], [86.8486975, 27.8556921], [86.8498556, 27.8565117], [86.8509644, 27.8566558], [86.8518145, 27.8573119], [86.8519946, 27.858159], [86.8515839, 27.858987], [86.8513822, 27.8597958], [86.8520162, 27.8608467], [86.8526141, 27.8618594], [86.8522899, 27.8626491], [86.8511968, 27.8639571], [86.8503755, 27.863989], [86.8497127, 27.8640463], [86.8490139, 27.8642947], [86.8474579, 27.8644666], [86.8454047, 27.8644348], [86.8432146, 27.8634922], [86.8410894, 27.862021], [86.8401025, 27.8612567], [86.8394109, 27.8602886], [86.8378476, 27.8595625], [86.8366013, 27.8587409], [86.8363203, 27.8580976], [86.8364716, 27.8578811], [86.8369903, 27.8575435], [86.8375594, 27.8576518], [86.8399512, 27.8589383], [86.8422637, 27.8596071], [86.8434346, 27.8606468], [86.8439245, 27.8617805], [86.8445152, 27.8623537], [86.8453437, 27.8624429], [86.8467269, 27.8622072], [86.8479804, 27.861513], [86.8484271, 27.8604494], [86.8478003, 27.8597042], [86.8466188, 27.8591883], [86.8461506, 27.8586151], [86.8457183, 27.8575896], [86.8446809, 27.8567808], [86.8434418, 27.8561884], [86.8418879, 27.8560346], [86.8406143, 27.8558686], [86.8386582, 27.8552741], [86.8368488, 27.8545821]]]}, "properties": {"external_id": "osm:way/284849797", "name": "", "name_ne": "", "area_km2": 0.938}}, {"type": "Feature", "geometry": {"type": "Polygon", "coordinates": [[[86.7592802, 27.9260208], [86.7602546, 27.9262354], [86.760746, 27.9268589], [86.7605918, 27.9276699], [86.7600431, 27.9286646], [86.7599231, 27.9297199], [86.7593917, 27.9312548], [86.7589459, 27.9317193], [86.7565572, 27.9322242], [86.7543742, 27.9322393], [86.7528655, 27.9321585], [86.7518998, 27.9316637], [86.7511969, 27.9319212], [86.7505054, 27.9317899], [86.7511592, 27.9308603], [86.751854, 27.9306792], [86.7525684, 27.9304015], [86.7535799, 27.9300632], [86.7553, 27.9290837], [86.7564201, 27.928195], [86.7573744, 27.9273619], [86.7579344, 27.9271549], [86.7583973, 27.9263824], [86.7589059, 27.9260643], [86.7592802, 27.9260208]]]}, "properties": {"external_id": "osm:way/284871336", "name": "", "name_ne": "", "area_km2": 0.339}}, {"type": "Feature", "geometry": {"type": "Polygon", "coordinates": [[[86.7541906, 27.9190594], [86.7546442, 27.919374], [86.755218, 27.9194311], [86.7562121, 27.9194097], [86.7564788, 27.9195525], [86.7563818, 27.920031], [86.7562377, 27.920585], [86.7564086, 27.9213982], [86.7570458, 27.92209], [86.7575801, 27.9223677], [86.7575144, 27.9229585], [86.75672, 27.9236452], [86.7561914, 27.9238421], [86.7555371, 27.9236982], [86.7543113, 27.9230671], [86.7528369, 27.9227187], [86.7525912, 27.9223021], [86.7524683, 27.9217744], [86.752638, 27.9207145], [86.752358, 27.9205908], [86.7521494, 27.9201591], [86.7520208, 27.9199545], [86.7520025, 27.9195021], [86.751669, 27.9190406], [86.7514576, 27.9188437], [86.7512895, 27.9183674], [86.751439, 27.9177354], [86.7517421, 27.9173712], [86.7519522, 27.9169998], [86.752619, 27.9160715], [86.7536615, 27.9156394], [86.7542111, 27.9154787], [86.7545791, 27.914901], [86.7549563, 27.9145248], [86.7556649, 27.9143758], [86.7564193, 27.9145526], [86.756685, 27.9148202], [86.7570679, 27.914848], [86.7574622, 27.9147217], [86.7581594, 27.9148404], [86.7585508, 27.9152267], [86.7584823, 27.915767], [86.7582394, 27.916065], [86.7575136, 27.9161205], [86.7569907, 27.9162467], [86.7568164, 27.916729], [86.7565193, 27.9169032], [86.7557935, 27.9170825], [86.7554363, 27.917287], [86.7553221, 27.91785], [86.7551678, 27.9180823], [86.7543906, 27.9184963], [86.7541906, 27.9190594]]]}, "properties": {"external_id": "osm:way/284871339", "name": "", "name_ne": "", "area_km2": 0.388}}, {"type": "Feature", "geometry": {"type": "Polygon", "coordinates": [[[86.6665234, 27.903379], [86.665961, 27.9040157], [86.6655978, 27.90502], [86.6657384, 27.9062365], [86.6658556, 27.9069561], [86.665879, 27.9074789], [86.666166, 27.9076032], [86.6667108, 27.9075152], [86.6668221, 27.907189], [86.6668514, 27.90663], [86.6670857, 27.9062883], [86.6672907, 27.906366], [86.6679234, 27.9063918], [86.6689134, 27.9059674], [86.6694581, 27.905517], [86.6695109, 27.9049993], [86.6690891, 27.9046162], [86.6687201, 27.9038552], [86.6683686, 27.9033169], [86.6678648, 27.9032703], [86.6665234, 27.903379]]]}, "properties": {"external_id": "osm:way/285038505", "name": "", "name_ne": "", "area_km2": 0.117}}, {"type": "Feature", "geometry": {"type": "Polygon", "coordinates": [[[86.6800516, 27.904031], [86.6804824, 27.90525], [86.6805363, 27.9061871], [86.6806771, 27.9069082], [86.6806398, 27.9073364], [86.680209, 27.9078489], [86.6796126, 27.9084053], [86.6788256, 27.9090092], [86.6783906, 27.9091959], [86.6780675, 27.9091081], [86.6777735, 27.90898], [86.6776119, 27.908354], [86.6776906, 27.9078416], [86.6775456, 27.9075304], [86.6776161, 27.9067654], [86.6774297, 27.9062712], [86.6775042, 27.9056856], [86.6777486, 27.9052427], [86.6776782, 27.9050377], [86.6775042, 27.90484], [86.6772018, 27.9047595], [86.6770444, 27.9045179], [86.6770444, 27.9042763], [86.6774379, 27.903848], [86.6777983, 27.9037858], [86.6783078, 27.9032111], [86.6787137, 27.9029621], [86.6789912, 27.9029548], [86.6795546, 27.9031928], [86.6800516, 27.904031]]]}, "properties": {"external_id": "osm:way/285038507", "name": "", "name_ne": "", "area_km2": 0.169}}, {"type": "Feature", "geometry": {"type": "Polygon", "coordinates": [[[86.6644713, 27.9235559], [86.6645591, 27.9247463], [86.6645709, 27.9255796], [86.6643893, 27.9258746], [86.664319, 27.9262214], [86.6643834, 27.9265164], [86.6649399, 27.926946], [86.6653324, 27.9270185], [86.6658479, 27.9268425], [86.6664512, 27.9267959], [86.6668144, 27.9268994], [86.6671132, 27.9268787], [86.6673065, 27.9265216], [86.6671835, 27.9259367], [86.6664688, 27.9253726], [86.6660353, 27.9244151], [86.6660353, 27.9232867], [86.6658362, 27.922676], [86.6652621, 27.9221636], [86.6642253, 27.9217495], [86.6635106, 27.9208748], [86.6627491, 27.9203365], [86.6615599, 27.9204141], [86.6603415, 27.9205124], [86.6596503, 27.9210456], [86.6597616, 27.9216356], [86.6602302, 27.922148], [86.6607984, 27.9222257], [86.6619524, 27.9218892], [86.6630068, 27.9219979], [86.6643424, 27.9225362], [86.6645826, 27.9227588], [86.664565, 27.9230538], [86.6644713, 27.9235559]]]}, "properties": {"external_id": "osm:way/285038508", "name": "", "name_ne": "", "area_km2": 0.17}}, {"type": "Feature", "geometry": {"type": "Polygon", "coordinates": [[[86.6762974, 27.9257859], [86.6762761, 27.9269115], [86.6765465, 27.9278987], [86.6766817, 27.9298229], [86.6768169, 27.930917], [86.6765394, 27.9315521], [86.6758419, 27.931791], [86.6748883, 27.9320174], [86.6740912, 27.9323317], [86.6739631, 27.9327719], [86.6735218, 27.9330611], [86.672376, 27.9335201], [86.6716002, 27.9338894], [86.6713702, 27.9341322], [86.669929, 27.9344057], [86.6687939, 27.9345283], [86.6679683, 27.93439], [86.6674452, 27.9338429], [86.667616, 27.9327709], [86.6680567, 27.930905], [86.6684593, 27.9304204], [86.6689726, 27.9301358], [86.6693148, 27.9303226], [86.6699841, 27.9305227], [86.6702458, 27.9304115], [86.6709755, 27.9296334], [86.6711063, 27.9283795], [86.6715844, 27.9274903], [86.6727248, 27.9271543], [86.6731727, 27.9264829], [86.6734092, 27.9258871], [86.6737665, 27.9255936], [86.6740611, 27.9252048], [86.6749694, 27.9250269], [86.6751581, 27.9247512], [86.6751492, 27.9243018], [86.6749784, 27.9240958], [86.6747951, 27.9240565], [86.6741973, 27.9242357], [86.6732371, 27.9244885], [86.671969, 27.9245419], [86.6712292, 27.9241462], [86.6704139, 27.9236037], [86.6701321, 27.9231146], [86.6701824, 27.9214427], [86.6695693, 27.9205616], [86.6695444, 27.9191624], [86.6698825, 27.9184864], [86.6699857, 27.9177758], [86.670249, 27.9173733], [86.6710639, 27.9167822], [86.6717969, 27.9166564], [86.6727506, 27.9160935], [86.6729783, 27.9157854], [86.6739213, 27.9151722], [86.6750778, 27.914361], [86.6760706, 27.914166], [86.6782128, 27.9139396], [86.6789209, 27.9141534], [86.6792722, 27.9147331], [86.6796056, 27.9152834], [86.6795202, 27.9162089], [86.6777339, 27.9187244], [86.6764386, 27.9209128], [86.6763933, 27.9224602], [86.67588, 27.9234206], [86.6758181, 27.9239827], [86.6761348, 27.9246099], [86.6762344, 27.9252293], [86.6762974, 27.9257859]]]}, "properties": {"external_id": "osm:way/285038509", "name": "", "name_ne": "", "area_km2": 1.304}}, {"type": "Feature", "geometry": {"type": "Polygon", "coordinates": [[[86.692657, 27.8919084], [86.6921476, 27.8925014], [86.6915967, 27.8930249], [86.6911535, 27.8933617], [86.6908884, 27.8938852], [86.6906813, 27.894449], [86.6907724, 27.8947748], [86.6912819, 27.8951043], [86.6918866, 27.8951592], [86.6924665, 27.8950823], [86.6927523, 27.8947199], [86.6929801, 27.8941012], [86.693473, 27.8934093], [86.6939452, 27.8932629], [86.6944382, 27.8931201], [86.6946701, 27.8928126], [86.6948068, 27.8928089], [86.6951216, 27.8928053], [86.6953501, 27.8924086], [86.6957216, 27.8918667], [86.6964713, 27.8913974], [86.6965409, 27.8905608], [86.6965591, 27.8903413], [86.6960905, 27.8897666], [86.6952177, 27.8897562], [86.6947901, 27.8903413], [86.6942101, 27.8906985], [86.6936536, 27.8912421], [86.6933373, 27.8915476], [86.692657, 27.8919084]]]}, "properties": {"external_id": "osm:way/285040861", "name": "", "name_ne": "", "area_km2": 0.141}}, {"type": "Feature", "geometry": {"type": "Polygon", "coordinates": [[[86.6709402, 27.8913749], [86.669792, 27.8915302], [86.6692356, 27.8914836], [86.6692121, 27.8911729], [86.6689427, 27.8905465], [86.6686908, 27.8904999], [86.6684447, 27.8907329], [86.668064, 27.8915664], [86.6675133, 27.8923689], [86.6673786, 27.8932025], [86.6671033, 27.8937616], [86.6668104, 27.8938341], [86.6664179, 27.8936684], [86.6657618, 27.8933164], [86.6653284, 27.8930627], [86.6652991, 27.8928142], [86.6656271, 27.8926951], [86.6661719, 27.892488], [86.6663066, 27.8919754], [86.6658849, 27.8913127], [86.6659259, 27.8909555], [86.6662598, 27.8905051], [86.6670447, 27.8901633], [86.6672205, 27.8898216], [86.6670681, 27.8892262], [86.667156, 27.8884962], [86.6669451, 27.8878594], [86.6666464, 27.8869533], [86.6667342, 27.8863423], [86.6671677, 27.8858297], [86.6709402, 27.8913749]]]}, "properties": {"external_id": "osm:way/285040862", "name": "", "name_ne": "", "area_km2": 0.174}}, {"type": "Feature", "geometry": {"type": "Polygon", "coordinates": [[[86.6671677, 27.8858297], [86.6674238, 27.8853985], [86.6678545, 27.8851751], [86.6687617, 27.8850617], [86.6692877, 27.8849225], [86.6694161, 27.8850104], [86.6692629, 27.8852703], [86.6692587, 27.8854644], [86.6695072, 27.8855339], [86.6696688, 27.8854827], [86.6702238, 27.8848859], [86.6704889, 27.8842635], [86.6710481, 27.8838498], [86.6719055, 27.8835276], [86.6723198, 27.8835423], [86.6724399, 27.8833445], [86.6723529, 27.8832274], [86.6722038, 27.8832237], [86.6720671, 27.8831651], [86.6721002, 27.8829894], [86.6726843, 27.8828722], [86.6732186, 27.8825354], [86.6734506, 27.8825647], [86.6736114, 27.8827283], [86.6743026, 27.883769], [86.6747771, 27.8842454], [86.6747536, 27.8845975], [86.6745838, 27.8848149], [86.6741972, 27.8850324], [86.6739394, 27.8861456], [86.673957, 27.8865391], [86.6741561, 27.8865857], [86.6751227, 27.8862284], [86.6759897, 27.8861352], [86.6763353, 27.8864511], [86.6761478, 27.8872173], [86.6754624, 27.887704], [86.6748591, 27.8879215], [86.6738515, 27.8878335], [86.6724457, 27.8875694], [86.6721996, 27.8878645], [86.6723754, 27.8887913], [86.6723578, 27.889423], [86.6719536, 27.8897336], [86.6718247, 27.8900753], [86.6722231, 27.8902824], [86.6722523, 27.8905672], [86.6719126, 27.8908934], [86.6713034, 27.8910642], [86.6709402, 27.8913749], [86.6671677, 27.8858297]]]}, "properties": {"external_id": "osm:way/285040864", "name": "", "name_ne": "", "area_km2": 0.389}}, {"type": "Feature", "geometry": {"type": "Polygon", "coordinates": [[[86.6730288, 27.8942222], [86.6722497, 27.8950091], [86.6716932, 27.8957339], [86.6713827, 27.8957961], [86.671084, 27.8956407], [86.6711367, 27.8953094], [86.671166, 27.8949108], [86.6708848, 27.8947865], [86.6705509, 27.8946985], [86.6703341, 27.8948797], [86.6700061, 27.8954285], [86.6699827, 27.8957598], [86.6696546, 27.8961585], [86.668776, 27.8966969], [86.6690454, 27.8974838], [86.6697273, 27.8979915], [86.6698268, 27.8983902], [86.6695925, 27.8987991], [86.6694578, 27.8992806], [86.6701607, 27.9000572], [86.6710043, 27.900637], [86.6716135, 27.900813], [86.6726855, 27.9010925], [86.6736403, 27.9016931], [86.6744077, 27.9020969], [86.6754035, 27.9024385], [86.6761885, 27.9021642], [86.6774128, 27.9015843], [86.6781567, 27.901253], [86.6788011, 27.9013721], [86.6794923, 27.9012323], [86.6805584, 27.9008337], [86.6812158, 27.9002531], [86.6824336, 27.8997077], [86.6827981, 27.8991842], [86.6844715, 27.8964211], [86.6854263, 27.8951993], [86.6854263, 27.8947592], [86.6850749, 27.8943968], [86.6833819, 27.8936979], [86.6817945, 27.8935219], [86.6815309, 27.893817], [86.6811677, 27.8946143], [86.6808865, 27.8952148], [86.6798379, 27.8957895], [86.6789124, 27.896592], [86.6783266, 27.8968301], [86.6780337, 27.8967473], [86.6780279, 27.8965971], [86.6785316, 27.8961985], [86.6791057, 27.8956497], [86.679217, 27.8951475], [86.6793986, 27.8950388], [86.6799317, 27.8949819], [86.6802304, 27.8944693], [86.6800254, 27.894081], [86.678766, 27.8938273], [86.6778346, 27.8936047], [86.6766454, 27.8931232], [86.6754387, 27.8929731], [86.6744546, 27.8935063], [86.6730288, 27.8942222]]]}, "properties": {"external_id": "osm:way/285040865", "name": "", "name_ne": "", "area_km2": 1.089}}, {"type": "Feature", "geometry": {"type": "Polygon", "coordinates": [[[86.6639238, 28.0345578], [86.6632859, 28.0349737], [86.6628433, 28.0362341], [86.6631051, 28.0372928], [86.6639238, 28.0380784], [86.6646974, 28.0385768], [86.6653604, 28.0385709], [86.6657037, 28.0383154], [86.6665586, 28.0383362], [86.6671173, 28.0382025], [86.6672163, 28.037567], [86.6670414, 28.0371751], [86.6671524, 28.0366493], [86.6670784, 28.0363789], [86.6671154, 28.0360492], [86.6675698, 28.0360224], [86.6677282, 28.035733], [86.667633, 28.0355734], [86.667195, 28.0352183], [86.6669642, 28.034759], [86.6664025, 28.034341], [86.6657707, 28.0341941], [86.6647283, 28.0343495], [86.6639238, 28.0345578]]]}, "properties": {"external_id": "osm:way/286036883", "name": "", "name_ne": "", "area_km2": 0.171}}, {"type": "Feature", "geometry": {"type": "Polygon", "coordinates": [[[86.6585594, 28.0364287], [86.6583934, 28.0365615], [86.6578954, 28.036752], [86.6574179, 28.0369866], [86.657013, 28.0377492], [86.6565275, 28.0384172], [86.6549022, 28.0396369], [86.6541819, 28.0403142], [86.6535868, 28.0414046], [86.6535855, 28.0417859], [86.653617, 28.0423748], [86.6537813, 28.0427858], [86.6539631, 28.0429939], [86.6542435, 28.0434638], [86.6543084, 28.0438769], [86.6542406, 28.0443776], [86.6541732, 28.0446707], [86.6542387, 28.0449641], [86.6542783, 28.0455238], [86.6548281, 28.0459642], [86.655306, 28.0458989], [86.65641, 28.0453761], [86.6580525, 28.04458], [86.6583284, 28.0439146], [86.6584361, 28.0429046], [86.6588535, 28.0423521], [86.6594509, 28.0420022], [86.6595318, 28.0415821], [86.65937, 28.041078], [86.6597079, 28.0400361], [86.6594271, 28.0398597], [86.6587417, 28.0393387], [86.6585465, 28.0390236], [86.6586084, 28.0389102], [86.659957, 28.0378393], [86.6608095, 28.037844], [86.6610013, 28.0374578], [86.6618259, 28.0376004], [86.6625159, 28.0373271], [86.6624991, 28.0371013], [86.66225, 28.0365844], [86.661587, 28.0365785], [86.6608903, 28.0365934], [86.6606244, 28.0364745], [86.6606648, 28.0362992], [86.6612605, 28.0362101], [86.6615129, 28.0357289], [86.6616105, 28.0353159], [86.6615331, 28.0351882], [86.6610013, 28.0353516], [86.6603248, 28.0355447], [86.6596895, 28.0354983], [86.6590262, 28.0356809], [86.6587931, 28.0359014], [86.6585594, 28.0364287]]]}, "properties": {"external_id": "osm:way/286036888", "name": "", "name_ne": "", "area_km2": 0.456}}, {"type": "Feature", "geometry": {"type": "Polygon", "coordinates": [[[86.660391, 28.0421987], [86.6597199, 28.0427448], [86.658925, 28.043627], [86.6586013, 28.0443727], [86.6582086, 28.0449356], [86.6581444, 28.0452507], [86.6581991, 28.045425], [86.6581015, 28.0456645], [86.6578564, 28.0458052], [86.6575851, 28.0459502], [86.6572786, 28.0464299], [86.6570934, 28.046875], [86.6572458, 28.0472027], [86.6583453, 28.0478328], [86.659064, 28.0480597], [86.6600588, 28.0481521], [86.6604444, 28.0483075], [86.6606252, 28.0485596], [86.6609537, 28.048694], [86.6614963, 28.0485638], [86.6620437, 28.0486814], [86.6624292, 28.0485344], [86.663067, 28.0479841], [86.6637334, 28.0478748], [86.6649614, 28.0473707], [86.665466, 28.0470473], [86.6654469, 28.0465558], [86.6654279, 28.0462155], [86.665742, 28.0456568], [86.666061, 28.0450434], [86.6662085, 28.0445603], [86.6661276, 28.0444175], [86.6656944, 28.0443503], [86.6653279, 28.0446528], [86.6646187, 28.0449006], [86.6644188, 28.0451947], [86.663662, 28.0460181], [86.6632098, 28.0461189], [86.6631099, 28.045955], [86.6632146, 28.0455097], [86.6635525, 28.0449636], [86.6634859, 28.0447032], [86.6632479, 28.0445771], [86.6631575, 28.0444133], [86.6633669, 28.0440604], [86.6633574, 28.0437033], [86.6629099, 28.043279], [86.6621531, 28.0427875], [86.6615058, 28.0423086], [86.6608394, 28.0420986], [86.660391, 28.0421987]]]}, "properties": {"external_id": "osm:way/286036890", "name": "", "name_ne": "", "area_km2": 0.377}}, {"type": "Feature", "geometry": {"type": "Polygon", "coordinates": [[[86.7897979, 27.8965088], [86.7877748, 27.8975231], [86.7869383, 27.8992423], [86.7873274, 27.8999128], [86.7883389, 27.8999299], [86.7924045, 27.899397], [86.794486, 27.8991047], [86.7944951, 27.8986948], [86.7945054, 27.898228], [86.7930659, 27.8968526], [86.7911401, 27.8964228], [86.7897979, 27.8965088]]]}, "properties": {"external_id": "osm:way/286039463", "name": "", "name_ne": "", "area_km2": 0.208}}, {"type": "Feature", "geometry": {"type": "Polygon", "coordinates": [[[86.764878, 27.8817304], [86.766226, 27.8841863], [86.7693897, 27.8871285], [86.77005, 27.8905083], [86.7712604, 27.8924535], [86.770215, 27.8941798], [86.7676841, 27.8954198], [86.7660335, 27.8951037], [86.7637776, 27.8936935], [86.7638877, 27.8921617], [86.7650981, 27.8902409], [86.7649606, 27.8866665], [86.763475, 27.8840161], [86.76342, 27.8818763], [86.7640803, 27.8815115], [86.764878, 27.8817304]]]}, "properties": {"external_id": "osm:way/286039465", "name": "", "name_ne": "", "area_km2": 0.65}}, {"type": "Feature", "geometry": {"type": "Polygon", "coordinates": [[[86.7796319, 27.89434], [86.7791092, 27.8953855], [86.7790679, 27.8965526], [86.7800445, 27.8973792], [86.7829056, 27.8977561], [86.7855328, 27.8975129], [86.7866882, 27.8967957], [86.786702, 27.8955679], [86.7860005, 27.894729], [86.7848863, 27.8955314], [86.7840885, 27.8963824], [86.7835521, 27.8961149], [86.7834833, 27.8956287], [86.7839922, 27.8942063], [86.7841023, 27.8925043], [86.7832907, 27.8919937], [86.7822041, 27.8926502], [86.7812275, 27.89372], [86.7796319, 27.89434]]]}, "properties": {"external_id": "osm:way/286039466", "name": "", "name_ne": "", "area_km2": 0.276}}, {"type": "Feature", "geometry": {"type": "Polygon", "coordinates": [[[86.7408927, 27.897015], [86.7406739, 27.8975007], [86.7401868, 27.8986145], [86.7399914, 27.9004237], [86.7402115, 27.9010316], [86.7419033, 27.9026483], [86.7438497, 27.9046176], [86.7449226, 27.9055353], [86.7469721, 27.9065139], [86.7497644, 27.9076686], [86.7518896, 27.9083797], [86.7555138, 27.9100752], [86.7592729, 27.911564], [86.7608534, 27.9116714], [86.7636569, 27.911457], [86.7646541, 27.9109282], [86.7652843, 27.9090206], [86.7651055, 27.9075012], [86.7643215, 27.9067718], [86.7635649, 27.9067475], [86.7627121, 27.9073067], [86.7623132, 27.9083763], [86.7619693, 27.9090206], [86.7611853, 27.9090206], [86.7604425, 27.9086194], [86.76036, 27.9081211], [86.760415, 27.9072337], [86.7595759, 27.905848], [86.7582004, 27.9040733], [86.7575539, 27.9030643], [86.7579666, 27.9014476], [86.7576777, 27.9005115], [86.7560409, 27.8997335], [86.7538951, 27.8988826], [86.7533311, 27.8991865], [86.7534549, 27.9002806], [86.7538293, 27.9014102], [86.7551087, 27.9027988], [86.7550605, 27.9036376], [86.7545309, 27.9043669], [86.7547441, 27.9045128], [86.7552393, 27.9043912], [86.7555213, 27.9045492], [86.7554388, 27.9047984], [86.7547717, 27.9052239], [86.7543659, 27.9052421], [86.7539188, 27.9047377], [86.7537125, 27.9039962], [86.7525528, 27.9029367], [86.7499623, 27.9019139], [86.7478165, 27.9017011], [86.7467023, 27.9016708], [86.7462071, 27.9014155], [86.7444327, 27.8993915], [86.7426721, 27.8977503], [86.7415923, 27.8968143], [86.7411865, 27.8967778], [86.7408927, 27.897015]]]}, "properties": {"external_id": "osm:way/286039467", "name": "", "name_ne": "", "area_km2": 1.587}}, {"type": "Feature", "geometry": {"type": "Polygon", "coordinates": [[[86.9137164, 27.8665532], [86.9132642, 27.8665883], [86.9129214, 27.8667684], [86.912976, 27.8669925], [86.9130705, 27.8672516], [86.912822, 27.8674537], [86.9125438, 27.8675064], [86.9122605, 27.8681653], [86.9125984, 27.8684508], [86.912817, 27.8685694], [86.9129015, 27.8687802], [86.9133239, 27.8691404], [86.9137363, 27.8693073], [86.9150679, 27.8694391], [86.916012, 27.8694435], [86.9166877, 27.8693864], [86.9174877, 27.8690657], [86.9180392, 27.8683673], [86.9180492, 27.8681038], [86.9175573, 27.8679544], [86.9171299, 27.8678139], [86.9160666, 27.867278], [86.9146456, 27.8667377], [86.9140592, 27.8665444], [86.9137164, 27.8665532]]]}, "properties": {"external_id": "osm:way/286041400", "name": "", "name_ne": "", "area_km2": 0.123}}, {"type": "Feature", "geometry": {"type": "Polygon", "coordinates": [[[86.9259102, 27.8413742], [86.9261089, 27.841049], [86.9265462, 27.8408733], [86.9271375, 27.8410578], [86.927853, 27.8415499], [86.928479, 27.8423495], [86.9288467, 27.8433387], [86.92865, 27.8442024], [86.9283443, 27.8446142], [86.9281506, 27.8452513], [86.9279766, 27.8458312], [86.9283248, 27.8463713], [86.928459, 27.8466569], [86.9284238, 27.8469296], [86.9275493, 27.8472415], [86.9276427, 27.8475234], [86.9275483, 27.8478705], [86.9262976, 27.8478723], [86.9260501, 27.847773], [86.9260537, 27.847571], [86.9254426, 27.8475359], [86.9245198, 27.8476875], [86.9239817, 27.8473338], [86.9236492, 27.8473631], [86.9233213, 27.847161], [86.9227896, 27.8471918], [86.922253, 27.8470995], [86.9218306, 27.8466953], [86.9214905, 27.8462124], [86.921368, 27.8454318], [86.9212189, 27.8451684], [86.9208462, 27.8451332], [86.920081, 27.8453661], [86.9193506, 27.8453661], [86.918804, 27.8455023], [86.918173, 27.8458977], [86.9179892, 27.845946], [86.9178302, 27.8458581], [86.9177556, 27.8453309], [86.9178749, 27.8444434], [86.9180885, 27.8441535], [86.9188388, 27.8439601], [86.9195841, 27.8440963], [86.920345, 27.8443794], [86.9206296, 27.8446093], [86.9208755, 27.8448392], [86.9211987, 27.8449106], [86.9213498, 27.8448267], [86.9214658, 27.8445471], [86.9214166, 27.8442209], [86.9210863, 27.8439134], [86.9207736, 27.8434088], [86.9210658, 27.8427135], [86.9213785, 27.8423873], [86.9220214, 27.8421698], [86.9226574, 27.8421698], [86.9237149, 27.8422164], [86.9251008, 27.841978], [86.9256852, 27.8416585], [86.9259102, 27.8413742]]]}, "properties": {"external_id": "osm:way/286041403", "name": "", "name_ne": "", "area_km2": 0.481}}, {"type": "Feature", "geometry": {"type": "Polygon", "coordinates": [[[86.91666, 27.8556816], [86.9166459, 27.855837], [86.9163297, 27.8561911], [86.9153951, 27.8565141], [86.9149946, 27.8572597], [86.9148892, 27.8578747], [86.9138964, 27.8582749], [86.9114816, 27.8582837], [86.908858, 27.8583452], [86.9081922, 27.8595576], [86.9060685, 27.8603321], [86.9049207, 27.8604288], [86.9042947, 27.8608461], [86.9044089, 27.8610789], [86.9047071, 27.8612985], [86.9054077, 27.8612985], [86.9062424, 27.8611712], [86.9083567, 27.861337], [86.9094107, 27.8614861], [86.9089048, 27.8623372], [86.9082794, 27.8626665], [86.9077172, 27.8625298], [86.9061362, 27.8620949], [86.9048153, 27.8621736], [86.9036427, 27.8626655], [86.9033595, 27.8625601], [86.9031657, 27.8624239], [86.903111, 27.8622965], [86.9034092, 27.8618664], [86.9039259, 27.8615941], [86.90407, 27.8612998], [86.9039408, 27.8611328], [86.9034539, 27.8613086], [86.9029222, 27.8617918], [86.9025545, 27.8620465], [86.9020924, 27.8618357], [86.9017744, 27.8613876], [86.9015185, 27.8604424], [86.9015255, 27.8590943], [86.9021368, 27.8577089], [86.9031557, 27.8567956], [86.9048571, 27.8562992], [86.9053888, 27.8563256], [86.9056819, 27.8565496], [86.9060397, 27.8565936], [86.9061887, 27.8563827], [86.9064869, 27.8558292], [86.9068247, 27.8553064], [86.9071974, 27.8549286], [86.9074359, 27.8550121], [86.9076893, 27.8554558], [86.9079228, 27.8556754], [86.9086781, 27.8557106], [86.9092197, 27.8554733], [86.910119, 27.8551834], [86.9112171, 27.8547836], [86.9128966, 27.8545376], [86.9137413, 27.854788], [86.9151425, 27.8552888], [86.9163955, 27.8554814], [86.91666, 27.8556816]]]}, "properties": {"external_id": "osm:way/286041406", "name": "", "name_ne": "", "area_km2": 0.643}}, {"type": "Feature", "geometry": {"type": "Polygon", "coordinates": [[[86.7587257, 27.9760994], [86.7579403, 27.9764484], [86.757406, 27.977108], [86.7570377, 27.9779279], [86.7570792, 27.9786196], [86.757406, 27.9787799], [86.7589932, 27.9792426], [86.7603159, 27.9794121], [86.7612651, 27.978867], [86.7622195, 27.9780241], [86.763288, 27.9772271], [86.7636822, 27.97654], [86.7635733, 27.9762926], [86.7633035, 27.976288], [86.7623284, 27.9762331], [86.7615089, 27.9766133], [86.7606012, 27.9769248], [86.7600047, 27.9769614], [86.7597816, 27.9768331], [86.7597712, 27.9764484], [86.7596364, 27.9762468], [86.7587257, 27.9760994]]]}, "properties": {"external_id": "osm:way/286046429", "name": "", "name_ne": "", "area_km2": 0.153}}, {"type": "Feature", "geometry": {"type": "Polygon", "coordinates": [[[86.8583747, 27.9880006], [86.8578768, 27.9884403], [86.8572962, 27.9887772], [86.8555391, 27.989153], [86.8544233, 27.9889209], [86.8541765, 27.989333], [86.8540907, 27.9897593], [86.8547398, 27.990683], [86.8542999, 27.991062], [86.8540585, 27.9918151], [86.854375, 27.9922746], [86.8549597, 27.9921846], [86.8553996, 27.9919951], [86.8550187, 27.9923646], [86.854611, 27.9927293], [86.8544608, 27.9931604], [86.854552, 27.9934493], [86.8552065, 27.9931699], [86.8554693, 27.9931651], [86.8556785, 27.9933404], [86.8567407, 27.992573], [86.857202, 27.9923457], [86.8579448, 27.9923968], [86.8577649, 27.992984], [86.8575145, 27.9941377], [86.8574206, 27.9946006], [86.8575145, 27.9948216], [86.8576006, 27.9949425], [86.8576905, 27.9949218], [86.8579253, 27.9947802], [86.8583008, 27.9940893], [86.8586294, 27.9933191], [86.8589854, 27.9930496], [86.8593883, 27.9928597], [86.8596386, 27.9923795], [86.8598225, 27.9922932], [86.8602059, 27.9924624], [86.8606629, 27.9924087], [86.8611835, 27.9917272], [86.8618182, 27.9913663], [86.8621938, 27.9915252], [86.8625184, 27.9921331], [86.8634573, 27.9927272], [86.8645174, 27.993349], [86.8652567, 27.993463], [86.8656245, 27.9934077], [86.8655924, 27.9925031], [86.8654922, 27.9917543], [86.8655927, 27.989838], [86.8656369, 27.9884555], [86.8658693, 27.9876104], [86.8659716, 27.9864041], [86.8648101, 27.9856404], [86.8635192, 27.9856127], [86.861266, 27.9860894], [86.8594743, 27.9868425], [86.8589218, 27.987778], [86.8583747, 27.9880006]]]}, "properties": {"external_id": "osm:way/286046430", "name": "", "name_ne": "", "area_km2": 0.699}}, {"type": "Feature", "geometry": {"type": "Polygon", "coordinates": [[[86.9607695, 27.860455], [86.9601552, 27.8610688], [86.9591587, 27.8615765], [86.9587552, 27.8616528], [86.9585704, 27.8617453], [86.9583333, 27.8622218], [86.9582443, 27.8623083], [86.9581704, 27.862292], [86.9580564, 27.8621286], [86.9581273, 27.8618672], [86.958657, 27.8612437], [86.9590573, 27.8604323], [86.9591374, 27.8600892], [86.9587802, 27.8598088], [86.9582628, 27.8596318], [86.9577577, 27.8597598], [86.9571325, 27.8603071], [86.9568646, 27.8603207], [86.956649, 27.8601219], [86.9563749, 27.8597543], [86.9559314, 27.8597026], [86.9556481, 27.8600157], [86.9555649, 27.8610694], [86.9557435, 27.8616848], [86.9556881, 27.8623192], [86.9556111, 27.8624036], [86.9555002, 27.8623328], [86.955454, 27.8618781], [86.9553986, 27.8614071], [86.9554225, 27.8608054], [86.955398, 27.860093], [86.955204, 27.8597935], [86.9546126, 27.8594613], [86.9541322, 27.8591509], [86.9538181, 27.8586962], [86.953778, 27.8584675], [86.9535655, 27.8579583], [86.9533592, 27.8578221], [86.9531682, 27.8578276], [86.9528849, 27.858236], [86.9523644, 27.8588729], [86.9522425, 27.8593349], [86.952151, 27.8600434], [86.9523034, 27.8604709], [86.9524689, 27.8612217], [86.9526606, 27.8618224], [86.9529175, 27.8620265], [86.9532442, 27.8620111], [86.9537799, 27.8622113], [86.9546754, 27.8632715], [86.9556363, 27.8638922], [86.9557965, 27.864219], [86.9553653, 27.864562], [86.9544845, 27.8648397], [86.9538254, 27.8648778], [86.9535175, 27.8652155], [86.9531464, 27.8672449], [86.9534913, 27.8692542], [86.9539101, 27.8700002], [86.9550866, 27.8706699], [86.9557395, 27.8706917], [86.9559305, 27.8703595], [86.9561029, 27.8696354], [86.9568729, 27.8681652], [86.9576736, 27.866744], [86.9578461, 27.8661178], [86.9577722, 27.8656767], [86.957495, 27.8655569], [86.957411, 27.8648892], [86.95791, 27.8637566], [86.9581379, 27.8633482], [86.9586676, 27.8633427], [86.9594873, 27.8642356], [86.9601014, 27.8646437], [86.9607765, 27.8647015], [86.9614429, 27.8644088], [86.962314, 27.8641124], [86.962915, 27.8642933], [86.9631894, 27.8644858], [86.9632896, 27.8648863], [86.9639933, 27.8654259], [86.9644306, 27.8660794], [86.9643567, 27.8662754], [86.9639748, 27.8661992], [86.9634451, 27.8663407], [86.9631741, 27.8666239], [86.9629092, 27.8672664], [86.9634049, 27.8683103], [86.9639624, 27.8691189], [86.9650513, 27.8695809], [86.9657917, 27.8695809], [86.9663318, 27.8693884], [86.9667499, 27.8686722], [86.9670984, 27.8667779], [86.9673335, 27.8652531], [86.9680478, 27.8646756], [86.9687012, 27.8642751], [86.96952, 27.8647218], [86.9697029, 27.8657537], [86.9694392, 27.866843], [86.9691169, 27.8671203], [86.9688338, 27.8677671], [86.9688351, 27.868604], [86.9682581, 27.8693124], [86.9673527, 27.8705538], [86.9668846, 27.8711473], [86.9664526, 27.8721742], [86.9665049, 27.8736065], [86.9678464, 27.8748154], [86.9709797, 27.8757122], [86.9726714, 27.8764497], [86.9738459, 27.8761536], [86.9749295, 27.8744276], [86.9752156, 27.8735213], [86.9754251, 27.8719967], [86.9749939, 27.8709077], [86.974612, 27.8685881], [86.9750801, 27.8671615], [86.9775809, 27.8654408], [86.9802911, 27.8624458], [86.9811041, 27.8596033], [86.9812306, 27.8574072], [86.9807585, 27.856614], [86.9804316, 27.8549711], [86.980487, 27.8539146], [86.9797848, 27.8527655], [86.9788671, 27.8519813], [86.9780496, 27.8510404], [86.9769476, 27.8506669], [86.9748023, 27.8506746], [86.9735581, 27.8511756], [86.9723755, 27.8520306], [86.970451, 27.8522102], [86.9684603, 27.8517493], [86.9663311, 27.8506849], [86.9621105, 27.8486565], [86.9586264, 27.8471101], [86.9509412, 27.8453465], [86.9462784, 27.8452104], [86.9435688, 27.8441439], [86.9416872, 27.8429192], [86.9401498, 27.8415251], [86.938982, 27.8405728], [86.9389025, 27.8406769], [86.9386891, 27.8407828], [86.9384747, 27.8409446], [86.9382724, 27.8412736], [86.9379284, 27.8418455], [86.9378156, 27.8420976], [86.937728, 27.8422046], [86.9376233, 27.8422563], [86.9375802, 27.8422291], [86.9376002, 27.842191], [86.9376125, 27.8421542], [86.9375879, 27.8421624], [86.9374955, 27.8422876], [86.9373969, 27.8424905], [86.9373215, 27.8425708], [86.9371983, 27.8425763], [86.9380274, 27.8438434], [86.9390252, 27.8446876], [86.9405281, 27.8453575], [86.9419502, 27.8466988], [86.944877, 27.8489863], [86.9470373, 27.8496025], [86.9490582, 27.8506037], [86.9520286, 27.8515896], [86.9541715, 27.8523521], [86.9584921, 27.8541928], [86.960905, 27.8556715], [86.961959, 27.8568267], [86.9626384, 27.8585287], [86.962743, 27.8596454], [86.9626297, 27.8600843], [86.9623897, 27.8600738], [86.9618148, 27.8598235], [86.9612398, 27.8600623], [86.9607695, 27.860455]]]}, "properties": {"external_id": "osm:way/286080096", "name": "Hongku Glacier", "name_ne": "", "area_km2": 5.856}}, {"type": "Feature", "geometry": {"type": "Polygon", "coordinates": [[[86.9592065, 27.865891], [86.9585619, 27.8671], [86.9578433, 27.8680317], [86.9578259, 27.8691021], [86.9584269, 27.8696104], [86.9599339, 27.8697644], [86.9612318, 27.8694564], [86.9621464, 27.8687556], [86.962521, 27.8678084], [86.962129, 27.8673002], [86.9611011, 27.8662606], [86.9598816, 27.8657985], [86.9592065, 27.865891]]]}, "properties": {"external_id": "osm:way/286080097", "name": "", "name_ne": "", "area_km2": 0.144}}, {"type": "Feature", "geometry": {"type": "Polygon", "coordinates": [[[86.9463735, 27.8566273], [86.9455482, 27.8567689], [86.945308, 27.8571174], [86.9452279, 27.8579234], [86.9453695, 27.8590125], [86.945542, 27.8596932], [86.9449269, 27.8606963], [86.9444216, 27.8611584], [86.9445203, 27.8619425], [86.9448736, 27.8635907], [86.9449351, 27.8638778], [86.9454956, 27.8645475], [86.9466351, 27.8650866], [86.9473989, 27.8662029], [86.947596, 27.8668672], [86.9480641, 27.8673736], [86.9486308, 27.8675751], [86.9491297, 27.8674717], [86.95022, 27.8667365], [86.9510022, 27.8657945], [86.9510207, 27.8651465], [86.9502508, 27.863758], [86.9495917, 27.8624946], [86.9488587, 27.8620535], [86.9486924, 27.8617649], [86.9485446, 27.8613511], [86.9486616, 27.8609699], [86.9491667, 27.8608338], [86.9494008, 27.8603981], [86.9494069, 27.8597882], [86.9495877, 27.8597432], [86.9497967, 27.860032], [86.9501582, 27.8602053], [86.9505676, 27.8599473], [86.9507549, 27.8593466], [86.9505981, 27.8587305], [86.9502758, 27.8585842], [86.9497053, 27.8584571], [86.9493176, 27.8582569], [86.949065, 27.8573866], [86.9485598, 27.8569861], [86.9475188, 27.8567089], [86.9463735, 27.8566273]]]}, "properties": {"external_id": "osm:way/286080101", "name": "", "name_ne": "", "area_km2": 0.501}}, {"type": "Feature", "geometry": {"type": "Polygon", "coordinates": [[[86.9324347, 27.8622589], [86.9324043, 27.8628788], [86.9328224, 27.8641456], [86.9334975, 27.8651506], [86.933602, 27.8654779], [86.9335149, 27.8656088], [86.9332405, 27.8655587], [86.9330706, 27.8656203], [86.932744, 27.8663019], [86.9327527, 27.8668679], [86.9329138, 27.8672144], [86.9334147, 27.8674647], [86.9336325, 27.8674454], [86.933798, 27.8673569], [86.9341203, 27.8672452], [86.9345863, 27.8672876], [86.9350741, 27.8674801], [86.9352701, 27.8673915], [86.9353268, 27.8671143], [86.9350872, 27.8668756], [86.9346473, 27.8666907], [86.9340767, 27.8664328], [86.9336281, 27.8662095], [86.9336151, 27.8659823], [86.9337849, 27.8659322], [86.9340201, 27.8659938], [86.9344992, 27.8661786], [86.9347867, 27.8664174], [86.9352092, 27.8665791], [86.9354313, 27.8669372], [86.9357492, 27.8673222], [86.9362022, 27.8676379], [86.9375088, 27.8681385], [86.9386238, 27.8684812], [86.9394034, 27.8684889], [86.9396996, 27.8681423], [86.9397954, 27.867815], [86.9396996, 27.8676572], [86.9394862, 27.8675956], [86.9394601, 27.867507], [86.9396343, 27.8674262], [86.9405228, 27.8671874], [86.9416421, 27.8671297], [86.9425481, 27.866864], [86.9430794, 27.8661401], [86.9440919, 27.8645808], [86.9446712, 27.8637722], [86.9448736, 27.8635907], [86.9445203, 27.8619425], [86.9444216, 27.8611584], [86.9441224, 27.8614811], [86.9439264, 27.8618624], [86.9438698, 27.8624746], [86.9435301, 27.8632447], [86.9433515, 27.8635643], [86.9432774, 27.8636066], [86.9432165, 27.8635219], [86.9428463, 27.8626363], [86.942598, 27.8620934], [86.9424935, 27.8615505], [86.9422801, 27.8613733], [86.9418968, 27.861381], [86.9415745, 27.8615813], [86.9414787, 27.8621357], [86.9412957, 27.8626902], [86.9408253, 27.8633833], [86.9407949, 27.8637568], [86.9407077, 27.8640687], [86.9404987, 27.8641187], [86.940037, 27.8639801], [86.9395797, 27.8637144], [86.9390701, 27.8632678], [86.9381903, 27.8628057], [86.9374107, 27.8626402], [86.9367574, 27.8627557], [86.9364656, 27.8630676], [86.9364873, 27.8632562], [86.936692, 27.8634103], [86.9368967, 27.8636682], [86.9368009, 27.8640148], [86.9366093, 27.864061], [86.9362391, 27.8638954], [86.9358645, 27.8635566], [86.9350849, 27.8632216], [86.9344098, 27.8631754], [86.9341006, 27.862952], [86.9336345, 27.8624438], [86.9330683, 27.8621819], [86.932537, 27.8621319], [86.9324347, 27.8622589]]]}, "properties": {"external_id": "osm:way/286080102", "name": "", "name_ne": "", "area_km2": 0.55}}, {"type": "Feature", "geometry": {"type": "Polygon", "coordinates": [[[86.9623951, 27.8299627], [86.9624665, 27.8300219], [86.9623642, 27.8302299], [86.9623467, 27.830409], [86.9624404, 27.8305939], [86.9624121, 27.8307075], [86.9623097, 27.8308192], [86.9619373, 27.8310542], [86.9613167, 27.8314759], [86.9609225, 27.8317667], [86.9605697, 27.8321866], [86.9605109, 27.8323753], [86.9605676, 27.8324774], [86.960659, 27.8325313], [86.960661, 27.8326038], [86.9605101, 27.8327509], [86.960196, 27.8328381], [86.9598994, 27.8328065], [86.9598406, 27.8326563], [86.9598036, 27.8325003], [86.9595292, 27.8324387], [86.9591634, 27.8325485], [86.9588866, 27.8324625], [86.9585139, 27.8318797], [86.9583553, 27.831193], [86.9580918, 27.8309118], [86.9577891, 27.8308059], [86.9576389, 27.8302994], [86.9573797, 27.8298757], [86.9571902, 27.82966], [86.9569311, 27.8296022], [86.9564977, 27.8296311], [86.9561057, 27.8297505], [86.955986, 27.8298468], [86.9558553, 27.8301761], [86.955827, 27.8303918], [86.9558814, 27.8305401], [86.9558923, 27.8306961], [86.9558113, 27.830816], [86.9555848, 27.8310356], [86.9554476, 27.8313668], [86.9553801, 27.8320871], [86.9554215, 27.8327149], [86.9558026, 27.8333465], [86.9560661, 27.8336007], [86.9562773, 27.8336508], [86.9565909, 27.8336431], [86.956702, 27.8337606], [86.9567891, 27.8341823], [86.9567608, 27.8344808], [86.9569481, 27.8347292], [86.9572181, 27.8348736], [86.9573139, 27.8349796], [86.9575165, 27.8350393], [86.957584, 27.8351221], [86.9575448, 27.8352684], [86.9576166, 27.8353416], [86.9577495, 27.8353782], [86.9580217, 27.8353686], [86.9581763, 27.8354648], [86.9582917, 27.8358076], [86.9582286, 27.8359655], [86.9582046, 27.8360811], [86.9583636, 27.8362332], [86.9586706, 27.8362794], [86.9588884, 27.8365086], [86.9589146, 27.8366915], [86.9591171, 27.8369862], [86.9591647, 27.8370736], [86.9592891, 27.837302], [86.9594377, 27.8373768], [86.9598689, 27.8373344], [86.9607444, 27.8369608], [86.9611189, 27.8367528], [86.9613715, 27.8369184], [86.9613541, 27.8373344], [86.9611189, 27.8377349], [86.9606181, 27.8379968], [86.9603698, 27.8384821], [86.9605203, 27.8389822], [86.9609022, 27.8394016], [86.9616105, 27.839614], [86.9626453, 27.8395214], [86.9637109, 27.8392109], [86.9671603, 27.8387207], [86.9694023, 27.838383], [86.9728701, 27.8373373], [86.9740281, 27.8371357], [86.9757343, 27.8376151], [86.976147, 27.8380236], [86.9760669, 27.8384321], [86.9758328, 27.8388133], [86.9759314, 27.8394669], [86.9762455, 27.840066], [86.9767351, 27.8403659], [86.9768483, 27.8409667], [86.9764666, 27.8412267], [86.9757951, 27.8416564], [86.9752026, 27.8422486], [86.97415, 27.8425194], [86.973534, 27.8427809], [86.9732546, 27.8431801], [86.9732459, 27.8438079], [86.9730194, 27.8442353], [86.9717563, 27.8443547], [86.9704497, 27.8448053], [86.969461, 27.8454831], [86.9686683, 27.8464228], [86.9681572, 27.8466359], [86.9679416, 27.8470498], [86.9678259, 27.8477901], [86.9675036, 27.8488992], [86.9674644, 27.8493613], [86.9676996, 27.8495192], [86.9685707, 27.8496424], [86.9689758, 27.8495423], [86.9695899, 27.8490263], [86.9700298, 27.8491302], [86.9708268, 27.8490763], [86.9715019, 27.8487952], [86.9724165, 27.8481444], [86.974076, 27.8478269], [86.9751231, 27.8482026], [86.9767, 27.8490795], [86.978671, 27.8496404], [86.9811594, 27.85049], [86.9823913, 27.8511381], [86.9837525, 27.8514625], [86.985046, 27.8511358], [86.9857728, 27.8511467], [86.9861362, 27.8509506], [86.9864873, 27.8505694], [86.986592, 27.8501664], [86.9876207, 27.8493712], [86.9885816, 27.8482058], [86.9890189, 27.8478572], [86.9893761, 27.8470457], [86.9894377, 27.8461144], [86.9892283, 27.844987], [86.9878547, 27.8430645], [86.9864627, 27.8416429], [86.9846333, 27.840717], [86.9825206, 27.8392955], [86.9815769, 27.8385075], [86.9815682, 27.838157], [86.981333, 27.8380145], [86.9809192, 27.8378682], [86.9808583, 27.8376718], [86.9807232, 27.8373097], [86.9803792, 27.8370787], [86.9799915, 27.8369092], [86.9797258, 27.8367551], [86.9796779, 27.836447], [86.9797215, 27.8360888], [86.9795168, 27.8359078], [86.9791684, 27.8357075], [86.9790812, 27.8353185], [86.9786762, 27.834995], [86.9780795, 27.8346946], [86.9779924, 27.8345174], [86.9780316, 27.8341477], [86.9778835, 27.8335546], [86.9773191, 27.832626], [86.9755813, 27.831174], [86.9745665, 27.8304999], [86.9729369, 27.8298591], [86.9714111, 27.8288033], [86.9699477, 27.8284297], [86.9692335, 27.828702], [86.9675458, 27.8292848], [86.9668867, 27.8292739], [86.9660429, 27.8293502], [86.965352, 27.8294743], [86.9652016, 27.8294113], [86.9623951, 27.8299627]]]}, "properties": {"external_id": "osm:way/286081190", "name": "", "name_ne": "", "area_km2": 3.765}}, {"type": "Feature", "geometry": {"type": "Polygon", "coordinates": [[[86.8722343, 27.7764699], [86.8721186, 27.7751678], [86.8721902, 27.7711993], [86.8735977, 27.7657318], [86.8743373, 27.7611508], [86.8737273, 27.7597915], [86.873677, 27.758759], [86.8737008, 27.7580835], [86.873677, 27.7575451], [86.8735696, 27.7573234], [86.8737128, 27.7571123], [86.8741949, 27.755468], [86.8731659, 27.7542494], [86.8721878, 27.7540594], [86.8713528, 27.7546295], [86.8708517, 27.7560018], [86.8711142, 27.758113], [86.8708452, 27.7588473], [86.8704164, 27.7596687], [86.8687963, 27.7646553], [86.8662956, 27.7728204], [86.8633723, 27.7758432], [86.860132, 27.7767781], [86.8568212, 27.7764353], [86.8531935, 27.7747213], [86.850235, 27.7725088], [86.8490375, 27.7700157], [86.8457972, 27.7688938], [86.8436839, 27.7695482], [86.8425921, 27.7710129], [86.8440714, 27.7734437], [86.8484387, 27.7753134], [86.8490279, 27.7766965], [86.8452826, 27.7773478], [86.8424435, 27.7775682], [86.8397289, 27.7766427], [86.839181, 27.7749019], [86.8378112, 27.7737781], [86.833677, 27.7732933], [86.8293934, 27.7728526], [86.8253057, 27.7746982], [86.8257327, 27.7760857], [86.8222141, 27.7767998], [86.8229535, 27.7755341], [86.8213936, 27.7754927], [86.8151246, 27.7794479], [86.8149666, 27.7814523], [86.8154965, 27.7834072], [86.8179872, 27.7862595], [86.8185717, 27.7878877], [86.8167624, 27.7900088], [86.8170952, 27.7921422], [86.8173893, 27.7928593], [86.8191575, 27.7928152], [86.8200292, 27.792], [86.8203032, 27.7904357], [86.8206767, 27.7888274], [86.8230655, 27.7868792], [86.8218496, 27.784294], [86.821601, 27.7814189], [86.8230803, 27.7793311], [86.8279407, 27.778147], [86.8307584, 27.7775861], [86.8331182, 27.7780223], [86.834844, 27.7796116], [86.8402681, 27.7825987], [86.8427731, 27.7840881], [86.8416509, 27.7865453], [86.841724, 27.7880301], [86.8424214, 27.7887131], [86.8418735, 27.7899029], [86.8404788, 27.7904317], [86.8383121, 27.7901893], [86.8333519, 27.793596], [86.8312576, 27.7936645], [86.8314434, 27.7911229], [86.829853, 27.7911814], [86.8286575, 27.792366], [86.8270052, 27.7921807], [86.8259394, 27.7929238], [86.825266, 27.7951444], [86.8263574, 27.7959194], [86.8280096, 27.7958116], [86.8283274, 27.7970483], [86.8262297, 27.7986952], [86.8250367, 27.7986626], [86.8238352, 27.7972535], [86.8222695, 27.7970284], [86.8198926, 27.7970373], [86.8176212, 27.7968814], [86.8148606, 27.7967576], [86.8133328, 27.7973875], [86.8132673, 27.7985044], [86.8144592, 27.7994414], [86.8182198, 27.8011597], [86.8201375, 27.8017545], [86.8213827, 27.8015342], [86.8236587, 27.801877], [86.8267758, 27.801877], [86.8283607, 27.8015031], [86.8323344, 27.7992992], [86.8358958, 27.7984179], [86.8382859, 27.7968468], [86.8402407, 27.7966559], [86.8418488, 27.7975047], [86.8426709, 27.799978], [86.8436219, 27.8039659], [86.8478836, 27.8083897], [86.8511591, 27.8099473], [86.8520044, 27.8112869], [86.8513, 27.8127199], [86.8518635, 27.8134052], [86.8541176, 27.8131249], [86.857534, 27.8131249], [86.8594712, 27.8128445], [86.8601404, 27.8117542], [86.859929, 27.8097916], [86.8583441, 27.8083897], [86.8578158, 27.8068943], [86.8577454, 27.8044332], [86.8559843, 27.8025327], [86.8535893, 27.8022212], [86.8517578, 27.8024393], [86.8496094, 27.8000715], [86.84732, 27.7948995], [86.8468974, 27.7929678], [86.8472144, 27.7899143], [86.8459112, 27.78711], [86.8473286, 27.7824855], [86.8493714, 27.7814571], [86.8533513, 27.781426], [86.8572608, 27.7817376], [86.8605011, 27.7812702], [86.8662471, 27.7798462], [86.8722343, 27.7764699]]]}, "properties": {"external_id": "osm:way/286441007", "name": "Hinku Nup Glacier", "name_ne": "", "area_km2": 9.342}}, {"type": "Feature", "geometry": {"type": "Polygon", "coordinates": [[[86.8365512, 27.8059723], [86.8351565, 27.8082633], [86.8327906, 27.8101137], [86.8302752, 27.8102018], [86.8282828, 27.8093647], [86.8276353, 27.8081752], [86.8281085, 27.8068755], [86.8302005, 27.8066111], [86.8315204, 27.806479], [86.8330645, 27.8056198], [86.8347082, 27.8047607], [86.8357791, 27.8048929], [86.8365512, 27.8059723]]]}, "properties": {"external_id": "osm:way/286441013", "name": "", "name_ne": "", "area_km2": 0.316}}, {"type": "Feature", "geometry": {"type": "Polygon", "coordinates": [[[86.8587818, 27.7911191], [86.8590284, 27.7886576], [86.8597328, 27.7872242], [86.8610712, 27.7866322], [86.8617051, 27.786788], [86.862163, 27.7875358], [86.8607894, 27.7899351], [86.8613882, 27.7928951], [86.861529, 27.7963535], [86.8608951, 27.7991576], [86.8596165, 27.8001817], [86.8585001, 27.7999053], [86.8565333, 27.7985195], [86.8571673, 27.7978605], [86.8575039, 27.7974711], [86.8582636, 27.7972267], [86.8592304, 27.7963715], [86.8596015, 27.7959515], [86.8592735, 27.7946915], [86.8585743, 27.7939432], [86.8584535, 27.7934316], [86.8587297, 27.7927367], [86.8589714, 27.7919348], [86.8587818, 27.7911191]]]}, "properties": {"external_id": "osm:way/286441016", "name": "", "name_ne": "", "area_km2": 0.375}}, {"type": "Feature", "geometry": {"type": "Polygon", "coordinates": [[[86.9183007, 27.8131647], [86.9198782, 27.8139272], [86.9223728, 27.8159551], [86.9223728, 27.8177883], [86.9215657, 27.8190699], [86.9200433, 27.8194917], [86.9178238, 27.8209193], [86.9168333, 27.8211626], [86.9139352, 27.8196864], [86.9111105, 27.8181614], [86.9101383, 27.8186643], [86.9091662, 27.8183561], [86.9089094, 27.817837], [86.9100099, 27.8159551], [86.9124311, 27.814057], [86.9140086, 27.8142679], [86.9159162, 27.8152413], [86.9164848, 27.8147871], [86.9173469, 27.813473], [86.9183007, 27.8131647]]]}, "properties": {"external_id": "osm:way/286441017", "name": "", "name_ne": "", "area_km2": 0.719}}, {"type": "Feature", "geometry": {"type": "Polygon", "coordinates": [[[86.8725913, 27.7933157], [86.8700026, 27.7951695], [86.8658114, 27.8001545], [86.8644378, 27.8029585], [86.8645082, 27.804376], [86.8655296, 27.8048589], [86.8667447, 27.8047654], [86.8679246, 27.8037374], [86.8691045, 27.8022731], [86.8704253, 27.8017279], [86.8727146, 27.8016967], [86.8747926, 27.8004972], [86.8751625, 27.7993289], [86.8738769, 27.7985812], [86.8723976, 27.7982852], [86.8717989, 27.797257], [86.8726618, 27.79626], [86.8739826, 27.7962444], [86.8749511, 27.7950916], [86.8748279, 27.794079], [86.8725913, 27.7933157]]]}, "properties": {"external_id": "osm:way/286441019", "name": "", "name_ne": "", "area_km2": 0.642}}, {"type": "Feature", "geometry": {"type": "Polygon", "coordinates": [[[86.907581, 27.819934], [86.9084248, 27.8212805], [86.9085349, 27.8225296], [86.9081313, 27.8248818], [86.9066272, 27.8266175], [86.9053249, 27.8269094], [86.9030505, 27.8265201], [86.8989418, 27.8269094], [86.8959153, 27.8266175], [86.8949798, 27.8262119], [86.8943195, 27.8251089], [86.8945946, 27.8243302], [86.8944112, 27.8238273], [86.8934023, 27.8238922], [86.8921734, 27.8237625], [86.8910642, 27.8229403], [86.8906737, 27.8219182], [86.8913669, 27.8205557], [86.8923007, 27.8197184], [86.8926191, 27.8188442], [86.8935179, 27.8183737], [86.8948019, 27.8185359], [86.8948019, 27.8192984], [86.8957924, 27.8204015], [86.8979201, 27.8206286], [86.8988005, 27.8211802], [86.8994976, 27.8209206], [86.9024323, 27.8184548], [86.9041932, 27.8177248], [86.9060275, 27.8184548], [86.907581, 27.819934]]]}, "properties": {"external_id": "osm:way/286441022", "name": "", "name_ne": "", "area_km2": 1.239}}, {"type": "Feature", "geometry": {"type": "Polygon", "coordinates": [[[86.9175361, 27.8064884], [86.9166128, 27.8069457], [86.9169807, 27.8094687], [86.9181271, 27.8113885], [86.9201953, 27.8119112], [86.9225221, 27.8119765], [86.9234084, 27.8118132], [86.9231499, 27.8107678], [86.9224113, 27.8092978], [86.9199737, 27.8078278], [86.9175361, 27.8064884]]]}, "properties": {"external_id": "osm:way/286444377", "name": "", "name_ne": "", "area_km2": 0.247}}, {"type": "Feature", "geometry": {"type": "Polygon", "coordinates": [[[86.9069113, 27.804524], [86.9051386, 27.8059615], [86.903809, 27.8061248], [86.902701, 27.8057001], [86.9018515, 27.8064515], [86.9017777, 27.8073988], [86.9047692, 27.8093916], [86.9062465, 27.8109269], [86.9049908, 27.8139975], [86.9015561, 27.8162188], [86.8978259, 27.8168721], [86.8952037, 27.8161208], [86.8937263, 27.8149448], [86.8944281, 27.8127889], [86.8958684, 27.8116129], [86.89609, 27.8100776], [86.8951298, 27.8072028], [86.895536, 27.8041974], [86.8987492, 27.8012571], [86.9024425, 27.7994276], [86.9040675, 27.7998197], [86.9044738, 27.8013225], [86.9064312, 27.8031846], [86.9069113, 27.804524]]]}, "properties": {"external_id": "osm:way/286444379", "name": "", "name_ne": "", "area_km2": 1.592}}, {"type": "Feature", "geometry": {"type": "Polygon", "coordinates": [[[86.9644181, 27.8192575], [86.9628251, 27.8206895], [86.9627452, 27.8214062], [86.9626423, 27.8223294], [86.9636347, 27.8255167], [86.9628638, 27.8276013], [86.9621036, 27.8288048], [86.9619309, 27.8295189], [86.9621063, 27.8297966], [86.9623951, 27.8299627], [86.9652016, 27.8294113], [86.965975, 27.8287269], [86.9675262, 27.8279022], [86.9691341, 27.8270448], [86.9701641, 27.8252579], [86.9700074, 27.8237451], [86.9693023, 27.8220937], [86.9670433, 27.8196801], [86.9644181, 27.8192575]]]}, "properties": {"external_id": "osm:way/286444964", "name": "", "name_ne": "", "area_km2": 0.629}}, {"type": "Feature", "geometry": {"type": "Polygon", "coordinates": [[[86.9780061, 27.8078007], [86.9779112, 27.8085584], [86.9781698, 27.8118613], [86.9784031, 27.8122987], [86.9782881, 27.8125066], [86.977059, 27.8118552], [86.9762469, 27.8117427], [86.9758629, 27.8120708], [86.97585, 27.8124079], [86.9760405, 27.8126067], [86.9769023, 27.813369], [86.9772348, 27.8138495], [86.9764585, 27.8145194], [86.9754975, 27.8159913], [86.9752886, 27.8169521], [86.9756159, 27.8174202], [86.9759641, 27.8178082], [86.9761521, 27.8177835], [86.9762549, 27.8176175], [86.976781, 27.8185114], [86.9760924, 27.8195891], [86.9755851, 27.8208511], [86.9762078, 27.8221016], [86.9766934, 27.8235779], [86.9776596, 27.8251023], [86.9785998, 27.8254487], [86.9804316, 27.8252019], [86.9823394, 27.8241128], [86.9838005, 27.8225459], [86.9849687, 27.8204287], [86.9854796, 27.8183763], [86.9851169, 27.8161549], [86.9847669, 27.8138091], [86.983501, 27.8116182], [86.9816543, 27.8095602], [86.9793546, 27.8072036], [86.9785495, 27.8072426], [86.9783291, 27.8074689], [86.9780061, 27.8078007]]]}, "properties": {"external_id": "osm:way/286446560", "name": "Hongku Shar Glacier", "name_ne": "", "area_km2": 1.359}}, {"type": "Feature", "geometry": {"type": "Polygon", "coordinates": [[[86.987183, 27.8106947], [86.9868235, 27.8112478], [86.986469, 27.8123279], [86.9865872, 27.8129289], [86.9866758, 27.813495], [86.9870353, 27.8138739], [86.9871042, 27.8141265], [86.9869023, 27.8143617], [86.9867414, 27.8150276], [86.9871662, 27.8152924], [86.9875353, 27.8153355], [86.9879113, 27.8152], [86.988468, 27.8152134], [86.9889407, 27.8150392], [86.9889702, 27.8148693], [86.9892016, 27.8148302], [86.9895709, 27.814939], [86.9899156, 27.8148737], [86.9902652, 27.8147169], [86.9904523, 27.8142988], [86.9906345, 27.8140811], [86.9908561, 27.8140158], [86.9911564, 27.8140288], [86.9914322, 27.8138198], [86.9917079, 27.8133843], [86.9917227, 27.8131535], [86.9911712, 27.8127136], [86.9907822, 27.8124958], [86.9905705, 27.8125742], [86.9901372, 27.8128617], [86.9899698, 27.8128617], [86.989566, 27.8126396], [86.9890884, 27.811799], [86.9885862, 27.8113156], [86.988532, 27.8110891], [86.9886108, 27.8108714], [86.9885714, 27.8108017], [86.988399, 27.8106623], [86.9881824, 27.8106493], [86.9879854, 27.8107146], [86.9875078, 27.810658], [86.987183, 27.8106947]]]}, "properties": {"external_id": "osm:way/286446563", "name": "", "name_ne": "", "area_km2": 0.16}}, {"type": "Feature", "geometry": {"type": "Polygon", "coordinates": [[[87.0159141, 27.8507792], [87.0151481, 27.8517335], [87.0148378, 27.8523691], [87.0150347, 27.8529742], [87.0153449, 27.853501], [87.0152662, 27.8539276], [87.0154976, 27.8545676], [87.0155862, 27.8557038], [87.0155173, 27.8561957], [87.0163543, 27.8572318], [87.0175262, 27.8581634], [87.0183042, 27.8584507], [87.0197383, 27.8587989], [87.0205704, 27.8587641], [87.0210677, 27.8586553], [87.0213189, 27.8583767], [87.0218359, 27.8574842], [87.0216389, 27.8572753], [87.0206591, 27.8568835], [87.0197087, 27.8566179], [87.0192311, 27.8558996], [87.0192213, 27.855682], [87.0194281, 27.8553685], [87.0194576, 27.8549723], [87.0195462, 27.8539101], [87.0200386, 27.8530699], [87.0207855, 27.8523448], [87.0212834, 27.8521231], [87.0217082, 27.8516675], [87.0212685, 27.8509817], [87.0200743, 27.8501043], [87.0190533, 27.849856], [87.0175581, 27.8497687], [87.0166547, 27.8503802], [87.0159141, 27.8507792]]]}, "properties": {"external_id": "osm:way/286455914", "name": "", "name_ne": "", "area_km2": 0.439}}, {"type": "Feature", "geometry": {"type": "Polygon", "coordinates": [[[87.0046998, 27.8565279], [87.0041671, 27.857042], [87.0038259, 27.8575561], [87.0037319, 27.8579747], [87.0038189, 27.8582825], [87.0038398, 27.8586827], [87.0036399, 27.8590014], [87.0031708, 27.8596277], [87.0032003, 27.8600673], [87.0035105, 27.8602719], [87.0049926, 27.8603633], [87.0056032, 27.8601675], [87.0059232, 27.8596189], [87.0062384, 27.8589442], [87.0064993, 27.8579386], [87.006716, 27.8575337], [87.0071345, 27.8573074], [87.0073659, 27.8573291], [87.0073807, 27.8574336], [87.0071197, 27.8576513], [87.0067997, 27.8579081], [87.0068785, 27.8584218], [87.0072773, 27.8587527], [87.0076417, 27.8588136], [87.0079322, 27.8585785], [87.0081439, 27.8584871], [87.0084295, 27.8585568], [87.0095325, 27.8584871], [87.0108718, 27.8586917], [87.012216, 27.8586264], [87.012669, 27.8588005], [87.0139837, 27.8597365], [87.015648, 27.8606332], [87.0162635, 27.860716], [87.018622, 27.8608074], [87.0213351, 27.8607334], [87.0223248, 27.8606942], [87.0225316, 27.8605549], [87.0226301, 27.8603372], [87.0223051, 27.8596973], [87.022187, 27.859336], [87.0217832, 27.8590138], [87.0213991, 27.8590226], [87.0197398, 27.8590966], [87.018819, 27.8588136], [87.0174698, 27.8582781], [87.0165491, 27.8576556], [87.0158056, 27.8568198], [87.0153279, 27.8563583], [87.0144219, 27.8560971], [87.0134815, 27.8556226], [87.0129201, 27.8552482], [87.0119353, 27.8549609], [87.0097344, 27.854839], [87.0079223, 27.8551699], [87.0062039, 27.8555138], [87.0046998, 27.8565279]]]}, "properties": {"external_id": "osm:way/286455915", "name": "", "name_ne": "", "area_km2": 0.641}}, {"type": "Feature", "geometry": {"type": "Polygon", "coordinates": [[[87.0226267, 27.8432364], [87.0219652, 27.8448311], [87.022, 27.846395], [87.0227033, 27.8479897], [87.024298, 27.8496644], [87.0259414, 27.8505756], [87.0276938, 27.8507858], [87.0283831, 27.8504375], [87.0297879, 27.848851], [87.031487, 27.8478351], [87.0331304, 27.8476257], [87.0343142, 27.8477981], [87.0350523, 27.8481429], [87.0367305, 27.8504949], [87.0388404, 27.8526559], [87.0406791, 27.8545087], [87.0419101, 27.8557842], [87.0425699, 27.8563371], [87.0427964, 27.8564416], [87.0429441, 27.8563719], [87.0429392, 27.8561281], [87.0420332, 27.8544695], [87.0418707, 27.8530459], [87.0423446, 27.8519689], [87.0421357, 27.850873], [87.0413488, 27.8498756], [87.040346, 27.8492291], [87.0388419, 27.8477945], [87.0371428, 27.8465569], [87.0356178, 27.845855], [87.0345594, 27.8457319], [87.033487, 27.8457196], [87.0326305, 27.8456395], [87.0310985, 27.846169], [87.0303326, 27.8462245], [87.0292698, 27.846694], [87.0287626, 27.8469814], [87.0279453, 27.8472252], [87.0273692, 27.8475517], [87.02699, 27.8476214], [87.0267734, 27.8474037], [87.0265764, 27.846903], [87.0266847, 27.8463718], [87.0273199, 27.8454271], [87.0286248, 27.8446956], [87.0296637, 27.844417], [87.030294, 27.8438118], [87.0301118, 27.8430412], [87.0300773, 27.8419092], [87.029598, 27.8411118], [87.0265898, 27.8402251], [87.0245773, 27.8403421], [87.0234718, 27.8408424], [87.0234185, 27.8408959], [87.0228465, 27.8414694], [87.0230188, 27.841896], [87.0232798, 27.8423706], [87.0231469, 27.8426449], [87.0228366, 27.8428539], [87.0226267, 27.8432364]]]}, "properties": {"external_id": "osm:way/286455916", "name": "", "name_ne": "", "area_km2": 1.152}}, {"type": "Feature", "geometry": {"type": "Polygon", "coordinates": [[[86.7663962, 27.8006723], [86.7679525, 27.8011912], [86.7695778, 27.8007362], [86.7713044, 27.7999219], [86.7726974, 27.8005225], [86.7738385, 27.7999445], [86.7738801, 27.7987534], [86.7733739, 27.7979219], [86.772135, 27.7976279], [86.7707347, 27.7981777], [86.7686394, 27.7976093], [86.7671555, 27.7984336], [86.7659985, 27.7996489], [86.7663962, 27.8006723]]]}, "properties": {"external_id": "osm:way/286583307", "name": "", "name_ne": "", "area_km2": 0.21}}, {"type": "Feature", "geometry": {"type": "Polygon", "coordinates": [[[86.8071415, 27.8004164], [86.8052253, 27.8018875], [86.8044299, 27.8051815], [86.802803, 27.8098184], [86.8038515, 27.8126963], [86.8048638, 27.8133039], [86.8055869, 27.8128882], [86.8061653, 27.8108736], [86.8054061, 27.8086991], [86.8056953, 27.8070682], [86.8067799, 27.8054693], [86.8075392, 27.8048936], [86.8082622, 27.8023672], [86.8081899, 27.8010241], [86.8071415, 27.8004164]]]}, "properties": {"external_id": "osm:way/286583308", "name": "", "name_ne": "", "area_km2": 0.344}}, {"type": "Feature", "geometry": {"type": "Polygon", "coordinates": [[[86.7915715, 27.7987102], [86.7896797, 27.8006098], [86.7892707, 27.8021023], [86.7899353, 27.8023736], [86.7908301, 27.8020344], [86.7921339, 27.8011751], [86.7926452, 27.8014012], [86.79377, 27.8027128], [86.7949971, 27.8032103], [86.7965054, 27.8032555], [86.800289, 27.8006324], [86.8018484, 27.8001122], [86.8017461, 27.7986197], [86.8009025, 27.796607], [86.7990619, 27.7961321], [86.7968889, 27.7969236], [86.7950482, 27.7976925], [86.792364, 27.7980091], [86.7915715, 27.7987102]]]}, "properties": {"external_id": "osm:way/286583309", "name": "", "name_ne": "", "area_km2": 0.585}}, {"type": "Feature", "geometry": {"type": "Polygon", "coordinates": [[[86.8157341, 27.8065215], [86.8141491, 27.8094159], [86.8142002, 27.8108856], [86.8161176, 27.8116092], [86.8178559, 27.811157], [86.8186484, 27.8091671], [86.8183672, 27.8070642], [86.8170634, 27.8065441], [86.8157341, 27.8065215]]]}, "properties": {"external_id": "osm:way/286583312", "name": "", "name_ne": "", "area_km2": 0.191}}, {"type": "Feature", "geometry": {"type": "Polygon", "coordinates": [[[86.937612, 27.9468785], [86.9365443, 27.9492362], [86.9364443, 27.9524486], [86.9380457, 27.953539], [86.9436173, 27.9542463], [86.9455524, 27.9535685], [86.947721, 27.9512108], [86.9478211, 27.9485584], [86.9432503, 27.9454343], [86.9400475, 27.9458469], [86.937612, 27.9468785]]]}, "properties": {"external_id": "osm:way/286585047", "name": "", "name_ne": "", "area_km2": 0.851}}, {"type": "Feature", "geometry": {"type": "Polygon", "coordinates": [[[86.9378994, 27.9348588], [86.9372154, 27.9354557], [86.937082, 27.9366421], [86.9373739, 27.9375484], [86.9372321, 27.9383369], [86.9369068, 27.9388527], [86.9371153, 27.9392359], [86.9382747, 27.9393832], [86.9388752, 27.9397075], [86.9391922, 27.9403485], [86.939701, 27.9407612], [86.9401347, 27.9406064], [86.94046, 27.9399211], [86.9394424, 27.9381527], [86.9388919, 27.9360673], [86.9386334, 27.935161], [86.9382413, 27.9348883], [86.9378994, 27.9348588]]]}, "properties": {"external_id": "osm:way/286585048", "name": "", "name_ne": "", "area_km2": 0.115}}, {"type": "Feature", "geometry": {"type": "Polygon", "coordinates": [[[86.9319414, 27.9110912], [86.9316111, 27.912071], [86.9311511, 27.9146143], [86.9311864, 27.9164279], [86.9323778, 27.9182519], [86.9335928, 27.9193254], [86.9343241, 27.9193567], [86.9347723, 27.9192421], [86.935197, 27.9185229], [86.9349257, 27.9165842], [86.9344774, 27.9159172], [86.9334394, 27.9153543], [86.933404, 27.9148644], [86.9336045, 27.9145309], [86.9331799, 27.9139576], [86.9323424, 27.9136658], [86.9324486, 27.9128215], [86.9327789, 27.912686], [86.9327906, 27.9121752], [86.9324486, 27.9112267], [86.9319414, 27.9110912]]]}, "properties": {"external_id": "osm:way/286585049", "name": "", "name_ne": "", "area_km2": 0.192}}, {"type": "Feature", "geometry": {"type": "Polygon", "coordinates": [[[86.9043035, 27.9497444], [86.9017321, 27.9521409], [86.9005289, 27.9549124], [86.9021803, 27.9566837], [86.905318, 27.9579965], [86.908314, 27.9579757], [86.9123246, 27.9554959], [86.9146365, 27.9534954], [86.9145657, 27.9520992], [86.9139995, 27.9519117], [86.9121122, 27.9532037], [86.9098239, 27.9551208], [86.9090454, 27.9546207], [86.9082433, 27.9520575], [86.9099654, 27.9508697], [86.9106024, 27.9491609], [86.9104844, 27.9477021], [86.9089274, 27.9472436], [86.9073232, 27.9481397], [86.9061201, 27.9497444], [86.9043035, 27.9497444]]]}, "properties": {"external_id": "osm:way/286585050", "name": "", "name_ne": "", "area_km2": 0.845}}, {"type": "Feature", "geometry": {"type": "Polygon", "coordinates": [[[86.890174, 27.9579014], [86.8893011, 27.9582886], [86.8879332, 27.9584949], [86.8865153, 27.9596295], [86.8860649, 27.9606019], [86.886949, 27.9614565], [86.8883836, 27.9609114], [86.8892177, 27.9613976], [86.8892344, 27.9623553], [86.8897849, 27.9631804], [86.8907357, 27.9629152], [86.8911694, 27.9618101], [86.8905189, 27.9601452], [86.8915583, 27.9585209], [86.894387, 27.9576221], [86.8955665, 27.9562781], [86.8968169, 27.9549965], [86.8967225, 27.9534024], [86.8960973, 27.9529127], [86.8946229, 27.9528293], [86.893172, 27.9532773], [86.8928182, 27.9531627], [86.8926766, 27.9525271], [86.8922891, 27.9524862], [86.8919234, 27.9535282], [86.8911749, 27.9559122], [86.890174, 27.9579014]]]}, "properties": {"external_id": "osm:way/286585051", "name": "", "name_ne": "", "area_km2": 0.434}}, {"type": "Feature", "geometry": {"type": "Polygon", "coordinates": [[[86.9311813, 27.9196425], [86.9330921, 27.9198405], [86.9346874, 27.9208936], [86.9375645, 27.9242186], [86.9381929, 27.9261934], [86.937823, 27.9296445], [86.9357158, 27.9300036], [86.9339076, 27.930235], [86.9314245, 27.9301055], [86.9306033, 27.9290954], [86.9296242, 27.9294602], [86.9289637, 27.929085], [86.9290227, 27.9284493], [86.9284683, 27.9281158], [86.9277369, 27.9276364], [86.9274067, 27.9264274], [86.9275954, 27.9254895], [86.9266989, 27.9253019], [86.9262271, 27.9249058], [86.9261445, 27.924145], [86.9269938, 27.9239157], [86.9287867, 27.9241346], [86.9292704, 27.9236968], [86.9285626, 27.9224774], [86.9280082, 27.9215498], [86.9286452, 27.9203095], [86.9308038, 27.9194966], [86.9311813, 27.9196425]]]}, "properties": {"external_id": "osm:way/286585052", "name": "", "name_ne": "", "area_km2": 0.972}}, {"type": "Feature", "geometry": {"type": "Polygon", "coordinates": [[[86.960795, 27.9066539], [86.9593687, 27.9070593], [86.9588015, 27.9074352], [86.9584762, 27.908187], [86.9588683, 27.9084745], [86.9597524, 27.9086145], [86.9606365, 27.9088577], [86.9609701, 27.9094621], [86.9607866, 27.9102876], [86.9612203, 27.9115775], [86.9620127, 27.9117617], [86.9636976, 27.9115627], [86.9648903, 27.9102066], [86.9654741, 27.9092042], [86.9654825, 27.9085187], [86.9646401, 27.9077964], [86.9640062, 27.906816], [86.9642147, 27.9062043], [86.9650154, 27.9058136], [86.9653991, 27.9050102], [86.9650821, 27.9033591], [86.9661998, 27.901531], [86.967209, 27.9004475], [86.967576, 27.8995039], [86.9672257, 27.8987521], [86.9667586, 27.8984425], [86.9660663, 27.8986415], [86.9651489, 27.9003295], [86.9643732, 27.9010888], [86.9636308, 27.9022092], [86.9626383, 27.9032411], [86.961946, 27.9034402], [86.9609451, 27.9031232], [86.9603195, 27.9030126], [86.960086, 27.9034254], [86.9602945, 27.9038382], [86.9609034, 27.9046269], [86.9611203, 27.9054377], [86.9611369, 27.9062116], [86.960795, 27.9066539]]]}, "properties": {"external_id": "osm:way/286585053", "name": "", "name_ne": "", "area_km2": 0.513}}, {"type": "Feature", "geometry": {"type": "Polygon", "coordinates": [[[86.8742174, 28.0117647], [86.8766984, 28.0106004], [86.8777774, 28.0091462], [86.8797171, 28.0061919], [86.8795206, 28.0059347], [86.879188, 28.0051736], [86.8792311, 28.0042058], [86.8797915, 28.0034066], [86.8797915, 28.0024389], [86.8796991, 28.0019061], [86.880161, 28.0007589], [86.8801733, 27.9992474], [86.8798654, 27.9987091], [86.8783691, 27.9980132], [86.8777654, 27.998014], [86.8773936, 27.9988633], [86.8773874, 28.0005216], [86.8765499, 28.0010381], [86.8764453, 28.0017177], [86.8762359, 28.0021581], [86.8751029, 28.0025224], [86.8744686, 28.0028975], [86.8741854, 28.0036315], [86.8740684, 28.0044307], [86.8738419, 28.0047782], [86.8733739, 28.0050446], [86.873143, 28.0053925], [86.8727582, 28.0057405], [86.8721769, 28.0059597], [86.8719737, 28.0061744], [86.8720383, 28.006313], [86.8726264, 28.0062831], [86.8731683, 28.0062723], [86.8739503, 28.0059678], [86.8743075, 28.0059162], [86.8746862, 28.0060901], [86.8751665, 28.0062288], [86.8753204, 28.0068377], [86.8750243, 28.0082485], [86.8746586, 28.009298], [86.8743799, 28.0097785], [86.8737616, 28.0100207], [86.8732565, 28.0099246], [86.87293, 28.0102321], [86.8727776, 28.0109318], [86.8730198, 28.0114853], [86.8729909, 28.0122618], [86.8731822, 28.0127266], [86.8742174, 28.0117647]]]}, "properties": {"external_id": "osm:way/286593100", "name": "", "name_ne": "", "area_km2": 0.582}}, {"type": "Feature", "geometry": {"type": "Polygon", "coordinates": [[[87.0428388, 27.8007589], [87.0425286, 27.8005278], [87.0416863, 27.8003488], [87.0411639, 27.800473], [87.0411573, 27.8006318], [87.0413826, 27.8010073], [87.04135, 27.8011459], [87.0410888, 27.8010708], [87.0406709, 27.8008224], [87.0403758, 27.8008679], [87.0395123, 27.8013212], [87.0387458, 27.8015663], [87.0380394, 27.8015173], [87.0372775, 27.8010435], [87.0366034, 27.8007943], [87.0360031, 27.8008148], [87.0358508, 27.8010884], [87.0360678, 27.8022606], [87.0365757, 27.802861], [87.0370559, 27.8030571], [87.0372267, 27.8032796], [87.0375292, 27.8033634], [87.0381317, 27.8031571], [87.0385012, 27.8026952], [87.0388081, 27.8024786], [87.0393403, 27.8024584], [87.0399084, 27.8026837], [87.0406136, 27.8028079], [87.0411523, 27.8027934], [87.0415278, 27.802571], [87.0416812, 27.8021292], [87.041518, 27.8017826], [87.0415936, 27.8016381], [87.0417275, 27.8016667], [87.0419792, 27.8018321], [87.0421569, 27.8020098], [87.0422747, 27.8020343], [87.0424409, 27.8019689], [87.0426233, 27.8018056], [87.0428357, 27.8016034], [87.0428542, 27.8013052], [87.0429257, 27.8010214], [87.0428388, 27.8007589]]]}, "properties": {"external_id": "osm:way/286747524", "name": "", "name_ne": "", "area_km2": 0.123}}, {"type": "Feature", "geometry": {"type": "Polygon", "coordinates": [[[86.9943856, 27.912592], [86.9941145, 27.9129418], [86.9933322, 27.9133979], [86.9931453, 27.9139607], [86.9933219, 27.9150407], [86.9933023, 27.9153564], [86.9930918, 27.9158841], [86.9930429, 27.9163382], [86.9932729, 27.9169827], [86.993268, 27.9172941], [86.9930722, 27.9175709], [86.9924114, 27.9177006], [86.9916634, 27.9181449], [86.9916703, 27.9185425], [86.9917972, 27.920344], [86.9915084, 27.9211528], [86.9911315, 27.9215636], [86.9903092, 27.9218145], [86.9881506, 27.9208544], [86.9873773, 27.9200067], [86.9878227, 27.9190941], [86.9889338, 27.9187394], [86.9898883, 27.9181469], [86.9902358, 27.9172429], [86.9903679, 27.9166677], [86.9903386, 27.9164385], [86.9896044, 27.9163995], [86.9889632, 27.9161314], [86.9886107, 27.9155345], [86.9886695, 27.9151452], [86.9893254, 27.914769], [86.9898246, 27.9141851], [86.9904365, 27.9140034], [86.9911903, 27.9130908], [86.9917532, 27.9127188], [86.9922035, 27.9127534], [86.992365, 27.9129524], [86.9923846, 27.9131967], [86.9924825, 27.9133222], [86.9926367, 27.9132984], [86.9928202, 27.9130389], [86.993224, 27.9123317], [86.9938461, 27.9120062], [86.9941992, 27.912227], [86.9943856, 27.912592]]]}, "properties": {"external_id": "osm:way/286789560", "name": "", "name_ne": "", "area_km2": 0.325}}, {"type": "Feature", "geometry": {"type": "Polygon", "coordinates": [[[87.0544847, 27.9112174], [87.0545911, 27.9111737], [87.0547026, 27.9110013], [87.0549489, 27.9107919], [87.0552044, 27.9107755], [87.0552973, 27.910681], [87.0551068, 27.9105414], [87.0548513, 27.9104593], [87.0544425, 27.9101555], [87.0540011, 27.909359], [87.0535458, 27.9080452], [87.0532995, 27.9067807], [87.0529697, 27.9060047], [87.0520405, 27.9050398], [87.0514969, 27.904153], [87.0511856, 27.9031512], [87.0511066, 27.9023423], [87.0513111, 27.9014719], [87.0515867, 27.9010527], [87.051215, 27.8996279], [87.0511732, 27.8987287], [87.0509548, 27.8983715], [87.0506854, 27.8980143], [87.050546, 27.8973121], [87.0506064, 27.8965895], [87.0505274, 27.8962281], [87.0506668, 27.8959612], [87.0510106, 27.8957354], [87.051074, 27.8952656], [87.0510083, 27.8948736], [87.0512317, 27.8946065], [87.0514683, 27.8944933], [87.0523877, 27.8948661], [87.0535715, 27.895567], [87.0542499, 27.8964674], [87.0549858, 27.8976694], [87.0550909, 27.8986624], [87.0551763, 27.899516], [87.0555771, 27.9002244], [87.0559188, 27.9010373], [87.0560502, 27.9017225], [87.0564115, 27.9020071], [87.0574365, 27.9025006], [87.0594865, 27.903238], [87.0601895, 27.903691], [87.0607152, 27.9045503], [87.0611882, 27.9053806], [87.0616745, 27.9059032], [87.0618584, 27.9062806], [87.0617533, 27.9066813], [87.0618124, 27.9076335], [87.0622067, 27.9084986], [87.0622724, 27.9092709], [87.0619701, 27.9099096], [87.0621147, 27.9106179], [87.0630345, 27.9110243], [87.064434, 27.9109663], [87.0659321, 27.9109256], [87.0666452, 27.9106673], [87.0668664, 27.910387], [87.0672287, 27.9098861], [87.0673528, 27.9093807], [87.0682332, 27.9081324], [87.0686077, 27.9075982], [87.0687523, 27.9068259], [87.0688706, 27.9066227], [87.0699415, 27.9061814], [87.0709665, 27.9061466], [87.0718141, 27.9066401], [87.0727668, 27.9075866], [87.0740809, 27.9081324], [87.0753685, 27.9085093], [87.0758035, 27.9091874], [87.075659, 27.9096519], [87.0751333, 27.9103022], [87.0749116, 27.9114595], [87.0746096, 27.9120753], [87.0736897, 27.9133316], [87.0724425, 27.9139116], [87.0721895, 27.9147916], [87.071953, 27.9155521], [87.0714077, 27.9165914], [87.0712153, 27.9178909], [87.0708575, 27.9186053], [87.0701374, 27.9188885], [87.0695799, 27.9189706], [87.0693801, 27.9191718], [87.0693429, 27.9195043], [87.0691803, 27.9198943], [87.0685252, 27.9200544], [87.0680792, 27.9199641], [87.0679726, 27.9202094], [87.0678806, 27.9209583], [87.067447, 27.9215447], [87.0667045, 27.9218234], [87.0663972, 27.9222412], [87.0662764, 27.922545], [87.0663135, 27.9228529], [87.0660766, 27.9233167], [87.0656399, 27.9237519], [87.0652821, 27.9239325], [87.0646038, 27.9239941], [87.0637954, 27.9241213], [87.0632797, 27.9240926], [87.0628105, 27.9237724], [87.0624388, 27.9231402], [87.0623598, 27.9229062], [87.0621786, 27.9227625], [87.0617605, 27.9227749], [87.0615003, 27.9229267], [87.0611658, 27.9233167], [87.0607709, 27.9238873], [87.0599718, 27.9243471], [87.0590472, 27.9246632], [87.0584665, 27.9246796], [87.057895, 27.924577], [87.0573839, 27.9243512], [87.0565523, 27.9238217], [87.0561481, 27.9233619], [87.0559019, 27.922935], [87.0554373, 27.9226722], [87.055284, 27.9221714], [87.0553629, 27.9217896], [87.0553118, 27.9214202], [87.0551957, 27.9212436], [87.0550935, 27.9212026], [87.0549262, 27.9212601], [87.0547079, 27.9214366], [87.0543826, 27.9215064], [87.0539599, 27.9214243], [87.0535231, 27.9211656], [87.0528924, 27.9210912], [87.0519397, 27.9209229], [87.0507045, 27.920052], [87.0497123, 27.9194773], [87.0484048, 27.9183277], [87.0472353, 27.9175556], [87.0466177, 27.9164002], [87.0460198, 27.9145365], [87.0451985, 27.9133869], [87.0438581, 27.9119064], [87.043477, 27.9112735], [87.043431, 27.9108265], [87.042695, 27.909955], [87.0419981, 27.909335], [87.0409156, 27.9078324], [87.0400328, 27.9063831], [87.0396611, 27.9056687], [87.0394195, 27.9045683], [87.0392198, 27.9032709], [87.0391269, 27.9022403], [87.0392848, 27.9006883], [87.0395709, 27.8994988], [87.0401721, 27.8980471], [87.0402904, 27.8972893], [87.0403594, 27.8962818], [87.0406551, 27.895466], [87.041276, 27.894653], [87.0416209, 27.8945659], [87.04191, 27.8946385], [87.0424061, 27.8942959], [87.0427773, 27.8941681], [87.0429908, 27.8942523], [87.0431124, 27.8944904], [87.043096, 27.8947778], [87.0427709, 27.8950365], [87.0426198, 27.8952311], [87.0426165, 27.895533], [87.0425935, 27.8956376], [87.0423602, 27.8957363], [87.0422912, 27.8958205], [87.0423372, 27.8959192], [87.0427577, 27.8960876], [87.043014, 27.8961979], [87.0432801, 27.8961892], [87.0434805, 27.8960789], [87.0437926, 27.8961486], [87.0439995, 27.8963228], [87.044085, 27.8964621], [87.0444759, 27.8966247], [87.044788, 27.8967322], [87.0451329, 27.897008], [87.0453465, 27.8973187], [87.0454023, 27.8974813], [87.0453268, 27.8976845], [87.0453531, 27.89785], [87.0453268, 27.8979748], [87.0451527, 27.89812], [87.0446706, 27.8982727], [87.0442757, 27.8985807], [87.0439923, 27.8987285], [87.0439133, 27.8989625], [87.043983, 27.8990857], [87.0443175, 27.8992335], [87.044522, 27.8992253], [87.0449633, 27.898979], [87.0452932, 27.898905], [87.045781, 27.8991555], [87.0462874, 27.8991021], [87.046687, 27.8988722], [87.0469093, 27.8983874], [87.046998, 27.8978677], [87.046929, 27.8975947], [87.046929, 27.8972434], [87.0470275, 27.8970315], [87.0472082, 27.8968718], [87.0473101, 27.8966453], [87.0472608, 27.8961692], [87.0474053, 27.8958759], [87.0476714, 27.8957888], [87.0480295, 27.8958382], [87.0482726, 27.8959688], [87.0483778, 27.8959833], [87.048855, 27.8957692], [87.0491638, 27.895714], [87.049466, 27.8958766], [87.0499752, 27.8966519], [87.0500081, 27.8969161], [87.050146, 27.8978655], [87.0501362, 27.8986001], [87.0500803, 27.8992823], [87.0499456, 27.9003653], [87.049627, 27.9010215], [87.0492178, 27.9017703], [87.0489855, 27.9026408], [87.0487904, 27.9036385], [87.04886, 27.9045541], [87.0490041, 27.9049277], [87.0491342, 27.9050509], [87.0493432, 27.9050879], [87.0498357, 27.9051166], [87.0499518, 27.905014], [87.0501702, 27.9048456], [87.050593, 27.9047512], [87.0511505, 27.9049236], [87.051341, 27.9050838], [87.0513271, 27.9052685], [87.0511459, 27.9056093], [87.0507835, 27.9059295], [87.0507695, 27.9060856], [87.0507695, 27.9069354], [87.050895, 27.9073665], [87.0512341, 27.9076006], [87.0513131, 27.9078715], [87.0512806, 27.9083437], [87.0514757, 27.9089678], [87.0521401, 27.9097314], [87.0526744, 27.9102364], [87.0530972, 27.910454], [87.0532877, 27.9106428], [87.0533248, 27.9108358], [87.0538441, 27.9111739], [87.0541167, 27.911261], [87.0544847, 27.9112174]]]}, "properties": {"external_id": "osm:way/286799682", "name": "", "name_ne": "", "area_km2": 6.136}}, {"type": "Feature", "geometry": {"type": "Polygon", "coordinates": [[[87.0463023, 27.8430058], [87.0466798, 27.8421446], [87.0471344, 27.8414512], [87.0472044, 27.8412663], [87.0471324, 27.8409783], [87.0466824, 27.8405946], [87.0461278, 27.8397845], [87.0448742, 27.8382922], [87.0441911, 27.8377124], [87.0420319, 27.8378571], [87.0405999, 27.8376511], [87.0399521, 27.8375104], [87.0390827, 27.8375305], [87.0385144, 27.8377416], [87.0379519, 27.8387566], [87.0374594, 27.8396707], [87.0368684, 27.8399802], [87.0361865, 27.8404575], [87.0354156, 27.8414028], [87.0354718, 27.8421703], [87.0360424, 27.8432077], [87.0371063, 27.8441559], [87.0372469, 27.8443726], [87.0371543, 27.8451204], [87.0369554, 27.8451883], [87.0369014, 27.845334], [87.0369895, 27.8454772], [87.0372082, 27.8455325], [87.0375776, 27.8454973], [87.0379981, 27.8455425], [87.0384442, 27.8457988], [87.0388774, 27.8463556], [87.0392276, 27.8468566], [87.0395611, 27.8471657], [87.0397419, 27.8472154], [87.0399187, 27.8471763], [87.0405914, 27.8473275], [87.040975, 27.8475135], [87.0411795, 27.8479606], [87.0415518, 27.8482998], [87.0420287, 27.8485148], [87.0422819, 27.8488168], [87.0426837, 27.8492041], [87.0429328, 27.8493817], [87.043415, 27.8493853], [87.0435878, 27.8492396], [87.0438007, 27.8489412], [87.0438168, 27.8486605], [87.0435436, 27.8484402], [87.0435516, 27.8482129], [87.0437646, 27.8479215], [87.0437927, 27.847552], [87.0436963, 27.8473922], [87.043419, 27.8471506], [87.0426877, 27.8466354], [87.0418318, 27.8462801], [87.0408153, 27.8457934], [87.0404215, 27.8455624], [87.0401277, 27.8450778], [87.0401902, 27.8449496], [87.0405426, 27.8449697], [87.0411818, 27.8448039], [87.0417528, 27.8445251], [87.0425495, 27.8446888], [87.0427106, 27.8447447], [87.0428498, 27.8450261], [87.0428839, 27.8455889], [87.0432675, 27.8460436], [87.0439238, 27.8465561], [87.0444352, 27.8467772], [87.0447392, 27.8470384], [87.0448614, 27.8473525], [87.0451626, 27.8474957], [87.0452677, 27.8474881], [87.0453274, 27.8473349], [87.045495, 27.8472168], [87.046062, 27.8474422], [87.0467089, 27.8479716], [87.0471348, 27.8486431], [87.0473518, 27.8495916], [87.047396, 27.8505083], [87.0473437, 27.8508742], [87.0472875, 27.8517055], [87.048029, 27.853325], [87.0485715, 27.8543375], [87.0490175, 27.854913], [87.0492144, 27.8549237], [87.0494072, 27.854778], [87.0496564, 27.8543802], [87.0499738, 27.8538615], [87.0503917, 27.8531758], [87.0505323, 27.8521702], [87.0506971, 27.8497635], [87.0505039, 27.8489646], [87.0504244, 27.8481859], [87.0501402, 27.8477136], [87.048856, 27.8468644], [87.0482991, 27.8462213], [87.0479979, 27.8455882], [87.0472024, 27.8452666], [87.0465034, 27.8449702], [87.0459692, 27.844739], [87.0456056, 27.8448395], [87.0453783, 27.8447993], [87.0449691, 27.8444979], [87.0448678, 27.8440575], [87.0451169, 27.8437697], [87.0456353, 27.8434641], [87.0459206, 27.8431906], [87.0463023, 27.8430058]]]}, "properties": {"external_id": "osm:way/286801245", "name": "", "name_ne": "", "area_km2": 1.208}}, {"type": "Feature", "geometry": {"type": "Polygon", "coordinates": [[[87.0481679, 27.8263775], [87.0496856, 27.8266811], [87.0513089, 27.8252136], [87.0534613, 27.823023], [87.0549824, 27.8223424], [87.0563652, 27.8220978], [87.0566598, 27.8217947], [87.0570446, 27.82071], [87.0570626, 27.8202952], [87.0565275, 27.8200187], [87.0559684, 27.8201995], [87.0555065, 27.8201861], [87.0555185, 27.8199468], [87.0560488, 27.8192289], [87.0570048, 27.8188248], [87.0573775, 27.8185111], [87.0575759, 27.8181761], [87.0573474, 27.8178251], [87.0570048, 27.8177081], [87.057131, 27.8167723], [87.0577443, 27.815512], [87.0582793, 27.8142252], [87.0578104, 27.8135658], [87.0575278, 27.812699], [87.0570168, 27.8127788], [87.0568003, 27.8129277], [87.0562773, 27.813268], [87.0555122, 27.8130694], [87.054883, 27.8131597], [87.0548872, 27.8134454], [87.0547895, 27.8137011], [87.0544069, 27.8138591], [87.0542368, 27.8140922], [87.0543048, 27.8143479], [87.0547937, 27.8148818], [87.0555334, 27.8152841], [87.0556039, 27.8155971], [87.0552792, 27.8162192], [87.0544977, 27.8165808], [87.053662, 27.8166074], [87.0530427, 27.8170807], [87.0525501, 27.8170187], [87.0520825, 27.8170939], [87.0514618, 27.817515], [87.0503395, 27.8175451], [87.0490896, 27.8170939], [87.0486134, 27.8162817], [87.0484094, 27.8152063], [87.0484094, 27.814334], [87.0481968, 27.8140632], [87.0475166, 27.813973], [87.0464953, 27.814797], [87.0461382, 27.8154888], [87.0463848, 27.8157295], [87.0463508, 27.8160528], [87.0451413, 27.8166151], [87.0448012, 27.8169234], [87.0445716, 27.816773], [87.0445291, 27.8164647], [87.0443766, 27.816303], [87.0429828, 27.8161968], [87.0422974, 27.8164095], [87.042102, 27.8167472], [87.0421531, 27.8169971], [87.0419457, 27.8171141], [87.0417533, 27.8170689], [87.0415669, 27.8169094], [87.0412423, 27.816936], [87.0407733, 27.8173773], [87.0408815, 27.8176113], [87.0409236, 27.8180633], [87.0406952, 27.8184302], [87.0400338, 27.8184674], [87.0397512, 27.8186376], [87.0394927, 27.819281], [87.0393725, 27.8196266], [87.0388674, 27.8197117], [87.0380257, 27.8200201], [87.0375027, 27.8199988], [87.0375564, 27.8195224], [87.0375023, 27.8191502], [87.0372318, 27.8188949], [87.0360474, 27.8186822], [87.0353432, 27.8184985], [87.0347714, 27.8187824], [87.0346915, 27.8191287], [87.0344917, 27.8192077], [87.0343939, 27.8193355], [87.0344024, 27.8195837], [87.0342918, 27.819625], [87.0340963, 27.819516], [87.0340113, 27.8193017], [87.0337774, 27.8190949], [87.0335691, 27.8187227], [87.032383, 27.818858], [87.0320429, 27.819595], [87.033871, 27.8201965], [87.035112, 27.8204303], [87.0363089, 27.8206431], [87.0374111, 27.8209452], [87.0393497, 27.8211257], [87.0408303, 27.8218677], [87.0421442, 27.8223901], [87.0442239, 27.8226581], [87.0467244, 27.8233709], [87.0477351, 27.8239619], [87.0481679, 27.8263775]]]}, "properties": {"external_id": "osm:way/286822248", "name": "", "name_ne": "", "area_km2": 1.526}}, {"type": "Feature", "geometry": {"type": "Polygon", "coordinates": [[[87.0557637, 27.832747], [87.0553955, 27.8332323], [87.0553163, 27.8342309], [87.0552936, 27.8345073], [87.0550322, 27.8347359], [87.0526749, 27.8348338], [87.0518841, 27.8353111], [87.0517711, 27.836088], [87.0525745, 27.8374533], [87.0526122, 27.8387298], [87.0529009, 27.8389407], [87.0535787, 27.8392404], [87.0547335, 27.83853], [87.0557628, 27.8374644], [87.0568548, 27.8373423], [87.0579595, 27.8364543], [87.0588883, 27.8367984], [87.0598674, 27.8381859], [87.0589887, 27.8386521], [87.0583486, 27.8397287], [87.0569427, 27.839873], [87.0547512, 27.8415871], [87.0537076, 27.8424968], [87.0518812, 27.8425466], [87.0503312, 27.8419961], [87.0488989, 27.8406377], [87.0466645, 27.8379853], [87.0463449, 27.8368865], [87.046771, 27.835819], [87.0490965, 27.8338254], [87.0490645, 27.8315817], [87.0498722, 27.8295733], [87.0510233, 27.827944], [87.0518355, 27.8272322], [87.0528109, 27.8268397], [87.0540912, 27.8262847], [87.0550578, 27.8253679], [87.0553596, 27.8248184], [87.0551716, 27.8244818], [87.0553003, 27.8240657], [87.0557441, 27.8238774], [87.0567306, 27.8242459], [87.0570908, 27.8245941], [87.0573974, 27.8246886], [87.0578097, 27.8248881], [87.0583871, 27.8250907], [87.0585723, 27.825321], [87.0588608, 27.8256997], [87.0588785, 27.8260843], [87.0587143, 27.8263669], [87.0584125, 27.8265906], [87.0578134, 27.8266416], [87.0573075, 27.826567], [87.0567927, 27.8270184], [87.0562213, 27.8273046], [87.0559033, 27.8274582], [87.0558723, 27.8277555], [87.0558324, 27.8283835], [87.0555928, 27.8288034], [87.0555928, 27.8289172], [87.0559167, 27.8285836], [87.0563472, 27.8284227], [87.0567732, 27.8282186], [87.057115, 27.8279478], [87.057794, 27.8277594], [87.058291, 27.8277123], [87.0587836, 27.8280538], [87.0592851, 27.8283992], [87.059689, 27.8283835], [87.0599907, 27.8281009], [87.0604967, 27.8280577], [87.061022, 27.8279935], [87.0611978, 27.8282489], [87.0610095, 27.828482], [87.0608086, 27.8288372], [87.0605199, 27.8288677], [87.0602689, 27.8288511], [87.0601622, 27.8290925], [87.059908, 27.829395], [87.059191, 27.8294448], [87.0586653, 27.8291434], [87.0580031, 27.8286356], [87.0575638, 27.8285745], [87.0568483, 27.8288659], [87.0568891, 27.8295403], [87.0566945, 27.8298455], [87.05658, 27.8302972], [87.0565226, 27.8310123], [87.0563451, 27.8318758], [87.0557637, 27.832747]]]}, "properties": {"external_id": "osm:way/286822715", "name": "", "name_ne": "", "area_km2": 1.31}}, {"type": "Feature", "geometry": {"type": "Polygon", "coordinates": [[[86.6301003, 27.7936979], [86.6301069, 27.7936153], [86.6300807, 27.7935805], [86.6298432, 27.7936515], [86.6293159, 27.7938119], [86.6291167, 27.7938303], [86.6290194, 27.7937525], [86.6290124, 27.7936664], [86.6288625, 27.7934641], [86.6287085, 27.7934177], [86.628394, 27.7933742], [86.628127, 27.7932844], [86.6278404, 27.7929584], [86.6277454, 27.7926831], [86.6278224, 27.7924527], [86.6279798, 27.792077], [86.628091, 27.7919111], [86.6281535, 27.7916877], [86.6281095, 27.7915279], [86.6280007, 27.7914807], [86.627952, 27.7913168], [86.628148, 27.7910035], [86.6285841, 27.790934], [86.629008, 27.7908644], [86.6291539, 27.7907742], [86.6293462, 27.7907271], [86.6295083, 27.7907906], [86.6297099, 27.7908787], [86.6299485, 27.7908951], [86.6301338, 27.7909873], [86.6304187, 27.791391], [86.6307916, 27.791764], [86.6308449, 27.7920365], [86.6308171, 27.7922066], [86.6308704, 27.792348], [86.6310348, 27.7924914], [86.6312132, 27.7925099], [86.631563, 27.792389], [86.6321467, 27.7922517], [86.6325011, 27.7922435], [86.6325729, 27.7921082], [86.632705, 27.7920181], [86.6328439, 27.7920427], [86.6332261, 27.7922148], [86.6333131, 27.7921153], [86.6340067, 27.7919127], [86.6341246, 27.7915649], [86.634141, 27.7913592], [86.6339575, 27.7912549], [86.633419, 27.7907923], [86.6333469, 27.7903779], [86.6330804, 27.7899729], [86.6328474, 27.7894246], [86.6321733, 27.7888651], [86.631888, 27.7886055], [86.6320733, 27.7883473], [86.6322099, 27.7882407], [86.6323149, 27.7880858], [86.6323577, 27.7880807], [86.632676, 27.7881203], [86.632893, 27.7881784], [86.6331148, 27.7881114], [86.6333045, 27.7879449], [86.6337573, 27.7883478], [86.6345081, 27.7885837], [86.6350825, 27.7891124], [86.6351613, 27.7893911], [86.6351566, 27.7899649], [86.6354995, 27.7906985], [86.6354475, 27.7908613], [86.6356887, 27.7910066], [86.6358328, 27.7912152], [86.6359671, 27.7912413], [86.6361178, 27.7910587], [86.6362554, 27.7908762], [86.6365775, 27.790772], [86.6369666, 27.7907763], [86.6371206, 27.7909386], [86.637137, 27.7912457], [86.6369042, 27.7920762], [86.6364918, 27.7928753], [86.6352926, 27.7936298], [86.6343059, 27.7940642], [86.6335183, 27.7942158], [86.6327179, 27.7943154], [86.6326947, 27.7944526], [86.6324746, 27.7946699], [86.6319002, 27.7949342], [86.6318122, 27.7950899], [86.6318909, 27.7952498], [86.6320044, 27.7952969], [86.6321944, 27.7952887], [86.6323182, 27.7952075], [86.6323437, 27.7950517], [86.6324479, 27.7949247], [86.6327722, 27.7948304], [86.6331359, 27.7947853], [86.6333513, 27.7948386], [86.6335065, 27.7949288], [86.6335945, 27.7951275], [86.6336849, 27.7951419], [86.6340207, 27.795026], [86.6342112, 27.7947668], [86.6343779, 27.7946438], [86.6347208, 27.7946233], [86.6351308, 27.7947258], [86.6356682, 27.794693], [86.6361407, 27.7947381], [86.6364859, 27.7949492], [86.6365962, 27.7952248], [86.6365307, 27.7953639], [86.636416, 27.795561], [86.6363636, 27.7957291], [86.6362093, 27.796122], [86.6358653, 27.7964118], [86.6358162, 27.7969276], [86.6357487, 27.7975266], [86.6355063, 27.7979352], [86.6348675, 27.7986133], [86.634197, 27.799421], [86.6333673, 27.8000106], [86.6322798, 27.8001352], [86.6315329, 27.7999556], [86.6309694, 27.7999353], [86.6307532, 27.8000106], [86.6305239, 27.8000048], [86.629908, 27.7999903], [86.6297311, 27.7999034], [86.629587, 27.7997122], [86.6297737, 27.7994543], [86.6299048, 27.7991761], [86.6297258, 27.7986813], [86.6300084, 27.797538], [86.6297999, 27.7972306], [86.6294906, 27.797144], [86.6293595, 27.7969093], [86.6294087, 27.7965529], [86.6296216, 27.7962776], [86.6302932, 27.7961124], [86.6304144, 27.7960342], [86.6303914, 27.7959414], [86.6299787, 27.7958342], [86.6297625, 27.7956458], [86.6294185, 27.795443], [86.629104, 27.7953532], [86.6285995, 27.7953213], [86.6278465, 27.7947476], [86.627872, 27.7944238], [86.6278419, 27.7942558], [86.6279276, 27.7939771], [86.6279947, 27.7938767], [86.6282889, 27.7938111], [86.6283607, 27.7939013], [86.628363, 27.7940447], [86.6284117, 27.7942517], [86.6284974, 27.7943992], [86.6287661, 27.7944115], [86.6289885, 27.7944566], [86.629373, 27.7943377], [86.6298895, 27.7939689], [86.6301003, 27.7936979]]]}, "properties": {"external_id": "osm:way/286829409", "name": "", "name_ne": "", "area_km2": 0.667}}, {"type": "Feature", "geometry": {"type": "Polygon", "coordinates": [[[86.8206455, 27.9993544], [86.8208426, 27.9997289], [86.8208785, 28.0002089], [86.8202333, 28.0007153], [86.8199584, 28.0014169], [86.8202273, 28.0025932], [86.820992, 28.0036323], [86.8215894, 28.0044762], [86.8231546, 28.0056788], [86.8240149, 28.0059426], [86.8249827, 28.0058793], [86.8253292, 28.0053624], [86.8254726, 28.0044551], [86.8251552, 28.0039277], [86.8257466, 28.0019136], [86.8258396, 28.0010632], [86.8254594, 28.0008767], [86.8251721, 28.0011974], [86.8245046, 28.0020926], [86.823288, 28.0029579], [86.8229754, 28.0030251], [86.8228571, 28.0027341], [86.8233894, 28.002018], [86.8235668, 28.0013988], [86.8234148, 28.0007871], [86.822798, 28.000347], [86.822384, 27.9995339], [86.821801, 27.9994966], [86.8216321, 27.9991236], [86.8213702, 27.9990043], [86.8209308, 27.9991385], [86.8206455, 27.9993544]]]}, "properties": {"external_id": "osm:way/290995983", "name": "", "name_ne": "", "area_km2": 0.249}}, {"type": "Feature", "geometry": {"type": "Polygon", "coordinates": [[[86.9707546, 28.0242045], [86.9715312, 28.0236206], [86.9722172, 28.0231885], [86.9731019, 28.0235026], [86.9738951, 28.0234847], [86.9741798, 28.0231974], [86.9738849, 28.0226858], [86.9739459, 28.0224524], [86.9743222, 28.0221202], [86.9756645, 28.0219138], [86.9790089, 28.0213979], [86.979656, 28.0208012], [86.9796704, 28.0200141], [86.9791239, 28.0195063], [86.9779015, 28.019646], [86.9756437, 28.020268], [86.974407, 28.0203696], [86.9721239, 28.0206505], [86.9709519, 28.0205934], [86.9697657, 28.0201706], [86.9685353, 28.0190305], [86.9687181, 28.0187876], [86.9695522, 28.0181021], [86.9702784, 28.0174863], [86.9701706, 28.0172642], [86.9696744, 28.0172197], [86.9688978, 28.0175308], [86.9679847, 28.0180386], [86.9677689, 28.0179624], [86.9678317, 28.0170349], [86.9678725, 28.0152746], [86.9681924, 28.0142273], [86.96805, 28.0139401], [86.9673382, 28.0143441], [86.966667, 28.0152508], [86.9660061, 28.0154393], [86.9653959, 28.0149545], [86.9629249, 28.0140837], [86.9614965, 28.0124294], [86.962615, 28.0114418], [86.9626964, 28.01058], [86.9619642, 28.009772], [86.960744, 28.0100593], [86.9589339, 28.0120523], [86.9578967, 28.014548], [86.9586288, 28.0164512], [86.9586861, 28.0172538], [86.9597483, 28.017358], [86.9635033, 28.0186698], [86.9690394, 28.0207156], [86.9710457, 28.0226855], [86.9707546, 28.0242045]]]}, "properties": {"external_id": "osm:way/291213946", "name": "", "name_ne": "", "area_km2": 0.856}}, {"type": "Feature", "geometry": {"type": "Polygon", "coordinates": [[[86.9038781, 28.0480059], [86.9041934, 28.0479388], [86.9045153, 28.048188], [86.9052098, 28.0482278], [86.9061697, 28.0479637], [86.9068869, 28.0470567], [86.9075419, 28.0463989], [86.9077169, 28.0451181], [86.9074402, 28.0444652], [86.9070619, 28.0444602], [86.9065819, 28.0447094], [86.9063504, 28.0455018], [86.9062262, 28.0458258], [86.905814, 28.0459653], [86.9057406, 28.0458008], [86.9059043, 28.0454919], [86.9060907, 28.0450932], [86.9060342, 28.0446397], [86.9058083, 28.0444054], [86.9054695, 28.0444004], [86.9048371, 28.0445798], [86.9041185, 28.0444719], [86.9034489, 28.0445521], [86.9030177, 28.0446579], [86.9026024, 28.0445944], [86.9019676, 28.0447037], [86.90172, 28.0447354], [86.9015164, 28.0445592], [86.9013926, 28.0443336], [86.9010213, 28.0442124], [86.9007378, 28.044297], [86.9001673, 28.0448721], [86.8998342, 28.045231], [86.899868, 28.0454303], [86.9001052, 28.0455051], [86.900523, 28.0457094], [86.9007884, 28.0459586], [86.9007715, 28.0462825], [86.9002802, 28.0466214], [86.8997664, 28.0468307], [86.8988629, 28.0468656], [86.898095, 28.0471746], [86.8981684, 28.0474536], [86.8988177, 28.0476629], [86.8997156, 28.0480616], [86.900348, 28.0482809], [86.9008901, 28.0483158], [86.9013207, 28.0481964], [86.9021954, 28.0477268], [86.9027601, 28.0478165], [86.9034095, 28.0480308], [86.9038781, 28.0480059]]]}, "properties": {"external_id": "osm:way/291218209", "name": "", "name_ne": "", "area_km2": 0.283}}, {"type": "Feature", "geometry": {"type": "Polygon", "coordinates": [[[86.9074206, 28.0237618], [86.9075587, 28.0245132], [86.9073363, 28.0254542], [86.9069298, 28.0258198], [86.9068685, 28.0261651], [86.9067457, 28.0266931], [86.9063009, 28.0270384], [86.9057948, 28.0270858], [86.905488, 28.0269639], [86.9049742, 28.0266322], [86.9043223, 28.0254339], [86.9040692, 28.0248923], [86.9046291, 28.0239716], [86.9048668, 28.022726], [86.905488, 28.022076], [86.9066, 28.0216089], [86.9074736, 28.0217113], [86.9090646, 28.0220517], [86.9104593, 28.0218414], [86.9111495, 28.0219971], [86.91138, 28.0226252], [86.9109966, 28.0232616], [86.9107501, 28.0232685], [86.9089656, 28.0232645], [86.9082412, 28.0228681], [86.9073056, 28.0230238], [86.9070295, 28.0233759], [86.9074206, 28.0237618]]]}, "properties": {"external_id": "osm:way/291395832", "name": "", "name_ne": "", "area_km2": 0.196}}, {"type": "Feature", "geometry": {"type": "Polygon", "coordinates": [[[87.0509035, 28.0373331], [87.0495637, 28.0356035], [87.0487628, 28.0351407], [87.0479143, 28.0350565], [87.0468178, 28.0353679], [87.0457646, 28.0361299], [87.0449312, 28.0359633], [87.0432532, 28.0355594], [87.0428812, 28.0353948], [87.040993, 28.0345591], [87.0398495, 28.034053], [87.0387075, 28.0332395], [87.0376681, 28.0339387], [87.0368482, 28.0342627], [87.0363285, 28.0343511], [87.0352696, 28.0348856], [87.033901, 28.035076], [87.0333887, 28.0352367], [87.0324179, 28.0351653], [87.0323932, 28.0351762], [87.0320673, 28.03532], [87.0321819, 28.035558], [87.0326134, 28.0357068], [87.0331864, 28.0357663], [87.0333888, 28.0359688], [87.0327703, 28.0362947], [87.0326605, 28.037096], [87.0333447, 28.0391843], [87.035779, 28.0422485], [87.0367965, 28.0442385], [87.0367965, 28.0458762], [87.0360743, 28.047247], [87.0370971, 28.0485658], [87.0380802, 28.049416], [87.038806, 28.0502604], [87.0394725, 28.0505341], [87.0397034, 28.0504875], [87.0398246, 28.0501162], [87.0396612, 28.0496708], [87.0395201, 28.0491728], [87.0399715, 28.0487245], [87.0406467, 28.0484077], [87.0422007, 28.0476786], [87.0426663, 28.0471307], [87.0442746, 28.0464708], [87.0451917, 28.0465081], [87.0472515, 28.0453626], [87.0483802, 28.0443291], [87.053417, 28.0426978], [87.0552351, 28.0417803], [87.0552774, 28.0411328], [87.0548118, 28.0386049], [87.0537819, 28.0377581], [87.0509035, 28.0373331]]]}, "properties": {"external_id": "osm:way/291443943", "name": "", "name_ne": "", "area_km2": 2.324}}, {"type": "Feature", "geometry": {"type": "Polygon", "coordinates": [[[87.0502465, 28.0454682], [87.0498219, 28.04609], [87.0493974, 28.0466336], [87.0490148, 28.0474118], [87.0488141, 28.0482519], [87.0486788, 28.0486472], [87.0486695, 28.0492237], [87.0488855, 28.0502148], [87.0490373, 28.0509485], [87.0489053, 28.0517638], [87.0490373, 28.0524393], [87.0494596, 28.0531555], [87.0505747, 28.0539999], [87.0513071, 28.0545065], [87.051637, 28.054885], [87.0525608, 28.0555488], [87.0529897, 28.0564048], [87.0529435, 28.0569754], [87.0530095, 28.0572782], [87.0531283, 28.057319], [87.0533064, 28.0572316], [87.053577, 28.0572607], [87.0537815, 28.0574412], [87.0539003, 28.0577149], [87.0539333, 28.0578721], [87.0540389, 28.0579478], [87.054283, 28.0577673], [87.0545997, 28.0575635], [87.0548768, 28.0572316], [87.0551606, 28.0571035], [87.0553189, 28.0568939], [87.0552727, 28.0564222], [87.0547317, 28.0545647], [87.0541246, 28.0529342], [87.0534054, 28.0516706], [87.0530029, 28.0509485], [87.0528709, 28.050075], [87.052626, 28.0495847], [87.052654, 28.04914], [87.0532419, 28.0479624], [87.0534238, 28.0472788], [87.0534285, 28.0469864], [87.0532419, 28.0468382], [87.0529433, 28.0467805], [87.0523134, 28.046727], [87.0520708, 28.0466158], [87.0519635, 28.0464264], [87.0521361, 28.0462946], [87.0521501, 28.046097], [87.0518795, 28.0456687], [87.0516275, 28.0453599], [87.0511983, 28.045224], [87.0506244, 28.0452981], [87.0502465, 28.0454682]]]}, "properties": {"external_id": "osm:way/291443947", "name": "", "name_ne": "", "area_km2": 0.476}}, {"type": "Feature", "geometry": {"type": "Polygon", "coordinates": [[[87.0361772, 28.0340997], [87.0363285, 28.0343511], [87.0368482, 28.0342627], [87.0376681, 28.0339387], [87.0387075, 28.0332395], [87.038694, 28.0327337], [87.0389401, 28.0323379], [87.0392873, 28.0318916], [87.0392502, 28.0317161], [87.0391423, 28.0316477], [87.0388861, 28.0316655], [87.038721, 28.0316298], [87.0382861, 28.0311121], [87.0374603, 28.030401], [87.0372648, 28.0299903], [87.0369311, 28.0296244], [87.0361726, 28.0294042], [87.0356872, 28.0288537], [87.0352423, 28.0281872], [87.0350029, 28.0279849], [87.034976, 28.0277707], [87.0348142, 28.0275713], [87.0347771, 28.0273362], [87.0346861, 28.0272083], [87.0344131, 28.0271279], [87.0342378, 28.0271845], [87.0341838, 28.0272797], [87.0340052, 28.0272827], [87.033776, 28.0271666], [87.0334284, 28.0272231], [87.0329868, 28.0279134], [87.0326868, 28.0286334], [87.0326396, 28.0293535], [87.0329666, 28.030017], [87.0333846, 28.0305734], [87.0342242, 28.0313505], [87.0348677, 28.03207], [87.0357492, 28.0325763], [87.0362278, 28.0326299], [87.0366391, 28.0325317], [87.0368278, 28.0326448], [87.0369289, 28.0328173], [87.0369256, 28.0331595], [87.0367975, 28.0333827], [87.0363593, 28.0336504], [87.0361772, 28.0340997]]]}, "properties": {"external_id": "osm:way/291458057", "name": "", "name_ne": "", "area_km2": 0.234}}, {"type": "Feature", "geometry": {"type": "Polygon", "coordinates": [[[87.0428898, 28.0262847], [87.0432283, 28.0268224], [87.0423717, 28.0283529], [87.0422102, 28.0283209], [87.0419318, 28.0282497], [87.041478, 28.0280432], [87.0409629, 28.0277286], [87.0405592, 28.0276082], [87.0401026, 28.027591], [87.0395986, 28.0274264], [87.0386019, 28.0269176], [87.0379838, 28.0265146], [87.0375579, 28.0261729], [87.0374186, 28.0258854], [87.0372961, 28.0254504], [87.0373463, 28.02504], [87.0373128, 28.0247278], [87.0374409, 28.0244624], [87.0375996, 28.02431], [87.037569, 28.0242092], [87.0374632, 28.0241527], [87.0374799, 28.0240421], [87.0377305, 28.0238111], [87.0378251, 28.0236587], [87.0378279, 28.0235113], [87.0377388, 28.0233466], [87.0378001, 28.0230762], [87.0378892, 28.0224397], [87.0376887, 28.0221447], [87.037633, 28.0216778], [87.0377444, 28.0211444], [87.0379699, 28.0206922], [87.0382929, 28.0197607], [87.0383151, 28.0193748], [87.0385546, 28.0189791], [87.038755, 28.0187284], [87.0389082, 28.0186276], [87.0390251, 28.0186178], [87.03922, 28.0186768], [87.0393676, 28.0185907], [87.0395374, 28.0183278], [87.0397824, 28.0178952], [87.0401193, 28.017615], [87.0403532, 28.0176445], [87.0404367, 28.0175063], [87.0403186, 28.0170909], [87.040356, 28.0167068], [87.0405686, 28.0163192], [87.0408029, 28.0159525], [87.0409525, 28.0159247], [87.0411277, 28.0160516], [87.0413561, 28.0160533], [87.0416218, 28.0163262], [87.0417341, 28.0165591], [87.0416967, 28.016719], [87.0415313, 28.0170857], [87.0413285, 28.0172438], [87.0410194, 28.0173481], [87.0408521, 28.0174906], [87.0408265, 28.0176853], [87.0411041, 28.0179964], [87.0410864, 28.0181093], [87.0409741, 28.018158], [87.0407812, 28.0181876], [87.0406099, 28.0181632], [87.0404741, 28.0181059], [87.0403855, 28.0182414], [87.040417, 28.0186794], [87.0403264, 28.0190305], [87.0404111, 28.0192581], [87.040667, 28.0195171], [87.0408698, 28.0196509], [87.0410155, 28.0199985], [87.0413443, 28.0203409], [87.0418955, 28.0205894], [87.0423188, 28.0205946], [87.0428346, 28.0204156], [87.0430319, 28.0202444], [87.0432898, 28.0200671], [87.043532, 28.0198933], [87.0435753, 28.0198012], [87.0435182, 28.0196396], [87.0434847, 28.0194241], [87.0435221, 28.0193076], [87.0435753, 28.0192798], [87.0437151, 28.0192746], [87.0437328, 28.0192138], [87.043654, 28.0190695], [87.0437288, 28.0189618], [87.0438037, 28.0188766], [87.04378, 28.0187724], [87.043719, 28.0186733], [87.0434749, 28.0185012], [87.0430767, 28.018399], [87.0428122, 28.0182245], [87.0427147, 28.0181827], [87.0425672, 28.0181753], [87.0424864, 28.0181458], [87.0424572, 28.0181016], [87.0424572, 28.018002], [87.0423695, 28.017964], [87.0422679, 28.0178742], [87.0422247, 28.0177649], [87.0423542, 28.0175486], [87.0424196, 28.0173851], [87.0424224, 28.0172893], [87.0422275, 28.0171332], [87.0422025, 28.0169464], [87.0421468, 28.0168395], [87.0421426, 28.0167129], [87.0421774, 28.0166637], [87.0423751, 28.0166232], [87.0425741, 28.0165482], [87.0428442, 28.0166035], [87.043021, 28.0167092], [87.0431171, 28.0168554], [87.0432827, 28.0168911], [87.0435208, 28.01688], [87.0437212, 28.0169771], [87.0438799, 28.0170939], [87.0438855, 28.0171541], [87.0439648, 28.0171946], [87.0441249, 28.0171946], [87.0441778, 28.017175], [87.0442057, 28.0170373], [87.0443031, 28.0169796], [87.0444298, 28.0169943], [87.0445063, 28.0170386], [87.044505, 28.0171209], [87.0445899, 28.0171529], [87.0447569, 28.0170988], [87.0450878, 28.0169047], [87.045456, 28.0168787], [87.0456174, 28.0168144], [87.0456135, 28.0167448], [87.0454112, 28.0164835], [87.0452007, 28.0162459], [87.0450309, 28.0160825], [87.0449404, 28.0158453], [87.0449599, 28.0157765], [87.0450893, 28.0157347], [87.0451227, 28.015763], [87.0451812, 28.0158293], [87.0452383, 28.0158564], [87.0453176, 28.0158564], [87.0454012, 28.0158269], [87.0455515, 28.015876], [87.0456629, 28.0158822], [87.0457868, 28.015865], [87.0458967, 28.0158932], [87.0459719, 28.0158748], [87.0460387, 28.0159153], [87.0461195, 28.0160026], [87.0462378, 28.0160935], [87.0464745, 28.0161083], [87.0466415, 28.0161845], [87.0468587, 28.0161771], [87.047112, 28.0162521], [87.047396, 28.0162398], [87.047538, 28.0161501], [87.0475366, 28.0160628], [87.0475937, 28.0159928], [87.047744, 28.0159977], [87.0480155, 28.0161316], [87.0481798, 28.0163148], [87.0483148, 28.0165249], [87.0484164, 28.0165888], [87.0484262, 28.0166515], [87.0483886, 28.0166773], [87.0483204, 28.0166957], [87.048312, 28.0168248], [87.0483844, 28.0168715], [87.0486503, 28.0168002], [87.0487018, 28.0168248], [87.0487756, 28.0168825], [87.0486976, 28.0169894], [87.0483607, 28.0172242], [87.0477017, 28.0176], [87.0471406, 28.0177616], [87.0468217, 28.0179302], [87.0466504, 28.01829], [87.0464457, 28.0187314], [87.0461582, 28.0190808], [87.0454987, 28.0198906], [87.045416, 28.0200644], [87.0453609, 28.0206675], [87.0453235, 28.0208065], [87.045359, 28.0209821], [87.0453156, 28.021321], [87.0451975, 28.0215593], [87.0451363, 28.0220336], [87.044908, 28.0224908], [87.0448606, 28.0227095], [87.0447493, 28.0228472], [87.0446463, 28.0228914], [87.0446212, 28.022975], [87.0446518, 28.0231962], [87.0446992, 28.0233707], [87.0448217, 28.0234223], [87.0448523, 28.0234788], [87.0447827, 28.0235894], [87.0447047, 28.0237074], [87.0446407, 28.0238622], [87.0445015, 28.0239163], [87.0443195, 28.0241821], [87.0443136, 28.0243577], [87.0443766, 28.0244428], [87.0435277, 28.0255722], [87.0434464, 28.0255268], [87.043271, 28.0252491], [87.043051, 28.0251213], [87.0428923, 28.0251385], [87.042522, 28.025055], [87.0421127, 28.02476], [87.0417926, 28.0245929], [87.0415114, 28.0245143], [87.041258, 28.0246716], [87.0411689, 28.024969], [87.0416283, 28.0253253], [87.0420069, 28.0255858], [87.0423438, 28.0256915], [87.0424635, 28.025807], [87.0425081, 28.0259496], [87.0428898, 28.0262847]]]}, "properties": {"external_id": "osm:way/291477827", "name": "", "name_ne": "", "area_km2": 0.735}}, {"type": "Feature", "geometry": {"type": "Polygon", "coordinates": [[[87.0435277, 28.0255722], [87.0443766, 28.0244428], [87.0444416, 28.0244341], [87.0444947, 28.024349], [87.0445754, 28.0242586], [87.0447821, 28.02409], [87.044918, 28.0238658], [87.0449967, 28.0236121], [87.0449771, 28.0234279], [87.0450578, 28.0233306], [87.0453491, 28.0231915], [87.0455204, 28.0230334], [87.0461976, 28.0227362], [87.0463394, 28.0225468], [87.0464811, 28.0224269], [87.0468385, 28.0222227], [87.0472867, 28.0217656], [87.0479577, 28.0213895], [87.048676, 28.0207923], [87.0490658, 28.0204507], [87.0492106, 28.0202196], [87.049567, 28.0199468], [87.0499512, 28.0195462], [87.050572, 28.0189784], [87.0512542, 28.0185434], [87.0515103, 28.0184328], [87.0516774, 28.01845], [87.0517135, 28.0185213], [87.0518416, 28.0187425], [87.052012, 28.0190243], [87.0522013, 28.0194594], [87.0522514, 28.0200812], [87.0522291, 28.0205261], [87.0523544, 28.0209021], [87.052527, 28.020939], [87.0526885, 28.0210324], [87.0527442, 28.0215018], [87.0526774, 28.0217918], [87.0523711, 28.022362], [87.0521484, 28.0229081], [87.0519003, 28.0234364], [87.0518841, 28.0238018], [87.0517755, 28.0240254], [87.0515166, 28.0241975], [87.051124, 28.0245047], [87.0507231, 28.0247013], [87.0502275, 28.024721], [87.0499853, 28.0248537], [87.0498294, 28.0252199], [87.0498015, 28.0255885], [87.0497869, 28.0264701], [87.0498415, 28.026716], [87.0500738, 28.0268637], [87.0500994, 28.0269732], [87.0500088, 28.0271887], [87.0498671, 28.0276266], [87.049871, 28.0277656], [87.0498927, 28.0277639], [87.0500797, 28.0273086], [87.0502529, 28.0269749], [87.0504281, 28.0268585], [87.0507943, 28.0267733], [87.0509754, 28.0267646], [87.0512648, 28.0268098], [87.0515523, 28.0266134], [87.0521823, 28.026424], [87.0526784, 28.0264084], [87.0531016, 28.0262207], [87.0532769, 28.025927], [87.0534245, 28.025788], [87.0535092, 28.0257706], [87.0535446, 28.025821], [87.0534816, 28.02592], [87.0533812, 28.0260817], [87.0533832, 28.0262971], [87.0531765, 28.0267333], [87.0530919, 28.0271186], [87.0531838, 28.0273103], [87.053395, 28.0275376], [87.0533911, 28.0276263], [87.0532887, 28.0277062], [87.0532592, 28.027767], [87.0533222, 28.0278869], [87.0535407, 28.0280051], [87.0535879, 28.0279686], [87.0536588, 28.0279304], [87.0537198, 28.0279599], [87.0538517, 28.0281024], [87.0541333, 28.0282467], [87.0543616, 28.0283266], [87.0545349, 28.0286064], [87.05459, 28.0288132], [87.0545694, 28.0292542], [87.0546306, 28.0295713], [87.0547559, 28.0296917], [87.0548784, 28.0300972], [87.0549981, 28.0303085], [87.0552348, 28.0304019], [87.0558612, 28.0305912], [87.0563735, 28.0307829], [87.0565238, 28.0309475], [87.0569832, 28.0311367], [87.0573173, 28.0311245], [87.0575401, 28.0310237], [87.0577569, 28.0308191], [87.0578836, 28.0307699], [87.05802, 28.0307613], [87.0581759, 28.0308093], [87.0582692, 28.0308768], [87.0583917, 28.0310415], [87.0583945, 28.0311115], [87.058368, 28.0312037], [87.0583666, 28.0313094], [87.0583179, 28.0315428], [87.0583444, 28.0316018], [87.0584585, 28.0317186], [87.0587286, 28.0320589], [87.0588052, 28.0321197], [87.0598197, 28.0336497], [87.0597194, 28.0336908], [87.0597272, 28.0338229], [87.0596544, 28.0340331], [87.0596761, 28.0341113], [87.0596978, 28.0341585], [87.0593861, 28.0342793], [87.0592764, 28.0343494], [87.0590205, 28.0343407], [87.0589673, 28.0342538], [87.0590106, 28.0341304], [87.0589713, 28.0340853], [87.0588118, 28.0339932], [87.058674, 28.0339793], [87.0583491, 28.0340279], [87.0581798, 28.0341878], [87.0578442, 28.0343206], [87.0574739, 28.0343697], [87.0567695, 28.0343107], [87.056338, 28.0342763], [87.0559092, 28.0340822], [87.0557087, 28.0338389], [87.0554777, 28.0337431], [87.0552132, 28.0338045], [87.0548345, 28.0336767], [87.0539213, 28.0333548], [87.0532837, 28.0330058], [87.0522063, 28.0322833], [87.0515715, 28.0318581], [87.0509812, 28.0312683], [87.0507, 28.0311381], [87.0504328, 28.030708], [87.0500346, 28.030477], [87.0495168, 28.0301796], [87.0493497, 28.0300395], [87.0491353, 28.0299535], [87.0489042, 28.0300715], [87.0486732, 28.0303517], [87.0481943, 28.0308063], [87.0476068, 28.0312388], [87.0470444, 28.0316271], [87.0466646, 28.0323427], [87.0465571, 28.0326938], [87.0463918, 28.0329058], [87.0463839, 28.0330656], [87.0465138, 28.0331977], [87.0466516, 28.03366], [87.0465178, 28.0339206], [87.0460847, 28.0341674], [87.0456909, 28.0345983], [87.0454822, 28.034859], [87.0451909, 28.0350049], [87.044805, 28.034991], [87.0446318, 28.0348937], [87.0446239, 28.03464], [87.0446947, 28.0344384], [87.0444988, 28.0339242], [87.0441535, 28.0337251], [87.0437303, 28.0335015], [87.0429814, 28.0332484], [87.0425888, 28.0332459], [87.041915, 28.0332877], [87.041709, 28.0332729], [87.0414334, 28.0333712], [87.0413081, 28.0335113], [87.0413081, 28.0336367], [87.0416227, 28.0340176], [87.0420626, 28.034487], [87.0423104, 28.0346197], [87.0423995, 28.0345533], [87.0424691, 28.034487], [87.0425582, 28.0344648], [87.042625, 28.0345066], [87.0426222, 28.0346639], [87.0425916, 28.0348826], [87.0427503, 28.0351726], [87.0428812, 28.0353948], [87.040993, 28.0345591], [87.0410659, 28.0343886], [87.0411633, 28.0343837], [87.0412859, 28.0344353], [87.0413193, 28.0343469], [87.0412914, 28.0341945], [87.0409378, 28.0338308], [87.0409657, 28.0335064], [87.0408905, 28.0333172], [87.0406065, 28.0330665], [87.0405341, 28.0325283], [87.0405007, 28.0321204], [87.0405842, 28.0319311], [87.0407235, 28.0317272], [87.0408404, 28.0313413], [87.0410353, 28.0310538], [87.0411633, 28.0309358], [87.0412859, 28.0308007], [87.0415225, 28.0304935], [87.0419067, 28.0296259], [87.0422213, 28.0292499], [87.0424608, 28.0286822], [87.0424357, 28.0284831], [87.0423717, 28.0283529], [87.0432283, 28.0268224], [87.0428898, 28.0262847], [87.0430431, 28.0261246], [87.0431572, 28.0258567], [87.0432463, 28.025756], [87.0434607, 28.0256995], [87.0435277, 28.0255722]]]}, "properties": {"external_id": "osm:way/291477828", "name": "", "name_ne": "", "area_km2": 1.428}}, {"type": "Feature", "geometry": {"type": "Polygon", "coordinates": [[[87.0262353, 28.031154], [87.0265227, 28.0310915], [87.0265936, 28.0309803], [87.0266684, 28.0305771], [87.0270228, 28.03016], [87.0273614, 28.0300141], [87.027826, 28.0296248], [87.0279481, 28.0297291], [87.0277788, 28.0301531], [87.0276607, 28.0307856], [87.0278733, 28.0309107], [87.0281725, 28.0309594], [87.0284166, 28.0308968], [87.0286803, 28.0305925], [87.0290673, 28.0303836], [87.0294682, 28.0301133], [87.030025, 28.0299093], [87.0303034, 28.0299216], [87.0307016, 28.0301354], [87.0309605, 28.0301526], [87.0313057, 28.0300003], [87.0314895, 28.0299831], [87.031637, 28.029843], [87.0316788, 28.0296341], [87.0315535, 28.0287518], [87.031534, 28.0284864], [87.0314227, 28.0283291], [87.0313726, 28.0280489], [87.0315006, 28.0276999], [87.0316203, 28.0276434], [87.0317178, 28.0274321], [87.0318904, 28.0272723], [87.0320881, 28.0272084], [87.0321633, 28.0270757], [87.0322635, 28.0267218], [87.0321438, 28.0265326], [87.0320213, 28.0264908], [87.0319906, 28.0264195], [87.0320825, 28.0263064], [87.0322301, 28.0261909], [87.0322412, 28.0260853], [87.0321716, 28.0258886], [87.0322579, 28.0256183], [87.0323414, 28.0254831], [87.0324667, 28.0253996], [87.0326616, 28.0254487], [87.0327925, 28.0255691], [87.0328955, 28.025982], [87.0328565, 28.0263359], [87.0325809, 28.0267464], [87.0325475, 28.0269233], [87.0326004, 28.0270339], [87.0325586, 28.0272477], [87.0324055, 28.0279113], [87.0322607, 28.0281669], [87.0320769, 28.0284397], [87.0320602, 28.028597], [87.0321605, 28.0291254], [87.0320575, 28.0295358], [87.0320742, 28.0300937], [87.0319823, 28.0303443], [87.031637, 28.0307203], [87.0311944, 28.0312168], [87.0308686, 28.0313765], [87.0307238, 28.0315608], [87.0307016, 28.0318262], [87.0306292, 28.0320327], [87.0303758, 28.0325217], [87.0300027, 28.0327576], [87.0294348, 28.0332295], [87.0291814, 28.0335883], [87.0290394, 28.0339102], [87.0290923, 28.0340036], [87.0291842, 28.034011], [87.0292594, 28.0339078], [87.0295239, 28.0336817], [87.0296937, 28.0336251], [87.0298747, 28.0333253], [87.0300556, 28.033259], [87.0303703, 28.0333425], [87.0304928, 28.0332516], [87.0306459, 28.0332786], [87.0305819, 28.0334335], [87.030231, 28.0340847], [87.0296575, 28.0347531], [87.0297299, 28.0348342], [87.0298496, 28.034763], [87.030373, 28.0343083], [87.0306211, 28.0341306], [87.0307519, 28.0337718], [87.0308522, 28.0334302], [87.0309496, 28.0334204], [87.0310053, 28.0334745], [87.0309413, 28.0336342], [87.0308911, 28.0338849], [87.0307519, 28.0342314], [87.0308299, 28.0344132], [87.0308911, 28.0346024], [87.0312169, 28.034745], [87.0314313, 28.0346835], [87.0313895, 28.0345803], [87.0311668, 28.0343641], [87.031164, 28.0339193], [87.0312837, 28.0334867], [87.0313812, 28.0334941], [87.0314619, 28.0336956], [87.0313923, 28.0339242], [87.0312976, 28.0340987], [87.0312948, 28.0342928], [87.0314229, 28.0344673], [87.031487, 28.0345975], [87.0314452, 28.0347769], [87.03137, 28.0349195], [87.0314118, 28.0350767], [87.0315649, 28.0352365], [87.031858, 28.0351014], [87.0321337, 28.035067], [87.0323932, 28.0351762], [87.0320673, 28.03532], [87.0313764, 28.035502], [87.0308744, 28.0356204], [87.0273093, 28.0352483], [87.0250882, 28.0341239], [87.0262353, 28.031154]]]}, "properties": {"external_id": "osm:way/291480362", "name": "", "name_ne": "", "area_km2": 0.306}}, {"type": "Feature", "geometry": {"type": "Polygon", "coordinates": [[[87.0052703, 28.0320832], [87.0039777, 28.0321526], [87.0012537, 28.0329002], [86.9989114, 28.0335014], [86.9952035, 28.0335464], [86.9942414, 28.0337414], [86.9945342, 28.0330706], [86.9945509, 28.0323678], [86.9944674, 28.031778], [86.9946066, 28.0314241], [86.9946058, 28.0309727], [86.9946216, 28.0305209], [86.9948184, 28.0301003], [86.9947594, 28.0299022], [86.9942496, 28.0294289], [86.9941276, 28.0291648], [86.994167, 28.0286469], [86.9945213, 28.0280213], [86.9952261, 28.0270551], [86.9954663, 28.0264886], [86.995549, 28.0260228], [86.9958364, 28.0253277], [86.9965176, 28.024775], [86.9974066, 28.0239223], [86.9990373, 28.0225849], [86.9994232, 28.0224771], [86.9996083, 28.0225884], [86.999628, 28.0227656], [86.9993956, 28.023141], [86.9990019, 28.023711], [86.9988956, 28.0240586], [86.9990177, 28.0241594], [86.9996437, 28.0239613], [86.9998957, 28.0236728], [87.0001871, 28.023221], [87.0008171, 28.0227483], [87.0016872, 28.02157], [87.0019156, 28.0215004], [87.0021085, 28.0216221], [87.0021164, 28.0220044], [87.0018132, 28.022783], [87.0018487, 28.0232696], [87.002581, 28.0240656], [87.0029196, 28.0245974], [87.0029078, 28.0248824], [87.0026401, 28.0251361], [87.0017187, 28.0255601], [87.0010179, 28.0257791], [87.0003879, 28.0265472], [86.9998445, 28.0271867], [86.9997264, 28.0275691], [86.9998445, 28.0279305], [86.9996988, 28.0281425], [86.9993051, 28.0283546], [86.9989704, 28.0283372], [86.9985688, 28.0283476], [86.9979073, 28.0287264], [86.9977262, 28.0290149], [86.9972576, 28.0292061], [86.9961906, 28.0293625], [86.9957732, 28.029498], [86.9953716, 28.0295328], [86.9952181, 28.0296996], [86.9953165, 28.029929], [86.9957063, 28.0303773], [86.9959937, 28.0300923], [86.9963205, 28.0299394], [86.9967103, 28.0298595], [86.9969663, 28.0299429], [86.9971553, 28.0298421], [86.9972931, 28.0297483], [86.9984034, 28.0293833], [86.9987184, 28.029293], [86.998935, 28.0289628], [86.999435, 28.0287125], [87.0000808, 28.028716], [87.0008249, 28.0280765], [87.0010848, 28.0278089], [87.0008525, 28.0276282], [87.0009667, 28.0273605], [87.0012935, 28.0272215], [87.0016793, 28.027152], [87.0019589, 28.0273327], [87.0026716, 28.0276594], [87.0028921, 28.0276907], [87.0028015, 28.0276038], [87.0024865, 28.0273988], [87.0025101, 28.0271277], [87.002207, 28.026721], [87.0022542, 28.0264986], [87.0023999, 28.0264534], [87.0028291, 28.0267592], [87.0032622, 28.0269817], [87.0033803, 28.0269678], [87.0033173, 28.0268149], [87.0032228, 28.0263978], [87.0034709, 28.0263352], [87.0037307, 28.0265159], [87.003967, 28.0265716], [87.0045891, 28.0267002], [87.0047595, 28.0300418], [87.0052703, 28.0320832]]]}, "properties": {"external_id": "osm:way/291482822", "name": "", "name_ne": "", "area_km2": 0.875}}, {"type": "Feature", "geometry": {"type": "Polygon", "coordinates": [[[87.0045891, 28.0267002], [87.0048253, 28.0266098], [87.0046285, 28.026217], [87.0048608, 28.0258556], [87.0055616, 28.0252786], [87.0059121, 28.0250909], [87.0060617, 28.0247711], [87.0063491, 28.0245174], [87.0070933, 28.0244583], [87.0075106, 28.0243332], [87.0075618, 28.0241837], [87.0072508, 28.0240586], [87.0073571, 28.02393], [87.0077548, 28.0239022], [87.0084202, 28.0240551], [87.0085619, 28.0241768], [87.008495, 28.0244757], [87.0084477, 28.0249449], [87.0085304, 28.0249588], [87.0088257, 28.0245939], [87.0088927, 28.0242011], [87.0091447, 28.0232974], [87.0095778, 28.0226266], [87.009499, 28.0224563], [87.0094321, 28.022213], [87.009562, 28.0220079], [87.0098573, 28.0220149], [87.0102117, 28.0219384], [87.0109913, 28.0210521], [87.0123064, 28.0196791], [87.0136174, 28.0185037], [87.014082, 28.0179684], [87.014645, 28.0175165], [87.0156058, 28.0168457], [87.0158499, 28.0168387], [87.0161412, 28.0169708], [87.0160861, 28.0171099], [87.0159129, 28.0174714], [87.0159207, 28.0177981], [87.0160704, 28.0178815], [87.0174209, 28.0176313], [87.018855, 28.017527], [87.0193227, 28.0175958], [87.019952, 28.0179793], [87.0200466, 28.0187265], [87.0200578, 28.0193016], [87.0198796, 28.0196359], [87.0192782, 28.0199505], [87.0176244, 28.0208205], [87.0169061, 28.0212089], [87.0161766, 28.0213072], [87.0158258, 28.0216513], [87.0158314, 28.0219314], [87.0156755, 28.022192], [87.0151743, 28.0224328], [87.0147846, 28.0229735], [87.0142222, 28.024458], [87.0141331, 28.0257114], [87.0138435, 28.026547], [87.0131085, 28.0270681], [87.0128022, 28.0270828], [87.0125015, 28.0269845], [87.0123011, 28.0271664], [87.0118333, 28.0277562], [87.0114213, 28.0289015], [87.0113489, 28.0294323], [87.011193, 28.0296437], [87.0107698, 28.0297616], [87.0101294, 28.0301991], [87.0102408, 28.0310838], [87.0104858, 28.0312509], [87.0107085, 28.0316195], [87.0107667, 28.0319228], [87.0098429, 28.0318376], [87.0052703, 28.0320832], [87.0047595, 28.0300418], [87.0045891, 28.0267002]]]}, "properties": {"external_id": "osm:way/291482823", "name": "Kartse Glacier", "name_ne": "", "area_km2": 1.054}}, {"type": "Feature", "geometry": {"type": "Polygon", "coordinates": [[[87.0730642, 27.9813959], [87.0634138, 27.9815044], [87.0383281, 27.9814757], [87.0345558, 27.9817094], [87.0337243, 27.9777154], [87.0332366, 27.9755466], [87.0336287, 27.9738703], [87.0341197, 27.9713177], [87.0355034, 27.9693035], [87.0396545, 27.9680361], [87.0435751, 27.9650034], [87.0487517, 27.9631826], [87.0500117, 27.9615039], [87.0503192, 27.959829], [87.0494223, 27.9585616], [87.0470136, 27.9582447], [87.0451431, 27.9568867], [87.0433237, 27.9562303], [87.0405307, 27.9565245], [87.0399926, 27.9579052], [87.0377632, 27.9591953], [87.0343254, 27.9583817], [87.0335051, 27.9576686], [87.0327108, 27.956599], [87.0300285, 27.9545862], [87.0289217, 27.9533325], [87.0281144, 27.9527459], [87.0264347, 27.9529529], [87.0253149, 27.9541606], [87.0247159, 27.9559549], [87.0254737, 27.957407], [87.0257648, 27.9593112], [87.0253299, 27.9612317], [87.0252574, 27.9636643], [87.027323, 27.966897], [87.0298716, 27.9713823], [87.0306462, 27.9761206], [87.0326515, 27.9818631], [87.0289124, 27.9823737], [87.0213103, 27.9840411], [87.0197843, 27.9833875], [87.0193486, 27.9825729], [87.0200917, 27.9785675], [87.0204948, 27.9742432], [87.0206035, 27.9711387], [87.0194439, 27.9697305], [87.0175437, 27.9659859], [87.0140572, 27.9644831], [87.010454, 27.9621404], [87.0075681, 27.9607848], [87.0063298, 27.9595117], [87.006365, 27.9589436], [87.0069607, 27.9591937], [87.0074561, 27.9598032], [87.0085295, 27.9598397], [87.0097268, 27.9592197], [87.0102163, 27.9585738], [87.0100806, 27.957584], [87.0091311, 27.9562034], [87.0076407, 27.9553261], [87.0063479, 27.9547809], [87.0055279, 27.9547726], [87.0048378, 27.9553144], [87.0044191, 27.9564553], [87.0044014, 27.9575233], [87.0041891, 27.9578254], [87.0038293, 27.9579505], [87.0022664, 27.9576535], [87.0005595, 27.9576514], [86.9997397, 27.9584953], [86.9994076, 27.9605882], [86.9996245, 27.9621353], [87.000542, 27.9636602], [87.0025438, 27.9647579], [87.003553, 27.9647726], [87.0046277, 27.9644764], [87.0049087, 27.9647553], [87.0042929, 27.965801], [87.003591, 27.9662438], [87.0031192, 27.9663584], [87.0021166, 27.9658375], [87.001456, 27.9652176], [87.0004003, 27.9651968], [86.9989582, 27.9655477], [86.997985, 27.9655269], [86.9975309, 27.9648341], [86.9968585, 27.963761], [86.9962155, 27.9630796], [86.9942161, 27.9622565], [86.993361, 27.9623243], [86.9924114, 27.9629338], [86.9917744, 27.963736], [86.9919514, 27.9650799], [86.992954, 27.9669135], [86.9940392, 27.9683304], [86.9952542, 27.9694034], [86.9964219, 27.9702056], [86.9971356, 27.9710703], [86.9988813, 27.9724558], [87.0004796, 27.9730601], [87.0008571, 27.9730392], [87.0013997, 27.972758], [87.0015707, 27.9721121], [87.0015943, 27.9710338], [87.0011756, 27.9697681], [87.0002378, 27.9694972], [86.9995183, 27.9697785], [86.9987339, 27.9698045], [86.9978964, 27.9700181], [86.9975956, 27.9697733], [86.9973184, 27.9691847], [86.9977312, 27.9688773], [86.9994888, 27.9685023], [87.0005091, 27.968221], [87.0014174, 27.9684658], [87.002249, 27.9698306], [87.0028151, 27.9700858], [87.003458, 27.969966], [87.0041287, 27.9701438], [87.0045791, 27.9709909], [87.0047461, 27.9716639], [87.0051642, 27.973625], [87.0056942, 27.973841], [87.0066681, 27.974277], [87.0079945, 27.9755952], [87.0106087, 27.9788082], [87.0117362, 27.9817499], [87.0130687, 27.9853026], [87.0147946, 27.9871664], [87.013447, 27.9879101], [87.0038339, 27.9879101], [87.0003253, 27.9843593], [86.9988903, 27.9815081], [86.999249, 27.9792452], [86.9988391, 27.9772085], [86.9973016, 27.9762581], [86.9955591, 27.9744024], [86.995408, 27.972419], [86.9933913, 27.9706726], [86.991394, 27.9689267], [86.9895019, 27.9659569], [86.9883378, 27.964565], [86.9876987, 27.9634886], [86.9860199, 27.9628789], [86.9848074, 27.9623216], [86.9846547, 27.9617599], [86.984266, 27.9614109], [86.9834122, 27.9614053], [86.9823926, 27.9608875], [86.9822603, 27.9603871], [86.9825487, 27.9596707], [86.9829362, 27.9591852], [86.9836841, 27.9590101], [86.9859852, 27.9592241], [86.9880051, 27.9603329], [86.988778, 27.9608218], [86.9894538, 27.9606626], [86.9906434, 27.9606268], [86.9912393, 27.9602633], [86.9919612, 27.9589215], [86.993067, 27.9574465], [86.994316, 27.956636], [86.9938699, 27.9555778], [86.9916906, 27.9545534], [86.9887212, 27.9538104], [86.9860642, 27.9547965], [86.9845052, 27.955314], [86.9831715, 27.9553538], [86.9813242, 27.9561577], [86.9794137, 27.9566035], [86.9774132, 27.9563806], [86.9764219, 27.9568821], [86.9764193, 27.9574689], [86.9774516, 27.9578741], [86.9782417, 27.9577559], [86.9785995, 27.9578965], [86.9784688, 27.9582587], [86.9778064, 27.9592258], [86.9780903, 27.959377], [86.9786896, 27.9594287], [86.9788968, 27.9596118], [86.9790654, 27.9603936], [86.9793617, 27.9607189], [86.9802283, 27.9608708], [86.9806871, 27.9612592], [86.9801008, 27.9621203], [86.9787754, 27.9626156], [86.9777814, 27.962655], [86.9766726, 27.9633754], [86.9764751, 27.9640282], [86.9772435, 27.9645254], [86.9790638, 27.9655601], [86.9804245, 27.9663322], [86.9818484, 27.9663958], [86.982353, 27.9662924], [86.9829388, 27.9657193], [86.9832295, 27.9645763], [86.9835846, 27.9640741], [86.9842558, 27.9654381], [86.9846388, 27.9662673], [86.9846449, 27.967486], [86.9850245, 27.967683], [86.9866274, 27.9677628], [86.987242, 27.9681407], [86.9869227, 27.9688272], [86.9860007, 27.9691997], [86.9845846, 27.9689709], [86.9837229, 27.9688964], [86.9833553, 27.9691465], [86.9830842, 27.9696681], [86.9831685, 27.9704717], [86.9834879, 27.9713232], [86.9833011, 27.9722652], [86.9830962, 27.9737447], [86.9835843, 27.9743993], [86.9843195, 27.9746388], [86.9852234, 27.9741864], [86.9857476, 27.9736489], [86.9864587, 27.9735105], [86.9872059, 27.9729996], [86.987465, 27.9730635], [86.9877181, 27.9733614], [86.9868981, 27.9751266], [86.987053, 27.9776296], [86.9856378, 27.9766922], [86.9823498, 27.9747268], [86.9802188, 27.9709026], [86.9787365, 27.9693805], [86.9769408, 27.968678], [86.9758401, 27.9687714], [86.9753191, 27.9684277], [86.975777, 27.9670991], [86.9758915, 27.9661837], [86.975301, 27.9656994], [86.9740415, 27.9657845], [86.9730352, 27.9662954], [86.9725411, 27.9662422], [86.9721072, 27.9658803], [86.9707454, 27.9655716], [86.9670085, 27.9653872], [86.963506, 27.9652893], [86.9609495, 27.9653345], [86.9583929, 27.965327], [86.956398, 27.9656162], [86.9539607, 27.9667602], [86.9530659, 27.9681226], [86.9529637, 27.9700343], [86.95385, 27.9707719], [86.9548811, 27.9707719], [86.9568923, 27.9704182], [86.9582173, 27.9709414], [86.957794, 27.9721345], [86.9592759, 27.9766711], [86.9573669, 27.9778648], [86.95715, 27.9793761], [86.9591988, 27.9811216], [86.9603799, 27.981526], [86.9620392, 27.9805687], [86.9671457, 27.9817056], [86.9682607, 27.9827647], [86.9667661, 27.9848932], [86.9662588, 27.9870053], [86.9623077, 27.9890045], [86.9598534, 27.9917135], [86.9600239, 27.9947234], [86.9643359, 27.9974624], [86.9665176, 27.9982299], [86.9688696, 28.0004571], [86.9702842, 28.0008334], [86.9726363, 28.0003367], [86.9736835, 27.9982121], [86.9744608, 27.997845], [86.975208, 27.996866], [86.9743192, 27.9962727], [86.9728778, 27.9966379], [86.972162, 27.9974054], [86.9716379, 27.9977403], [86.9709263, 27.9974468], [86.969844, 27.9966379], [86.969746, 27.9958027], [86.9702809, 27.9949671], [86.9719802, 27.994318], [86.9739776, 27.9911492], [86.9765505, 27.9899333], [86.9789747, 27.9894966], [86.9822046, 27.9903354], [86.9907877, 27.9945796], [86.987782, 27.9959651], [86.9835796, 28.0012594], [86.9803509, 28.0053318], [86.9779422, 28.0069154], [86.9771621, 28.0068006], [86.9763437, 28.0058913], [86.9753978, 28.0053195], [86.9726708, 28.0042812], [86.968086, 28.0033181], [86.9645494, 28.0037319], [86.962223, 28.0046122], [86.9613793, 28.0056505], [86.9613026, 28.0075014], [86.9628025, 28.0096532], [86.9655209, 28.0116169], [86.9671231, 28.0129185], [86.9684525, 28.0134], [86.9693387, 28.0132946], [86.9707278, 28.0129711], [86.9726636, 28.0138832], [86.9761485, 28.0158287], [86.9794284, 28.0170503], [86.9845533, 28.0158287], [86.9876282, 28.0128426], [86.9909594, 28.0059652], [86.9932143, 28.0007164], [86.995213, 27.9992231], [87.0013629, 27.9995851], [87.0052068, 28.0002505], [87.0060412, 28.0034958], [87.0047729, 28.0076232], [87.002466, 28.0114586], [87.0004119, 28.0134412], [86.9987958, 28.0157519], [86.9954062, 28.0188356], [86.9926761, 28.0184262], [86.9905718, 28.0172696], [86.9898608, 28.0167482], [86.9890292, 28.0178843], [86.9889087, 28.0179026], [86.9878825, 28.0182867], [86.9857337, 28.0200923], [86.984348, 28.0199848], [86.9838324, 28.0199848], [86.9832955, 28.0203158], [86.9821024, 28.020707], [86.9811352, 28.0213803], [86.9805216, 28.0220875], [86.9799626, 28.0234874], [86.9797325, 28.0237056], [86.9780579, 28.0240855], [86.97721, 28.0243563], [86.9765325, 28.0248039], [86.9758252, 28.0256314], [86.9752585, 28.0260151], [86.9748622, 28.0265341], [86.9748452, 28.0269403], [86.9751094, 28.0272412], [86.9755653, 28.0272375], [86.9762556, 28.0271848], [86.9766724, 28.0278271], [86.9769948, 28.0287298], [86.9768115, 28.0293768], [86.9764962, 28.0298168], [86.9764451, 28.030223], [86.9769181, 28.0307759], [86.9781111, 28.0315018], [86.9792488, 28.0317162], [86.9800541, 28.0313325], [86.9809228, 28.0306668], [86.9816815, 28.0304846], [86.9826382, 28.0302304], [86.9838739, 28.0307193], [86.9852374, 28.0310051], [86.985655, 28.0307644], [86.9860269, 28.0297276], [86.9888534, 28.0297276], [86.9927464, 28.0279322], [86.9945108, 28.0262832], [86.9960682, 28.0242724], [87.0003493, 28.0212862], [87.0041046, 28.0166547], [87.0070082, 28.0120629], [87.0088414, 28.0067481], [87.0097556, 28.0039344], [87.0101554, 28.0016878], [87.0116882, 28.0000472], [87.0156716, 27.999214], [87.0189206, 27.9973623], [87.0256533, 27.9923961], [87.0365318, 27.9910748], [87.0481226, 27.9909417], [87.0610156, 27.9890618], [87.0661604, 27.9885927], [87.0793649, 27.9879101], [87.0880966, 27.9834507], [87.0935475, 27.9822758], [87.0967789, 27.9827939], [87.104829, 27.9849109], [87.1142558, 27.9864655], [87.1148474, 27.9857428], [87.114829, 27.9849623], [87.1140095, 27.9839785], [87.1133835, 27.9836532], [87.1067358, 27.9826694], [87.1013588, 27.9805554], [87.0961843, 27.9796203], [87.0919674, 27.978921], [87.0873546, 27.9796203], [87.0850436, 27.9807993], [87.0828523, 27.9817344], [87.0804768, 27.9820352], [87.0774568, 27.9822873], [87.0739857, 27.9818726], [87.0730642, 27.9813959]]]}, "properties": {"external_id": "osm:way/291527981", "name": "Kangshung Glacier", "name_ne": "", "area_km2": 36.851}}, {"type": "Feature", "geometry": {"type": "Polygon", "coordinates": [[[87.0467837, 27.9388734], [87.0484634, 27.9381372], [87.0518489, 27.9383903], [87.0537499, 27.9393336], [87.0555078, 27.9404494], [87.0563802, 27.9424969], [87.0565494, 27.9442799], [87.0561067, 27.9449355], [87.0559765, 27.9457867], [87.0557421, 27.947075], [87.0561848, 27.9485358], [87.056875, 27.949249], [87.0569921, 27.9499161], [87.0561588, 27.9503072], [87.0549609, 27.9500771], [87.0532942, 27.949433], [87.052578, 27.9489384], [87.0518358, 27.9479032], [87.0511718, 27.9475926], [87.0504556, 27.9480527], [87.0507811, 27.9489959], [87.0520963, 27.949548], [87.0523046, 27.9501461], [87.0518619, 27.9508248], [87.0504556, 27.9511353], [87.0480728, 27.9513309], [87.0467056, 27.952366], [87.0459894, 27.9524121], [87.0440493, 27.9516299], [87.0431769, 27.9505027], [87.0428383, 27.9492605], [87.043854, 27.9481102], [87.0463149, 27.946914], [87.0468879, 27.9463734], [87.0480728, 27.9461433], [87.0483853, 27.9459018], [87.0483722, 27.9456947], [87.0477082, 27.9455107], [87.047578, 27.94474], [87.0474608, 27.9431526], [87.0471353, 27.9419448], [87.0469399, 27.9405989], [87.0464582, 27.9397707], [87.0467837, 27.9388734]]]}, "properties": {"external_id": "osm:way/291528028", "name": "", "name_ne": "", "area_km2": 1.314}}, {"type": "Feature", "geometry": {"type": "Polygon", "coordinates": [[[86.9887858, 27.8085464], [86.9898055, 27.8096177], [86.992013, 27.8114408], [86.9926273, 27.8123161], [86.9926913, 27.8130457], [86.99221, 27.8137141], [86.9917373, 27.8141584], [86.9916191, 27.8146984], [86.9911746, 27.8153889], [86.9902601, 27.8157175], [86.9896495, 27.8162401], [86.9892099, 27.8173008], [86.9893572, 27.8184898], [86.9882601, 27.8204428], [86.9887414, 27.8216041], [86.9905106, 27.8228754], [86.9914142, 27.8231776], [86.9921841, 27.8230301], [86.9927895, 27.8230275], [86.9932581, 27.8233875], [86.9936613, 27.8234137], [86.9942729, 27.8243164], [86.9955747, 27.8243179], [86.9977223, 27.8234756], [86.9989598, 27.8217086], [86.9992123, 27.8197852], [86.9979456, 27.8186205], [86.9975369, 27.8182219], [86.9978374, 27.8175533], [87.0000017, 27.8170046], [87.0018974, 27.8165626], [87.0026096, 27.8159882], [87.0041977, 27.8136929], [87.003688, 27.8121313], [86.9987588, 27.8047397], [86.9959296, 27.7986743], [86.9898357, 27.7954725], [86.9817475, 27.7946231], [86.9750473, 27.7944462], [86.9748996, 27.7957857], [86.9753059, 27.7969945], [86.9789622, 27.7978766], [86.9860533, 27.79853], [86.9930336, 27.8018624], [86.9947841, 27.8032105], [86.9951633, 27.8048569], [86.9931444, 27.8054254], [86.9917508, 27.8067474], [86.9895519, 27.8067893], [86.989329, 27.807796], [86.9887858, 27.8085464]]]}, "properties": {"external_id": "osm:way/949521613", "name": "Hongku Shar Glacier", "name_ne": "", "area_km2": 3.138}}, {"type": "Feature", "geometry": {"type": "Polygon", "coordinates": [[[86.8274098, 28.0041623], [86.8264346, 28.005014], [86.8258932, 28.0062617], [86.8257957, 28.0067111], [86.8260719, 28.0077389], [86.8264563, 28.0079779], [86.827588, 28.0080783], [86.8286167, 28.0083221], [86.8291419, 28.0083125], [86.8302465, 28.007911], [86.8308855, 28.0079014], [86.8319196, 28.0078679], [86.8322608, 28.0074138], [86.8327613, 28.0056806], [86.8318176, 28.0053522], [86.8311953, 28.005447], [86.8310022, 28.0059585], [86.8294358, 28.0065079], [86.8288779, 28.006451], [86.8283415, 28.0053712], [86.8277621, 28.0051249], [86.8279552, 28.0043102], [86.8277192, 28.0041397], [86.8274098, 28.0041623]]]}, "properties": {"external_id": "osm:way/1274616795", "name": "", "name_ne": "", "area_km2": 0.177}}, {"type": "Feature", "geometry": {"type": "Polygon", "coordinates": [[[86.853982, 27.9792191], [86.8535435, 27.9795081], [86.8524384, 27.9795649], [86.8519878, 27.9793849], [86.8518805, 27.9788353], [86.8523955, 27.9782669], [86.8518805, 27.9779921], [86.8517733, 27.9774615], [86.8529963, 27.9767414], [86.8535328, 27.9760308], [86.8532109, 27.9754149], [86.8533826, 27.9748085], [86.8540048, 27.9744389], [86.8543267, 27.9747137], [86.8544984, 27.9751875], [86.8552494, 27.9753201], [86.8554318, 27.9760213], [86.8559468, 27.9763055], [86.8565047, 27.9772151], [86.856215, 27.9774899], [86.8562364, 27.9777836], [86.8565047, 27.9784374], [86.8569982, 27.9784564], [86.8576956, 27.9780679], [86.8584837, 27.976811], [86.8583976, 27.9758368], [86.8585753, 27.9752443], [86.8584251, 27.9750169], [86.8574703, 27.9748843], [86.8569875, 27.9738988], [86.8577599, 27.9729418], [86.8583929, 27.9717005], [86.8596697, 27.969796], [86.8617511, 27.9698054], [86.8631673, 27.9694075], [86.8647015, 27.9696349], [86.865828, 27.9704213], [86.8667185, 27.9706867], [86.8666649, 27.9710752], [86.868124, 27.9725344], [86.8686819, 27.9740125], [86.8671754, 27.9756186], [86.8659705, 27.976814], [86.8651177, 27.9774082], [86.8637564, 27.9778711], [86.8625235, 27.9777742], [86.8619335, 27.9773667], [86.861397, 27.976893], [86.8608498, 27.9767414], [86.859498, 27.9776226], [86.8594336, 27.978011], [86.8597877, 27.9781721], [86.8604851, 27.9782195], [86.8615365, 27.9789301], [86.8624163, 27.9790722], [86.8630493, 27.9793565], [86.8631029, 27.9798965], [86.8624806, 27.9808724], [86.8625067, 27.9813198], [86.8619013, 27.9814314], [86.8611181, 27.9821041], [86.8603456, 27.9821231], [86.8598628, 27.9824263], [86.858232, 27.9828431], [86.8578029, 27.9826726], [86.8566549, 27.9826631], [86.8557322, 27.9824073], [86.8549657, 27.9826559], [86.8548417, 27.9821136], [86.8539727, 27.9819715], [86.8536293, 27.981403], [86.854037, 27.9805313], [86.8539297, 27.9798207], [86.853982, 27.9792191]]]}, "properties": {"external_id": "osm:way/1274616812", "name": "", "name_ne": "", "area_km2": 1.289}}, {"type": "Feature", "geometry": {"type": "Polygon", "coordinates": [[[86.8509257, 27.9772341], [86.8517733, 27.9774615], [86.8518805, 27.9779921], [86.8523955, 27.9782669], [86.8518805, 27.9788353], [86.8519878, 27.9793849], [86.8524384, 27.9795649], [86.8535435, 27.9795081], [86.853982, 27.9792191], [86.8539297, 27.9798207], [86.854037, 27.9805313], [86.8536293, 27.981403], [86.8539727, 27.9819715], [86.8548417, 27.9821136], [86.8549657, 27.9826559], [86.8537366, 27.9825968], [86.852535, 27.9826821], [86.8508506, 27.9833263], [86.8501317, 27.9833832], [86.8482435, 27.9837527], [86.8467951, 27.9837622], [86.8464088, 27.9842833], [86.8457436, 27.9843401], [86.8450784, 27.9841317], [86.8416667, 27.981403], [86.8340492, 27.976893], [86.8330192, 27.9755475], [86.8327977, 27.973865], [86.8373108, 27.9758413], [86.838491, 27.9769309], [86.8408406, 27.97803], [86.842879, 27.9784185], [86.8468273, 27.9781721], [86.8480182, 27.977632], [86.8498421, 27.9775373], [86.8509257, 27.9772341]]]}, "properties": {"external_id": "osm:way/1274616814", "name": "", "name_ne": "", "area_km2": 0.943}}, {"type": "Feature", "geometry": {"type": "Polygon", "coordinates": [[[86.8493879, 27.9746694], [86.850531, 27.9738505], [86.8515142, 27.9738999], [86.8524038, 27.9735009], [86.8532177, 27.9723827], [86.8537381, 27.9719566], [86.8545576, 27.9712944], [86.8547564, 27.970987], [86.8549069, 27.9704918], [86.8548671, 27.969978], [86.8543018, 27.9697442], [86.8533089, 27.969847], [86.851937, 27.9704182], [86.8510691, 27.9714036], [86.8498255, 27.9724819], [86.8490907, 27.9733106], [86.8480846, 27.974888], [86.8480177, 27.9755078], [86.8482542, 27.9755191], [86.8485653, 27.9751875], [86.8493879, 27.9746694]]]}, "properties": {"external_id": "osm:way/1274616817", "name": "", "name_ne": "", "area_km2": 0.158}}, {"type": "Feature", "geometry": {"type": "Polygon", "coordinates": [[[86.8468755, 27.9682751], [86.846661, 27.9679482], [86.8467522, 27.9672944], [86.847353, 27.9663373], [86.8474924, 27.9659488], [86.8466556, 27.9653139], [86.8465429, 27.9650154], [86.8466127, 27.9647264], [86.8474871, 27.9645226], [86.8486458, 27.964262], [86.850239, 27.9641199], [86.8507004, 27.9637551], [86.8514299, 27.962272], [86.8521005, 27.9618835], [86.8533879, 27.9629638], [86.853506, 27.9632102], [86.853168, 27.9635513], [86.8530822, 27.9641104], [86.852653, 27.9647548], [86.8520003, 27.9668092], [86.8508613, 27.9674175], [86.8500128, 27.9674328], [86.8485546, 27.9678629], [86.8478572, 27.9683935], [86.8474173, 27.9684409], [86.847235, 27.9682561], [86.8468755, 27.9682751]]]}, "properties": {"external_id": "osm:way/1274616819", "name": "", "name_ne": "", "area_km2": 0.251}}, {"type": "Feature", "geometry": {"type": "Polygon", "coordinates": [[[86.8353818, 28.0052047], [86.8353474, 28.0061858], [86.8349665, 28.0067868], [86.8353924, 28.0084287], [86.8351847, 28.0090799], [86.8343431, 28.0102173], [86.8357003, 28.0098697], [86.8361631, 28.0090914], [86.8370374, 28.0082093], [86.8370594, 28.007671], [86.8367876, 28.0070029], [86.8373386, 28.0059911], [86.8382784, 28.0053763], [86.8386109, 28.004404], [86.838246, 28.0039274], [86.8381122, 28.0037527], [86.8370855, 28.0038082], [86.836077, 28.0044334], [86.8356156, 28.0047933], [86.8353818, 28.0052047]]]}, "properties": {"external_id": "osm:way/1274933702", "name": "", "name_ne": "", "area_km2": 0.127}}, {"type": "Feature", "geometry": {"type": "Polygon", "coordinates": [[[86.8343056, 27.965603], [86.8350488, 27.9657343], [86.8366485, 27.9654988], [86.8375695, 27.9650279], [86.8388343, 27.964788], [86.839993, 27.9650391], [86.8407226, 27.9655792], [86.8408513, 27.9661951], [86.8405831, 27.9669911], [86.8389094, 27.9673038], [86.8374503, 27.9670859], [86.8355083, 27.9669437], [86.8340278, 27.967048], [86.833384, 27.9668395], [86.8331158, 27.9662899], [86.8336415, 27.9657782], [86.8343056, 27.965603]]]}, "properties": {"external_id": "osm:way/1274933709", "name": "", "name_ne": "", "area_km2": 0.141}}, {"type": "Feature", "geometry": {"type": "Polygon", "coordinates": [[[86.9698818, 28.036073], [86.9697021, 28.0359778], [86.9693613, 28.035376], [86.9684891, 28.0341058], [86.9676447, 28.0328759], [86.9668564, 28.031856], [86.9639298, 28.0290593], [86.9635516, 28.0287918], [86.9633237, 28.0287492], [86.9625663, 28.0287031], [86.9609494, 28.028766], [86.9603102, 28.0288025], [86.960168, 28.0288616], [86.9600487, 28.0288877], [86.9599468, 28.0289445], [86.9602096, 28.0289635], [86.9603263, 28.0290854], [86.9604523, 28.02907], [86.9604751, 28.0291327], [86.9604067, 28.0291387], [86.9603062, 28.0291197], [86.9602284, 28.0291647], [86.9600831, 28.0292288], [86.9600312, 28.0292168], [86.959932, 28.0290972], [86.959763, 28.0290996], [86.9595163, 28.029038], [86.9592494, 28.0290215], [86.9591662, 28.0290558], [86.9590898, 28.0291162], [86.959016, 28.0290333], [86.9588712, 28.0289836], [86.9588497, 28.0289315], [86.9587827, 28.0288936], [86.9586056, 28.0289836], [86.9584662, 28.0291754], [86.9583186, 28.029128], [86.9582382, 28.0291777], [86.9580772, 28.029102], [86.9579646, 28.0290073], [86.9576991, 28.0291683], [86.9577035, 28.0293684], [86.9576273, 28.0294221], [86.9556814, 28.035371], [86.9577309, 28.0346067], [86.9591749, 28.0342477], [86.9604257, 28.0345439], [86.9611363, 28.0349408], [86.961503, 28.0355946], [86.9616252, 28.0360007], [86.9612261, 28.0366267], [86.9618511, 28.0369385], [86.9622233, 28.0373636], [86.9624728, 28.0376415], [86.9648445, 28.040357], [86.968621, 28.0387282], [86.9694023, 28.0382913], [86.9697483, 28.0380978], [86.9702342, 28.0373677], [86.9698818, 28.036073]]]}, "properties": {"external_id": "osm:way/1556699600", "name": "", "name_ne": "", "area_km2": 1.002}}], "attribution": "© OpenStreetMap contributors, ODbL 1.0"}