{"type": "FeatureCollection", "features": [{"type": "Feature", "geometry": {"type": "Polygon", "coordinates": [[[85.7231069, 28.460145], [85.7196726, 28.4588205], [85.7172004, 28.4567275], [85.7146215, 28.4532921], [85.7126874, 28.4516431], [85.7080571, 28.4489291], [85.7042474, 28.4463868], [85.7017076, 28.4444285], [85.6991092, 28.4430713], [85.697937, 28.442745], [85.6965694, 28.442556], [85.6946157, 28.4428308], [85.6912358, 28.4437585], [85.6891161, 28.4447033], [85.6864047, 28.4461838], [85.6833378, 28.4475199], [85.6805753, 28.4482784], [85.6762237, 28.4495902], [85.6731568, 28.4502704], [85.6716234, 28.4503797], [85.6690386, 28.4504399], [85.6678469, 28.4505086], [85.6667919, 28.4512301], [85.6662449, 28.4521405], [85.6651508, 28.4526902], [85.6622202, 28.4528791], [85.6604424, 28.4528447], [85.6597391, 28.4530337], [85.6592116, 28.4534116], [85.6585668, 28.4537723], [85.6580393, 28.4537379], [85.6569648, 28.4533601], [85.6556949, 28.4529822], [85.6530965, 28.4528447], [85.6508107, 28.4519], [85.6496189, 28.4512816], [85.6486421, 28.450543], [85.6478612, 28.4496801], [85.6481087, 28.4487972], [85.6480875, 28.447413], [85.6480768, 28.4454863], [85.6482045, 28.4444294], [85.6485249, 28.4426754], [85.6498729, 28.441765], [85.6526862, 28.4399096], [85.6549134, 28.4382948], [85.6561638, 28.437745], [85.6571211, 28.4380199], [85.658137, 28.438604], [85.6589967, 28.4393943], [85.6599917, 28.4406044], [85.6603509, 28.4411875], [85.6611798, 28.4414061], [85.6617048, 28.4411996], [85.6619534, 28.4401428], [85.6626718, 28.4389159], [85.6633073, 28.4377862], [85.6637355, 28.4368994], [85.6637908, 28.4362799], [85.6637493, 28.4357696], [85.6644953, 28.4351987], [85.6662772, 28.4339416], [85.6671199, 28.4335529], [85.6678332, 28.4331339], [85.6683216, 28.4324381], [85.6688393, 28.4322234], [85.669699, 28.4321976], [85.6706563, 28.4324209], [85.671174, 28.4327044], [85.6717406, 28.4329363], [85.6728835, 28.4329879], [85.6737626, 28.4329363], [85.6741241, 28.4330394], [85.6744367, 28.4332542], [85.6746418, 28.4335634], [85.6748762, 28.4335548], [85.6750814, 28.4332628], [85.67514, 28.4328762], [85.6756968, 28.4322577], [85.6761266, 28.4321718], [85.6766932, 28.4321375], [85.677504, 28.4323866], [85.6778459, 28.432859], [85.6782659, 28.4336923], [85.6784124, 28.4341475], [85.6788129, 28.4344482], [85.6791548, 28.4344654], [85.6794088, 28.4341905], [85.6796237, 28.4336236], [85.6800926, 28.4332112], [85.6807178, 28.4331683], [85.6815481, 28.4333057], [85.6819193, 28.4338125], [85.682017, 28.4344826], [85.6819877, 28.4355219], [85.682263, 28.4364146], [85.6836462, 28.4373206], [85.6846719, 28.4374666], [85.6860004, 28.4373807], [85.6880127, 28.4369684], [85.6895659, 28.4365647], [85.690787, 28.4359033], [85.6919494, 28.4353363], [85.6924476, 28.4351559], [85.6929067, 28.4349584], [85.6929849, 28.4347179], [85.6928286, 28.4344344], [85.6923499, 28.434254], [85.6921155, 28.4339362], [85.6916759, 28.4332318], [85.6907555, 28.4317159], [85.6894172, 28.4307538], [85.6868676, 28.4286921], [85.6855684, 28.4277901], [85.6844548, 28.427498], [85.6831556, 28.427352], [85.68086, 28.4274894], [85.6795022, 28.4276354], [85.6756443, 28.428014], [85.6745391, 28.4282083], [85.6734409, 28.4284756], [85.6726534, 28.4284635], [85.6720663, 28.4283359], [85.6715137, 28.4281415], [85.671044, 28.4278257], [85.670899, 28.4273093], [85.6708506, 28.4269935], [85.6709888, 28.4265196], [85.6713687, 28.4261855], [85.671569, 28.4260944], [85.6717279, 28.4257968], [85.6717624, 28.4253837], [85.6715966, 28.4246487], [85.6708023, 28.4238468], [85.6703987, 28.4232811], [85.6702191, 28.4230624], [85.6697218, 28.4228195], [85.6691968, 28.4224185], [85.669031, 28.421969], [85.6688652, 28.4217381], [85.6684922, 28.4215802], [85.6678015, 28.4217381], [85.6674285, 28.4221026], [85.6673318, 28.4224307], [85.6673733, 28.4227223], [85.6677324, 28.4230989], [85.6675252, 28.4239129], [85.6676219, 28.4242409], [85.6677877, 28.4245325], [85.6677048, 28.4249699], [85.6675252, 28.4255895], [85.6674976, 28.4265614], [85.6666289, 28.4281973], [85.6661014, 28.4295546], [85.6657497, 28.430929], [85.663908, 28.4321522], [85.663093, 28.4330391], [85.6620292, 28.4333306], [85.659957, 28.4339623], [85.6594947, 28.4341005], [85.6591675, 28.4341069], [85.6586536, 28.4336584], [85.6583277, 28.4332197], [85.6582367, 28.4326249], [85.6582983, 28.432], [85.6586376, 28.4313778], [85.6590679, 28.4306456], [85.659263, 28.4300853], [85.6592768, 28.4289927], [85.6589333, 28.42853], [85.6584202, 28.4280182], [85.6580935, 28.4276428], [85.6579547, 28.4272851], [85.6579068, 28.4268254], [85.6575813, 28.426355], [85.6571873, 28.4256384], [85.6568467, 28.4249461], [85.6566394, 28.4243344], [85.6566189, 28.4238353], [85.6567948, 28.4233778], [85.6569421, 28.4230625], [85.6573652, 28.4229004], [85.658746, 28.4227873], [85.6608375, 28.4224278], [85.6621867, 28.4219817], [85.6640682, 28.4212242], [85.6652658, 28.4207133], [85.6656185, 28.4204475], [85.6658216, 28.4199665], [85.6658721, 28.4195077], [85.6658993, 28.4187715], [85.666051, 28.4181], [85.6664153, 28.4176205], [85.6672049, 28.4168124], [85.6674239, 28.4165057], [85.6674278, 28.416189], [85.6671727, 28.4158065], [85.66664, 28.4146929], [85.6661116, 28.4132623], [85.6657233, 28.4120866], [85.6654723, 28.4113952], [85.6654057, 28.4109907], [85.6654102, 28.4106344], [85.6654681, 28.4103024], [85.6657327, 28.4099091], [85.6663733, 28.4095353], [85.6669966, 28.4091216], [85.6677402, 28.408416], [85.6683445, 28.4075972], [85.6696339, 28.4070645], [85.6706889, 28.4063771], [85.6719002, 28.4048992], [85.6731701, 28.4035932], [85.6739125, 28.4027339], [85.674987, 28.4013419], [85.6758076, 28.4009295], [85.6763937, 28.4004827], [85.6766867, 28.4001561], [85.6765891, 28.3995546], [85.6764132, 28.3987985], [85.6767258, 28.3981454], [85.6773119, 28.3979048], [85.6785037, 28.3978189], [85.6791289, 28.3979907], [85.6799494, 28.3984719], [85.6810184, 28.3996757], [85.6816359, 28.4006771], [85.6827677, 28.4011335], [85.6844184, 28.401903], [85.685565, 28.4024377], [85.6862558, 28.4028509], [85.6868498, 28.403179], [85.6874438, 28.4033855], [85.6888529, 28.4037987], [85.6896266, 28.4043091], [85.690566, 28.4050625], [85.6914087, 28.4057551], [85.692127, 28.4063991], [85.6920441, 28.4071646], [85.6923481, 28.4077965], [85.6925277, 28.4083555], [85.6918922, 28.4086228], [85.6912567, 28.4085863], [85.6907732, 28.4082583], [85.6903449, 28.4081732], [85.6900548, 28.4084162], [85.6899305, 28.4086714], [85.6895575, 28.4086835], [85.6892259, 28.4086835], [85.6889496, 28.4090238], [85.689074, 28.4096799], [85.689297, 28.4106133], [85.6900292, 28.411318], [85.6904713, 28.4119377], [85.6908028, 28.4129462], [85.6907752, 28.4136023], [85.690941, 28.4140276], [85.6914798, 28.4144286], [85.6919503, 28.415081], [85.6924614, 28.4157735], [85.6925305, 28.4164661], [85.6923509, 28.4171465], [85.6919641, 28.417754], [85.6919365, 28.4180942], [85.692268, 28.4182157], [85.6925719, 28.4181428], [85.6927377, 28.417754], [85.693235, 28.4167941], [85.694355, 28.4155205], [85.6951148, 28.4144148], [85.695626, 28.4132605], [85.6962476, 28.4115594], [85.6967894, 28.4093672], [85.6969653, 28.4070129], [85.6965159, 28.4038337], [85.6947898, 28.3996868], [85.6935199, 28.3978651], [85.6927189, 28.3973667], [85.6909411, 28.3966449], [85.6892043, 28.3961554], [85.6872012, 28.3956814], [85.6862341, 28.3955235], [85.6853224, 28.3955356], [85.6844935, 28.3957544], [85.6840791, 28.395961], [85.6834988, 28.3961068], [85.6826767, 28.3959082], [85.6817373, 28.3955314], [85.6802416, 28.3944294], [85.680017, 28.394249], [85.6798216, 28.3940256], [85.6796555, 28.3937076], [85.6793332, 28.3932951], [85.6791573, 28.3930803], [85.6790206, 28.3926248], [85.6787959, 28.3919717], [85.6790303, 28.3911811], [85.6792257, 28.3909061], [85.6796751, 28.3906827], [85.6802221, 28.3904765], [85.6806519, 28.3904249], [85.6810426, 28.3902874], [85.6811013, 28.3900983], [85.6809157, 28.390021], [85.6805738, 28.3900038], [85.680183, 28.3901241], [85.6794845, 28.390504], [85.6789457, 28.390662], [85.6786694, 28.3904675], [85.6783793, 28.3901272], [85.6786003, 28.389714], [85.6792897, 28.3893435], [85.680254, 28.3889709], [85.6809472, 28.3885234], [85.6825449, 28.3879672], [85.683822, 28.3877903], [85.6846893, 28.3878901], [85.6855688, 28.3880059], [85.685901, 28.3882293], [85.6868778, 28.3881949], [85.6875616, 28.3878855], [85.6882454, 28.3876965], [85.6888227, 28.3882385], [85.6895065, 28.3883846], [85.6904541, 28.3884276], [85.6907059, 28.3886442], [85.6911357, 28.3888934], [85.6916437, 28.389538], [85.6921419, 28.3899505], [85.6932541, 28.3904874], [85.6947599, 28.3910222], [85.6959617, 28.3911316], [85.6965143, 28.390767], [85.6968044, 28.3901472], [85.6965005, 28.3896732], [85.6959479, 28.3896246], [85.6956302, 28.3896367], [85.6953953, 28.3894301], [85.6951881, 28.3888954], [85.6951467, 28.3885672], [85.6950362, 28.3882634], [85.6947322, 28.3881419], [85.694304, 28.3881783], [85.6938757, 28.3882999], [85.6934475, 28.3879474], [85.6932541, 28.3876679], [85.6931435, 28.3871574], [85.69266, 28.3868536], [85.6922041, 28.3866227], [85.6917897, 28.3861487], [85.6914305, 28.385699], [85.6909332, 28.3853465], [85.6900767, 28.3842527], [85.6899109, 28.3837665], [85.6900076, 28.383487], [85.690977, 28.383336], [85.693033, 28.38363], [85.693767, 28.384511], [85.695823, 28.384364], [85.698614, 28.384364], [85.700817, 28.383777], [85.704282, 28.3845018], [85.707132, 28.385098], [85.711978, 28.385833], [85.7114909, 28.3861517], [85.7100992, 28.3874646], [85.7100309, 28.3880232], [85.7096987, 28.3884701], [85.7091615, 28.3887451], [85.7082725, 28.3887708], [85.7072175, 28.3887451], [85.7064947, 28.3888138], [85.70627, 28.3889513], [85.7060551, 28.3891919], [85.7059476, 28.3895271], [85.705596, 28.3898966], [85.7050685, 28.3901114], [85.7048438, 28.390438], [85.7048633, 28.3909794], [85.7054104, 28.3915981], [85.7063188, 28.3924661], [85.7072566, 28.3929043], [85.7074715, 28.3929301], [85.7082921, 28.3929301], [85.7089759, 28.3926379], [85.7094741, 28.3924747], [85.709816, 28.3924919], [85.709982, 28.3926465], [85.7100504, 28.3928528], [85.7100406, 28.3932739], [85.7102751, 28.3934199], [85.7110175, 28.3935488], [85.7116427, 28.3937207], [85.7119259, 28.3939441], [85.7120236, 28.3943652], [85.7121799, 28.3948292], [85.7125902, 28.3952245], [85.7125414, 28.3956026], [85.7122776, 28.3959721], [85.7114766, 28.3962901], [85.7109296, 28.3967111], [85.7102653, 28.3969432], [85.7097671, 28.3966768], [85.7096987, 28.3965307], [85.709816, 28.3962299], [85.7100602, 28.3959034], [85.7104216, 28.3956112], [85.7104216, 28.3952417], [85.7099039, 28.3949495], [85.7091419, 28.3946917], [85.7080869, 28.3945714], [85.7073641, 28.3948206], [85.7073348, 28.3950956], [85.7075879, 28.3957065], [85.7079471, 28.3960224], [85.7081543, 28.3964721], [85.7080438, 28.3972012], [85.7076155, 28.3986959], [85.7074497, 28.400859], [85.7073669, 28.4021836], [85.7071044, 28.4035446], [85.7070906, 28.4048691], [85.7066623, 28.4070199], [85.7059992, 28.409122], [85.7051766, 28.411055], [85.7043478, 28.4133029], [85.7033531, 28.4154049], [85.7020407, 28.4179565], [85.7015632, 28.419447], [85.7012115, 28.4206669], [85.7012506, 28.4223508], [85.7018953, 28.424928], [85.7031457, 28.427196], [85.705158, 28.4303916], [85.7061544, 28.4317661], [85.708079, 28.4335968], [85.7115761, 28.4359848], [85.7141159, 28.4375481], [85.7162845, 28.4391458], [85.7191369, 28.441757], [85.7213804, 28.4438979], [85.7222068, 28.4454037], [85.7247244, 28.4483551], [85.7245624, 28.4503733], [85.7243339, 28.4538269], [85.7258677, 28.4570145], [85.726726, 28.4601272], [85.7263827, 28.4618627], [85.7276487, 28.4673898], [85.7276702, 28.4681254], [85.7250738, 28.4674841], [85.7247734, 28.4654468], [85.7249021, 28.4646546], [85.7231069, 28.460145]]]}, "properties": {"external_id": "osm:way/148020977", "name": "Daqu (Porong) Glacier", "name_ne": "", "area_km2": 26.82}}, {"type": "Feature", "geometry": {"type": "Polygon", "coordinates": [[[85.7069959, 28.3499919], [85.7068474, 28.3501939], [85.7070296, 28.3505978], [85.7081681, 28.3514072], [85.7102936, 28.352175], [85.7115626, 28.3523888], [85.7123254, 28.352276], [85.7130679, 28.3525433], [85.7131961, 28.3528284], [85.7128451, 28.3531967], [85.7116436, 28.3530957], [85.7098886, 28.3531551], [85.7086533, 28.3532977], [85.7084643, 28.3538086], [85.7087208, 28.3542363], [85.7093148, 28.3545095], [85.7102261, 28.354266], [85.7116639, 28.3540521], [85.7126561, 28.3541769], [85.713205, 28.3544205], [85.7134172, 28.3548323], [85.7133767, 28.3552897], [85.7135927, 28.3555867], [85.7140247, 28.3556758], [85.7149764, 28.3557886], [85.7150439, 28.3559431], [85.7148482, 28.3561213], [85.7144229, 28.3565846], [85.7143284, 28.3572083], [85.7147402, 28.3577845], [85.7151384, 28.3584023], [85.7151249, 28.3590438], [85.7153882, 28.3595131], [85.715746, 28.3595546], [85.716016, 28.3593586], [85.7163265, 28.35883], [85.7162995, 28.3584795], [85.7159687, 28.3581409], [85.71553, 28.3578914], [85.7154017, 28.3576598], [85.71553, 28.3574816], [85.7157392, 28.3575469], [85.7161375, 28.3578558], [85.7166032, 28.3579449], [85.7166437, 28.3576598], [85.7163467, 28.3571727], [85.7161982, 28.3563767], [85.7162789, 28.3558302], [85.7164364, 28.3557336], [85.7173742, 28.3553877], [85.7177725, 28.3549422], [85.7184812, 28.3543601], [85.7187647, 28.3537423], [85.718758, 28.3533146], [85.718596, 28.3528037], [85.718407, 28.351776], [85.7183327, 28.3512651], [85.7180492, 28.3511107], [85.7176375, 28.3511582], [85.7174417, 28.3509147], [85.717192, 28.3505701], [85.7166115, 28.3504691], [85.71622, 28.3508315], [85.7159837, 28.3510335], [85.7152952, 28.3510929], [85.7141274, 28.3507305], [85.7124129, 28.3506652], [85.7110494, 28.3509978], [85.7093551, 28.3508077], [85.7081671, 28.3504335], [85.7069959, 28.3499919]]]}, "properties": {"external_id": "osm:way/291811649", "name": "", "name_ne": "", "area_km2": 0.462}}, {"type": "Feature", "geometry": {"type": "Polygon", "coordinates": [[[85.7726097, 28.3299254], [85.772495, 28.3301611], [85.7721125, 28.3305146], [85.771357, 28.3307167], [85.7705538, 28.3307672], [85.7692915, 28.3308766], [85.7676276, 28.3306998], [85.7661454, 28.3304557], [85.7633149, 28.329816], [85.7625079, 28.3295934], [85.7616472, 28.3293998], [85.7609109, 28.3288611], [85.7599642, 28.32775], [85.7595114, 28.3266237], [85.7593897, 28.3249214], [85.7591597, 28.3227191], [85.7594302, 28.3205643], [85.7599982, 28.3174571], [85.7614047, 28.3125163], [85.761905, 28.3086826], [85.7627479, 28.3014497], [85.7622506, 28.2981997], [85.7617151, 28.2946802], [85.7600321, 28.2909416], [85.759554, 28.2894933], [85.7593054, 28.2872534], [85.7598217, 28.284323], [85.7613326, 28.2790008], [85.7632834, 28.2748406], [85.7639528, 28.2708992], [85.7644883, 28.2698381], [85.7657314, 28.26844], [85.7679499, 28.267362], [85.7724061, 28.2658796], [85.7755426, 28.2643131], [85.7779907, 28.2626623], [85.7802866, 28.2605895], [85.7817966, 28.2592089], [85.7856359, 28.2562102], [85.788322, 28.2543758], [85.7897186, 28.2532431], [85.79037, 28.2526505], [85.7903689, 28.252325], [85.7901967, 28.2521228], [85.7896899, 28.2519122], [85.7891066, 28.2516932], [85.788179, 28.2515332], [85.7870698, 28.2518112], [85.7861996, 28.2525271], [85.7848608, 28.2536727], [85.7830344, 28.2554332], [85.7813609, 28.2563429], [85.7793623, 28.2572441], [85.7770291, 28.2582717], [85.7757428, 28.2587125], [85.7746526, 28.2588051], [85.772415, 28.2586872], [85.7699669, 28.2580639], [85.7673372, 28.2572806], [85.7659315, 28.2567668], [85.7642198, 28.2564635], [85.7626324, 28.2560424], [85.7613445, 28.25546], [85.7604074, 28.254744], [85.7593437, 28.253797], [85.7576129, 28.2532242], [85.7569046, 28.2528789], [85.7564042, 28.2524501], [85.7558362, 28.2522356], [85.7550518, 28.2521999], [85.7544703, 28.2525215], [85.7541187, 28.2534031], [85.7540917, 28.2540463], [85.7546732, 28.2544394], [85.7551735, 28.2548206], [85.7553493, 28.2551065], [85.7553358, 28.2554639], [85.7549977, 28.2561905], [85.7544162, 28.256941], [85.7529962, 28.258025], [85.751982, 28.259371], [85.7511587, 28.2603895], [85.7511317, 28.2613067], [85.7515644, 28.2622596], [85.7516456, 28.2634388], [85.7519161, 28.2646299], [85.7525787, 28.2655471], [85.7533901, 28.2660235], [85.7541069, 28.2666667], [85.7547695, 28.2666905], [85.7560137, 28.2667144], [85.7571767, 28.2667025], [85.758218, 28.2667858], [85.7585155, 28.2670479], [85.7585967, 28.267429], [85.7580693, 28.2686677], [85.757055, 28.2695253], [85.7568116, 28.2702995], [85.7566763, 28.2710856], [85.7570009, 28.2720265], [85.757028, 28.2728126], [85.7568251, 28.2741822], [85.7562968, 28.2761583], [85.7558761, 28.2773289], [85.7555605, 28.2778679], [85.7550125, 28.2786298], [85.7548212, 28.2787477], [85.7544387, 28.2785877], [85.7538554, 28.2782845], [85.752373, 28.2775261], [85.7504086, 28.2771288], [85.7492898, 28.2771035], [85.7484292, 28.2769856], [85.7474729, 28.276893], [85.7464497, 28.277213], [85.7454456, 28.2777098], [85.7446519, 28.2786109], [85.7444416, 28.2792004], [85.7440973, 28.280312], [85.744401, 28.2812583], [85.7452903, 28.2822941], [85.7459502, 28.283372], [85.7465909, 28.2839867], [85.747375, 28.2842815], [85.7475567, 28.2845088], [85.7476141, 28.284972], [85.7472507, 28.2854688], [85.745551, 28.2863941], [85.744263, 28.2877073], [85.7439569, 28.288263], [85.7439952, 28.2888019], [85.7447055, 28.2894965], [85.7460924, 28.2896858], [85.74687, 28.2894893], [85.7473501, 28.2891678], [85.7482801, 28.2886901], [85.7489877, 28.2881428], [85.7496571, 28.2877554], [85.7504795, 28.2872755], [85.7517322, 28.2869639], [85.7524494, 28.2869555], [85.7528127, 28.2871323], [85.7531953, 28.2877554], [85.7534152, 28.2883028], [85.7532239, 28.289288], [85.7530996, 28.2904416], [85.7531188, 28.2914604], [85.7527362, 28.2929677], [85.7526502, 28.2939276], [85.7527936, 28.2948369], [85.7532813, 28.2954432], [85.7546218, 28.2962097], [85.7552506, 28.2964598], [85.7554738, 28.2969182], [85.7557148, 28.2976539], [85.7557892, 28.2982731], [85.7556878, 28.2987196], [85.75537, 28.2996841], [85.7546498, 28.3010944], [85.7540548, 28.3019682], [85.7537437, 28.3024802], [85.7527836, 28.3029684], [85.7511743, 28.3030041], [85.7475229, 28.3026826], [85.7461976, 28.3029565], [85.7448993, 28.3036471], [85.7443449, 28.3050163], [85.7444395, 28.3064213], [85.7455485, 28.3077548], [85.7465222, 28.3081954], [85.747604, 28.3084811], [85.7483478, 28.3084811], [85.7487535, 28.3087669], [85.7492674, 28.3093384], [85.7491592, 28.3098741], [85.7481991, 28.3110647], [85.7474282, 28.3113624], [85.7463328, 28.3110052], [85.7458054, 28.3104337], [85.7439527, 28.309005], [85.7429249, 28.3087192], [85.7427085, 28.308362], [85.7426679, 28.3078263], [85.7422081, 28.3072786], [85.7418836, 28.3072309], [85.7415725, 28.3072309], [85.7411127, 28.3074572], [85.7402202, 28.308243], [85.7400444, 28.3091121], [85.7401931, 28.3099813], [85.7401931, 28.3105528], [85.7400444, 28.3109099], [85.7390436, 28.3113743], [85.7380699, 28.3125291], [85.7375966, 28.3131482], [85.7375155, 28.313684], [85.7379888, 28.3141721], [85.7383675, 28.3142555], [85.7388273, 28.3141245], [85.7396116, 28.3138269], [85.7411398, 28.3136721], [85.7424245, 28.3138269], [85.7443313, 28.3140531], [85.7456161, 28.314065], [85.7464835, 28.313868], [85.746727, 28.3140049], [85.7468216, 28.3142251], [85.7457601, 28.3157487], [85.7452915, 28.3168431], [85.7450716, 28.318855], [85.7451201, 28.3213385], [85.7445, 28.3240109], [85.7434028, 28.3257282], [85.7416845, 28.3268711], [85.7402345, 28.3267731], [85.7392894, 28.3263572], [85.7382094, 28.3264998], [85.7373049, 28.3269157], [85.7370484, 28.3278545], [85.7363869, 28.32852], [85.7344294, 28.3291855], [85.7332819, 28.3296964], [85.7320938, 28.3295063], [85.7314593, 28.3298272], [85.7311623, 28.3307184], [85.7314323, 28.3312413], [85.7306628, 28.3316453], [85.7302443, 28.3323226], [85.7302038, 28.3330712], [85.7309598, 28.3338199], [85.7319858, 28.3342476], [85.7342134, 28.3346041], [85.7349901, 28.3349791], [85.7360294, 28.3356084], [85.7354092, 28.3386446], [85.7343196, 28.3402399], [85.7335162, 28.3405942], [85.7329811, 28.3408176], [85.732778, 28.3403057], [85.732564, 28.3397504], [85.7322095, 28.339711], [85.7320925, 28.3401761], [85.7317383, 28.3405534], [85.7309417, 28.3413048], [85.7294753, 28.3425364], [85.7281099, 28.3432663], [85.7273584, 28.3455474], [85.7275609, 28.3469613], [85.7275879, 28.3486247], [85.7270951, 28.349991], [85.7267643, 28.3504365], [85.7260484, 28.3516273], [85.723786, 28.3526492], [85.7226936, 28.3529528], [85.7221058, 28.3532653], [85.7218842, 28.3535162], [85.7221975, 28.3542219], [85.722214, 28.3546218], [85.7218268, 28.3556398], [85.721496, 28.356495], [85.7214312, 28.3570397], [85.7209595, 28.3580319], [85.7211079, 28.3588274], [85.721718, 28.3602001], [85.72209, 28.3610968], [85.7223586, 28.3616738], [85.7214892, 28.3619105], [85.720632, 28.3624748], [85.7201094, 28.3632987], [85.7199489, 28.3644747], [85.7200953, 28.3654621], [85.7205341, 28.3659194], [85.7216208, 28.3664362], [85.7227616, 28.3673212], [85.7235918, 28.3677488], [85.7242939, 28.3677963], [85.7245976, 28.3675587], [85.7246668, 28.3673436], [85.723742, 28.3666902], [85.7233235, 28.3663458], [85.7234585, 28.36612], [85.7239648, 28.3662032], [85.7243833, 28.3663458], [85.7246668, 28.3664467], [85.7253418, 28.3669991], [85.7258076, 28.3671595], [85.7262598, 28.3671476], [85.7268312, 28.3670134], [85.7273658, 28.3666019], [85.7278615, 28.3665874], [85.7283612, 28.3663929], [85.7285983, 28.3660697], [85.7285983, 28.3654481], [85.7291138, 28.3646417], [85.7294956, 28.3638521], [85.7296293, 28.3626593], [85.7304311, 28.3623905], [85.7320603, 28.3622603], [85.7350376, 28.3619818], [85.7355865, 28.3609714], [85.7363703, 28.3597937], [85.7378943, 28.3573739], [85.7409041, 28.354869], [85.7414906, 28.353549], [85.7417689, 28.3525003], [85.7419838, 28.3511015], [85.7421373, 28.3493933], [85.7425991, 28.3481518], [85.743859, 28.345471], [85.7443043, 28.3457163], [85.7437468, 28.3483195], [85.7437197, 28.3490812], [85.7437738, 28.3507474], [85.7441525, 28.3532229], [85.7448727, 28.3545774], [85.7455488, 28.3556723], [85.7460762, 28.3561602], [85.7467119, 28.3562673], [85.7474962, 28.3560888], [85.7485646, 28.3557318], [85.7497411, 28.3556961], [85.7506337, 28.3553391], [85.7511746, 28.3549344], [85.7519455, 28.3541013], [85.7522024, 28.3537562], [85.7526216, 28.3536134], [85.7531896, 28.3536848], [85.7542715, 28.3538395], [85.7553669, 28.35378], [85.7558538, 28.3532326], [85.755678, 28.352578], [85.7546367, 28.3515069], [85.7538793, 28.3507571], [85.7524864, 28.3502334], [85.7496103, 28.3493907], [85.7479942, 28.3489867], [85.7471527, 28.348709], [85.7469519, 28.3484313], [85.7467606, 28.3479937], [85.746818, 28.3472952], [85.747124, 28.3464451], [85.7477073, 28.3450565], [85.7488357, 28.343045], [85.750297, 28.3398998], [85.7508173, 28.3390433], [85.7514771, 28.338189], [85.7522086, 28.3375493], [85.7527633, 28.3372043], [85.7531888, 28.3370864], [85.7535283, 28.3370948], [85.7538534, 28.3371874], [85.7542407, 28.3373852], [85.7550063, 28.3378386], [85.7554526, 28.338148], [85.7557366, 28.338642], [85.7556622, 28.3401358], [85.7556149, 28.3412309], [85.7556825, 28.3424211], [85.7558993, 28.3442633], [85.7561671, 28.3460559], [85.7562245, 28.346704], [85.7560906, 28.3472678], [85.756301, 28.3477391], [85.7569799, 28.3480842], [85.757611, 28.347857], [85.7578597, 28.3475119], [85.7581848, 28.3474362], [85.7587012, 28.347453], [85.759208, 28.3474109], [85.7597052, 28.3470911], [85.7596479, 28.3466956], [85.759667, 28.346401], [85.7598391, 28.3463], [85.7604607, 28.3463], [85.7609484, 28.3462327], [85.7613404, 28.3459045], [85.761503, 28.3455257], [85.7617994, 28.345147], [85.7622489, 28.344701], [85.7630617, 28.3442381], [85.7639797, 28.3438088], [85.7643144, 28.3433291], [85.7645057, 28.3426137], [85.7641402, 28.3420611], [85.763423, 28.3416318], [85.7634134, 28.3411437], [85.7627345, 28.3405209], [85.7626197, 28.339898], [85.7621129, 28.3392668], [85.7617113, 28.3389386], [85.7614531, 28.3384841], [85.7614435, 28.3379791], [85.7614818, 28.3376761], [85.7619982, 28.3372721], [85.7630022, 28.3372384], [85.7643697, 28.3375161], [85.7657467, 28.338341], [85.7667916, 28.338799], [85.7674036, 28.3391441], [85.7679678, 28.3392871], [85.768379, 28.3392871], [85.769144, 28.3390683], [85.7693257, 28.3387737], [85.7700238, 28.3380752], [85.7704254, 28.3373092], [85.7712287, 28.3369389], [85.7721275, 28.336577], [85.7729499, 28.3365012], [85.7734663, 28.3361393], [85.7747955, 28.3353145], [85.7751493, 28.3347842], [85.7754948, 28.3345581], [85.7752696, 28.3336004], [85.7740265, 28.3321359], [85.7734909, 28.3307723], [85.7726097, 28.3299254]]]}, "properties": {"external_id": "osm:way/291815411", "name": "Fuqu (Nyanang Pu) Glacier", "name_ne": "", "area_km2": 22.085}}, {"type": "Feature", "geometry": {"type": "Polygon", "coordinates": [[[85.7179203, 28.3017532], [85.7177048, 28.3019565], [85.7174483, 28.3025211], [85.7177521, 28.3033294], [85.7187376, 28.3042506], [85.7199998, 28.3049043], [85.7210326, 28.3050351], [85.7222746, 28.3047439], [85.7229496, 28.3046844], [85.7234559, 28.3044705], [85.7241377, 28.3036503], [85.7250624, 28.302848], [85.7258589, 28.3022537], [85.7266285, 28.301802], [85.7268985, 28.3015167], [85.7275195, 28.3013681], [85.7278637, 28.3009462], [85.7291665, 28.3005777], [85.7296457, 28.3002033], [85.7296592, 28.2998348], [85.7295242, 28.2995614], [85.7296592, 28.299282], [85.7303478, 28.2990384], [85.730665, 28.2987828], [85.730611, 28.2982301], [85.7302128, 28.2975109], [85.7291125, 28.297499], [85.7283902, 28.2973802], [85.7282552, 28.2967323], [85.7278232, 28.2961439], [85.727344, 28.2961796], [85.7268107, 28.2964767], [85.7264327, 28.2971068], [85.7252244, 28.2978616], [85.7238812, 28.2983608], [85.7234762, 28.2987353], [85.7232196, 28.2992345], [85.7233749, 28.2997219], [85.7239217, 28.3006906], [85.7236044, 28.3012909], [85.7225311, 28.3018911], [85.7210866, 28.302533], [85.7198446, 28.302848], [85.7193383, 28.302747], [85.7188523, 28.3023904], [85.7183866, 28.3018911], [85.7179203, 28.3017532]]]}, "properties": {"external_id": "osm:way/291815416", "name": "", "name_ne": "", "area_km2": 0.473}}, {"type": "Feature", "geometry": {"type": "Polygon", "coordinates": [[[85.7153523, 28.4152053], [85.7149582, 28.4147499], [85.7146987, 28.4141476], [85.7146554, 28.4136024], [85.7146194, 28.4133298], [85.7143743, 28.4131269], [85.7142446, 28.413203], [85.7142013, 28.4133171], [85.7139346, 28.4133742], [85.7138049, 28.4133552], [85.7136103, 28.4131777], [85.7135094, 28.4129811], [85.7135958, 28.4126768], [85.7138481, 28.4120175], [85.7143599, 28.4112123], [85.7149077, 28.4104642], [85.7156141, 28.4099254], [85.71627, 28.4093358], [85.7168755, 28.4087525], [85.7175026, 28.408258], [85.7183171, 28.408017], [85.7192108, 28.4082389], [85.7202488, 28.4087715], [85.7213516, 28.4096337], [85.7223319, 28.4102994], [85.7233482, 28.4113455], [85.724069, 28.4124549], [85.7240402, 28.4129431], [85.7238528, 28.4133362], [85.7234852, 28.4140018], [85.7234419, 28.4145407], [85.7234203, 28.4148196], [85.7232689, 28.4149845], [85.7231031, 28.4151303], [85.7229878, 28.4152761], [85.7229734, 28.4154726], [85.7228941, 28.4155994], [85.7227211, 28.4157135], [85.7225337, 28.4157135], [85.7223679, 28.4156691], [85.7219427, 28.4154663], [85.7214309, 28.4153902], [85.7211642, 28.4152634], [85.7210056, 28.4152507], [85.7205948, 28.4154282], [85.7202055, 28.4157325], [85.7197082, 28.4164045], [85.7193489, 28.4172792], [85.7191904, 28.4179004], [85.7187723, 28.4189401], [85.7183687, 28.4204995], [85.7181452, 28.4211018], [85.7175686, 28.4224267], [85.7171793, 28.4236121], [85.7164153, 28.4250637], [85.7158747, 28.4259004], [85.7156441, 28.4263885], [85.7151323, 28.4274344], [85.7149088, 28.4279035], [85.7144583, 28.4284391], [85.7140907, 28.428867], [85.7139646, 28.4290445], [85.7138853, 28.4291237], [85.7138313, 28.4291396], [85.7137988, 28.4291047], [85.7138277, 28.428997], [85.7140006, 28.4286927], [85.7143791, 28.4281032], [85.7147322, 28.4273013], [85.7150206, 28.4268354], [85.7155359, 28.4260336], [85.7156188, 28.4258751], [85.715626, 28.4257673], [85.7155648, 28.4257737], [85.7155071, 28.4258878], [85.7151431, 28.4264202], [85.7146313, 28.4273172], [85.7139538, 28.4282807], [85.7134348, 28.4290286], [85.7131934, 28.429485], [85.7131285, 28.4297069], [85.713078, 28.4300302], [85.7129735, 28.4304073], [85.7128654, 28.4307781], [85.7128546, 28.4310634], [85.7127717, 28.4312345], [85.71266, 28.4312915], [85.7125627, 28.4312915], [85.7124978, 28.4312503], [85.7123644, 28.4312123], [85.712195, 28.4312155], [85.7120185, 28.4311616], [85.7119211, 28.4310665], [85.7119139, 28.4309144], [85.7118563, 28.4305563], [85.7117554, 28.4301443], [85.7116545, 28.4296593], [85.7115824, 28.4294121], [85.7115752, 28.4291649], [85.7116328, 28.4289146], [85.7116653, 28.4287149], [85.71164, 28.4285723], [85.7115824, 28.4283472], [85.7115355, 28.4282522], [85.7115139, 28.4281412], [85.7115788, 28.4279194], [85.7124978, 28.4266072], [85.7127237, 28.4262091], [85.7130084, 28.4253058], [85.7133112, 28.4244374], [85.7137679, 28.4227733], [85.7141191, 28.42201], [85.7146813, 28.4208753], [85.7152375, 28.4198092], [85.7153395, 28.419343], [85.7154363, 28.4187244], [85.7158644, 28.417544], [85.7160326, 28.4165174], [85.7160275, 28.4159975], [85.7159919, 28.4157688], [85.715839, 28.4154102], [85.71563, 28.4152937], [85.7153523, 28.4152053]]]}, "properties": {"external_id": "osm:way/330244022", "name": "", "name_ne": "", "area_km2": 1.141}}, {"type": "Feature", "geometry": {"type": "Polygon", "coordinates": [[[85.7170017, 28.3969574], [85.7171329, 28.3969336], [85.7175006, 28.3968195], [85.7178898, 28.3966737], [85.7184664, 28.3965342], [85.7188052, 28.3965405], [85.7191007, 28.3966356], [85.7195764, 28.3969844], [85.7204126, 28.3972443], [85.7213063, 28.3976501], [85.7217677, 28.3976628], [85.7221127, 28.3971713], [85.7223433, 28.3969557], [85.7227253, 28.3968162], [85.7234533, 28.3968289], [85.723684, 28.3969684], [85.72403, 28.3973995], [85.7242678, 28.3977229], [85.7245562, 28.3980272], [85.7251112, 28.3981984], [85.725349, 28.3981287], [85.7258248, 28.3980843], [85.7264663, 28.3982935], [85.7268496, 28.3982773], [85.7272605, 28.3981061], [85.7280606, 28.3981378], [85.72863, 28.3984992], [85.730086, 28.3990636], [85.7306194, 28.3994123], [85.7308284, 28.3996976], [85.7310302, 28.4003317], [85.7310086, 28.4011939], [85.7311376, 28.4014089], [85.7313539, 28.4015294], [85.7318945, 28.4015864], [85.7325143, 28.401504], [85.7329396, 28.4014089], [85.7333505, 28.4013899], [85.7337253, 28.401225], [85.7343163, 28.4012377], [85.7349002, 28.401447], [85.7358588, 28.4019859], [85.7363057, 28.4022775], [85.7363346, 28.4026072], [85.736176, 28.4027467], [85.7358012, 28.4029369], [85.7355705, 28.4029369], [85.7352606, 28.4028482], [85.7349867, 28.4028355], [85.7349074, 28.4029179], [85.7349218, 28.4032413], [85.7349218, 28.4036217], [85.7348713, 28.4039577], [85.7349074, 28.4042303], [85.7349146, 28.4046551], [85.7349795, 28.4048644], [85.7349795, 28.4051941], [85.7350443, 28.4054223], [85.735275, 28.4054794], [85.735448, 28.4054667], [85.7355849, 28.4053716], [85.7358372, 28.4052384], [85.7362697, 28.4052575], [85.7364355, 28.4055428], [85.7368679, 28.4060183], [85.7374157, 28.4065255], [85.7388357, 28.4069946], [85.7401764, 28.407039], [85.7410846, 28.4068869], [85.7434309, 28.4070463], [85.7459386, 28.407118], [85.7480133, 28.4069538], [85.7491957, 28.4069359], [85.7496952, 28.4069269], [85.7501539, 28.4070524], [85.7507044, 28.4070883], [85.7511937, 28.4070883], [85.7517135, 28.4071062], [85.7520703, 28.4072855], [85.7520499, 28.4077428], [85.7518358, 28.4081194], [85.75153, 28.4085856], [85.7513364, 28.4093029], [85.7509388, 28.4097243], [85.7497869, 28.4102354], [85.7478196, 28.4105312], [85.744629, 28.4109168], [85.7428757, 28.4109706], [85.7415199, 28.4110871], [85.7399094, 28.4114547], [85.7376362, 28.412172], [85.7363518, 28.4124499], [85.7355975, 28.4125127], [85.7346495, 28.4125396], [85.7337524, 28.4124499], [85.732152, 28.4120196], [85.7303682, 28.4114906], [85.7291653, 28.4108271], [85.7273814, 28.4097153], [85.7266679, 28.4091953], [85.7260971, 28.4088815], [85.7251592, 28.4086305], [85.724252, 28.4083256], [85.7236608, 28.4081015], [85.7230288, 28.4076532], [85.7225526, 28.4072025], [85.7222264, 28.40679], [85.7219716, 28.4066286], [85.7217524, 28.4064448], [85.7215638, 28.4060907], [85.7214364, 28.405862], [85.7212223, 28.4054899], [85.7209063, 28.4052478], [85.7204629, 28.4049878], [85.7201418, 28.4049116], [85.7199634, 28.4048399], [85.7198054, 28.4046919], [85.7197749, 28.4044364], [85.7196627, 28.4042481], [85.71952, 28.4041674], [85.7193926, 28.4042257], [85.7191938, 28.4042481], [85.7190562, 28.4042302], [85.7189084, 28.4041495], [85.7188472, 28.4040329], [85.71873, 28.4040374], [85.7184803, 28.4040419], [85.7182866, 28.4039253], [85.7182407, 28.4037908], [85.7182713, 28.403607], [85.7181999, 28.4034187], [85.7181898, 28.403208], [85.7181133, 28.4031138], [85.7179298, 28.4030466], [85.7176801, 28.4028986], [85.7174099, 28.4027776], [85.7167797, 28.4010722], [85.7166571, 28.3990306], [85.7170017, 28.3969574]]]}, "properties": {"external_id": "osm:way/330244023", "name": "", "name_ne": "", "area_km2": 2.778}}, {"type": "Feature", "geometry": {"type": "Polygon", "coordinates": [[[85.7148572, 28.3970004], [85.7149841, 28.3966585], [85.7150852, 28.39614], [85.7151789, 28.3957659], [85.7153302, 28.3950494], [85.715287, 28.3946436], [85.7150996, 28.3942378], [85.7147752, 28.3937495], [85.7145229, 28.3935086], [85.7143788, 28.3932549], [85.7143427, 28.3928301], [85.7145157, 28.3925511], [85.7146383, 28.392196], [85.7145013, 28.3919867], [85.7142274, 28.3916824], [85.7141698, 28.391397], [85.7142274, 28.3911941], [85.7144941, 28.3911688], [85.7150635, 28.3911371], [85.7157195, 28.3912892], [85.7160222, 28.3914414], [85.7164475, 28.3917204], [85.717334, 28.3920628], [85.7180981, 28.3922657], [85.7184664, 28.3922161], [85.7190358, 28.3922478], [85.7192305, 28.392419], [85.7193097, 28.3928946], [85.7192088, 28.393256], [85.7190575, 28.3939218], [85.7186827, 28.3945939], [85.7180916, 28.395247], [85.7179258, 28.3956782], [85.7179042, 28.3960333], [85.7178321, 28.3961664], [85.7176159, 28.3963249], [85.7172194, 28.3965532], [85.716823, 28.3967244], [85.7167149, 28.3969146], [85.7154432, 28.3970497], [85.7148572, 28.3970004]]]}, "properties": {"external_id": "osm:way/330244024", "name": "", "name_ne": "", "area_km2": 0.209}}, {"type": "Feature", "geometry": {"type": "Polygon", "coordinates": [[[85.7174099, 28.4027776], [85.7172519, 28.4028538], [85.7171704, 28.4030287], [85.7172421, 28.4035476], [85.7163505, 28.4031845], [85.7155705, 28.4031137], [85.7155628, 28.4030392], [85.7153436, 28.4029674], [85.7150985, 28.4029932], [85.7149558, 28.4029798], [85.7147417, 28.4028632], [85.7146398, 28.4025763], [85.7145633, 28.4020428], [85.714599, 28.4017603], [85.7144155, 28.4016214], [85.7139262, 28.4015138], [85.7136, 28.4012896], [85.7133707, 28.4011641], [85.7131923, 28.4010251], [85.7129425, 28.4007785], [85.7127081, 28.4006485], [85.7124328, 28.4005723], [85.7122443, 28.4004243], [85.7122443, 28.4002539], [85.7124074, 28.400106], [85.712759, 28.3998056], [85.7129068, 28.3993393], [85.7130311, 28.3991845], [85.7130851, 28.399007], [85.7129842, 28.3989753], [85.7128653, 28.3990165], [85.7127572, 28.3990228], [85.7127391, 28.3989182], [85.7127824, 28.3986899], [85.7129626, 28.3983888], [85.7131464, 28.3982017], [85.7132185, 28.3981066], [85.7133807, 28.3977198], [85.7134852, 28.3975962], [85.7137735, 28.3975169], [85.7140366, 28.3975867], [85.7141411, 28.3976374], [85.7143681, 28.3977103], [85.7144546, 28.3976057], [85.7146601, 28.397295], [85.714821, 28.3970979], [85.7148572, 28.3970004], [85.7154432, 28.3970497], [85.7167149, 28.3969146], [85.7168879, 28.396978], [85.7170017, 28.3969574], [85.7166571, 28.3990306], [85.7167797, 28.4010722], [85.7174099, 28.4027776]]]}, "properties": {"external_id": "osm:way/330244025", "name": "", "name_ne": "", "area_km2": 0.224}}, {"type": "Feature", "geometry": {"type": "Polygon", "coordinates": [[[85.7172421, 28.4035476], [85.7173033, 28.4043501], [85.7173593, 28.4048074], [85.7174562, 28.4053723], [85.717658, 28.4059975], [85.7179138, 28.40666], [85.7178922, 28.4069643], [85.7177841, 28.4074366], [85.7176147, 28.4076966], [85.7173805, 28.4080072], [85.7169155, 28.4083908], [85.7166705, 28.4086888], [85.7165479, 28.4088029], [85.7162416, 28.4089361], [85.7160614, 28.4090628], [85.715874, 28.4091992], [85.7155388, 28.4093291], [85.7153262, 28.4093196], [85.7151496, 28.4093196], [85.7150703, 28.4093545], [85.7149442, 28.4093418], [85.7147568, 28.409326], [85.714645, 28.4092816], [85.7144468, 28.409177], [85.7143279, 28.4090882], [85.7141513, 28.4089963], [85.714054, 28.4089424], [85.7139855, 28.408841], [85.7139999, 28.4087268], [85.7140756, 28.4085588], [85.7141621, 28.4083242], [85.7142774, 28.4079185], [85.7144973, 28.4074462], [85.7149009, 28.4069009], [85.7150523, 28.4066156], [85.7151965, 28.4063842], [85.7152757, 28.4062003], [85.7152649, 28.4059943], [85.7152001, 28.4058326], [85.7149982, 28.4056931], [85.7148085, 28.4056798], [85.7146454, 28.4056125], [85.7145689, 28.4054691], [85.7145638, 28.4051104], [85.7144925, 28.4047697], [85.7144517, 28.4044828], [85.7145332, 28.4043034], [85.7146556, 28.4041645], [85.7146454, 28.4039493], [85.7146963, 28.403743], [85.714997, 28.4034606], [85.7154303, 28.4032947], [85.7155781, 28.4031871], [85.7155705, 28.4031137], [85.7163505, 28.4031845], [85.7172421, 28.4035476]]]}, "properties": {"external_id": "osm:way/330244026", "name": "", "name_ne": "", "area_km2": 0.178}}, {"type": "Feature", "geometry": {"type": "Polygon", "coordinates": [[[85.722258, 28.372762], [85.7209106, 28.3714683], [85.7199728, 28.3707378], [85.7188104, 28.3702049], [85.7173842, 28.369904], [85.7161338, 28.3700673], [85.7158017, 28.3707292], [85.7157919, 28.3712105], [85.7157626, 28.371666], [85.7155379, 28.3719153], [85.7152546, 28.3718121], [85.7147369, 28.371434], [85.7140922, 28.3708753], [85.7134963, 28.3705744], [85.7128223, 28.3703424], [85.7120017, 28.3703596], [85.7119236, 28.3705744], [85.7120604, 28.3708237], [85.7130372, 28.3712019], [85.714268, 28.3716746], [85.7145708, 28.3721216], [85.7143657, 28.3725083], [85.7138089, 28.3726201], [85.7131642, 28.3725771], [85.7128028, 28.3725857], [85.7124413, 28.3729037], [85.7123827, 28.3734108], [85.7127246, 28.374382], [85.7132912, 28.3748548], [85.7132033, 28.3753705], [85.712539, 28.3764018], [85.7124706, 28.3768316], [85.7128321, 28.3769175], [85.7134182, 28.3767456], [85.7138871, 28.3764362], [85.7146783, 28.3756799], [85.7158603, 28.3751556], [85.716678, 28.375993], [85.718293, 28.374525], [85.719909, 28.373643], [85.7220839, 28.3728355], [85.722258, 28.372762]]]}, "properties": {"external_id": "osm:way/331260783", "name": "", "name_ne": "", "area_km2": 0.399}}, {"type": "Feature", "geometry": {"type": "Polygon", "coordinates": [[[85.6795454, 28.3092218], [85.6794933, 28.3088826], [85.6794933, 28.3082225], [85.6796079, 28.30759], [85.6797953, 28.3069574], [85.6803368, 28.3061598], [85.6806543, 28.305319], [85.6816924, 28.3047122], [85.6826263, 28.30447], [85.6835983, 28.3041783], [85.6844524, 28.3039449], [85.6852623, 28.3038412], [85.685925, 28.3036532], [85.6864478, 28.3035625], [85.6870147, 28.303543], [85.6881118, 28.3037245], [85.6884063, 28.303744], [85.6887082, 28.3035106], [85.689069, 28.3033615], [85.689555, 28.3032383], [85.6902397, 28.3032189], [85.6910717, 28.3032902], [85.6915503, 28.3034004], [85.6920142, 28.3035689], [85.6923087, 28.3035236], [85.692699, 28.3033874], [85.6929199, 28.3032707], [85.6935457, 28.3032513], [85.6944072, 28.3032383], [85.695195, 28.3029466], [85.6959461, 28.3028753], [85.696513, 28.3028882], [85.6969033, 28.3030309], [85.6970726, 28.3032383], [85.6972641, 28.3037245], [85.6973598, 28.30447], [85.6973451, 28.3062657], [85.6972493, 28.3078086], [85.6968885, 28.3087421], [85.696594, 28.3092023], [85.6956368, 28.3097922], [85.6944293, 28.3104275], [85.6938992, 28.3107451], [85.6933764, 28.3112572], [85.6927825, 28.3123368], [85.692164, 28.3129267], [85.691575, 28.3133416], [85.6911626, 28.313549], [85.6908018, 28.3136008], [85.6905957, 28.3135425], [85.6904263, 28.3134064], [85.6903748, 28.3131989], [85.6904411, 28.3129332], [85.6907503, 28.3122136], [85.6910743, 28.3115525], [85.6911258, 28.3112543], [85.6911332, 28.3107422], [85.6909712, 28.3105023], [85.6907945, 28.3103338], [85.6905147, 28.310256], [85.6903527, 28.3102495], [85.6901244, 28.310418], [85.689933, 28.310794], [85.6894765, 28.3113256], [85.6889537, 28.3117275], [85.6886518, 28.3119155], [85.6883426, 28.3119479], [85.6881253, 28.3118667], [85.6880333, 28.3118829], [85.6880075, 28.3119412], [85.6880333, 28.312126], [85.6881032, 28.3123237], [85.688464, 28.3133349], [85.6885335, 28.3142286], [85.6884709, 28.3145074], [85.688331, 28.3146629], [85.6880696, 28.3148217], [85.687915, 28.3148606], [85.687672, 28.3148282], [85.6874548, 28.3146889], [85.6872008, 28.314449], [85.6869136, 28.3141638], [85.6864497, 28.3138559], [85.6863135, 28.3137068], [85.6861773, 28.3134767], [85.6861368, 28.3131429], [85.6860337, 28.3128965], [85.6858989, 28.312647], [85.6857811, 28.3125368], [85.6855344, 28.3125141], [85.6854571, 28.3125984], [85.685435, 28.3127086], [85.685516, 28.3128836], [85.6856117, 28.3131721], [85.6855896, 28.3133698], [85.6855261, 28.3135877], [85.6854635, 28.3136947], [85.6852794, 28.3137952], [85.6851248, 28.3138632], [85.6850143, 28.3139442], [85.6848892, 28.3141128], [85.6848708, 28.3142262], [85.6848119, 28.3143429], [85.6846572, 28.3144725], [85.6844658, 28.3144758], [85.6843222, 28.314398], [85.6840518, 28.3142692], [85.6834996, 28.3139743], [85.6832198, 28.3137928], [85.6822877, 28.3130741], [85.6818643, 28.3127921], [85.6816913, 28.3126041], [85.6814152, 28.3122119], [85.6812201, 28.3118133], [85.6808674, 28.3110204], [85.68068, 28.3106492], [85.6802791, 28.3102733], [85.6800604, 28.3100258], [85.6797429, 28.3095582], [85.6795454, 28.3092218]]]}, "properties": {"external_id": "osm:way/331307335", "name": "", "name_ne": "", "area_km2": 1.601}}, {"type": "Feature", "geometry": {"type": "Polygon", "coordinates": [[[85.6802571, 28.3262701], [85.6792483, 28.326847], [85.6787771, 28.3273914], [85.6783359, 28.3277424], [85.678141, 28.3278828], [85.6767353, 28.3280524], [85.6745434, 28.3281028], [85.6730912, 28.3280046], [85.6725905, 28.32805], [85.6722765, 28.3281198], [85.6720998, 28.3283078], [85.6720335, 28.3284958], [85.6720482, 28.3288133], [85.6720275, 28.3292895], [85.6718193, 28.3295736], [85.6716058, 28.3296928], [85.671132, 28.3297432], [85.6707207, 28.3297661], [85.6701584, 28.3299036], [85.6697263, 28.3299998], [85.6694503, 28.3300136], [85.6691171, 28.3299632], [85.6688152, 28.3298944], [85.6685913, 28.3297248], [85.6682945, 28.3296744], [85.6678988, 28.3296882], [85.6677218, 28.3297936], [85.6673461, 28.3298591], [85.6669608, 28.3298041], [85.6666693, 28.3296758], [85.666409, 28.32952], [85.6662215, 28.3293275], [85.6661695, 28.32908], [85.6661382, 28.3288601], [85.6660445, 28.3287867], [85.6658779, 28.3288692], [85.6655551, 28.3291992], [85.6654718, 28.3294558], [85.6655265, 28.3297429], [85.6655734, 28.3301462], [85.665589, 28.3303891], [85.6655057, 28.3305587], [85.6652766, 28.3306183], [85.6651308, 28.3305404], [85.6649174, 28.3304029], [85.6645998, 28.3303662], [85.6644176, 28.3303387], [85.664303, 28.3302837], [85.6642457, 28.3301783], [85.6639802, 28.3296513], [85.6637928, 28.3294771], [85.663456, 28.3294739], [85.6632586, 28.32947], [85.6630796, 28.32904], [85.6628778, 28.3286307], [85.6627536, 28.3283983], [85.6631784, 28.3285055], [85.6634075, 28.3285789], [85.6636106, 28.3287164], [85.6637407, 28.3288951], [85.6639594, 28.3289638], [85.6641104, 28.3288264], [85.6641104, 28.3286339], [85.6639157, 28.3282843], [85.6639305, 28.328038], [85.6640115, 28.3278241], [85.6640409, 28.3275519], [85.6638936, 28.3274935], [85.6635844, 28.3273056], [85.6634371, 28.3270658], [85.6632825, 28.3265408], [85.6633782, 28.3261714], [85.6635844, 28.3260482], [85.6639157, 28.3260093], [85.6644532, 28.3260417], [85.6647257, 28.3261778], [85.6651085, 28.3264371], [85.6653442, 28.3265408], [85.6656976, 28.3265538], [85.6658301, 28.3265538], [85.666294, 28.3265797], [85.6665591, 28.3267547], [85.6668241, 28.3268324], [85.6671868, 28.3267852], [85.667343, 28.3266477], [85.6675356, 28.3266248], [85.6677959, 28.3266248], [85.668025, 28.3267669], [85.6682905, 28.3269364], [85.6687331, 28.3270097], [85.6690923, 28.3270143], [85.6693735, 28.326941], [85.6696179, 28.3263586], [85.6698904, 28.3259568], [85.6700667, 28.3254173], [85.6702125, 28.3251469], [85.6703791, 28.3249957], [85.6705874, 28.3248078], [85.6707279, 28.3246153], [85.670983, 28.3244182], [85.6712642, 28.3243449], [85.6716755, 28.3243678], [85.6719462, 28.324519], [85.6721285, 28.3246978], [85.6724721, 28.3248949], [85.6731203, 28.325014], [85.6734302, 28.3250681], [85.673891, 28.3250475], [85.6741617, 28.3250213], [85.6747151, 28.3248829], [85.6749936, 28.3247638], [85.6753944, 28.3247474], [85.6761233, 28.3248482], [85.676519, 28.3248665], [85.6772135, 28.3251198], [85.6774061, 28.3252939], [85.6774582, 28.3255551], [85.677479, 28.3257385], [85.6776404, 28.3259722], [85.6778227, 28.3260776], [85.6780621, 28.3261509], [85.6783537, 28.3261555], [85.6790097, 28.325931], [85.6795981, 28.3253993], [85.6797889, 28.3252799], [85.6803075, 28.3254876], [85.6804796, 28.3257604], [85.6802571, 28.3262701]]]}, "properties": {"external_id": "osm:way/331309071", "name": "", "name_ne": "", "area_km2": 0.574}}, {"type": "Feature", "geometry": {"type": "Polygon", "coordinates": [[[85.7078341, 28.225702], [85.7069383, 28.2259318], [85.706224, 28.2263215], [85.7050787, 28.2264413], [85.7048519, 28.2262915], [85.7047726, 28.2258019], [85.7049653, 28.2252924], [85.7052942, 28.2248328], [85.7061899, 28.2242334], [85.706893, 28.2240935], [85.7082423, 28.2234341], [85.7090928, 28.2230344], [85.7099092, 28.2229645], [85.7108277, 28.2230544], [85.7117348, 28.2234441], [85.7122337, 28.2239736], [85.7123584, 28.224633], [85.7127893, 28.2254722], [85.7129708, 28.2259918], [85.7128914, 28.2264014], [85.7126192, 28.2265612], [85.712109, 28.2265712], [85.7118028, 28.2261516], [85.7113606, 28.2258719], [85.7104875, 28.2255322], [85.7097958, 28.2254423], [85.7078341, 28.225702]]]}, "properties": {"external_id": "osm:way/331344452", "name": "", "name_ne": "", "area_km2": 0.19}}, {"type": "Feature", "geometry": {"type": "Polygon", "coordinates": [[[85.6853323, 28.2973973], [85.6848593, 28.2971219], [85.6845145, 28.2967972], [85.6840975, 28.2963877], [85.6839212, 28.2957805], [85.6839292, 28.2953711], [85.6841136, 28.2949192], [85.6844183, 28.2942768], [85.6846909, 28.2934154], [85.6851559, 28.2927941], [85.6858134, 28.2923635], [85.6863266, 28.2921164], [85.6866553, 28.2921234], [85.68696, 28.2922929], [85.6868958, 28.2925965], [85.6868798, 28.2929], [85.6870402, 28.2931754], [85.6876094, 28.293952], [85.6878099, 28.2941709], [85.6876656, 28.294538], [85.6874892, 28.2945803], [85.6871203, 28.2945239], [85.6867515, 28.2944038], [85.6866312, 28.2944109], [85.6865751, 28.2945168], [85.6865831, 28.2948274], [85.6866954, 28.2949192], [85.6870081, 28.2951381], [85.6871444, 28.2953852], [85.6871123, 28.2956111], [85.686952, 28.2957523], [85.6867515, 28.2958582], [85.6865831, 28.2958864], [85.6865511, 28.2960559], [85.6865591, 28.2964018], [85.6870081, 28.2969878], [85.6871925, 28.2973267], [85.6870562, 28.2975667], [85.6866874, 28.2977149], [85.6861502, 28.2977149], [85.6853323, 28.2973973]]]}, "properties": {"external_id": "osm:way/331344712", "name": "", "name_ne": "", "area_km2": 0.145}}, {"type": "Feature", "geometry": {"type": "Polygon", "coordinates": [[[85.7235029, 28.1737532], [85.724665, 28.17387], [85.7250551, 28.1742115], [85.725564, 28.175089], [85.7266118, 28.1764807], [85.7275619, 28.1774691], [85.7282544, 28.1780512], [85.7288906, 28.1786333], [85.7295589, 28.1792082], [85.7302998, 28.18006], [85.7312581, 28.1810679], [85.7318217, 28.1820688], [85.7320714, 28.1826153], [85.7321116, 28.18346], [85.7321098, 28.1841354], [85.7311011, 28.1843526], [85.7294147, 28.185584], [85.7268901, 28.1871672], [85.7243655, 28.1881259], [85.7215714, 28.1884425], [85.7190268, 28.1883985], [85.7168215, 28.1880731], [85.7157238, 28.1875366], [85.7146461, 28.187044], [85.7129797, 28.1861733], [85.7118022, 28.1858567], [85.7101457, 28.1856368], [85.7089483, 28.1857511], [85.7073916, 28.1862349], [85.7057351, 28.186833], [85.7036595, 28.1877653], [85.7010436, 28.1892979], [85.6992774, 28.1903797], [85.6980779, 28.1910771], [85.697554, 28.1916883], [85.6974791, 28.1920753], [85.6976264, 28.1925399], [85.6979308, 28.1927805], [85.6982614, 28.1928758], [85.6986425, 28.1928322], [85.6994821, 28.1924964], [85.700971, 28.1918807], [85.7022918, 28.1914331], [85.703202, 28.1912528], [85.7046344, 28.1907615], [85.7059468, 28.1901769], [85.7074286, 28.1896047], [85.7084658, 28.1894492], [85.7093196, 28.1893684], [85.7096301, 28.1892191], [85.7099688, 28.1891134], [85.7105474, 28.1891072], [85.7116693, 28.1894741], [85.7130805, 28.1903199], [85.7139907, 28.190749], [85.7147881, 28.1911595], [85.7153102, 28.1912963], [85.7158676, 28.1913647], [85.7165309, 28.1913461], [85.7169401, 28.1912341], [85.7172436, 28.1909667], [85.7173282, 28.1909294], [85.7175258, 28.1909854], [85.7179986, 28.1913212], [85.7183866, 28.1914456], [85.7189441, 28.1914642], [85.7202283, 28.1914456], [85.7220417, 28.1913834], [85.7238621, 28.191116], [85.724723, 28.1911533], [85.725739, 28.1911533], [85.7270938, 28.191116], [85.7279461, 28.1909629], [85.7282405, 28.1906111], [85.7286097, 28.1902154], [85.728914, 28.1900438], [85.7292733, 28.1900263], [85.7299418, 28.190101], [85.7303709, 28.1902681], [85.7305605, 28.1904], [85.7308399, 28.1904484], [85.7311892, 28.190444], [85.7317779, 28.1902725], [85.7329278, 28.1898613], [85.7344801, 28.189569], [85.7365687, 28.1892021], [85.7378952, 28.1891026], [85.7393699, 28.1892643], [85.7413104, 28.1897556], [85.7423335, 28.1901039], [85.7435895, 28.1906449], [85.7444856, 28.1913104], [85.7453464, 28.192094], [85.7457839, 28.1923676], [85.746306, 28.1927283], [85.7465671, 28.1928589], [85.7467859, 28.1930517], [85.7468423, 28.193431], [85.7467576, 28.1938228], [85.7465766, 28.1939641], [85.7463437, 28.1940076], [85.7460756, 28.1944243], [85.7460898, 28.1950635], [85.7460827, 28.1957226], [85.7460192, 28.1965746], [85.7459628, 28.197582], [85.7457511, 28.1987325], [85.7457864, 28.2000011], [85.7456241, 28.2005172], [85.7453543, 28.2010914], [85.7449168, 28.2015516], [85.7444087, 28.2019372], [85.7438443, 28.2024222], [85.7430399, 28.2037529], [85.74268, 28.2043747], [85.7422284, 28.2050712], [85.7414452, 28.2059666], [85.7409936, 28.2061656], [85.7406832, 28.2061905], [85.7404432, 28.2060661], [85.7404885, 28.2059143], [85.7406296, 28.2055536], [85.7406296, 28.2051494], [85.7402627, 28.2047826], [85.7389573, 28.2044095], [85.7377014, 28.2042167], [85.7364736, 28.2041856], [85.7354646, 28.2044095], [85.7341833, 28.2049818], [85.7331155, 28.2060547], [85.7317884, 28.2082619], [85.7311378, 28.2099186], [85.7311449, 28.2104471], [85.7312648, 28.2111933], [85.7316035, 28.2116783], [85.7321539, 28.2122317], [85.732669, 28.2124742], [85.7330782, 28.2124742], [85.7334169, 28.2124679], [85.7337415, 28.2125861], [85.7343836, 28.2127291], [85.7350751, 28.2127913], [85.7357898, 28.2127212], [85.7362061, 28.2124973], [85.7363543, 28.2123108], [85.7363472, 28.2120248], [85.736319, 28.2117761], [85.7362907, 28.2114652], [85.7362978, 28.2109988], [85.7361708, 28.2105263], [85.7361849, 28.2102465], [85.7362907, 28.2092827], [85.7365871, 28.2089594], [85.7367686, 28.2086501], [85.7372625, 28.2086999], [85.7376929, 28.2089673], [85.7379535, 28.2095666], [85.7380382, 28.2099148], [85.7382781, 28.2102195], [85.7386662, 28.2104869], [85.7389837, 28.2104931], [85.7392871, 28.2104931], [85.7396399, 28.210375], [85.7399786, 28.2103687], [85.7401973, 28.2105366], [85.7404807, 28.2108324], [85.7408476, 28.2110811], [85.7411369, 28.2112241], [85.7414332, 28.2113609], [85.7415955, 28.211591], [85.7419836, 28.2118584], [85.7420894, 28.2120511], [85.7420401, 28.2121941], [85.7417178, 28.2125338], [85.7501105, 28.2175174], [85.7502905, 28.2172139], [85.7505998, 28.2172139], [85.7514181, 28.2173545], [85.752875, 28.2178645], [85.7535236, 28.2179788], [85.7545015, 28.2181195], [85.7551901, 28.2181019], [85.7553996, 28.2180228], [85.7556291, 28.2178733], [85.7558387, 28.2177854], [85.7560582, 28.2177942], [85.7570761, 28.2184536], [85.7574253, 28.2185767], [85.7576349, 28.2185943], [85.7578344, 28.2185328], [85.7581039, 28.2184536], [85.7585529, 28.2184624], [85.7589221, 28.2186295], [85.759451, 28.2188405], [85.7598302, 28.2189724], [85.7602294, 28.2194296], [85.7606385, 28.2195967], [85.7611139, 28.2202682], [85.7613115, 28.2203304], [85.7615796, 28.2202869], [85.7616643, 28.220262], [85.7618972, 28.2204734], [85.7618336, 28.220604], [85.7616572, 28.2206848], [85.7611986, 28.2207345], [85.7609093, 28.2206786], [85.7605777, 28.220604], [85.7604648, 28.2203242], [85.760366, 28.2201377], [85.7601755, 28.2199822], [85.7598227, 28.2199325], [85.7596604, 28.2201066], [85.7594134, 28.2204237], [85.7591312, 28.2206848], [85.7583832, 28.2211635], [85.7579175, 28.2214557], [85.7574518, 28.2214619], [85.7570567, 28.2216298], [85.7568874, 28.2219655], [85.7568944, 28.2223448], [85.7570214, 28.2228235], [85.7573319, 28.2238369], [85.7574396, 28.2244193], [85.7572421, 28.2251716], [85.7568258, 28.2261725], [85.7567552, 28.2265207], [85.7568377, 28.2270327], [85.7569717, 28.2272814], [85.7575256, 28.2275049], [85.7578079, 28.2275049], [85.7590371, 28.2272548], [85.7600849, 28.2270789], [85.760626, 28.2268994], [85.7608307, 28.226688], [85.7608871, 28.2264207], [85.7606896, 28.2260166], [85.7603226, 28.2255938], [85.7601321, 28.2250467], [85.7600333, 28.2247359], [85.7598499, 28.2245556], [85.7595535, 28.2243629], [85.7595112, 28.2242012], [85.7595394, 28.2237847], [85.7596946, 28.2235173], [85.7600051, 28.2234179], [85.7604638, 28.2235484], [85.760866, 28.2240209], [85.7610212, 28.2243939], [85.7614234, 28.2249224], [85.7617127, 28.2252332], [85.7619808, 28.2253949], [85.7624677, 28.2255317], [85.7629122, 28.2256187], [85.7633569, 28.2258087], [85.763445, 28.2260915], [85.763445, 28.2263433], [85.7635049, 28.226595], [85.7636672, 28.2266945], [85.7638648, 28.2267007], [85.7640236, 28.2266137], [85.7641612, 28.2263806], [85.7642811, 28.2261257], [85.7644328, 28.2256936], [85.7645528, 28.2255288], [85.7650533, 28.2249659], [85.765223, 28.2244383], [85.7655143, 28.2238163], [85.7659447, 28.2235427], [85.7661705, 28.2233873], [85.7663187, 28.2231697], [85.7664175, 28.2228837], [85.7662058, 28.2226102], [85.7656554, 28.222635], [85.7650839, 28.2227159], [85.7643797, 28.2226665], [85.7642799, 28.2224115], [85.7642599, 28.2220422], [85.7643897, 28.2217257], [85.7649385, 28.2215235], [85.7655372, 28.2214707], [85.7660738, 28.2209964], [85.7662035, 28.2205128], [85.7666649, 28.2201348], [85.767094, 28.2198798], [85.7679223, 28.2197391], [85.7688503, 28.2197743], [85.7693492, 28.2196863], [85.7696935, 28.2193434], [85.7697983, 28.2190049], [85.7697983, 28.2186927], [85.7695488, 28.2184641], [85.7691746, 28.2184026], [85.768965, 28.2182663], [85.7688054, 28.2179717], [85.7685509, 28.217409], [85.7683963, 28.2170793], [85.7679971, 28.2166748], [85.766842, 28.2161318], [85.7660729, 28.2158085], [85.7657342, 28.2155225], [85.7657579, 28.2152205], [85.7658788, 28.2149437], [85.76602, 28.2148316], [85.7662595, 28.2149415], [85.7663943, 28.2150734], [85.7666786, 28.2152185], [85.7669231, 28.2152317], [85.7670828, 28.2152317], [85.7672624, 28.2150339], [85.7672923, 28.2146338], [85.7672923, 28.2143084], [85.7673821, 28.2139699], [85.7675468, 28.2136709], [85.7679909, 28.2127345], [85.7680308, 28.2121101], [85.7681209, 28.2114663], [85.7685301, 28.2110135], [85.7693433, 28.2103891], [85.7696128, 28.2100022], [85.7696926, 28.2096945], [85.7694731, 28.2093735], [85.7689591, 28.2092196], [85.7682207, 28.2091141], [85.7672927, 28.2088151], [85.7661739, 28.2084014], [85.7658845, 28.2083398], [85.7653806, 28.2083134], [85.7650862, 28.2084233], [85.7646072, 28.2089949], [85.7641182, 28.2095445], [85.7634596, 28.2102568], [85.7630106, 28.2108943], [85.7628759, 28.2113208], [85.7630605, 28.2116374], [85.7633848, 28.2121474], [85.7637889, 28.2123496], [85.7642579, 28.2127409], [85.7645623, 28.2132641], [85.7648816, 28.2135895], [85.7650263, 28.2138225], [85.7651011, 28.2143677], [85.7649016, 28.2148777], [85.7645423, 28.2153745], [85.7641731, 28.2156207], [85.7638937, 28.2156515], [85.7635744, 28.2154712], [85.7633199, 28.2152514], [85.7617939, 28.2140007], [85.7609401, 28.213497], [85.7604038, 28.2131053], [85.7595642, 28.2122535], [85.7590209, 28.2115757], [85.758788, 28.2112001], [85.758803, 28.2109846], [85.7588479, 28.2106197], [85.7589127, 28.2104878], [85.7592321, 28.2101757], [85.7595264, 28.2099998], [85.7598657, 28.2099954], [85.7603896, 28.2100306], [85.7612198, 28.2101534], [85.7616714, 28.2101471], [85.7624617, 28.2099233], [85.7629133, 28.2096248], [85.7631391, 28.2090901], [85.7631602, 28.2086921], [85.7627369, 28.2080952], [85.7621442, 28.2077097], [85.761495, 28.2072495], [85.7607478, 28.2069206], [85.7601241, 28.2068459], [85.7580036, 28.2067359], [85.75737, 28.2068151], [85.7568062, 28.207158], [85.7563322, 28.2076197], [85.7557534, 28.2080946], [85.7553942, 28.2082309], [85.7551148, 28.2082177], [85.7546408, 28.2079759], [85.7543095, 28.2080048], [85.7534314, 28.2077322], [85.7523237, 28.2073628], [85.7512959, 28.2066505], [85.7509666, 28.2062021], [85.7504777, 28.2053315], [85.7502481, 28.2044697], [85.7500759, 28.2038925], [85.75009, 28.2036252], [85.7502029, 28.203563], [85.7505627, 28.2035754], [85.7510143, 28.2038366], [85.7518963, 28.2043838], [85.7525667, 28.2047693], [85.7535263, 28.2052979], [85.7542374, 28.205106], [85.7551265, 28.2047454], [85.7554723, 28.2041671], [85.7557615, 28.2036385], [85.7562272, 28.2031535], [85.7567494, 28.2027368], [85.7568129, 28.2021772], [85.7565801, 28.2016984], [85.7560367, 28.2014621], [85.7554158, 28.2015678], [85.7543856, 28.2018165], [85.7537082, 28.2019098], [85.7532919, 28.2018227], [85.752727, 28.2015652], [85.7516367, 28.2012024], [85.7513872, 28.2010573], [85.7512874, 28.2008506], [85.7514471, 28.2004681], [85.751492, 28.2001119], [85.7516616, 28.1997733], [85.7520558, 28.1982783], [85.7518808, 28.1976491], [85.7513519, 28.1971918], [85.7504987, 28.1966157], [85.7500746, 28.1961452], [85.7497453, 28.195811], [85.7496755, 28.1956615], [85.7496705, 28.1954988], [85.7497453, 28.1953977], [85.749922, 28.1951408], [85.7502713, 28.1946747], [85.7509114, 28.1946438], [85.7517722, 28.1945878], [85.7523156, 28.1946936], [85.754136, 28.1952906], [85.757029, 28.1961861], [85.7587436, 28.1966773], [85.7611003, 28.1971997], [85.7615872, 28.1971997], [85.7618836, 28.197038], [85.762815, 28.1968515], [85.7640992, 28.1967768], [85.7654398, 28.1968826], [85.7662583, 28.1968826], [85.7675496, 28.196553], [85.7685727, 28.1959746], [85.7698212, 28.1958717], [85.7717535, 28.1962024], [85.7722333, 28.1963952], [85.7731718, 28.1967559], [85.7745547, 28.1969984], [85.7752831, 28.1969959], [85.7757841, 28.1967845], [85.776271, 28.1964797], [85.776659, 28.1960942], [85.7768425, 28.1956029], [85.7769272, 28.1953044], [85.7768566, 28.1949935], [85.7766308, 28.1948193], [85.7762851, 28.1948193], [85.7759746, 28.1948193], [85.7756924, 28.1947074], [85.775516, 28.1944711], [85.775396, 28.1939611], [85.7757911, 28.1927858], [85.7761933, 28.1924251], [85.7768072, 28.1923256], [85.7773576, 28.1922447], [85.777915, 28.1915979], [85.7783864, 28.1910747], [85.7787307, 28.190613], [85.7791099, 28.1899534], [85.7792246, 28.1893817], [85.7791149, 28.1889639], [85.7788858, 28.188135], [85.7786177, 28.1874758], [85.7782649, 28.1870218], [85.7772136, 28.1865056], [85.7764092, 28.1864185], [85.775887, 28.1864931], [85.7749909, 28.1866237], [85.7744053, 28.1866424], [85.7739536, 28.1866168], [85.773754, 28.1865377], [85.7734646, 28.1864365], [85.7731653, 28.1864761], [85.772836, 28.1866344], [85.7725216, 28.1868983], [85.7721774, 28.1873952], [85.7720813, 28.1880638], [85.7718698, 28.1889154], [85.7714606, 28.1895311], [85.7704233, 28.1900846], [85.7674386, 28.1909429], [85.7637695, 28.1914217], [85.7623794, 28.1914155], [85.7611376, 28.1912725], [85.7604743, 28.1910921], [85.7592818, 28.1905013], [85.7578283, 28.189898], [85.7567064, 28.1894938], [85.7558103, 28.1889963], [85.7555351, 28.1887786], [85.7553516, 28.1882935], [85.7552348, 28.1877641], [85.7551849, 28.1874123], [85.7540872, 28.1867263], [85.7528698, 28.1861722], [85.7531475, 28.1859675], [85.7536205, 28.1858111], [85.7540501, 28.1856305], [85.7544406, 28.1853433], [85.7547527, 28.1853482], [85.7550426, 28.1854662], [85.7554829, 28.1856725], [85.7559456, 28.1858445], [85.7564082, 28.1858543], [85.7568932, 28.1858592], [85.7571329, 28.1859575], [85.7572667, 28.1861098], [85.7573502, 28.1864032], [85.757366, 28.1865422], [85.7572911, 28.1867298], [85.7571059, 28.187105], [85.756897, 28.1873134], [85.7567984, 28.1874663], [85.7567314, 28.1877025], [85.7567905, 28.1878728], [85.75696, 28.1879909], [85.757161, 28.1881055], [85.7574015, 28.1882792], [85.757638, 28.1883278], [85.7578311, 28.1883973], [85.7579572, 28.1885224], [85.7580479, 28.1886405], [85.7581661, 28.1887482], [85.7583593, 28.1888524], [85.7585642, 28.1888802], [85.7587179, 28.1889462], [85.7589111, 28.1890991], [85.7591475, 28.1891894], [85.7595259, 28.1892137], [85.7599358, 28.1891929], [85.7601329, 28.1891095], [85.760326, 28.1889671], [85.7604325, 28.1887065], [85.7607514, 28.1880461], [85.7611771, 28.1875945], [85.7617289, 28.1872262], [85.7624305, 28.1869136], [85.7634395, 28.1866982], [85.7642357, 28.186594], [85.7649609, 28.186448], [85.765631, 28.1860312], [85.7664114, 28.1854614], [85.7666479, 28.1851765], [85.766908, 28.1847735], [85.7672628, 28.1845998], [85.7677988, 28.1845234], [85.7683191, 28.1843219], [85.7687526, 28.1839814], [85.7690364, 28.1836687], [85.7692729, 28.1832449], [85.7693833, 28.1829044], [85.7695094, 28.1826612], [85.7697695, 28.1825014], [85.7699981, 28.1824528], [85.77014, 28.1824667], [85.7704159, 28.1826056], [85.7704869, 28.182828], [85.7704711, 28.1830781], [85.7705499, 28.1832796], [85.7706603, 28.1833144], [85.7709362, 28.1833352], [85.7712988, 28.1832588], [85.7715432, 28.1830573], [85.7717403, 28.1826821], [85.7717718, 28.1823833], [85.7717797, 28.1818413], [85.7720792, 28.1815564], [85.7727966, 28.1814592], [85.7735376, 28.1814731], [85.7744441, 28.1813341], [85.7749723, 28.1809867], [85.7753034, 28.1804725], [85.7753364, 28.1801319], [85.7754145, 28.17939], [85.7753699, 28.1791001], [85.7752194, 28.1788348], [85.7748515, 28.1786628], [85.7744947, 28.1786137], [85.7739875, 28.1786481], [85.7732461, 28.1789429], [85.7728225, 28.1791296], [85.7723041, 28.1792328], [85.7717913, 28.1790903], [85.7715182, 28.1788986], [85.7711336, 28.1787119], [85.7708994, 28.1786481], [85.7704312, 28.1786431], [85.7699964, 28.1788053], [85.7697743, 28.1789725], [85.7695654, 28.1791809], [85.7693014, 28.1793546], [85.7689506, 28.1794276], [85.7677405, 28.179445], [85.7672321, 28.1793998], [85.7667631, 28.1794068], [85.7664714, 28.1794519], [85.7660019, 28.1796787], [85.7655841, 28.1798872], [85.7652806, 28.1801235], [85.7649692, 28.1803944], [85.7645712, 28.1806828], [85.7643268, 28.1807801], [85.7639484, 28.1807176], [85.7635424, 28.1805543], [85.7631483, 28.1804257], [85.7626359, 28.1803145], [85.7623521, 28.1803041], [85.7620604, 28.1803597], [85.7616534, 28.1804751], [85.7614366, 28.1806523], [85.7609557, 28.1808434], [85.7605261, 28.1809059], [85.7601123, 28.1808538], [85.7597654, 28.1807982], [85.75932, 28.1807565], [85.758713, 28.1807739], [85.7578971, 28.1808052], [85.7571046, 28.1808609], [85.7567088, 28.1808658], [85.7564134, 28.1807724], [85.7562963, 28.1806545], [85.7562908, 28.1805513], [85.7563704, 28.1802906], [85.7563788, 28.1800483], [85.7563748, 28.1798885], [85.7564024, 28.1797391], [85.7565483, 28.1795792], [85.7566665, 28.1794333], [85.7568281, 28.1790894], [85.7570528, 28.1788114], [85.7572025, 28.1786516], [85.7576164, 28.1785717], [85.757912, 28.1785543], [85.7584581, 28.1783177], [85.7589469, 28.178064], [85.7591952, 28.1779946], [85.7594711, 28.1778764], [85.7598495, 28.177793], [85.7599992, 28.1777305], [85.760149, 28.1776054], [85.760283, 28.1773796], [85.7605392, 28.1771989], [85.7607599, 28.1771364], [85.760957, 28.1771677], [85.7610595, 28.1772128], [85.7612963, 28.1773727], [85.7614579, 28.1774595], [85.7616155, 28.177602], [85.7618559, 28.1777965], [85.7620609, 28.177866], [85.7623683, 28.1778347], [85.7625694, 28.1777305], [85.762727, 28.1775811], [85.7629379, 28.1771967], [85.7629418, 28.1768006], [85.7628236, 28.1765782], [85.7627251, 28.1764392], [85.7620629, 28.1760362], [85.7616806, 28.1759354], [85.7612155, 28.1759215], [85.7607583, 28.1759702], [85.7603365, 28.1760675], [85.7597832, 28.1761089], [85.7589555, 28.1761749], [85.7585101, 28.1762131], [85.7579898, 28.1764077], [85.757576, 28.17663], [85.7571266, 28.1770331], [85.7569099, 28.1772172], [85.7567285, 28.1773284], [85.7564408, 28.1773423], [85.7562083, 28.177318], [85.75609, 28.1772346], [85.7559481, 28.1770365], [85.7557984, 28.1767794], [85.7557747, 28.1765362], [85.7559008, 28.1761402], [85.755778, 28.1758014], [85.7557334, 28.1756098], [85.7557557, 28.175374], [85.7557125, 28.1752369], [85.755606, 28.1750841], [85.7553853, 28.174959], [85.7550779, 28.1748374], [85.7546877, 28.1747853], [85.7544236, 28.1748235], [85.7541516, 28.1749694], [85.75386, 28.1750945], [85.7534934, 28.1753064], [85.7533003, 28.1753446], [85.753115, 28.1753481], [85.7528904, 28.175303], [85.7527169, 28.1752543], [85.7526359, 28.1751812], [85.7525718, 28.175078], [85.7524213, 28.1749797], [85.7523042, 28.1749478], [85.7521342, 28.1749625], [85.7519726, 28.174992], [85.7518026, 28.1750559], [85.7515935, 28.1752008], [85.7513873, 28.1754121], [85.7512702, 28.1756013], [85.7512033, 28.1758543], [85.7510198, 28.1763648], [85.7509292, 28.1766219], [85.7509252, 28.176872], [85.7510119, 28.1771569], [85.7510356, 28.1773307], [85.7510474, 28.1775079], [85.7511065, 28.1776885], [85.7510592, 28.1777997], [85.7509607, 28.1778553], [85.7507282, 28.1779838], [85.7503182, 28.1781506], [85.7500153, 28.1783296], [85.7498577, 28.1784963], [85.7495502, 28.1786457], [85.7491127, 28.1788055], [85.748892, 28.1789271], [85.7485452, 28.1791286], [85.7482968, 28.1793302], [85.7480249, 28.1794101], [85.7478317, 28.1793857], [85.747745, 28.1793024], [85.7474928, 28.1791043], [85.7471972, 28.1790348], [85.7469489, 28.1790314], [85.7466257, 28.1789237], [85.746535, 28.178816], [85.7464995, 28.17867], [85.7463931, 28.1783504], [85.7463576, 28.1781836], [85.7463852, 28.1780377], [85.7464956, 28.1778848], [85.7467124, 28.1776486], [85.7471696, 28.1774366], [85.7475164, 28.1772212], [85.7477687, 28.1770128], [85.7478815, 28.1768505], [85.7478201, 28.1767808], [85.7476821, 28.1763847], [85.747623, 28.1760755], [85.7476506, 28.1758392], [85.7475597, 28.1755737], [85.7474426, 28.1754459], [85.7472141, 28.1753157], [85.7470664, 28.1752813], [85.7469215, 28.1753231], [85.7467459, 28.1754287], [85.74636, 28.1758691], [85.7461826, 28.1763103], [85.7459304, 28.1767446], [85.7456545, 28.1770191], [85.7454259, 28.177165], [85.7451579, 28.1772554], [85.7448544, 28.1773839], [85.7444996, 28.1776028], [85.7443735, 28.1777487], [85.7440762, 28.1779002], [85.7439675, 28.1780083], [85.7438142, 28.1782613], [85.7436162, 28.179067], [85.743488, 28.1792292], [85.7434396, 28.1794838], [85.7435579, 28.1799146], [85.7437786, 28.180401], [85.7440387, 28.1805886], [85.7444644, 28.1805886], [85.7451108, 28.1804219], [85.7456153, 28.1802551], [85.7458833, 28.1802343], [85.7461352, 28.1801459], [85.7463362, 28.1801633], [85.7466239, 28.1802466], [85.7470124, 28.180505], [85.7471227, 28.1807621], [85.7473237, 28.1812415], [85.7475721, 28.1815438], [85.7477612, 28.1815994], [85.7482145, 28.181575], [85.7488294, 28.1814326], [85.749387, 28.1812277], [85.7500336, 28.1811245], [85.7504963, 28.181041], [85.7507968, 28.1807127], [85.7509473, 28.180472], [85.7509975, 28.1804572], [85.7511146, 28.1805211], [85.7511424, 28.1807324], [85.7511592, 28.1809092], [85.751449, 28.1810566], [85.7519451, 28.181037], [85.7522628, 28.1809829], [85.7525025, 28.1808306], [85.7528147, 28.1805309], [85.7530878, 28.1803], [85.7533052, 28.1802754], [85.7534668, 28.1802951], [85.7535504, 28.1804621], [85.7537511, 28.18115], [85.7537344, 28.181435], [85.7536396, 28.1818182], [85.7534501, 28.1822113], [85.7531601, 28.1825194], [85.7529483, 28.1828044], [85.7528814, 28.1830304], [85.7529594, 28.1832613], [85.7531545, 28.1833891], [85.753567, 28.1833547], [85.7540464, 28.1831533], [85.7542694, 28.182996], [85.7548212, 28.1829174], [85.7557855, 28.1826374], [85.7566272, 28.1823327], [85.7576449, 28.1819795], [85.7578972, 28.1819691], [85.7581297, 28.182042], [85.7581337, 28.182181], [85.7580942, 28.1822435], [85.7576883, 28.182379], [85.7567954, 28.1826589], [85.7555302, 28.1830029], [85.7550769, 28.1831557], [85.7545094, 28.1833572], [85.7540679, 28.1836282], [85.7536856, 28.1839861], [85.7533112, 28.1842362], [85.7530116, 28.1844377], [85.7527396, 28.1846079], [85.7524288, 28.1849174], [85.7522114, 28.1852613], [85.7521306, 28.1853595], [85.7519256, 28.1853769], [85.7515157, 28.1854081], [85.7508793, 28.185653], [85.7502055, 28.1854773], [85.749304, 28.185163], [85.7470948, 28.1845414], [85.745099, 28.1843919], [85.7434425, 28.1840313], [85.743276, 28.1835368], [85.7431069, 28.1831606], [85.7428975, 28.1826354], [85.7424868, 28.1822592], [85.7415044, 28.1819895], [85.7407233, 28.1816913], [85.7401515, 28.1813506], [85.7398616, 28.1811377], [85.7393463, 28.1805273], [85.7388343, 28.179966], [85.738151, 28.1796097], [85.737667, 28.1794089], [85.7369153, 28.1792934], [85.7362947, 28.1790676], [85.7354861, 28.1788718], [85.7350648, 28.1788116], [85.7346092, 28.1788116], [85.7339886, 28.1789722], [85.7335501, 28.179188], [85.7331197, 28.1791328], [85.7321916, 28.1790073], [85.731867, 28.1789371], [85.7314343, 28.1787965], [85.7309332, 28.1784854], [85.7305403, 28.1782244], [85.7302955, 28.1779383], [85.7299418, 28.1774553], [85.7294259, 28.1770403], [85.7290501, 28.1766789], [85.7287654, 28.1762774], [85.7287027, 28.1761368], [85.7287483, 28.175926], [85.7290159, 28.1758106], [85.729312, 28.1758206], [85.7298985, 28.175921], [85.7301433, 28.1760264], [85.7305533, 28.1762272], [85.7309462, 28.1763727], [85.7314131, 28.1763727], [85.7317661, 28.1763125], [85.7320452, 28.1760665], [85.7321761, 28.1757553], [85.7322843, 28.1752384], [85.7323526, 28.1751078], [85.7325121, 28.1750526], [85.7327341, 28.1752183], [85.7329562, 28.1755947], [85.7330075, 28.1757252], [85.7331612, 28.1758708], [85.7336224, 28.175916], [85.7339641, 28.1758005], [85.7341577, 28.1757001], [85.7343797, 28.1756901], [85.7345676, 28.1758357], [85.7348068, 28.1759611], [85.7352338, 28.1760113], [85.7359001, 28.1759461], [85.7362246, 28.1758407], [85.7368965, 28.1755746], [85.7373236, 28.1754994], [85.7380069, 28.1753337], [85.7387243, 28.1751129], [85.7391617, 28.1748393], [85.7392744, 28.1745909], [85.7392261, 28.1742501], [85.7390087, 28.1740443], [85.7385577, 28.1739165], [85.7379055, 28.1739236], [85.7368989, 28.1738526], [85.7364157, 28.1738526], [85.7357474, 28.1736539], [85.7354092, 28.1734409], [85.7350146, 28.1732705], [85.7342979, 28.1731428], [85.7333396, 28.1729653], [85.7326471, 28.1727026], [85.7322847, 28.1723619], [85.7322203, 28.1721206], [85.7321237, 28.1717727], [85.7319428, 28.171581], [85.7314699, 28.1713292], [85.7305703, 28.171289], [85.729961, 28.1713041], [85.7293973, 28.1712137], [85.7290442, 28.1710029], [85.7280682, 28.1706334], [85.7268281, 28.1705126], [85.724607, 28.1718962], [85.7235029, 28.1737532]]]}, "properties": {"external_id": "osm:way/331366531", "name": "Langshisa Glacier", "name_ne": "", "area_km2": 12.893}}, {"type": "Feature", "geometry": {"type": "Polygon", "coordinates": [[[85.7074139, 28.2157086], [85.7066456, 28.2157086], [85.7055579, 28.2155503], [85.7051288, 28.2154536], [85.7048993, 28.2152074], [85.7047795, 28.2145391], [85.7042107, 28.2139763], [85.7038615, 28.2134927], [85.7035023, 28.213097], [85.7035521, 28.2121122], [85.7032428, 28.2112592], [85.7025243, 28.2107844], [85.7023347, 28.2101952], [85.7027938, 28.2097203], [85.703602, 28.2095709], [85.7043504, 28.2089025], [85.7049093, 28.2085156], [85.7058972, 28.2081375], [85.7067753, 28.2081111], [85.7071545, 28.208498], [85.7071445, 28.2088762], [85.7068252, 28.2094477], [85.7061766, 28.2099666], [85.705498, 28.2107668], [85.7053284, 28.2114614], [85.7055778, 28.2120506], [85.7062364, 28.2122265], [85.7066256, 28.2124463], [85.7069749, 28.212798], [85.7073441, 28.2135015], [85.7080226, 28.2141082], [85.7082322, 28.2145655], [85.708781, 28.2148117], [85.7094296, 28.2148732], [85.7098587, 28.2153217], [85.7098487, 28.2156822], [85.7095494, 28.2158229], [85.7089806, 28.2158405], [85.7085615, 28.2157437], [85.7074139, 28.2157086]]]}, "properties": {"external_id": "osm:way/331367450", "name": "", "name_ne": "", "area_km2": 0.264}}, {"type": "Feature", "geometry": {"type": "Polygon", "coordinates": [[[85.6842466, 28.1807267], [85.6840349, 28.1813549], [85.6839784, 28.1817281], [85.6840419, 28.1825117], [85.6840702, 28.1829595], [85.6839714, 28.1831834], [85.6837668, 28.1833203], [85.683414, 28.1834322], [85.6831741, 28.1835255], [85.682904, 28.1836228], [85.6824454, 28.1836601], [85.6822266, 28.1837596], [85.682022, 28.1837658], [85.6813261, 28.1836643], [85.6810068, 28.1834972], [85.6807873, 28.1832685], [85.6805877, 28.182987], [85.6802684, 28.182943], [85.6800389, 28.1828727], [85.6797196, 28.1825648], [85.6797196, 28.182125], [85.6802584, 28.1812806], [85.6809869, 28.1802515], [85.6815856, 28.1798381], [85.6825835, 28.17924], [85.6830225, 28.1791432], [85.6836113, 28.1791344], [85.6842998, 28.1792312], [85.6846092, 28.1793983], [85.6848387, 28.1796182], [85.6848786, 28.180058], [85.684699, 28.1803835], [85.6842466, 28.1807267]]]}, "properties": {"external_id": "osm:way/331372443", "name": "", "name_ne": "", "area_km2": 0.174}}, {"type": "Feature", "geometry": {"type": "Polygon", "coordinates": [[[85.721282, 28.1508461], [85.7209252, 28.1514303], [85.7205379, 28.151709], [85.7195083, 28.1521134], [85.7182036, 28.1521494], [85.7175206, 28.1520325], [85.7170682, 28.1514924], [85.7168321, 28.1510856], [85.7167061, 28.1505752], [85.7166946, 28.1500708], [85.7170915, 28.1496924], [85.7172361, 28.1495941], [85.7174778, 28.1496451], [85.7182769, 28.1497615], [85.7183992, 28.1493301], [85.7184909, 28.1487009], [85.7186948, 28.1482245], [85.7189394, 28.1480448], [85.7194578, 28.1476536], [85.7197416, 28.1474315], [85.7199401, 28.1474078], [85.7201101, 28.1474885], [85.7203574, 28.1474383], [85.7205935, 28.1472775], [85.7207834, 28.147033], [85.721034, 28.1469048], [85.7213795, 28.1469918], [85.7216263, 28.1471337], [85.7218811, 28.1470589], [85.7220281, 28.1468853], [85.7220329, 28.1461685], [85.7221266, 28.1459333], [85.7222996, 28.1458507], [85.7223645, 28.1456855], [85.722314, 28.1455012], [85.7222131, 28.1452406], [85.7222131, 28.1450245], [85.7223645, 28.1447766], [85.7228546, 28.144605], [85.723388, 28.1446114], [85.7242385, 28.1448211], [85.7244403, 28.1450753], [85.7246494, 28.1455838], [85.7246422, 28.1459461], [85.7245485, 28.1462765], [85.7242169, 28.1466134], [85.723943, 28.1469439], [85.7238277, 28.1472807], [85.7236258, 28.1474396], [85.7233303, 28.1476303], [85.7231357, 28.1479417], [85.7231141, 28.148609], [85.7231717, 28.1489459], [85.7232799, 28.1490539], [85.7235105, 28.1490793], [85.723561, 28.1489268], [85.7236114, 28.1485264], [85.7237484, 28.1482658], [85.7240223, 28.1481705], [85.7245268, 28.1482023], [85.7249954, 28.1483802], [85.7252404, 28.1485963], [85.7253341, 28.1489395], [85.7252765, 28.1492509], [85.7251683, 28.1494543], [85.7247359, 28.1496195], [85.7242601, 28.1497784], [85.7238637, 28.1499564], [85.7235538, 28.1500453], [85.7233447, 28.1500453], [85.7230997, 28.1499627], [85.7228041, 28.1498737], [85.7224077, 28.149861], [85.7216797, 28.1499436], [85.7215427, 28.1500136], [85.7213625, 28.1503949], [85.721282, 28.1508461]]]}, "properties": {"external_id": "osm:way/331806838", "name": "", "name_ne": "", "area_km2": 0.325}}, {"type": "Feature", "geometry": {"type": "Polygon", "coordinates": [[[85.7200065, 28.17449], [85.7204958, 28.1744182], [85.7209953, 28.1744002], [85.7218923, 28.1743013], [85.7220962, 28.1742025], [85.7222695, 28.1739419], [85.7225345, 28.1737352], [85.7227996, 28.1737173], [85.7235029, 28.1737532], [85.724607, 28.1718962], [85.7268281, 28.1705126], [85.726007, 28.1704326], [85.7249027, 28.170293], [85.7234784, 28.1700986], [85.7232259, 28.1694915], [85.723307, 28.169139], [85.7235539, 28.1689437], [85.7239412, 28.1688089], [85.7248281, 28.1688718], [85.7251441, 28.1688358], [85.7253989, 28.1687639], [85.7258576, 28.1685213], [85.726561, 28.1684854], [85.727244, 28.1685662], [85.7281736, 28.1690098], [85.7283971, 28.169175], [85.7286349, 28.1692894], [85.7289088, 28.1693339], [85.7290674, 28.1694165], [85.7292404, 28.1695245], [85.7294638, 28.1698804], [85.7297305, 28.1700329], [85.7299468, 28.1700837], [85.7306171, 28.1699757], [85.7314028, 28.1698168], [85.7326209, 28.1698168], [85.7338246, 28.1697469], [85.7349923, 28.1695436], [85.7353239, 28.1694673], [85.7362826, 28.1693085], [85.736542, 28.1691877], [85.7366357, 28.1690988], [85.7366646, 28.168959], [85.7365709, 28.1688637], [85.7363258, 28.1687811], [85.7359654, 28.1687493], [85.7353388, 28.168487], [85.7346966, 28.1682983], [85.7340493, 28.1680107], [85.733718, 28.1677231], [85.7334785, 28.1672379], [85.7333307, 28.1669818], [85.7332287, 28.1667436], [85.7333001, 28.1664426], [85.733295, 28.1662673], [85.7330263, 28.165746], [85.7328316, 28.1654791], [85.7326082, 28.1652949], [85.7324784, 28.1651233], [85.7323055, 28.164634], [85.732291, 28.16424], [85.7323199, 28.1640049], [85.7322118, 28.1637253], [85.7317072, 28.1631343], [85.7313828, 28.1625243], [85.7310532, 28.1617022], [85.730945, 28.1612256], [85.7309162, 28.1607236], [85.7309234, 28.1603804], [85.7310152, 28.1601378], [85.7311681, 28.1600704], [85.7313668, 28.159976], [85.7314841, 28.1597828], [85.7315401, 28.1594592], [85.7319222, 28.1589752], [85.7320534, 28.1587111], [85.7319525, 28.1585141], [85.7316569, 28.1582091], [85.7312028, 28.1580947], [85.7305541, 28.1580248], [85.7301577, 28.157885], [85.7300063, 28.1577897], [85.7299847, 28.1576943], [85.729891, 28.1574528], [85.7295522, 28.1573257], [85.7293504, 28.1571796], [85.7293432, 28.1569826], [85.7295234, 28.1567729], [85.7298333, 28.1565949], [85.7299559, 28.1563789], [85.7299559, 28.1561437], [85.7300135, 28.1559467], [85.7302442, 28.155826], [85.7303883, 28.1556607], [85.730446, 28.155451], [85.7306203, 28.155246], [85.7308041, 28.1550617], [85.7310528, 28.1549664], [85.7313195, 28.154871], [85.7314817, 28.1547249], [85.7317015, 28.1545374], [85.7320511, 28.1543309], [85.7323647, 28.154261], [85.7325196, 28.1541497], [85.7325737, 28.1540004], [85.7325737, 28.1538193], [85.7324656, 28.1536699], [85.7323684, 28.1533757], [85.7325201, 28.1530827], [85.732673, 28.1530467], [85.7328106, 28.1530647], [85.7328616, 28.1529748], [85.7327902, 28.1528131], [85.7326577, 28.1526648], [85.7324691, 28.1525389], [85.73225, 28.1524266], [85.7319187, 28.1523502], [85.7316851, 28.1522438], [85.7316553, 28.1521151], [85.7316589, 28.1519308], [85.7319168, 28.1517267], [85.7322483, 28.1516155], [85.732306, 28.1515074], [85.7322772, 28.1512596], [85.7321402, 28.1511134], [85.7319564, 28.1510244], [85.7316645, 28.1510085], [85.7310698, 28.1510816], [85.7307707, 28.1512564], [85.7305233, 28.1514827], [85.7302855, 28.1516511], [85.7297917, 28.1517146], [85.7292079, 28.1517083], [85.7289808, 28.1516511], [85.7285231, 28.1514382], [85.7280762, 28.1513365], [85.7272617, 28.1513047], [85.726631, 28.1513492], [85.7258814, 28.151524], [85.7250165, 28.1519362], [85.7245374, 28.1523316], [85.7241704, 28.1527316], [85.7234671, 28.1530327], [85.7231256, 28.1533877], [85.7229421, 28.1537472], [85.722628, 28.1543649], [85.7221379, 28.1547779], [85.7215252, 28.1549432], [85.7210927, 28.155102], [85.7207107, 28.155369], [85.7205017, 28.1556676], [85.720444, 28.1559282], [85.7204306, 28.1562114], [85.7205003, 28.1565365], [85.720691, 28.1571646], [85.7208981, 28.1578919], [85.7205284, 28.1583139], [85.7198352, 28.1591497], [85.7193301, 28.1596886], [85.7191138, 28.1602732], [85.7189336, 28.1610358], [85.7185876, 28.1614044], [85.717982, 28.1617719], [85.7176065, 28.1620746], [85.7172418, 28.1623394], [85.7170594, 28.1626516], [85.7168555, 28.1631907], [85.7168662, 28.1637866], [85.716877, 28.1644392], [85.7168019, 28.1651392], [85.7169199, 28.1656026], [85.7172096, 28.1659053], [85.71751, 28.1662553], [85.7175422, 28.1666241], [85.717628, 28.1670781], [85.7177675, 28.1672673], [85.7181215, 28.1677118], [85.7184434, 28.1681942], [85.7185185, 28.1695467], [85.7181644, 28.1702466], [85.7178426, 28.1708141], [85.7178426, 28.1712208], [85.7178748, 28.1716653], [85.718025, 28.1719301], [85.7181322, 28.1722611], [85.7181644, 28.1725449], [85.7182395, 28.1731785], [85.7185614, 28.1735569], [85.7189262, 28.1738311], [85.7193124, 28.1742094], [85.7200065, 28.17449]]]}, "properties": {"external_id": "osm:way/331807976", "name": "", "name_ne": "", "area_km2": 2.751}}, {"type": "Feature", "geometry": {"type": "Polygon", "coordinates": [[[85.7051594, 28.1727859], [85.7048861, 28.1728511], [85.7045387, 28.1729866], [85.7041458, 28.1729816], [85.7037985, 28.1728461], [85.703565, 28.1726202], [85.7034967, 28.172304], [85.7037245, 28.1717719], [85.7040433, 28.1713704], [85.7043565, 28.1709688], [85.7046298, 28.1703564], [85.7048861, 28.1700954], [85.7056149, 28.1697791], [85.7063893, 28.1696988], [85.7067196, 28.1695633], [85.7072377, 28.1693977], [85.7076819, 28.1693876], [85.7080748, 28.1694428], [85.708405, 28.1695984], [85.7082171, 28.1698093], [85.7081089, 28.1700151], [85.7081032, 28.1700753], [85.7084506, 28.1701355], [85.7088207, 28.170005], [85.7092364, 28.1698143], [85.7095438, 28.1698093], [85.7099241, 28.1698096], [85.7110514, 28.1699586], [85.711744, 28.1701787], [85.712096, 28.1703277], [85.7095565, 28.1713552], [85.7080507, 28.1714901], [85.7070361, 28.1714191], [85.7064885, 28.1716108], [85.7051594, 28.1727859]]]}, "properties": {"external_id": "osm:way/334106706", "name": "", "name_ne": "", "area_km2": 0.153}}, {"type": "Feature", "geometry": {"type": "Polygon", "coordinates": [[[85.712096, 28.1703277], [85.7123479, 28.1704343], [85.7129599, 28.1708957], [85.7133626, 28.1713003], [85.713427, 28.1718327], [85.7131049, 28.1722657], [85.7126217, 28.172571], [85.7121237, 28.1728762], [85.7119016, 28.1731172], [85.7116563, 28.1735338], [85.7114741, 28.1739403], [85.7112008, 28.1742817], [85.7108649, 28.1743971], [85.7105118, 28.1743118], [85.7101417, 28.17385], [85.7099367, 28.1736743], [85.7097374, 28.1736091], [85.7092705, 28.1736141], [85.7087694, 28.1738952], [85.7078641, 28.1743519], [85.7074712, 28.1745377], [85.707027, 28.1749593], [85.7066455, 28.1753659], [85.7063665, 28.1756419], [85.7058427, 28.1756469], [85.7055694, 28.1754261], [85.7053985, 28.1751701], [85.7053359, 28.174633], [85.705353, 28.1740608], [85.7054441, 28.1734233], [85.7053701, 28.1730569], [85.7052505, 28.172831], [85.7051594, 28.1727859], [85.7064885, 28.1716108], [85.7070361, 28.1714191], [85.7080507, 28.1714901], [85.7095565, 28.1713552], [85.712096, 28.1703277]]]}, "properties": {"external_id": "osm:way/334106707", "name": "", "name_ne": "", "area_km2": 0.248}}, {"type": "Feature", "geometry": {"type": "Polygon", "coordinates": [[[85.6937301, 28.2757555], [85.6934945, 28.2759176], [85.6934061, 28.276151], [85.6933693, 28.2767865], [85.6934356, 28.277221], [85.6934282, 28.2774739], [85.6933325, 28.2777397], [85.6932147, 28.2779148], [85.6928239, 28.2782542], [85.692725, 28.2783917], [85.6926625, 28.2786072], [85.6924959, 28.2787769], [85.6923501, 28.2787861], [85.6922824, 28.2786577], [85.692272, 28.2784513], [85.6922668, 28.2782588], [85.6922668, 28.2781029], [85.6922095, 28.2779607], [85.6921314, 28.2778553], [85.6920481, 28.2778002], [85.6917461, 28.2777773], [85.6915431, 28.2778369], [85.6914754, 28.2780066], [85.6913661, 28.2781716], [85.6911578, 28.2783413], [85.690834, 28.2783868], [85.6904438, 28.2783933], [85.6897148, 28.2782377], [85.6892951, 28.2778616], [85.6891626, 28.2774855], [85.6892068, 28.2771029], [85.689413, 28.2767074], [85.6896118, 28.276422], [85.6897369, 28.2762275], [85.6896265, 28.2760524], [85.689413, 28.2759681], [85.6891921, 28.2758255], [85.6890522, 28.2755726], [85.6891626, 28.2751316], [85.6892657, 28.2748787], [85.689435, 28.2747685], [85.6899505, 28.2746777], [85.6902892, 28.2746193], [85.6904438, 28.2745415], [85.6905174, 28.2743275], [85.691685, 28.2747394], [85.6937301, 28.2757555]]]}, "properties": {"external_id": "osm:way/334320317", "name": "", "name_ne": "", "area_km2": 0.151}}, {"type": "Feature", "geometry": {"type": "Polygon", "coordinates": [[[85.7014201, 28.2754006], [85.7012582, 28.2750569], [85.7012213, 28.2747133], [85.7011919, 28.2742204], [85.7012434, 28.2737276], [85.7014864, 28.273118], [85.701722, 28.2727743], [85.701965, 28.2724955], [85.7021933, 28.2723139], [85.7023185, 28.2721323], [85.7024436, 28.2717368], [85.7024068, 28.2714579], [85.7021786, 28.271231], [85.701722, 28.271205], [85.7013318, 28.2710883], [85.7010078, 28.2709456], [85.700809, 28.2706408], [85.7008385, 28.2702582], [85.7010888, 28.2699859], [85.7018472, 28.2697654], [85.7026572, 28.2696097], [85.7032978, 28.2695708], [85.7038205, 28.269694], [85.7041519, 28.2699275], [85.7044979, 28.2702388], [85.7048072, 28.2704333], [85.7053594, 28.2704528], [85.7062577, 28.2703296], [85.707075, 28.2702971], [85.7076788, 28.270336], [85.7081795, 28.2704787], [85.7084961, 28.2707316], [85.7090116, 28.2712439], [85.7091294, 28.2716784], [85.7091073, 28.2720675], [85.70896, 28.2722231], [85.708717, 28.272262], [85.708371, 28.2721453], [85.7080543, 28.2719702], [85.7077009, 28.2718665], [85.7072665, 28.27186], [85.7068321, 28.2718924], [85.706243, 28.2721194], [85.7060368, 28.2723074], [85.705919, 28.2726641], [85.7059559, 28.2730921], [85.7058969, 28.2733644], [85.7055951, 28.2737406], [85.7050355, 28.2741037], [85.7047262, 28.2743371], [85.7044464, 28.2747262], [85.7042034, 28.2753552], [85.7039089, 28.275861], [85.7036217, 28.2762501], [85.703273, 28.276643], [85.7028564, 28.2766797], [85.7025649, 28.276643], [85.702367, 28.2764412], [85.7019505, 28.2759919], [85.7014201, 28.2754006]]]}, "properties": {"external_id": "osm:way/334320318", "name": "", "name_ne": "", "area_km2": 0.318}}, {"type": "Feature", "geometry": {"type": "Polygon", "coordinates": [[[85.6905174, 28.2743275], [85.6903333, 28.2740681], [85.6900241, 28.2739125], [85.6897443, 28.2736272], [85.6896928, 28.2732057], [85.6898253, 28.2727517], [85.6901345, 28.2722394], [85.6903702, 28.2720384], [85.6909518, 28.2719347], [85.6912022, 28.2719282], [85.6915556, 28.2719411], [85.692049, 28.2718958], [85.692476, 28.2716882], [85.6928295, 28.2714224], [85.6929914, 28.2713121], [85.6934406, 28.2710981], [85.6939339, 28.2710008], [85.6944493, 28.2710398], [85.6949059, 28.2708906], [85.695355, 28.2705793], [85.6958631, 28.2703199], [85.6963122, 28.2702097], [85.6970264, 28.2702097], [85.6977922, 28.2703135], [85.6982266, 28.2706053], [85.6990513, 28.2710462], [85.6995815, 28.2714613], [85.6999938, 28.2718698], [85.7003104, 28.2722784], [85.7003104, 28.2725572], [85.7002073, 28.2727582], [85.6998318, 28.273089], [85.6995373, 28.2732316], [85.6992501, 28.273264], [85.6988157, 28.273089], [85.698558, 28.272875], [85.6981677, 28.2727128], [85.6977775, 28.2727128], [85.6975198, 28.2729722], [85.6974461, 28.2732511], [85.6974461, 28.2738347], [85.6975713, 28.2740357], [85.6980352, 28.2742821], [85.6984475, 28.2744183], [85.6986831, 28.2746448], [85.6990163, 28.2749795], [85.6999639, 28.2753806], [85.7006146, 28.2761316], [85.7008134, 28.2765336], [85.7008944, 28.2768903], [85.7008797, 28.2773377], [85.700703, 28.2774479], [85.7005115, 28.2774479], [85.7002686, 28.2774025], [85.6998047, 28.2772923], [85.6994733, 28.2773182], [85.6992745, 28.277422], [85.6990831, 28.2775517], [85.6987591, 28.2776554], [85.6986045, 28.277649], [85.698472, 28.2774868], [85.6983541, 28.2771172], [85.6980081, 28.276994], [85.6976694, 28.2769681], [85.6974337, 28.2769421], [85.6971539, 28.2768449], [85.6969993, 28.2767541], [85.6968815, 28.2765077], [85.6967784, 28.2763391], [85.6966533, 28.2763261], [85.6965207, 28.2764688], [85.696425, 28.2766114], [85.6961673, 28.2767346], [85.6955414, 28.2766698], [85.695107, 28.2764947], [85.6946505, 28.2762289], [85.694459, 28.2760603], [85.6942234, 28.2758657], [85.6939068, 28.2757425], [85.6937301, 28.2757555], [85.691685, 28.2747394], [85.6905174, 28.2743275]]]}, "properties": {"external_id": "osm:way/334320319", "name": "", "name_ne": "", "area_km2": 0.514}}, {"type": "Feature", "geometry": {"type": "Polygon", "coordinates": [[[85.6554661, 28.2981847], [85.6551307, 28.2978261], [85.6548313, 28.2972355], [85.6546636, 28.2968242], [85.6546875, 28.2960964], [85.6545797, 28.2957379], [85.6542563, 28.2956007], [85.6535856, 28.2955269], [85.6531842, 28.295202], [85.6527017, 28.2947971], [85.6522951, 28.29429], [85.6518208, 28.2936785], [85.6508355, 28.2925556], [85.6503618, 28.2912595], [85.6502176, 28.2905029], [85.6494962, 28.2898142], [85.6482805, 28.2895318], [85.6475351, 28.2891142], [85.6470778, 28.2885921], [85.6468576, 28.2879656], [85.6470608, 28.2875479], [85.6475521, 28.2873839], [85.6480094, 28.2873391], [85.6485854, 28.2870259], [85.6490089, 28.2862651], [85.6491274, 28.2855044], [85.6489242, 28.284848], [85.6486671, 28.2846926], [85.648486, 28.284046], [85.6482178, 28.2838665], [85.6475955, 28.2836019], [85.6479281, 28.2831484], [85.6478852, 28.2828367], [85.6478584, 28.2822651], [85.6470293, 28.281264], [85.64669, 28.2809216], [85.6467559, 28.2805071], [85.646451, 28.2799402], [85.6461122, 28.2788662], [85.6454516, 28.2778518], [85.6449434, 28.2775683], [85.6444691, 28.2773445], [85.6438423, 28.2772103], [85.6435544, 28.2770014], [85.6435036, 28.2764495], [85.6437238, 28.2759124], [85.6443505, 28.2753604], [85.6446893, 28.2748085], [85.6448926, 28.2740924], [85.6449773, 28.2734658], [85.6454177, 28.2727497], [85.6460175, 28.2722985], [85.6464748, 28.2719255], [85.6467798, 28.2711646], [85.6466273, 28.2702844], [85.6466273, 28.2695236], [85.6469661, 28.2688373], [85.6477961, 28.2680167], [85.6488702, 28.2673901], [85.6493014, 28.2668627], [85.6492775, 28.2660398], [85.6487504, 28.2649004], [85.6470975, 28.2634234], [85.6447258, 28.2616299], [85.6431687, 28.2603006], [85.6416115, 28.2596254], [85.640294, 28.2593722], [85.6389285, 28.2590134], [85.6379223, 28.2587391], [85.637036, 28.2583171], [85.636089, 28.2576576], [85.6357106, 28.2569306], [85.6357783, 28.2561248], [85.6359477, 28.2553489], [85.6358378, 28.2545255], [85.6350627, 28.2532729], [85.634895, 28.2525765], [85.6345357, 28.2520806], [85.6338362, 28.2514346], [85.6333159, 28.2506499], [85.6330601, 28.2498885], [85.6327426, 28.2494068], [85.6320671, 28.2484963], [85.6309351, 28.2479178], [85.629979, 28.2476847], [85.6292752, 28.2476552], [85.628642, 28.2478122], [85.6279099, 28.2476832], [85.6268057, 28.2471426], [85.6261571, 28.246914], [85.6255783, 28.2468437], [85.6247002, 28.246914], [85.623822, 28.2473799], [85.6226345, 28.2480568], [85.621966, 28.2486809], [85.6217265, 28.2491204], [85.6217541, 28.2496067], [85.6219235, 28.2499548], [85.6220081, 28.2503526], [85.621867, 28.2507255], [85.6217682, 28.2509742], [85.62174, 28.251633], [85.62174, 28.2521675], [85.621994, 28.2525778], [85.6225444, 28.2527642], [85.6230807, 28.2530377], [85.6232641, 28.2533485], [85.6234476, 28.2539451], [85.6236592, 28.2543554], [85.6236875, 28.2547407], [85.6235322, 28.2550888], [85.6234617, 28.2554368], [85.6234335, 28.2557476], [85.6235322, 28.2563815], [85.6235463, 28.2571522], [85.6235463, 28.2574506], [85.6238709, 28.2579602], [85.6244777, 28.2585941], [85.625268, 28.2592902], [85.6263405, 28.2599242], [85.6266651, 28.2605084], [85.6265381, 28.261279], [85.6261853, 28.2619627], [85.6261364, 28.262998], [85.6261763, 28.2637363], [85.6261664, 28.2643515], [85.6261329, 28.2648495], [85.6258665, 28.2647708], [85.6257268, 28.2647042], [85.62554, 28.2645863], [85.6252685, 28.2643738], [85.6249326, 28.2641867], [85.624765, 28.264115], [85.6244646, 28.2640284], [85.6242604, 28.2639817], [85.6240194, 28.2639545], [85.6236091, 28.2639348], [85.6230477, 28.2639251], [85.6227051, 28.2638992], [85.6225904, 28.2638596], [85.6222973, 28.2636446], [85.6219193, 28.2633269], [85.6215454, 28.2630693], [85.6211309, 28.2627766], [85.6210772, 28.2620663], [85.6209475, 28.2618906], [85.6207279, 28.261328], [85.6204585, 28.2610995], [85.6203442, 28.2608434], [85.6200622, 28.2607456], [85.6196979, 28.2610879], [85.6195786, 28.2610231], [85.6194831, 28.2609912], [85.6194222, 28.2609781], [85.6190216, 28.2609313], [85.6187215, 28.2608666], [85.6182075, 28.2607225], [85.6181646, 28.2598735], [85.6181751, 28.2596114], [85.6186638, 28.2591897], [85.6178695, 28.2590326], [85.6172578, 28.2588531], [85.6168556, 28.2587848], [85.6166016, 28.2589464], [85.6164464, 28.2590209], [85.616277, 28.2590023], [85.6161218, 28.2589153], [85.6159736, 28.2588345], [85.6158113, 28.258791], [85.6155291, 28.2587661], [85.6151692, 28.2587848], [85.614527, 28.2575027], [85.6146927, 28.2570941], [85.6148338, 28.2566901], [85.6149609, 28.2564042], [85.6150949, 28.2563483], [85.6152784, 28.2563359], [85.6154971, 28.2563048], [85.6155959, 28.2562613], [85.6155818, 28.2560375], [85.615363, 28.2558449], [85.6152008, 28.2557641], [85.6148268, 28.2556025], [85.6145939, 28.2553414], [85.6145445, 28.2550804], [85.6145798, 28.2548753], [85.6146504, 28.2545832], [85.6146222, 28.2543532], [85.614474, 28.2542289], [85.6135524, 28.2534454], [85.6130725, 28.2531844], [85.6123952, 28.2527369], [85.6119436, 28.2523515], [85.6116896, 28.2520407], [85.6116331, 28.2516057], [85.6115638, 28.251078], [85.6140566, 28.2488417], [85.6137604, 28.2460524], [85.6147503, 28.2463392], [85.6156497, 28.2464763], [85.6167652, 28.246324], [85.6174916, 28.246065], [85.6180278, 28.2457222], [85.6181661, 28.2453413], [85.6181661, 28.2450594], [85.6177424, 28.2444956], [85.6177251, 28.2442747], [85.617849, 28.2439962], [85.6207506, 28.2435093], [85.6216924, 28.2435465], [85.6210573, 28.2443297], [85.6203658, 28.2446653], [85.6201965, 28.2449015], [85.6203376, 28.2452621], [85.6209585, 28.2453242], [85.621777, 28.2452621], [85.6226661, 28.2448642], [85.6236526, 28.244468], [85.6241516, 28.244257], [85.6248301, 28.2442043], [85.6257681, 28.2441427], [85.6261274, 28.2442043], [85.6264966, 28.244424], [85.6268858, 28.244591], [85.6273049, 28.2447844], [85.6280034, 28.2449163], [85.628642, 28.2449872], [85.6296562, 28.2447619], [85.6302295, 28.2444356], [85.6310409, 28.2437752], [85.6317817, 28.2427884], [85.6323289, 28.242027], [85.6337929, 28.2397893], [85.6351512, 28.2381964], [85.636183, 28.2370232], [85.6380087, 28.2355857], [85.6392523, 28.2340239], [85.6402577, 28.2327029], [85.6413598, 28.2310992], [85.6424948, 28.2293849], [85.6447025, 28.2265166], [85.6464112, 28.2243956], [85.6472594, 28.2236812], [85.6487187, 28.222835], [85.6525728, 28.2205271], [85.6561525, 28.2180653], [85.6576867, 28.2166695], [85.6589589, 28.2151857], [85.6596139, 28.2135769], [85.6597947, 28.2131702], [85.6600068, 28.212758], [85.6606429, 28.2122964], [85.6611231, 28.21217], [85.6617155, 28.212214], [85.6619096, 28.2123594], [85.6621708, 28.2124723], [85.6622955, 28.212769], [85.6622394, 28.214055], [85.6616781, 28.2158849], [85.6611093, 28.2170455], [85.6605625, 28.2177682], [85.6588955, 28.2192215], [85.6577843, 28.2200141], [85.6562849, 28.2210322], [85.6547856, 28.2216772], [85.6528181, 28.2230174], [85.6513188, 28.2242607], [85.6501405, 28.2258654], [85.6488616, 28.2273963], [85.6466391, 28.2301082], [85.6446194, 28.2323539], [85.644023, 28.2333855], [85.643485, 28.2345045], [85.6428156, 28.2361647], [85.6423042, 28.2367581], [85.6411665, 28.2380362], [85.6403184, 28.2390031], [85.6396324, 28.2399591], [85.6387967, 28.2417612], [85.6382604, 28.2430907], [85.6376066, 28.2450538], [85.6374195, 28.2461196], [85.6373946, 28.2478666], [85.6374694, 28.2492949], [85.6380316, 28.2510624], [85.6382775, 28.2517312], [85.6387688, 28.2522535], [85.6394633, 28.2529249], [85.6402606, 28.2541743], [85.6407223, 28.2546027], [85.6414846, 28.2551548], [85.642213, 28.2555875], [85.6433479, 28.2559605], [85.6446184, 28.2561545], [85.6457555, 28.2558386], [85.6461627, 28.2556697], [85.6467616, 28.255617], [85.6481271, 28.2557753], [85.6497082, 28.2559863], [85.6502951, 28.2559863], [85.650906, 28.2559863], [85.651445, 28.2561551], [85.6520319, 28.2566932], [85.6533396, 28.2577144], [85.6538666, 28.2586744], [85.6545134, 28.2592125], [85.6550284, 28.2596134], [85.6555195, 28.2601831], [85.6556872, 28.2607951], [85.655795, 28.2618184], [85.6554956, 28.2627152], [85.6550764, 28.2634642], [85.6550284, 28.2638862], [85.6551842, 28.2643399], [85.655897, 28.2646137], [85.6564959, 28.2646981], [85.657502, 28.2647192], [85.6586197, 28.2649358], [85.6597271, 28.2655701], [85.6600558, 28.2662022], [85.6601163, 28.2667125], [85.6599866, 28.2673904], [85.6591823, 28.2683425], [85.6584905, 28.2687385], [85.6577886, 28.2689296], [85.657486, 28.2696988], [85.657576, 28.2704211], [85.6578182, 28.2706876], [85.65819, 28.2711827], [85.6583078, 28.2727349], [85.65933, 28.2738683], [85.6594666, 28.2742433], [85.6592703, 28.2746824], [85.6586822, 28.2751698], [85.6577656, 28.2756725], [85.6577814, 28.2771331], [85.658026, 28.2779301], [85.6587598, 28.2787809], [85.6592123, 28.2791687], [85.660313, 28.2798041], [85.6606187, 28.2803965], [85.6606058, 28.2814571], [85.6597928, 28.2819493], [85.6591829, 28.2822477], [85.6581496, 28.2824118], [85.6572349, 28.2826952], [85.6563879, 28.2831129], [85.6559475, 28.2835902], [85.6559475, 28.2841869], [85.6562355, 28.2849775], [85.6571074, 28.2856213], [85.6577063, 28.2860221], [85.6591197, 28.2864229], [85.6601738, 28.2864018], [85.6609883, 28.2864651], [85.6612518, 28.2868448], [85.6611321, 28.28733], [85.6610843, 28.2878149], [85.6612198, 28.288337], [85.6613553, 28.2887696], [85.6612876, 28.2890977], [85.6607118, 28.2900418], [85.6601359, 28.2906385], [85.6599496, 28.2911307], [85.6600512, 28.2918317], [85.6604239, 28.2924582], [85.6614233, 28.2935769], [85.6615588, 28.2942332], [85.6615757, 28.2947403], [85.661491, 28.2952325], [85.6616823, 28.2957129], [85.6620804, 28.295959], [85.6625547, 28.2961902], [85.6633842, 28.296566], [85.6637076, 28.2965871], [85.664055, 28.2965027], [85.6642107, 28.2963445], [85.6643305, 28.2960598], [85.6636995, 28.2958552], [85.6636518, 28.2955813], [85.6642004, 28.2952895], [85.6647938, 28.2952706], [85.6657737, 28.2954477], [85.6659782, 28.2954394], [85.666551, 28.2948989], [85.667905, 28.2964087], [85.6670362, 28.297344], [85.6662932, 28.2982453], [85.6660313, 28.2985975], [85.6656458, 28.2990053], [85.6652524, 28.2995593], [85.6643662, 28.3005086], [85.6637303, 28.3015321], [85.663094, 28.3026081], [85.6627044, 28.3030182], [85.6624921, 28.3030861], [85.6622115, 28.3032024], [85.6621989, 28.3031263], [85.6617448, 28.3027403], [85.6608079, 28.3019637], [85.6604473, 28.3016783], [85.6595234, 28.3009929], [85.659146, 28.3007331], [85.6583078, 28.3000213], [85.6579248, 28.2997718], [85.6572248, 28.2994549], [85.6567098, 28.2992069], [85.6566614, 28.2988428], [85.6563207, 28.2984885], [85.6554661, 28.2981847]]]}, "properties": {"external_id": "osm:way/335001371", "name": "Shalbachum Glacier", "name_ne": "", "area_km2": 10.006}}, {"type": "Feature", "geometry": {"type": "Polygon", "coordinates": [[[85.6726442, 28.2705075], [85.6720807, 28.2707666], [85.671482, 28.2707007], [85.6710829, 28.27047], [85.6704218, 28.2699647], [85.6696859, 28.2695033], [85.6690872, 28.2694923], [85.6685135, 28.2695473], [85.6682516, 28.2696791], [85.6676404, 28.269778], [85.6674159, 28.2696901], [85.6672787, 28.2694264], [85.6672163, 28.268987], [85.6671914, 28.2685366], [85.6666301, 28.268284], [85.6663058, 28.2679654], [85.6661561, 28.2675699], [85.6661312, 28.2672953], [85.6662933, 28.2668998], [85.6663806, 28.2665263], [85.6661811, 28.2655815], [85.6663432, 28.2648675], [85.666917, 28.2638238], [85.6672537, 28.2633954], [85.6684199, 28.2630311], [85.6694077, 28.2626427], [85.6700692, 28.2625417], [85.6704484, 28.2626038], [85.6707747, 28.2628058], [85.671057, 28.2630854], [85.6710482, 28.2632796], [85.6713392, 28.2635826], [85.6715597, 28.2636991], [85.6717537, 28.2638933], [85.6717361, 28.2640409], [85.6717714, 28.2643128], [85.6720798, 28.2645807], [85.6725737, 28.2651866], [85.6731029, 28.2657304], [85.6734556, 28.2660566], [85.6736761, 28.2663363], [85.6740818, 28.2668179], [85.6741877, 28.2672218], [85.6741436, 28.2676646], [85.6743111, 28.267983], [85.6744434, 28.2679908], [85.6747874, 28.2678976], [85.6751226, 28.2680374], [85.675246, 28.2682938], [85.6751226, 28.2685423], [85.6745228, 28.269389], [85.6740642, 28.2696842], [85.6735438, 28.2699638], [85.6726442, 28.2705075]]]}, "properties": {"external_id": "osm:way/335218135", "name": "", "name_ne": "", "area_km2": 0.52}}, {"type": "Feature", "geometry": {"type": "Polygon", "coordinates": [[[85.6674173, 28.2559903], [85.6677416, 28.2563034], [85.6681844, 28.2565836], [85.6689764, 28.2567814], [85.6698121, 28.2569681], [85.6703422, 28.2569462], [85.670997, 28.2568033], [85.6713213, 28.2566276], [85.6715538, 28.2564713], [85.6716112, 28.256246], [85.6715759, 28.2560517], [85.6715935, 28.2558808], [85.6716553, 28.2556789], [85.6719066, 28.2556517], [85.6720169, 28.2557099], [85.6726348, 28.2561329], [85.6729841, 28.2562153], [85.6734081, 28.2561658], [85.6740879, 28.2559846], [85.6756657, 28.2553144], [85.6761709, 28.2550232], [85.6766448, 28.2544904], [85.6771852, 28.2539984], [85.6775741, 28.2536444], [85.6787403, 28.2528698], [85.6797194, 28.2525787], [85.6803804, 28.252293], [85.6823122, 28.2510023], [85.6839791, 28.2501089], [85.6852227, 28.2491455], [85.685893, 28.2483375], [85.6868896, 28.2471255], [85.6881861, 28.2459601], [85.6894385, 28.2449889], [85.6914141, 28.2437846], [85.6920579, 28.2431553], [85.6933897, 28.2424249], [85.6939277, 28.241951], [85.6938836, 28.2414693], [85.6935749, 28.2408943], [85.6934218, 28.2408211], [85.6932662, 28.2408088], [85.6925871, 28.2412284], [85.6921637, 28.2416946], [85.6911759, 28.2426347], [85.6900823, 28.243233], [85.6889975, 28.243536], [85.6871807, 28.2444528], [85.6839174, 28.2467293], [85.6827179, 28.2483375], [85.6816331, 28.2494873], [85.6799574, 28.2506527], [85.678705, 28.2514063], [85.6776731, 28.2522454], [85.6762884, 28.2529601], [85.6757328, 28.2529446], [85.6753977, 28.2527426], [85.6750713, 28.2524007], [85.6745245, 28.2522298], [85.6736337, 28.2523852], [85.6729987, 28.2527037], [85.6721873, 28.2528669], [85.6712172, 28.2530922], [85.6705557, 28.2530922], [85.6701147, 28.2528746], [85.6697355, 28.2525483], [85.6687111, 28.2513688], [85.6675761, 28.2506546], [85.6661168, 28.2501492], [85.6651813, 28.2498965], [85.6642459, 28.2499734], [85.6636721, 28.250336], [85.6633353, 28.2508304], [85.6629362, 28.2514677], [85.6627616, 28.252061], [85.6629237, 28.2526433], [85.6634102, 28.2531047], [85.6640089, 28.2534673], [85.6645577, 28.2539287], [85.6648071, 28.2544231], [85.6649194, 28.2549615], [85.6647572, 28.2555767], [85.6643332, 28.256192], [85.6640588, 28.2573236], [85.6640338, 28.2579938], [85.6638841, 28.2587848], [85.6632106, 28.2594549], [85.6625994, 28.2600482], [85.6619134, 28.26018], [85.6612773, 28.2603009], [85.6607285, 28.261004], [85.6607659, 28.2616631], [85.6609031, 28.2622784], [85.6611329, 28.2625763], [85.661901, 28.2634648], [85.6622627, 28.2636736], [85.6631607, 28.2636296], [85.6635474, 28.2634648], [85.6640089, 28.2629485], [85.6645826, 28.2621465], [85.6649942, 28.2611248], [85.6648695, 28.2604876], [85.6648196, 28.2597186], [85.6649194, 28.259433], [85.6650441, 28.2587408], [85.6650316, 28.2582794], [85.6649693, 28.2575873], [85.6652437, 28.257027], [85.6656553, 28.2563788], [85.6660669, 28.2558514], [85.6665034, 28.2555877], [85.6669026, 28.2556097], [85.6674173, 28.2559903]]]}, "properties": {"external_id": "osm:way/335218804", "name": "", "name_ne": "", "area_km2": 1.173}}, {"type": "Feature", "geometry": {"type": "Polygon", "coordinates": [[[85.6617615, 28.2420799], [85.6614361, 28.2425845], [85.6614101, 28.242894], [85.6614101, 28.2436164], [85.6614101, 28.2443846], [85.6614361, 28.2455771], [85.6618527, 28.2462192], [85.662126, 28.2464256], [85.6628679, 28.2464141], [85.6634276, 28.246288], [85.6640263, 28.2463224], [85.6644298, 28.2463683], [85.664651, 28.2460931], [85.664625, 28.2457262], [85.6643126, 28.2452675], [85.6642736, 28.2449121], [85.6642476, 28.244614], [85.6639872, 28.2442241], [85.6639352, 28.2437311], [85.663792, 28.2429972], [85.6639612, 28.2425959], [85.6641695, 28.2421258], [85.6640393, 28.241369], [85.6634536, 28.2408186], [85.6630371, 28.2407728], [85.6627768, 28.2411741], [85.6624253, 28.2416557], [85.6617615, 28.2420799]]]}, "properties": {"external_id": "osm:way/335227749", "name": "", "name_ne": "", "area_km2": 0.145}}, {"type": "Feature", "geometry": {"type": "Polygon", "coordinates": [[[85.6497276, 28.2499372], [85.6486898, 28.2489012], [85.6471252, 28.2482689], [85.6462969, 28.2476851], [85.6459656, 28.247377], [85.645984, 28.2467933], [85.646573, 28.2461609], [85.6470516, 28.2456907], [85.6475302, 28.2454474], [85.6482297, 28.2451069], [85.6486346, 28.2441502], [85.6490028, 28.2435016], [85.6490212, 28.2428529], [85.6492789, 28.2423665], [85.6499047, 28.2419449], [85.6503281, 28.2419449], [85.651322, 28.2418476], [85.6518927, 28.2416692], [85.6520951, 28.2413287], [85.6519479, 28.240907], [85.6516534, 28.2406151], [85.6514141, 28.2402097], [85.6514141, 28.2397395], [85.6517454, 28.2392206], [85.6527578, 28.239026], [85.6540463, 28.2390097], [85.6547089, 28.2389611], [85.6555741, 28.2386368], [85.6566233, 28.2377124], [85.6567153, 28.2372908], [85.6566785, 28.2366746], [85.6566233, 28.2362043], [85.6568258, 28.2357827], [85.6577277, 28.2352961], [85.6580406, 28.2347448], [85.6592555, 28.2340312], [85.6598261, 28.2338853], [85.6607281, 28.2339015], [85.6613355, 28.2339015], [85.6616852, 28.2337231], [85.662035, 28.2334474], [85.6627713, 28.2329933], [85.6638573, 28.2329771], [85.664612, 28.233415], [85.6647592, 28.2344204], [85.6642254, 28.2357016], [85.6639125, 28.2367881], [85.6626889, 28.2390564], [85.6621031, 28.239882], [85.6617387, 28.2408681], [85.6612311, 28.2415561], [85.6609447, 28.2422212], [85.6606974, 28.2429779], [85.6608695, 28.2443779], [85.6609187, 28.2447781], [85.6610619, 28.2460623], [85.6612568, 28.247051], [85.661082, 28.2474482], [85.6606034, 28.2479266], [85.6595634, 28.2487292], [85.6582105, 28.2500913], [85.6572349, 28.2505696], [85.656563, 28.2507885], [85.6560108, 28.2510074], [85.6557991, 28.2513803], [85.6558158, 28.2516927], [85.6558678, 28.2520022], [85.6557637, 28.2524035], [85.6553342, 28.2526787], [85.6549047, 28.2527131], [85.6542018, 28.2526557], [85.653499, 28.2522545], [85.6531736, 28.2518646], [85.6526268, 28.2513316], [85.6521482, 28.250983], [85.6514027, 28.2506668], [85.6508137, 28.2504722], [85.6500682, 28.250229], [85.6497276, 28.2499372]]]}, "properties": {"external_id": "osm:way/335227755", "name": "", "name_ne": "", "area_km2": 1.959}}, {"type": "Feature", "geometry": {"type": "Polygon", "coordinates": [[[85.6254871, 28.2324796], [85.6250737, 28.234593], [85.6240715, 28.2387102], [85.6236601, 28.2403326], [85.6220262, 28.2408659], [85.6214422, 28.2413035], [85.6209885, 28.2405865], [85.6180814, 28.2415431], [85.617618, 28.2429538], [85.6168995, 28.2436721], [85.6156009, 28.2437572], [85.6150207, 28.2436234], [85.6142332, 28.2436112], [85.6135425, 28.2439763], [85.6130037, 28.2445726], [85.6125478, 28.24467], [85.6118709, 28.2445483], [85.6112492, 28.2446578], [85.6108072, 28.2452906], [85.6106276, 28.2455949], [85.6106552, 28.2459843], [85.6109591, 28.2463129], [85.6110282, 28.246678], [85.611194, 28.2470674], [85.6116346, 28.2472357], [85.6117311, 28.2468422], [85.6137604, 28.2460524], [85.6140566, 28.2488417], [85.6115638, 28.251078], [85.6107902, 28.2502573], [85.6104342, 28.2500733], [85.6102058, 28.2500091], [85.609481, 28.2498055], [85.6088317, 28.2494526], [85.6081548, 28.2489902], [85.6071739, 28.2476759], [85.6057786, 28.2470431], [85.6048006, 28.2460887], [85.603413, 28.2447193], [85.6034618, 28.2441256], [85.603413, 28.2434457], [85.603413, 28.242895], [85.6031981, 28.2424819], [85.6025388, 28.2419193], [85.6023182, 28.2417548], [85.6021796, 28.2416515], [85.6017652, 28.2412378], [85.601779, 28.2408483], [85.6021382, 28.240471], [85.602746, 28.2404223], [85.6031881, 28.2406657], [85.603713, 28.2408605], [85.6043347, 28.2407266], [85.6047353, 28.2404102], [85.605136, 28.2401911], [85.6054813, 28.2400086], [85.6058681, 28.2400086], [85.6062688, 28.240398], [85.606545, 28.2408118], [85.6070562, 28.2416029], [85.607291, 28.2419193], [85.6074844, 28.2420775], [85.6078989, 28.2421505], [85.607968, 28.2420166], [85.6077746, 28.241542], [85.6077062, 28.2412284], [85.6078625, 28.2410046], [85.6085463, 28.240626], [85.6091129, 28.2404883], [85.6100116, 28.2405744], [85.6105, 28.2405571], [85.6111643, 28.2401785], [85.6111838, 28.2395072], [85.6109494, 28.238509], [85.6107269, 28.2375591], [85.6104506, 28.2370115], [85.6101743, 28.2367559], [85.6100555, 28.2366028], [85.6098152, 28.2362934], [85.6097461, 28.2358309], [85.6103021, 28.2355814], [85.6105113, 28.2355388], [85.6106025, 28.2352789], [85.6109673, 28.2351513], [85.6110853, 28.2352931], [85.6112677, 28.2353214], [85.6128824, 28.2349292], [85.6151247, 28.2348913], [85.6155485, 28.2345983], [85.6169164, 28.2339934], [85.6181395, 28.2339508], [85.6195503, 28.2338516], [85.6200224, 28.2335349], [85.6205374, 28.2334451], [85.621106, 28.2332277], [85.6218356, 28.233171], [85.6221843, 28.2327457], [85.6221843, 28.2325093], [85.6225625, 28.2322801], [85.6229889, 28.232195], [85.6233081, 28.2324195], [85.6239089, 28.2321856], [85.6238982, 28.2319304], [85.624617, 28.2318926], [85.6249067, 28.2319658], [85.6253761, 28.2322848], [85.6254871, 28.2324796]]]}, "properties": {"external_id": "osm:way/335237130", "name": "Yala Glacier", "name_ne": "", "area_km2": 2.023}}, {"type": "Feature", "geometry": {"type": "Polygon", "coordinates": [[[85.6387376, 28.2694388], [85.6388395, 28.2688822], [85.6393492, 28.2680383], [85.6400832, 28.2677869], [85.6406744, 28.2678587], [85.6412248, 28.2686129], [85.6413472, 28.2695107], [85.6418976, 28.270193], [85.6419384, 28.2708573], [85.6417141, 28.2713601], [85.6414083, 28.2717371], [85.640022, 28.272581], [85.6384726, 28.2730299], [85.6372647, 28.2732253], [85.6368467, 28.2729381], [85.6366123, 28.2726867], [85.6368467, 28.2724802], [85.6372545, 28.2724174], [85.6378151, 28.2721211], [85.6381107, 28.2716363], [85.6382738, 28.2711066], [85.6383656, 28.2706039], [85.6387376, 28.2694388]]]}, "properties": {"external_id": "osm:way/335237354", "name": "", "name_ne": "", "area_km2": 0.162}}, {"type": "Feature", "geometry": {"type": "Polygon", "coordinates": [[[85.5775543, 28.2604926], [85.5784468, 28.2598255], [85.5790959, 28.2592538], [85.579535, 28.2585519], [85.5805087, 28.2569199], [85.5820909, 28.2546924], [85.583565, 28.2530842], [85.5842591, 28.2523318], [85.5844695, 28.2519949], [85.5847372, 28.2511188], [85.584852, 28.2503944], [85.5845269, 28.2495689], [85.584087, 28.2492151], [85.5836089, 28.2490466], [85.5830733, 28.2486928], [85.5829777, 28.2477999], [85.583016, 28.2473619], [85.5825952, 28.2468733], [85.5821362, 28.2467385], [85.5816581, 28.2467891], [85.5814286, 28.2469407], [85.5811035, 28.2472439], [85.5808357, 28.2472608], [85.5804532, 28.2471092], [85.5801663, 28.2467217], [85.5798986, 28.2457782], [85.5795021, 28.2416886], [85.5794778, 28.2397128], [85.5794778, 28.2383059], [85.5793439, 28.2377078], [85.5789519, 28.2371939], [85.5783972, 28.2364946], [85.57768, 28.2360734], [85.57637, 28.2357195], [85.5755554, 28.2357388], [85.5745818, 28.2357869], [85.5742662, 28.2360144], [85.5739889, 28.2364862], [85.5767777, 28.2462055], [85.5771829, 28.2476176], [85.5772505, 28.2479988], [85.5772776, 28.2483801], [85.5771829, 28.2489519], [85.5768854, 28.2491663], [85.5760431, 28.2496492], [85.5743198, 28.250647], [85.5737924, 28.2509805], [85.5731568, 28.2513141], [85.5722077, 28.2519936], [85.5717296, 28.2523979], [85.5709454, 28.2528022], [85.5700657, 28.253156], [85.5694154, 28.2533076], [85.5689947, 28.2535603], [85.5685357, 28.2539478], [85.5682488, 28.2544532], [85.5681149, 28.2549081], [85.5681531, 28.2553798], [85.5677429, 28.2567426], [85.5672019, 28.2590416], [85.5666069, 28.260197], [85.5654372, 28.2621364], [85.5645987, 28.2629702], [85.5637873, 28.2633275], [85.562489, 28.2649713], [85.5620022, 28.2665197], [85.5618128, 28.267687], [85.5619481, 28.269021], [85.5619481, 28.2694736], [85.5615588, 28.269936], [85.5608703, 28.2702898], [85.5603156, 28.2704077], [85.559914, 28.2702561], [85.559455, 28.2700539], [85.5587569, 28.2700539], [85.5580015, 28.2701297], [85.5575807, 28.2702982], [85.5573321, 28.2705003], [85.5569209, 28.2709972], [85.5568731, 28.2713593], [85.5569209, 28.2716204], [85.5573417, 28.2720331], [85.5578007, 28.2722099], [85.5583936, 28.2722942], [85.5585466, 28.2724542], [85.5583744, 28.2727489], [85.5580589, 28.2728247], [85.5576572, 28.2728921], [85.5575138, 28.2730521], [85.5574469, 28.2733048], [85.5575712, 28.2738859], [85.5578963, 28.2742901], [85.5583075, 28.2746438], [85.5594305, 28.2747843], [85.5613817, 28.2741646], [85.565636, 28.2727936], [85.5677899, 28.2725025], [85.5691653, 28.2694787], [85.5712338, 28.2690373], [85.5757121, 28.2621912], [85.5775543, 28.2604926]]]}, "properties": {"external_id": "osm:way/335486648", "name": "Kimshung Glacier", "name_ne": "चाङबु हिमनदी", "area_km2": 3.647}}, {"type": "Feature", "geometry": {"type": "Polygon", "coordinates": [[[85.4895399, 28.2401196], [85.4899501, 28.2407908], [85.4900088, 28.2417546], [85.4897548, 28.243166], [85.4892077, 28.2438028], [85.4885239, 28.2439577], [85.4881332, 28.2437167], [85.4879574, 28.2430971], [85.4877815, 28.2424431], [85.4875666, 28.2419956], [85.4871173, 28.2418407], [85.4865312, 28.2418063], [85.4859428, 28.2419144], [85.4856113, 28.242243], [85.4853073, 28.2425229], [85.4846166, 28.2427785], [85.4837739, 28.2429002], [85.4833456, 28.2428515], [85.4826549, 28.2426568], [85.4817155, 28.242243], [85.4813011, 28.2422187], [85.4809833, 28.2423161], [85.4808053, 28.2424225], [85.4805965, 28.2425473], [85.4802512, 28.242669], [85.4795742, 28.2426446], [85.4793256, 28.2423647], [85.479612, 28.2413492], [85.4796986, 28.2412086], [85.4801268, 28.2410138], [85.4807761, 28.2408921], [85.4813287, 28.2410017], [85.4821714, 28.2409165], [85.4826273, 28.2406487], [85.4828069, 28.2403323], [85.4828069, 28.240028], [85.4829079, 28.238666], [85.483748, 28.2371342], [85.4868175, 28.2348607], [85.4878139, 28.2339656], [85.4896308, 28.2331394], [85.4903001, 28.2334194], [85.4906593, 28.234101], [85.4906593, 28.2345148], [85.4909908, 28.2349529], [85.4913224, 28.2354398], [85.4914053, 28.2361457], [85.4911566, 28.2366082], [85.490604, 28.237022], [85.4899353, 28.2376325], [85.4890291, 28.2379956], [85.4888081, 28.2384338], [85.4889186, 28.2391153], [85.4895399, 28.2401196]]]}, "properties": {"external_id": "osm:way/335570985", "name": "", "name_ne": "", "area_km2": 0.653}}, {"type": "Feature", "geometry": {"type": "Polygon", "coordinates": [[[85.6778523, 28.1628815], [85.6784451, 28.1629811], [85.6790942, 28.1631179], [85.6805195, 28.1628193], [85.6812393, 28.1624212], [85.6816485, 28.1617369], [85.6816626, 28.1612517], [85.6814368, 28.1606918], [85.6810981, 28.159908], [85.6809711, 28.1591242], [85.6813522, 28.1580293], [85.6820067, 28.1571754], [85.6823705, 28.1570725], [85.6822592, 28.1565138], [85.6818072, 28.1565772], [85.6815976, 28.1563836], [85.6808727, 28.1581763], [85.6802141, 28.1588537], [85.6791962, 28.15932], [85.6778523, 28.1628815]]]}, "properties": {"external_id": "osm:way/335822222", "name": "", "name_ne": "", "area_km2": 0.135}}, {"type": "Feature", "geometry": {"type": "Polygon", "coordinates": [[[85.6690558, 28.1667223], [85.6696626, 28.1668219], [85.6703682, 28.1670458], [85.6711302, 28.1676305], [85.6733459, 28.1685138], [85.6741926, 28.1687999], [85.6750252, 28.1691234], [85.6761401, 28.1691732], [85.6768598, 28.1689244], [85.6772972, 28.1686009], [85.6776218, 28.1682028], [85.6777629, 28.1676305], [85.6776783, 28.1672697], [85.6767469, 28.166685], [85.6760554, 28.1662122], [85.6754627, 28.1659012], [85.6747147, 28.1654658], [85.6743337, 28.1652543], [85.6742067, 28.1646571], [85.6742631, 28.1641843], [85.674743, 28.1639355], [85.6733374, 28.162786], [85.6723008, 28.1621924], [85.6722063, 28.1623686], [85.6713596, 28.1630902], [85.6700048, 28.163538], [85.669271, 28.1637371], [85.6687375, 28.1639883], [85.6683284, 28.1639971], [85.6679692, 28.1639179], [85.6673106, 28.1636012], [85.6662628, 28.1632406], [85.6660932, 28.1630822], [85.6660732, 28.1627039], [85.666173, 28.1624048], [85.6660832, 28.1621321], [85.6659036, 28.1620793], [85.6653248, 28.1621761], [85.6649755, 28.1624488], [85.6647361, 28.1624752], [85.6644068, 28.162528], [85.6641373, 28.1627567], [85.6641573, 28.1634781], [85.664287, 28.1640939], [85.6645165, 28.1643402], [85.6652051, 28.1646569], [85.6660433, 28.1649648], [85.6667617, 28.1652551], [85.6673405, 28.165563], [85.6676998, 28.1658709], [85.6680989, 28.1661172], [85.6686877, 28.1664339], [85.6690558, 28.1667223]]]}, "properties": {"external_id": "osm:way/335822223", "name": "", "name_ne": "", "area_km2": 0.486}}, {"type": "Feature", "geometry": {"type": "Polygon", "coordinates": [[[85.6791962, 28.15932], [85.678368, 28.159452], [85.676931, 28.1589505], [85.6754086, 28.1582027], [85.6747747, 28.1580637], [85.6737728, 28.1580886], [85.6729966, 28.1581011], [85.67191, 28.1581011], [85.6712608, 28.1580762], [85.6699061, 28.1580948], [85.6692419, 28.1581167], [85.6682643, 28.1581585], [85.6672118, 28.1580929], [85.6667079, 28.1582029], [85.6656751, 28.1580797], [85.6650664, 28.1580005], [85.6637376, 28.1574245], [85.6628595, 28.157187], [85.661692, 28.1569318], [85.6596363, 28.1571782], [85.6587283, 28.1574421], [85.6581794, 28.1578204], [85.6580297, 28.1581019], [85.6580098, 28.1585682], [85.6582094, 28.1589905], [85.6584888, 28.1592281], [85.6590077, 28.1594656], [85.6595266, 28.1596767], [85.6597261, 28.1597911], [85.6600155, 28.1598263], [85.6615922, 28.160011], [85.662141, 28.1602838], [85.6627098, 28.1606005], [85.6640904, 28.1614933], [85.6646592, 28.1616165], [85.665238, 28.1616429], [85.6657668, 28.1616077], [85.6664354, 28.1613701], [85.6668545, 28.1610446], [85.6671838, 28.1604728], [85.6672437, 28.1598746], [85.6672138, 28.1594875], [85.6673435, 28.1592235], [85.6675481, 28.1590665], [85.6679644, 28.1588861], [85.6685795, 28.1588289], [85.6688618, 28.159084], [85.6688053, 28.1595443], [85.6686077, 28.1599922], [85.6684102, 28.1605397], [85.6688335, 28.1608383], [85.6692287, 28.1609876], [85.6696379, 28.1609378], [85.6699907, 28.1606019], [85.6702306, 28.1602908], [85.670527, 28.160154], [85.6711056, 28.1602784], [85.6715854, 28.1603157], [85.6721217, 28.1602784], [85.6725027, 28.1601788], [85.6729119, 28.1599673], [85.6733776, 28.1599549], [85.6736317, 28.1601291], [85.6735329, 28.1605521], [85.6732365, 28.161], [85.6729261, 28.1613359], [85.6725733, 28.1616843], [85.6723008, 28.1621924], [85.6733374, 28.162786], [85.674743, 28.1639355], [85.6752651, 28.1635623], [85.6758155, 28.1630398], [85.6762106, 28.1626043], [85.6765634, 28.1624177], [85.677048, 28.1624337], [85.6774008, 28.16267], [85.6778523, 28.1628815], [85.6791962, 28.15932]]]}, "properties": {"external_id": "osm:way/335822224", "name": "", "name_ne": "", "area_km2": 0.698}}, {"type": "Feature", "geometry": {"type": "Polygon", "coordinates": [[[85.6768624, 28.1416642], [85.6768349, 28.141425], [85.6768549, 28.1410995], [85.6771043, 28.1406947], [85.6775235, 28.1406067], [85.6777829, 28.1406331], [85.6781022, 28.1405891], [85.6782319, 28.1404571], [85.6783218, 28.1399556], [85.6779525, 28.139762], [85.6776232, 28.1396916], [85.6771742, 28.1393572], [85.676775, 28.1391196], [85.6761663, 28.1390756], [85.6757971, 28.1391636], [85.6753921, 28.1393521], [85.6748233, 28.1394401], [85.6743943, 28.1393785], [85.6740749, 28.1391497], [85.6739452, 28.1387801], [85.6738853, 28.1386041], [85.6736957, 28.1384105], [85.673596, 28.1383225], [85.6732367, 28.1381114], [85.6730471, 28.1379002], [85.6729228, 28.1372588], [85.6726754, 28.1366031], [85.6725815, 28.1363287], [85.6726378, 28.135609], [85.6728773, 28.1351778], [85.6733064, 28.134817], [85.6735658, 28.1345266], [85.6735658, 28.134333], [85.6733064, 28.134157], [85.6728274, 28.134113], [85.6719393, 28.134201], [85.6712308, 28.1341658], [85.6704524, 28.133937], [85.6699635, 28.133805], [85.6691253, 28.1337082], [85.6682172, 28.1336378], [85.6676085, 28.1338402], [85.6669698, 28.1342186], [85.666431, 28.1347466], [85.6662115, 28.1351162], [85.6662917, 28.1358605], [85.6665598, 28.1361467], [85.6668844, 28.1363147], [85.6675124, 28.1366445], [85.6681248, 28.1374075], [85.6683643, 28.1379002], [85.668484, 28.1383314], [85.6683144, 28.1391321], [85.6682545, 28.1396689], [85.6684644, 28.1400597], [85.668644, 28.1403061], [85.6689234, 28.1405789], [85.6692428, 28.1407725], [85.6696818, 28.1409221], [85.670081, 28.1409925], [85.6704402, 28.141054], [85.6705899, 28.1412124], [85.6704801, 28.1414852], [85.6706786, 28.1419115], [85.6728931, 28.1421167], [85.6743184, 28.1421665], [85.6768624, 28.1416642]]]}, "properties": {"external_id": "osm:way/335822225", "name": "", "name_ne": "", "area_km2": 0.576}}, {"type": "Feature", "geometry": {"type": "Polygon", "coordinates": [[[85.6589937, 28.173362], [85.6579859, 28.1733532], [85.6568782, 28.1733356], [85.6559901, 28.1732125], [85.6547927, 28.1731069], [85.6541939, 28.1731333], [85.6535553, 28.1732388], [85.6530065, 28.1734236], [85.6525474, 28.17345], [85.6523578, 28.1732916], [85.6523778, 28.1730189], [85.6526871, 28.172755], [85.6533258, 28.1722624], [85.6540941, 28.1715499], [85.6550521, 28.1710925], [85.6559701, 28.1706526], [85.6570778, 28.1703448], [85.6592532, 28.1697818], [85.660261, 28.1696058], [85.661189, 28.1695618], [85.6625262, 28.1697202], [85.6637336, 28.1698521], [85.6643723, 28.1699929], [85.6649411, 28.1703008], [85.6652105, 28.1707142], [85.66544, 28.1709781], [85.6658491, 28.1712772], [85.6666075, 28.1716203], [85.6675256, 28.1719458], [85.6685035, 28.1721041], [85.6692519, 28.1721041], [85.6700801, 28.1719106], [85.6707088, 28.171893], [85.6717765, 28.1722976], [85.6726397, 28.1728369], [85.6736975, 28.1731008], [85.6742164, 28.1732591], [85.6751344, 28.1740156], [85.6754737, 28.1744202], [85.6758426, 28.1751952], [85.6760543, 28.1758172], [85.676139, 28.1762526], [85.6760684, 28.1767129], [85.6760966, 28.1774717], [85.6758849, 28.1781683], [85.6751793, 28.1792505], [85.6746431, 28.1797481], [85.6742197, 28.1798974], [85.6737399, 28.1798974], [85.6731895, 28.179661], [85.6730061, 28.1792879], [85.6731331, 28.1786783], [85.673119, 28.1781061], [85.6729073, 28.1776458], [85.6726815, 28.1773846], [85.6722017, 28.1774095], [85.6719053, 28.1776334], [85.6718489, 28.1779941], [85.6718348, 28.1783922], [85.671736, 28.1788898], [85.6714114, 28.1793376], [85.6709316, 28.1792381], [85.6706352, 28.1790515], [85.6698873, 28.17884], [85.6692805, 28.1788152], [85.6683208, 28.178641], [85.6677987, 28.1784917], [85.6673471, 28.1783051], [85.6667544, 28.1779941], [85.6665286, 28.1777329], [85.6663028, 28.1771109], [85.666331, 28.1767502], [85.6662605, 28.1762277], [85.6661899, 28.1758545], [85.6654702, 28.174822], [85.6647505, 28.1743617], [85.6636356, 28.1739636], [85.6612366, 28.1735034], [85.6589937, 28.173362]]]}, "properties": {"external_id": "osm:way/335823342", "name": "", "name_ne": "", "area_km2": 1.135}}, {"type": "Feature", "geometry": {"type": "Polygon", "coordinates": [[[85.6600802, 28.1822448], [85.6616375, 28.1827347], [85.6623919, 28.1830941], [85.6630646, 28.1835973], [85.6639005, 28.1840466], [85.6642879, 28.18437], [85.6650218, 28.1853224], [85.6650626, 28.1859873], [85.6649607, 28.18676], [85.6645937, 28.1871194], [85.6637578, 28.1869217], [85.6634112, 28.1865623], [85.6629627, 28.1859514], [85.6623369, 28.1854666], [85.6613593, 28.1852223], [85.6605627, 28.1850162], [85.6598457, 28.184522], [85.6591221, 28.1841736], [85.6580086, 28.1840645], [85.6568222, 28.1841762], [85.6560582, 28.1841635], [85.6553085, 28.1841635], [85.6544003, 28.1842017], [85.6533191, 28.184189], [85.6531605, 28.1840873], [85.6532615, 28.1838459], [85.6536074, 28.1836299], [85.6543282, 28.1835409], [85.6552509, 28.1833884], [85.6561446, 28.1829691], [85.6570817, 28.1825879], [85.6580908, 28.1822575], [85.6596333, 28.1821686], [85.6600802, 28.1822448]]]}, "properties": {"external_id": "osm:way/335823535", "name": "", "name_ne": "", "area_km2": 0.237}}, {"type": "Feature", "geometry": {"type": "Polygon", "coordinates": [[[85.6154202, 28.1366798], [85.6150504, 28.1363145], [85.6148774, 28.1359331], [85.6144594, 28.1351449], [85.6141223, 28.1347515], [85.6138909, 28.1348655], [85.6137648, 28.1350216], [85.6135985, 28.1354001], [85.6132525, 28.1353646], [85.6131224, 28.1352617], [85.6129731, 28.1351919], [85.6128073, 28.1350263], [85.6126544, 28.1348146], [85.6123795, 28.1346018], [85.6124023, 28.1343901], [85.6123781, 28.1342103], [85.6127456, 28.1340542], [85.6129843, 28.134189], [85.6132928, 28.1340566], [85.6134693, 28.1337431], [85.6134215, 28.1336793], [85.6131719, 28.1335865], [85.6130768, 28.1335386], [85.6129602, 28.1335279], [85.612641, 28.1335055], [85.6125069, 28.1334865], [85.612383, 28.1334147], [85.6123701, 28.1331518], [85.6125739, 28.1329106], [85.6129065, 28.1326847], [85.6131927, 28.1325521], [85.6133303, 28.1324413], [85.6136151, 28.1323278], [85.6137045, 28.1322826], [85.6136512, 28.1319965], [85.6139285, 28.1319185], [85.6143604, 28.1317571], [85.614707, 28.131603], [85.6148288, 28.1313086], [85.6149184, 28.1310253], [85.615063, 28.1308728], [85.6151335, 28.1306633], [85.6153196, 28.1304561], [85.6154087, 28.1300615], [85.6153285, 28.1298581], [85.6151652, 28.1298434], [85.6149396, 28.1299338], [85.6147411, 28.1299078], [85.6145299, 28.1298131], [85.6142982, 28.1296399], [85.6136565, 28.1297175], [85.6130857, 28.1297894], [85.6122804, 28.130113], [85.6119236, 28.130176], [85.6114445, 28.1300771], [85.611312, 28.1299602], [85.6110266, 28.1297894], [85.6106188, 28.1297175], [85.6102009, 28.1297085], [85.6097932, 28.1297445], [85.6093344, 28.1293579], [85.6092019, 28.1290703], [85.6095082, 28.1287311], [85.609984, 28.1283369], [85.6105894, 28.1280064], [85.6111661, 28.1276886], [85.6114544, 28.1274089], [85.6117139, 28.1271546], [85.6123626, 28.1271037], [85.61255, 28.1272563], [85.6125644, 28.1275741], [85.6125644, 28.1279428], [85.6127374, 28.1281335], [85.6135447, 28.1284641], [85.6145682, 28.1288709], [85.615044, 28.1289599], [85.6156783, 28.1292014], [85.6163049, 28.1295355], [85.6164873, 28.1297647], [85.6167142, 28.1298853], [85.6169607, 28.1300201], [85.6172208, 28.1301549], [85.6175956, 28.1303456], [85.6179127, 28.1302821], [85.6180857, 28.1300532], [85.6181966, 28.1294699], [85.6181558, 28.1289845], [85.6181558, 28.1283552], [85.6184208, 28.1278158], [85.6190121, 28.1273304], [85.6196033, 28.1265213], [85.6198275, 28.1263235], [85.6203984, 28.1262156], [85.6213566, 28.1257841], [85.6219478, 28.124993], [85.6227021, 28.1243637], [85.6238642, 28.1237704], [85.6249651, 28.1233029], [85.6256787, 28.1227275], [85.6262291, 28.1222061], [85.6265554, 28.1217632], [85.6269224, 28.1216373], [85.6279418, 28.1217812], [85.6282272, 28.1223745], [85.6285942, 28.1227341], [85.6289204, 28.1233994], [85.6288796, 28.1240107], [85.6285126, 28.1250536], [85.6278602, 28.1259525], [85.627636, 28.126402], [85.6274729, 28.1270853], [85.6270447, 28.1275527], [85.6265758, 28.1278584], [85.6259234, 28.1283438], [85.625373, 28.1289192], [85.6248837, 28.1292248], [85.6241905, 28.1294765], [85.6231304, 28.1296563], [85.6226003, 28.129944], [85.6223149, 28.1301957], [85.6218519, 28.1301286], [85.621318, 28.1301985], [85.6208395, 28.1303679], [85.6203041, 28.130878], [85.6193567, 28.1315205], [85.6190734, 28.1320816], [85.6189603, 28.1324694], [85.6188959, 28.1327107], [85.6184967, 28.1328404], [85.6179623, 28.1330703], [85.6177123, 28.133131], [85.6175997, 28.1332852], [85.6180536, 28.133359], [85.6183841, 28.133713], [85.617588, 28.1348503], [85.6178734, 28.1358456], [85.6178755, 28.1361371], [85.6175698, 28.1366898], [85.6171578, 28.1372142], [85.6167662, 28.1372], [85.6164493, 28.1372803], [85.6160931, 28.1371383], [85.6156908, 28.1369178], [85.6154202, 28.1366798]]]}, "properties": {"external_id": "osm:way/335825161", "name": "", "name_ne": "", "area_km2": 1.014}}, {"type": "Feature", "geometry": {"type": "Polygon", "coordinates": [[[85.6311965, 28.1393807], [85.631175, 28.1377535], [85.632956, 28.1358991], [85.6353593, 28.1356532], [85.6354034, 28.1394065], [85.6356918, 28.1403217], [85.6363261, 28.1408556], [85.6366467, 28.1412537], [85.6367894, 28.1417211], [85.6363817, 28.1424042], [85.6350769, 28.1427817], [85.6337517, 28.142584], [85.6328343, 28.1420806], [85.6319169, 28.1413256], [85.6316926, 28.1403009], [85.6311965, 28.1393807]]]}, "properties": {"external_id": "osm:way/335825163", "name": "", "name_ne": "", "area_km2": 0.29}}, {"type": "Feature", "geometry": {"type": "Polygon", "coordinates": [[[85.6269551, 28.1304608], [85.6270049, 28.1308775], [85.6272527, 28.1311642], [85.6276573, 28.1313015], [85.6280039, 28.131503], [85.6287228, 28.1316091], [85.6288291, 28.1308151], [85.6297991, 28.1311179], [85.6304064, 28.1306627], [85.6316864, 28.1300145], [85.6325587, 28.1301631], [85.633181, 28.1309106], [85.6327025, 28.1314376], [85.6323785, 28.1320631], [85.6314815, 28.1334475], [85.631033, 28.133807], [85.6302787, 28.1340228], [85.6295039, 28.1341666], [85.6289331, 28.1344363], [85.6284642, 28.1348677], [85.6284438, 28.1353891], [85.628403, 28.1359824], [85.6279953, 28.1368453], [85.6272206, 28.1369352], [85.6268536, 28.1365757], [85.6264866, 28.1360903], [85.6260381, 28.1358386], [85.6255284, 28.1358026], [85.6250391, 28.1360723], [85.6246722, 28.1365217], [85.6246314, 28.137115], [85.6251003, 28.1377622], [85.6258954, 28.1383735], [85.6266905, 28.1388049], [85.6269352, 28.1390027], [85.6269352, 28.1397937], [85.6265682, 28.1401712], [85.6259973, 28.140297], [85.6253857, 28.1400993], [85.6246722, 28.1396319], [85.6240809, 28.1392364], [85.6236528, 28.1381218], [85.6233266, 28.1374925], [85.622715, 28.1366656], [85.6220218, 28.1361262], [85.6215529, 28.1356049], [85.6211044, 28.1351554], [85.6207782, 28.1351554], [85.6207171, 28.1357307], [85.6206838, 28.1360727], [85.6205111, 28.1361816], [85.6202853, 28.1360694], [85.6198684, 28.1358642], [85.6195507, 28.1356829], [85.6188147, 28.1351147], [85.6188072, 28.1347221], [85.6193689, 28.1342187], [85.6203233, 28.1338581], [85.6205481, 28.133671], [85.6208142, 28.1335331], [85.6211194, 28.1332737], [85.6212354, 28.1329862], [85.6217068, 28.1328834], [85.6216505, 28.1326776], [85.6218207, 28.1324128], [85.6222746, 28.1321824], [85.6222245, 28.1319396], [85.6222782, 28.1317007], [85.622533, 28.1315328], [85.6228656, 28.131599], [85.6236997, 28.1316487], [85.6238075, 28.1315389], [85.6238804, 28.1313085], [85.6239586, 28.1308945], [85.6269551, 28.1304608]]]}, "properties": {"external_id": "osm:way/335825166", "name": "", "name_ne": "", "area_km2": 0.667}}, {"type": "Feature", "geometry": {"type": "Polygon", "coordinates": [[[85.6215575, 28.1727754], [85.6211683, 28.1727373], [85.6207935, 28.1726229], [85.6202313, 28.1723688], [85.6196979, 28.1719621], [85.6195393, 28.1715682], [85.619669, 28.1712632], [85.6200006, 28.1711869], [85.6206349, 28.1712505], [85.6209088, 28.1712632], [85.6214566, 28.1711869], [85.6219035, 28.1709455], [85.6220909, 28.1706786], [85.6220909, 28.1701957], [85.6220765, 28.1699161], [85.6222927, 28.1696365], [85.6226387, 28.1695094], [85.6232586, 28.1695857], [85.6241956, 28.1699669], [85.624729, 28.1710725], [85.625075, 28.1717715], [85.6251471, 28.1728898], [85.6249309, 28.1734871], [85.6246714, 28.1736523], [85.6240371, 28.1736777], [85.6231577, 28.173449], [85.6215575, 28.1727754]]]}, "properties": {"external_id": "osm:way/335825546", "name": "", "name_ne": "", "area_km2": 0.15}}, {"type": "Feature", "geometry": {"type": "Polygon", "coordinates": [[[85.6201569, 28.1601796], [85.6194433, 28.1606649], [85.6186686, 28.1608805], [85.617425, 28.1608985], [85.6163241, 28.1607008], [85.6159979, 28.1603233], [85.6158959, 28.1597841], [85.616426, 28.1591371], [85.6169968, 28.1587057], [85.6178327, 28.1583642], [85.6182201, 28.1582024], [85.6188113, 28.1576991], [85.6193006, 28.1573037], [85.620218, 28.1569442], [85.6208093, 28.1568363], [85.6214413, 28.1565128], [85.6218286, 28.1562072], [85.6227053, 28.1558118], [85.6232761, 28.1558118], [85.6237246, 28.1559915], [85.6239081, 28.1563151], [85.6239897, 28.157106], [85.6241324, 28.1574475], [85.6241324, 28.1579328], [85.6235004, 28.1585978], [85.6226849, 28.1588854], [85.6209316, 28.1596403], [85.6201569, 28.1601796]]]}, "properties": {"external_id": "osm:way/335825548", "name": "", "name_ne": "", "area_km2": 0.239}}, {"type": "Feature", "geometry": {"type": "Polygon", "coordinates": [[[85.6232149, 28.1670993], [85.6225014, 28.167297], [85.6212374, 28.1673869], [85.6207073, 28.1675307], [85.6200753, 28.1678542], [85.6190152, 28.1680339], [85.6182812, 28.1680339], [85.6173027, 28.1679261], [85.6166706, 28.16798], [85.6159571, 28.1679261], [85.6150193, 28.1675486], [85.6144077, 28.1671353], [85.6138368, 28.1666141], [85.6133883, 28.1661468], [85.6110692, 28.1646993], [85.6114286, 28.1646993], [85.6116378, 28.1646142], [85.6114715, 28.1643683], [85.6109673, 28.1643825], [85.6106132, 28.1641744], [85.6105328, 28.1638008], [85.6103772, 28.1633893], [85.6098247, 28.1629921], [85.6093901, 28.1626799], [85.6092828, 28.1621644], [85.6094223, 28.1616915], [85.6097496, 28.1615023], [85.6101787, 28.1612564], [85.610624, 28.1611098], [85.6114983, 28.1621408], [85.6127767, 28.1625701], [85.6128501, 28.1625948], [85.6142995, 28.162418], [85.6162619, 28.1621786], [85.6163648, 28.1645292], [85.6168745, 28.1647988], [85.6181181, 28.1648167], [85.6189132, 28.1647269], [85.6201365, 28.1643494], [85.6212578, 28.1638462], [85.6220529, 28.1635406], [85.6229703, 28.1635047], [85.6235208, 28.1636485], [85.6238469, 28.164008], [85.6236838, 28.164619], [85.6234596, 28.1650145], [85.6237654, 28.1654099], [85.6240916, 28.1655896], [85.6241731, 28.1660749], [85.6240508, 28.1664523], [85.6232149, 28.1670993]]]}, "properties": {"external_id": "osm:way/335825551", "name": "", "name_ne": "", "area_km2": 0.555}}, {"type": "Feature", "geometry": {"type": "Polygon", "coordinates": [[[85.5862319, 28.1536561], [85.5864251, 28.1540155], [85.5871881, 28.1542605], [85.5891573, 28.1541492], [85.5898741, 28.1549528], [85.5906381, 28.1561221], [85.590912, 28.1572406], [85.591258, 28.1579523], [85.5915896, 28.1583336], [85.5922816, 28.1588166], [85.5933916, 28.159236], [85.5945016, 28.1597571], [85.5956261, 28.1604053], [85.5970388, 28.1616254], [85.598639, 28.1630616], [85.5994607, 28.1641927], [85.5999797, 28.1649425], [85.6002536, 28.1658194], [85.6011947, 28.1669612], [85.6020308, 28.1673806], [85.6028526, 28.1675712], [85.6039626, 28.1677618], [85.6047843, 28.1680541], [85.6055483, 28.1686641], [85.6060529, 28.1698841], [85.6063412, 28.1710533], [85.6066584, 28.171765], [85.6070476, 28.1724385], [85.6073936, 28.173112], [85.607754, 28.1742176], [85.6078837, 28.1746878], [85.6081576, 28.1755011], [85.6079702, 28.1757171], [85.6076242, 28.1757171], [85.6071053, 28.1754122], [85.6067593, 28.1752597], [85.6062547, 28.1751961], [85.6054618, 28.1749293], [85.6046257, 28.174332], [85.6041932, 28.1737855], [85.6038328, 28.1729849], [85.6031405, 28.1725106], [85.6027532, 28.172286], [85.6021619, 28.1719175], [85.6017644, 28.1717019], [85.6015299, 28.1714143], [85.6008673, 28.1708841], [85.6004188, 28.1706145], [85.6000926, 28.1701832], [85.5996543, 28.1699046], [85.5989611, 28.1695722], [85.5983063, 28.1691498], [85.597868, 28.169051], [85.5976131, 28.1689162], [85.5971238, 28.1685837], [85.5969098, 28.1681433], [85.5966243, 28.1677839], [85.5964001, 28.1676401], [85.595921, 28.1674963], [85.5954113, 28.1674604], [85.5951463, 28.1673795], [85.5949322, 28.1670919], [85.5949322, 28.1668763], [85.5947691, 28.1666516], [85.5944225, 28.1665348], [85.5939638, 28.1664898], [85.5936172, 28.1664539], [85.5932706, 28.1665078], [85.5929241, 28.1664808], [85.592761, 28.166409], [85.5926182, 28.1661394], [85.5920875, 28.1657848], [85.5915902, 28.1655115], [85.5912802, 28.165448], [85.5909487, 28.1655243], [85.5905522, 28.1655814], [85.5902351, 28.1654544], [85.5901414, 28.1652637], [85.5901198, 28.1650731], [85.5900994, 28.1648717], [85.5899159, 28.1647638], [85.5895489, 28.1647369], [85.5891718, 28.1647009], [85.5887334, 28.1645392], [85.5884072, 28.164647], [85.5882441, 28.1650154], [85.5877854, 28.1651682], [85.5871942, 28.1651502], [85.5865622, 28.1649975], [85.5863379, 28.1648537], [85.5861239, 28.1644763], [85.5858079, 28.163955], [85.5855933, 28.1635283], [85.5852348, 28.1632633], [85.5845428, 28.1632252], [85.5840427, 28.1622519], [85.583229, 28.1613365], [85.5813871, 28.1561193], [85.5830017, 28.155738], [85.5836648, 28.1555473], [85.5840108, 28.1553821], [85.5840973, 28.1552168], [85.5838378, 28.1548991], [85.5835351, 28.1544669], [85.5837946, 28.1535518], [85.5839964, 28.1533103], [85.5848037, 28.1524841], [85.585438, 28.1518232], [85.5864904, 28.1512766], [85.5875427, 28.1509716], [85.5881482, 28.150997], [85.5887969, 28.15148], [85.5893015, 28.1526621], [85.5893736, 28.1533357], [85.5891429, 28.1537806], [85.5862319, 28.1536561]]]}, "properties": {"external_id": "osm:way/335825959", "name": "", "name_ne": "", "area_km2": 2.078}}, {"type": "Feature", "geometry": {"type": "Polygon", "coordinates": [[[85.583229, 28.1613365], [85.5819741, 28.1629506], [85.5818722, 28.1639751], [85.5816112, 28.1657998], [85.581395, 28.1671215], [85.5809541, 28.1679221], [85.580424, 28.1683175], [85.580159, 28.1685691], [85.5799755, 28.1689825], [85.5799551, 28.1694408], [85.5800468, 28.1698452], [85.5805769, 28.1702855], [85.5807674, 28.1706613], [85.5809908, 28.1708646], [85.5812575, 28.171176], [85.5812359, 28.1714492], [85.5810989, 28.1717542], [85.5808971, 28.1719194], [85.5806376, 28.1719893], [85.5803998, 28.1719703], [85.5799601, 28.1717669], [85.5792249, 28.1713539], [85.5788428, 28.1711823], [85.578641, 28.1710997], [85.578259, 28.1710171], [85.5778698, 28.1710171], [85.5775166, 28.1710044], [85.5773724, 28.17096], [85.5772931, 28.1708075], [85.577322, 28.1706168], [85.5774445, 28.1697717], [85.5774013, 28.1692952], [85.5770841, 28.1688059], [85.5770409, 28.1685454], [85.5770409, 28.1679353], [85.5770516, 28.1673538], [85.5769434, 28.1670932], [85.5767632, 28.1669153], [85.5765038, 28.1668581], [85.5763524, 28.1669217], [85.5760857, 28.167214], [85.5760641, 28.1674999], [85.5759487, 28.1678367], [85.5757902, 28.1679828], [85.5755379, 28.1681989], [85.5751991, 28.1683196], [85.574954, 28.1683133], [85.5747883, 28.1681544], [85.5746946, 28.1677414], [85.5746801, 28.1675444], [85.5745071, 28.1669725], [85.5743486, 28.1666802], [85.5741684, 28.1664959], [85.5741179, 28.1662481], [85.5741251, 28.1658922], [85.5742981, 28.1656825], [85.5746009, 28.1655173], [85.5748243, 28.1653712], [85.575127, 28.1650979], [85.5751847, 28.1648882], [85.5754331, 28.1642085], [85.575535, 28.1632828], [85.5753719, 28.1628874], [85.5750967, 28.1623932], [85.5750559, 28.1618719], [85.57527, 28.1612608], [85.5756981, 28.1608025], [85.5766869, 28.1598409], [85.5772068, 28.1594634], [85.578063, 28.1591219], [85.5788683, 28.159077], [85.5790373, 28.1590552], [85.579512, 28.1586739], [85.5795905, 28.1583398], [85.5795781, 28.1579563], [85.5794698, 28.1577716], [85.5792103, 28.1575301], [85.5793112, 28.1572377], [85.5795563, 28.1568946], [85.5799311, 28.1567293], [85.5809258, 28.1564879], [85.5813871, 28.1561193], [85.583229, 28.1613365]]]}, "properties": {"external_id": "osm:way/335825963", "name": "", "name_ne": "", "area_km2": 0.842}}, {"type": "Feature", "geometry": {"type": "Polygon", "coordinates": [[[85.6921056, 28.1720081], [85.6916868, 28.1721106], [85.6911865, 28.1724593], [85.6908608, 28.1724798], [85.690314, 28.1723875], [85.689744, 28.1713928], [85.6896277, 28.1706134], [85.689616, 28.1694955], [85.6895695, 28.168111], [85.6900581, 28.1674855], [85.69057, 28.167065], [85.6907982, 28.1665844], [85.690591, 28.1661025], [85.6903055, 28.1655902], [85.6897884, 28.1650646], [85.6891861, 28.1645882], [85.6888689, 28.1643468], [85.6886166, 28.1641752], [85.6870386, 28.1632944], [85.6861376, 28.1630212], [85.6851756, 28.162939], [85.6844332, 28.162831], [85.6838133, 28.1627928], [85.6832287, 28.1624763], [85.6827529, 28.161593], [85.6824142, 28.1609449], [85.6824214, 28.1603221], [85.6823349, 28.1600234], [85.6821619, 28.1595659], [85.6823205, 28.1590003], [85.6823709, 28.158619], [85.6824574, 28.1582377], [85.6827962, 28.1577484], [85.6830773, 28.1574879], [85.6832287, 28.1572909], [85.6832142, 28.1570176], [85.6828037, 28.1568793], [85.6826151, 28.1568793], [85.6823705, 28.1570725], [85.6822592, 28.1565138], [85.6824529, 28.1564329], [85.6824936, 28.1561543], [85.6826234, 28.1554855], [85.683072, 28.1552693], [85.6833118, 28.1551553], [85.6836176, 28.1550182], [85.684154, 28.155056], [85.6844652, 28.1551695], [85.6847763, 28.1553209], [85.6850767, 28.1554533], [85.6855032, 28.1555414], [85.6858921, 28.1556992], [85.6863669, 28.1560114], [85.6865895, 28.1560823], [85.6869596, 28.1563566], [85.6871286, 28.1566215], [85.687109, 28.1568969], [85.6870377, 28.1574497], [85.6871294, 28.1577013], [85.6869918, 28.1580788], [85.6868287, 28.1581866], [85.686319, 28.1583753], [85.68611, 28.1585955], [85.6858246, 28.1591168], [85.6856157, 28.1597638], [85.6855902, 28.1599885], [85.6857125, 28.1603749], [85.6860642, 28.160649], [85.6862324, 28.1607839], [85.686528, 28.160995], [85.6868568, 28.1610216], [85.6872075, 28.1609881], [85.6877826, 28.1610557], [85.6882319, 28.1613093], [85.6890077, 28.1618494], [85.6895538, 28.1620187], [85.689935, 28.1622698], [85.6903141, 28.1624232], [85.6905927, 28.1624845], [85.6908206, 28.162668], [85.6912485, 28.1628025], [85.6917746, 28.163088], [85.6921457, 28.1638201], [85.6932208, 28.164337], [85.6941576, 28.1646365], [85.695005, 28.1649707], [85.6956155, 28.166113], [85.6963248, 28.1662206], [85.6968228, 28.1658036], [85.6974197, 28.1656269], [85.6980301, 28.1654001], [85.6985207, 28.1651745], [85.6989029, 28.1648033], [85.6991552, 28.1643996], [85.6991188, 28.1640658], [85.6987667, 28.164042], [85.6975865, 28.1639096], [85.6970394, 28.1635596], [85.6969106, 28.1630961], [85.6971896, 28.1623962], [85.697914, 28.1621807], [85.6987921, 28.1619186], [85.699656, 28.1617839], [85.7003308, 28.1619091], [85.7006603, 28.1621786], [85.7010412, 28.1623394], [85.7013711, 28.1623708], [85.7016259, 28.1624624], [85.7017225, 28.1626279], [85.7017493, 28.1627556], [85.7018781, 28.1629211], [85.7019693, 28.1629637], [85.7021087, 28.1630583], [85.7022428, 28.1632096], [85.7023019, 28.1632806], [85.7023287, 28.1633562], [85.702436, 28.1634839], [85.7026881, 28.1635218], [85.702849, 28.1634035], [85.703128, 28.1632002], [85.7034337, 28.1631434], [85.7037502, 28.1631056], [85.7039863, 28.1631434], [85.7041794, 28.1631103], [85.7042384, 28.1630772], [85.7043189, 28.1629401], [85.7044798, 28.1628171], [85.7047695, 28.1627036], [85.7066953, 28.1621313], [85.7068481, 28.1624729], [85.7069718, 28.1626531], [85.7070708, 28.1629921], [85.7071054, 28.1633899], [85.7072961, 28.1634366], [85.7073299, 28.1638125], [85.7074892, 28.1639379], [85.7079506, 28.1639096], [85.7082409, 28.1640861], [85.7084083, 28.1642937], [85.7085411, 28.1643445], [85.7085621, 28.1645717], [85.7087485, 28.1646082], [85.7088153, 28.1649586], [85.7088846, 28.165258], [85.7091033, 28.165826], [85.7097208, 28.1658202], [85.710173, 28.1659596], [85.7103476, 28.1662805], [85.7098991, 28.1668197], [85.7082036, 28.1672698], [85.7073242, 28.167435], [85.7063872, 28.1675367], [85.7053636, 28.1674986], [85.7040492, 28.167343], [85.7028671, 28.1675654], [85.7017067, 28.1678958], [85.7010219, 28.1682453], [85.7004525, 28.1687981], [85.6999984, 28.169389], [85.6994938, 28.1702151], [85.6994506, 28.1706535], [85.6992632, 28.1712127], [85.698946, 28.171524], [85.6982613, 28.172134], [85.6980883, 28.1723818], [85.6979153, 28.1725216], [85.6976702, 28.1724835], [85.6975651, 28.172299], [85.6973934, 28.1718545], [85.6971788, 28.1715613], [85.696857, 28.1713343], [85.6965136, 28.1710978], [85.6960308, 28.1709654], [85.6957412, 28.170937], [85.6954193, 28.1708708], [85.6946254, 28.1707006], [85.6940138, 28.1705114], [85.6935096, 28.1705303], [85.6928658, 28.1706533], [85.6925011, 28.1708235], [85.6923509, 28.1709654], [85.6922758, 28.1712775], [85.6922221, 28.1716464], [85.6921056, 28.1720081]]]}, "properties": {"external_id": "osm:way/335827704", "name": "", "name_ne": "", "area_km2": 1.694}}, {"type": "Feature", "geometry": {"type": "Polygon", "coordinates": [[[85.7157263, 28.1810562], [85.7158963, 28.1808958], [85.7166284, 28.1803302], [85.7171878, 28.1799677], [85.7178788, 28.1798372], [85.7183477, 28.1798662], [85.7187919, 28.1799894], [85.7193325, 28.1801925], [85.7191516, 28.1810699], [85.7187156, 28.1820125], [85.7183888, 28.1825235], [85.7180096, 28.1835704], [85.7177246, 28.1840319], [85.7169975, 28.1847548], [85.7162704, 28.1852008], [85.7158458, 28.1853085], [85.7153456, 28.1852982], [85.7149966, 28.1851393], [85.7148512, 28.1846317], [85.714812, 28.184209], [85.7147133, 28.1838356], [85.7147051, 28.1834404], [85.7152709, 28.1824235], [85.7155665, 28.1819922], [85.7157263, 28.1810562]]]}, "properties": {"external_id": "osm:way/335827715", "name": "", "name_ne": "", "area_km2": 0.169}}, {"type": "Feature", "geometry": {"type": "Polygon", "coordinates": [[[85.4966769, 28.1375298], [85.4958578, 28.1377609], [85.4952845, 28.1377754], [85.4946292, 28.1375587], [85.493974, 28.1372264], [85.4934334, 28.1366486], [85.4933515, 28.1362586], [85.493417, 28.1353196], [85.4938757, 28.1349874], [85.4944327, 28.1349729], [85.4953828, 28.1348574], [85.4959397, 28.1345684], [85.4965786, 28.1345684], [85.4971192, 28.1345829], [85.4981512, 28.134424], [85.4985935, 28.1345395], [85.4997402, 28.135204], [85.4999859, 28.1356663], [85.5002317, 28.1359119], [85.5006084, 28.1362441], [85.5005921, 28.1367208], [85.4998549, 28.1373998], [85.4991341, 28.1375587], [85.4984952, 28.1375153], [85.4978072, 28.1374287], [85.4966769, 28.1375298]]]}, "properties": {"external_id": "osm:way/335829396", "name": "", "name_ne": "", "area_km2": 0.202}}, {"type": "Feature", "geometry": {"type": "Polygon", "coordinates": [[[85.4947984, 28.14873], [85.4942579, 28.14873], [85.4935043, 28.1485711], [85.4929801, 28.1481667], [85.4926361, 28.1472567], [85.4927835, 28.1460289], [85.4931767, 28.1452778], [85.4934879, 28.1451045], [85.4941923, 28.1447867], [85.4952244, 28.1442089], [85.4963711, 28.1435445], [85.4971901, 28.1431689], [85.4978618, 28.1430245], [85.4986481, 28.1432123], [85.4988938, 28.1434723], [85.4988283, 28.1439489], [85.4982713, 28.1445556], [85.4977143, 28.1451912], [85.4975177, 28.1458123], [85.4974686, 28.1464623], [85.4970755, 28.1470256], [85.496584, 28.1475167], [85.4964202, 28.1476756], [85.4962564, 28.1481089], [85.4965185, 28.1484266], [85.4966495, 28.1486289], [85.4965676, 28.1489322], [85.4962072, 28.1490188], [85.4959451, 28.1489322], [85.4955192, 28.1486433], [85.4951424, 28.1486433], [85.4947984, 28.14873]]]}, "properties": {"external_id": "osm:way/335829397", "name": "", "name_ne": "", "area_km2": 0.232}}, {"type": "Feature", "geometry": {"type": "Polygon", "coordinates": [[[85.5027389, 28.1253351], [85.5018129, 28.1253499], [85.5009789, 28.1252887], [85.4999364, 28.1250435], [85.4989634, 28.1243897], [85.4984074, 28.1234907], [85.4982453, 28.1224487], [85.4984538, 28.1212636], [85.4992878, 28.1195473], [85.4995194, 28.1191387], [85.4996584, 28.1188526], [85.4999364, 28.1182192], [85.5003071, 28.1175041], [85.5007009, 28.1173406], [85.5016971, 28.1171567], [85.502786, 28.1174632], [85.503342, 28.1179127], [85.5037358, 28.1187709], [85.5042455, 28.1195678], [85.5058208, 28.1208754], [85.5072108, 28.1215701], [85.5086471, 28.1218357], [85.5109638, 28.1223874], [85.5121453, 28.1228573], [85.5127708, 28.1234907], [85.5128867, 28.1244305], [85.5125392, 28.1250435], [85.5119832, 28.1261468], [85.5112187, 28.1266575], [85.51057, 28.1267393], [85.5089715, 28.1264941], [85.5077436, 28.1261672], [85.5063073, 28.1256768], [85.5046856, 28.1253704], [85.5027389, 28.1253351]]]}, "properties": {"external_id": "osm:way/335829398", "name": "", "name_ne": "", "area_km2": 0.843}}, {"type": "Feature", "geometry": {"type": "Polygon", "coordinates": [[[85.5030593, 28.1322582], [85.5019782, 28.1322148], [85.5009953, 28.1319114], [85.5002254, 28.1317959], [85.4993408, 28.1316225], [85.4972931, 28.1312903], [85.4968344, 28.1311025], [85.4962774, 28.130958], [85.4958188, 28.1309724], [85.4952946, 28.1311747], [85.4948523, 28.1314636], [85.4942625, 28.131637], [85.4933943, 28.1316081], [85.4928046, 28.1314781], [85.4926244, 28.1313192], [85.4926244, 28.1309147], [85.4929029, 28.1304813], [85.4934762, 28.1300045], [85.4937711, 28.1296723], [85.493984, 28.1293256], [85.4940332, 28.1287044], [85.4940987, 28.1281554], [85.4944755, 28.1275631], [85.4952618, 28.1268263], [85.4955894, 28.126624], [85.4965559, 28.1266096], [85.4968836, 28.1268841], [85.4973258, 28.1273175], [85.4978009, 28.1279965], [85.4985381, 28.1284154], [85.4995373, 28.1286899], [85.5006021, 28.1287621], [85.501929, 28.1287766], [85.5027481, 28.1286466], [85.5035835, 28.128401], [85.5046647, 28.1284732], [85.5053527, 28.1288055], [85.5056804, 28.1292678], [85.5061718, 28.1304235], [85.5064175, 28.1306691], [85.5068762, 28.1309002], [85.5070892, 28.131348], [85.5070728, 28.1319114], [85.5068762, 28.1321859], [85.5060735, 28.1323737], [85.5053691, 28.1324171], [85.5030593, 28.1322582]]]}, "properties": {"external_id": "osm:way/335829399", "name": "", "name_ne": "", "area_km2": 0.514}}, {"type": "Feature", "geometry": {"type": "Polygon", "coordinates": [[[85.4918049, 28.1461512], [85.4920791, 28.1468378], [85.4923249, 28.1475167], [85.4923904, 28.1489177], [85.4921774, 28.1501455], [85.491817, 28.1509688], [85.4912928, 28.1514598], [85.4904901, 28.1517054], [85.4899332, 28.1515176], [85.489409, 28.1511132], [85.4890977, 28.1505066], [85.488852, 28.1499577], [85.4885735, 28.1496833], [85.4881148, 28.1495966], [85.4879019, 28.1496977], [85.4878527, 28.1501166], [85.4878364, 28.150521], [85.4876889, 28.1509976], [85.4871483, 28.1513298], [85.486706, 28.1514021], [85.4862474, 28.1513298], [85.4855921, 28.1508965], [85.4851334, 28.1503188], [85.4848713, 28.1493511], [85.4848713, 28.1486144], [85.4851826, 28.1477333], [85.4852972, 28.1473145], [85.48533, 28.1468811], [85.4852645, 28.1464767], [85.4845109, 28.1459134], [85.4841178, 28.1454945], [85.4838393, 28.1451189], [85.4838065, 28.1443534], [85.4836263, 28.14353], [85.4833151, 28.1430678], [85.4828237, 28.1426778], [85.4823322, 28.1422589], [85.4823158, 28.1413489], [85.4824796, 28.1409589], [85.4827254, 28.1406555], [85.4833654, 28.140658], [85.483954, 28.14054], [85.4842652, 28.14067], [85.4844812, 28.1411689], [85.4854119, 28.14093], [85.4861334, 28.1413959], [85.4868043, 28.1412478], [85.4872492, 28.1418311], [85.4880165, 28.1419556], [85.4880003, 28.142569], [85.4885582, 28.1428528], [85.4897812, 28.1426068], [85.4896875, 28.1419556], [85.4904246, 28.14197], [85.4911545, 28.1418122], [85.4917553, 28.1416797], [85.4917843, 28.1428223], [85.4918498, 28.1442089], [85.4916041, 28.1455812], [85.4918049, 28.1461512]]]}, "properties": {"external_id": "osm:way/335829400", "name": "", "name_ne": "", "area_km2": 0.79}}, {"type": "Feature", "geometry": {"type": "Polygon", "coordinates": [[[85.5596063, 28.1700902], [85.5589576, 28.1709479], [85.5582858, 28.1716014], [85.5574286, 28.1716423], [85.5562934, 28.17105], [85.5556679, 28.1704373], [85.5551583, 28.1700085], [85.5552973, 28.1695592], [85.5558533, 28.1693549], [85.5564093, 28.1692937], [85.5570579, 28.169212], [85.5577761, 28.1686606], [85.5584943, 28.1684359], [85.5594673, 28.1683951], [85.5601391, 28.1685176], [85.5603476, 28.1690078], [85.5600928, 28.1695796], [85.5596063, 28.1700902]]]}, "properties": {"external_id": "osm:way/335829914", "name": "", "name_ne": "", "area_km2": 0.112}}, {"type": "Feature", "geometry": {"type": "Polygon", "coordinates": [[[85.5152876, 28.1508778], [85.5148616, 28.1510078], [85.5144849, 28.1508778], [85.5141245, 28.1506034], [85.5138624, 28.150199], [85.513633, 28.1498523], [85.513502, 28.149159], [85.5136167, 28.1486535], [85.5139607, 28.1483213], [85.514534, 28.1480902], [85.5153858, 28.1479313], [85.5166472, 28.1473824], [85.5172533, 28.1470358], [85.5178758, 28.1469346], [85.5188095, 28.1468191], [85.5205296, 28.1465013], [85.5211193, 28.146198], [85.5222496, 28.1459235], [85.5228721, 28.1457358], [85.5234291, 28.1458658], [85.5236584, 28.1461258], [85.5236584, 28.1466169], [85.5231834, 28.1473391], [85.5224135, 28.1480324], [85.5215944, 28.1487835], [85.5204313, 28.1503434], [85.5199726, 28.1511811], [85.5195303, 28.1514122], [85.518957, 28.1514267], [85.5184492, 28.1515567], [85.5180724, 28.1516578], [85.5174007, 28.1516578], [85.5166308, 28.1513833], [85.5161721, 28.1511378], [85.5152876, 28.1508778]]]}, "properties": {"external_id": "osm:way/335829915", "name": "", "name_ne": "", "area_km2": 0.37}}, {"type": "Feature", "geometry": {"type": "Polygon", "coordinates": [[[85.5454558, 28.1467152], [85.5440426, 28.1471442], [85.543255, 28.1472872], [85.5423746, 28.1472668], [85.5418186, 28.1471442], [85.5411468, 28.1471238], [85.5405908, 28.1471646], [85.5401506, 28.1472668], [85.5395715, 28.1470216], [85.5394556, 28.1466948], [85.5398263, 28.1463271], [85.540753, 28.1462454], [85.5421661, 28.1462658], [85.5434403, 28.1461024], [85.5441353, 28.1457347], [85.5450388, 28.1455305], [85.5458728, 28.145367], [85.5469385, 28.1442844], [85.5478883, 28.1437737], [85.5485602, 28.1436716], [85.5490467, 28.1439984], [85.5494405, 28.1444478], [85.5508305, 28.1444887], [85.5518267, 28.1442027], [85.5529387, 28.1437737], [85.5535897, 28.1436057], [85.5537371, 28.144198], [85.5534422, 28.1450069], [85.5529672, 28.1455702], [85.5519843, 28.1462202], [85.5510833, 28.1462202], [85.550166, 28.1460613], [85.5486753, 28.1460902], [85.547463, 28.1462057], [85.5454558, 28.1467152]]]}, "properties": {"external_id": "osm:way/335829916", "name": "", "name_ne": "", "area_km2": 0.235}}, {"type": "Feature", "geometry": {"type": "Polygon", "coordinates": [[[85.5211679, 28.1532638], [85.5218165, 28.1533046], [85.5226505, 28.1532842], [85.5232992, 28.1530187], [85.5238089, 28.152651], [85.5244112, 28.1520995], [85.5245502, 28.1513437], [85.5245502, 28.1509965], [85.5249672, 28.1504654], [85.5257086, 28.1503837], [85.5266584, 28.1499751], [85.5270986, 28.1490151], [85.5273534, 28.1484227], [85.5275156, 28.1476465], [85.5273534, 28.1471358], [85.5267047, 28.1469928], [85.5258707, 28.147238], [85.5252452, 28.1475444], [85.5245039, 28.1484431], [85.5237857, 28.1491989], [85.5228127, 28.14973], [85.522025, 28.1502407], [85.5210752, 28.1512212], [85.5207509, 28.1517522], [85.520357, 28.1522425], [85.5186659, 28.1526101], [85.517855, 28.1529574], [85.5174033, 28.1532331], [85.5170442, 28.1537336], [85.5170558, 28.1541012], [85.5174496, 28.154428], [85.5177739, 28.1545199], [85.5185732, 28.1542442], [85.5191408, 28.1538459], [85.5198705, 28.1535701], [85.5211679, 28.1532638]]]}, "properties": {"external_id": "osm:way/335829917", "name": "", "name_ne": "", "area_km2": 0.266}}, {"type": "Feature", "geometry": {"type": "Polygon", "coordinates": [[[85.5367591, 28.1471971], [85.5370139, 28.1483002], [85.5368749, 28.1490355], [85.5365738, 28.1497096], [85.5359251, 28.1503632], [85.5351838, 28.1506492], [85.5344193, 28.1513641], [85.5337243, 28.1519973], [85.5327513, 28.152508], [85.5317551, 28.1529165], [85.5309674, 28.1535089], [85.5302724, 28.1541216], [85.5292994, 28.1547753], [85.5277241, 28.1555106], [85.5269827, 28.1561438], [85.5259866, 28.1565727], [85.5244807, 28.156634], [85.5234845, 28.1565319], [85.5227664, 28.1562663], [85.5224189, 28.1556331], [85.5223725, 28.1549387], [85.5228359, 28.154428], [85.523971, 28.1533046], [85.5249672, 28.1522629], [85.5257781, 28.1519156], [85.5269132, 28.1517727], [85.5289287, 28.1513641], [85.5310832, 28.1506696], [85.5317551, 28.1502815], [85.5328903, 28.1495258], [85.5334231, 28.1489742], [85.5342571, 28.1476874], [85.5348594, 28.1471971], [85.5353228, 28.1470133], [85.5358093, 28.1470133], [85.5364116, 28.147095], [85.5367591, 28.1471971]]]}, "properties": {"external_id": "osm:way/335829918", "name": "", "name_ne": "", "area_km2": 0.539}}, {"type": "Feature", "geometry": {"type": "Polygon", "coordinates": [[[85.5439603, 28.1619731], [85.5428715, 28.1634641], [85.5418521, 28.1642811], [85.5393501, 28.1655473], [85.5384698, 28.1660988], [85.5372651, 28.1664868], [85.5355739, 28.166303], [85.5344388, 28.1658128], [85.5338133, 28.1650367], [85.5339986, 28.164036], [85.5349716, 28.1630352], [85.5358751, 28.162402], [85.5358288, 28.1621774], [85.5361763, 28.1618914], [85.5366396, 28.1617485], [85.5371956, 28.1614217], [85.5374968, 28.161054], [85.5374041, 28.1608294], [85.5378443, 28.1601349], [85.5383539, 28.1601145], [85.5393965, 28.1602983], [85.5404158, 28.1606456], [85.541273, 28.160666], [85.5418521, 28.1606251], [85.542246, 28.1602371], [85.5422769, 28.1600766], [85.5428561, 28.1595456], [85.5436669, 28.1594128], [85.5444315, 28.1590043], [85.5450454, 28.158606], [85.5457404, 28.1575133], [85.5461574, 28.1573295], [85.5466555, 28.1573908], [85.5471535, 28.157738], [85.547281, 28.1582895], [85.546806, 28.1589635], [85.5449064, 28.160863], [85.5439603, 28.1619731]]]}, "properties": {"external_id": "osm:way/335829919", "name": "", "name_ne": "", "area_km2": 0.537}}, {"type": "Feature", "geometry": {"type": "Polygon", "coordinates": [[[85.5514023, 28.1646193], [85.5501744, 28.1650074], [85.5495953, 28.1652933], [85.5487381, 28.1654771], [85.5477419, 28.1654567], [85.5469311, 28.1652729], [85.5464446, 28.1648236], [85.5463983, 28.1642313], [85.5466299, 28.1637411], [85.5466531, 28.1634347], [85.5464446, 28.1628629], [85.5464678, 28.1623523], [85.5468848, 28.1619642], [85.5474639, 28.1616578], [85.5482748, 28.1612902], [85.5492709, 28.1597584], [85.5501744, 28.159452], [85.5517961, 28.1592886], [85.5530935, 28.1591661], [85.5545761, 28.1593703], [85.5554565, 28.160126], [85.5564758, 28.160943], [85.5577268, 28.1615762], [85.5595801, 28.1616578], [85.5607848, 28.1615149], [85.56147, 28.1618496], [85.5616814, 28.1623364], [85.5602983, 28.1632509], [85.5590936, 28.1636594], [85.5585376, 28.1641496], [85.5582365, 28.1649461], [85.5575415, 28.1659673], [85.5565685, 28.16658], [85.5553638, 28.1670497], [85.5544603, 28.1672131], [85.5536403, 28.1668993], [85.5534666, 28.1665623], [85.5535013, 28.1660722], [85.553455, 28.1655207], [85.5533044, 28.1650102], [85.5529338, 28.1646017], [85.5523314, 28.1644281], [85.5514023, 28.1646193]]]}, "properties": {"external_id": "osm:way/335829920", "name": "", "name_ne": "", "area_km2": 0.76}}, {"type": "Feature", "geometry": {"type": "Polygon", "coordinates": [[[85.5226518, 28.1438434], [85.5219474, 28.1443778], [85.5210956, 28.1447389], [85.5201946, 28.1448112], [85.5192773, 28.1449989], [85.5187203, 28.1452156], [85.5180323, 28.1456489], [85.5173606, 28.1460823], [85.5168037, 28.1461978], [85.5162303, 28.1461689], [85.5152474, 28.1459811], [85.5146413, 28.1454467], [85.514543, 28.1447823], [85.5146413, 28.1441612], [85.5154113, 28.14302], [85.5161812, 28.1422689], [85.5170658, 28.1418356], [85.5179504, 28.1411567], [85.518622, 28.1406655], [85.5194247, 28.1404922], [85.5200636, 28.1407089], [85.5200963, 28.1409978], [85.5197196, 28.14146], [85.5190152, 28.1420956], [85.5183435, 28.1425289], [85.5179831, 28.1429911], [85.5178029, 28.1432656], [85.5181633, 28.1435112], [85.518835, 28.14354], [85.5196213, 28.1433523], [85.5207024, 28.14289], [85.5218491, 28.1426011], [85.5225863, 28.14237], [85.5230286, 28.14185], [85.5237658, 28.1412], [85.5243555, 28.1408966], [85.5248305, 28.1409544], [85.5256988, 28.1415756], [85.525666, 28.1419078], [85.5250926, 28.1424278], [85.5240279, 28.1430489], [85.5231924, 28.1433812], [85.5226518, 28.1438434]]]}, "properties": {"external_id": "osm:way/335829921", "name": "", "name_ne": "", "area_km2": 0.305}}, {"type": "Feature", "geometry": {"type": "Polygon", "coordinates": [[[85.5374041, 28.1608294], [85.5370112, 28.1609319], [85.5364089, 28.1612689], [85.5362236, 28.1615344], [85.5361763, 28.1618914], [85.5358288, 28.1621774], [85.5351231, 28.1624739], [85.5343355, 28.1627701], [85.5337679, 28.1627088], [85.5332698, 28.1625658], [85.532679, 28.1625658], [85.5321578, 28.162525], [85.5317987, 28.1623922], [85.531625, 28.1621778], [85.531625, 28.1617387], [85.5318798, 28.161371], [85.5319956, 28.1610034], [85.5321578, 28.1605438], [85.5320535, 28.1602681], [85.531625, 28.1599107], [85.5306172, 28.1592877], [85.5301539, 28.1588077], [85.5296442, 28.1586546], [85.5291924, 28.1583278], [85.5288537, 28.1572064], [85.5289029, 28.1562821], [85.5294762, 28.1553], [85.5302134, 28.1548811], [85.5315403, 28.1542456], [85.5332112, 28.1536968], [85.5347838, 28.153639], [85.5367987, 28.1538557], [85.5373884, 28.1540001], [85.538486, 28.1540145], [85.5394033, 28.1540434], [85.5404681, 28.1540868], [85.5418114, 28.1539857], [85.5436625, 28.1539423], [85.5453334, 28.1537112], [85.5463818, 28.1537979], [85.5469388, 28.1541879], [85.5469715, 28.1548234], [85.5465456, 28.1553289], [85.545317, 28.1559355], [85.5427615, 28.1567154], [85.5404517, 28.1573653], [85.5387645, 28.1585785], [85.5378443, 28.1601349], [85.5374041, 28.1608294]]]}, "properties": {"external_id": "osm:way/335829922", "name": "", "name_ne": "", "area_km2": 0.976}}, {"type": "Feature", "geometry": {"type": "Polygon", "coordinates": [[[85.5401573, 28.1531992], [85.539775, 28.1532604], [85.5392653, 28.1531072], [85.5388831, 28.1530255], [85.5384082, 28.1531583], [85.537968, 28.1533115], [85.5374352, 28.1533421], [85.5367402, 28.1533217], [85.5363, 28.153097], [85.5361842, 28.1528008], [85.5362421, 28.1523821], [85.536717, 28.1519532], [85.5368908, 28.1517898], [85.537134, 28.1511157], [85.5373193, 28.1507582], [85.5375973, 28.1503803], [85.53769, 28.1499412], [85.5377595, 28.1492365], [85.5378406, 28.148542], [85.5380954, 28.1482968], [85.5388715, 28.1482253], [85.5394623, 28.1482151], [85.5400646, 28.1482253], [85.5406438, 28.1484909], [85.5415641, 28.1489683], [85.5421664, 28.1490704], [85.5432321, 28.1491112], [85.5442283, 28.1492542], [85.5448769, 28.1493564], [85.5452939, 28.1493564], [85.5462669, 28.1493359], [85.546749, 28.1494381], [85.5469156, 28.1497445], [85.5466839, 28.1501326], [85.5464986, 28.1505207], [85.5464986, 28.1510722], [85.5469619, 28.1513786], [85.5474021, 28.1517871], [85.5474948, 28.1521548], [85.5472168, 28.1524816], [85.5466608, 28.1524816], [85.5462438, 28.1519505], [85.5456183, 28.1516033], [85.5452244, 28.1515011], [85.5448074, 28.1512969], [85.5444136, 28.1511335], [85.5435333, 28.1509701], [85.5427224, 28.151113], [85.5421432, 28.1517054], [85.5420042, 28.1524816], [85.5414019, 28.1531556], [85.5401573, 28.1531992]]]}, "properties": {"external_id": "osm:way/335829923", "name": "", "name_ne": "", "area_km2": 0.367}}, {"type": "Feature", "geometry": {"type": "Polygon", "coordinates": [[[85.5097438, 28.1621056], [85.5090952, 28.1617176], [85.5081917, 28.1601857], [85.5090025, 28.1603287], [85.5099755, 28.1604513], [85.5104157, 28.1604717], [85.5109253, 28.1603287], [85.511296, 28.1598181], [85.5113423, 28.1591032], [85.5112265, 28.1584905], [85.5097902, 28.1576735], [85.5089793, 28.1569382], [85.508794, 28.156448], [85.5087477, 28.1561008], [85.5092573, 28.1558761], [85.509767, 28.1559374], [85.5110643, 28.156162], [85.5117593, 28.1566931], [85.5124312, 28.1570403], [85.5135432, 28.1573467], [85.5147942, 28.1574692], [85.5153965, 28.1579186], [85.5161842, 28.1585926], [85.5168329, 28.1587356], [85.5177827, 28.1592258], [85.5181302, 28.1596547], [85.5184314, 28.1607372], [85.5191959, 28.1614316], [85.5201457, 28.1616972], [85.5210955, 28.161738], [85.5221844, 28.1622895], [85.5227867, 28.1626775], [85.5236671, 28.1631268], [85.5246864, 28.1635353], [85.5257984, 28.164148], [85.5269104, 28.1651488], [85.5281846, 28.1664763], [85.5284857, 28.1675792], [85.5282772, 28.1687024], [85.5276749, 28.1691109], [85.5272579, 28.1690292], [85.5267019, 28.1683757], [85.5256131, 28.1679672], [85.5246401, 28.1684778], [85.5239682, 28.1691109], [85.5239219, 28.169744], [85.5247327, 28.1702137], [85.5255204, 28.1704792], [85.5261922, 28.1710102], [85.5262849, 28.1716842], [85.5252887, 28.1723377], [85.5243389, 28.1723989], [85.5237597, 28.1722356], [85.5227867, 28.1710102], [85.5225087, 28.1693151], [85.5222075, 28.1686208], [85.521026, 28.1682123], [85.520053, 28.1683757], [85.5196592, 28.1687024], [85.5192654, 28.1696215], [85.5190105, 28.1705201], [85.5185472, 28.1710919], [85.5178522, 28.1714799], [85.5171572, 28.1713574], [85.5164854, 28.1707856], [85.5166475, 28.1702546], [85.5171804, 28.1698257], [85.5174352, 28.1694172], [85.5174815, 28.1687637], [85.5170414, 28.168294], [85.5161842, 28.1679876], [85.515466, 28.1676405], [85.5150258, 28.1671503], [85.514632, 28.1663538], [85.5146552, 28.165496], [85.514493, 28.1646791], [85.51352, 28.1637804], [85.5119215, 28.1628409], [85.5097438, 28.1621056]]]}, "properties": {"external_id": "osm:way/335830075", "name": "", "name_ne": "", "area_km2": 1.456}}, {"type": "Feature", "geometry": {"type": "Polygon", "coordinates": [[[85.5065906, 28.1615808], [85.5075899, 28.1616964], [85.5080322, 28.1616675], [85.5090952, 28.1617176], [85.5081917, 28.1601857], [85.5080375, 28.1603364], [85.5077747, 28.16039], [85.5068287, 28.1603573], [85.5052637, 28.1601222], [85.5043384, 28.15947], [85.5038751, 28.1591432], [85.5027862, 28.1588369], [85.5017901, 28.1586326], [85.5006317, 28.1586122], [85.4994039, 28.1590003], [85.4982224, 28.1595722], [85.4972031, 28.1603687], [85.4967397, 28.1617576], [85.4967397, 28.163126], [85.4971799, 28.1648212], [85.4974116, 28.1655156], [85.4981297, 28.1667001], [85.4995429, 28.1681706], [85.5007707, 28.1692326], [85.5013499, 28.1699882], [85.5017437, 28.1709073], [85.5020449, 28.1716425], [85.5023924, 28.1720509], [85.5029716, 28.1728474], [85.5032727, 28.1740931], [85.5038983, 28.1748896], [85.5044311, 28.1754001], [85.5058211, 28.1761557], [85.5067709, 28.1767684], [85.5085316, 28.1771564], [85.5094814, 28.1768092], [85.5099216, 28.1763395], [85.5098289, 28.1753593], [85.5102691, 28.174767], [85.5110568, 28.1745424], [85.5120761, 28.1743382], [85.5126785, 28.1738276], [85.5127711, 28.1729903], [85.5122151, 28.1723777], [85.5109641, 28.172296], [85.5089949, 28.171908], [85.5079061, 28.1713974], [85.5069563, 28.170703], [85.5068404, 28.1699882], [85.5073269, 28.169396], [85.5080219, 28.1687629], [85.5080451, 28.168334], [85.5077208, 28.1679051], [85.5073501, 28.1673741], [85.5078134, 28.1660262], [85.5082999, 28.1653318], [85.5087633, 28.1649846], [85.5094351, 28.1644127], [85.5093424, 28.1639634], [85.5090876, 28.1636774], [85.5083231, 28.1633098], [85.5077208, 28.163126], [85.5069794, 28.1631668], [85.5064929, 28.1634324], [85.5064234, 28.1640451], [85.5063771, 28.164474], [85.5059601, 28.1650663], [85.5049408, 28.1651071], [85.5043153, 28.1650254], [85.5037361, 28.164862], [85.5028557, 28.1642902], [85.5021839, 28.1634936], [85.5014889, 28.1630035], [85.5008171, 28.1621456], [85.5008171, 28.1616759], [85.5011182, 28.161247], [85.5018827, 28.1610019], [85.5028789, 28.1609406], [85.5041299, 28.1610632], [85.5045238, 28.1610632], [85.5051491, 28.1614653], [85.5054275, 28.161552], [85.5060009, 28.161552], [85.5065906, 28.1615808]]]}, "properties": {"external_id": "osm:way/335830076", "name": "", "name_ne": "", "area_km2": 1.465}}, {"type": "Feature", "geometry": {"type": "Polygon", "coordinates": [[[85.5373561, 28.1746643], [85.5367447, 28.1756328], [85.5366984, 28.1762659], [85.5371617, 28.1772053], [85.5370459, 28.1776954], [85.536652, 28.1778384], [85.5356559, 28.1775116], [85.535123, 28.1768581], [85.5348913, 28.17598], [85.5347755, 28.1749589], [85.5343817, 28.1740399], [85.5340342, 28.173366], [85.5333585, 28.1725444], [85.5334834, 28.1721039], [85.5342017, 28.1719387], [85.5352389, 28.1722224], [85.5353573, 28.1727096], [85.5360756, 28.173563], [85.5373561, 28.1746643]]]}, "properties": {"external_id": "osm:way/335830680", "name": "", "name_ne": "", "area_km2": 0.122}}, {"type": "Feature", "geometry": {"type": "Polygon", "coordinates": [[[85.5517199, 28.1763313], [85.5507005, 28.1758616], [85.5498897, 28.1751877], [85.5492178, 28.1744525], [85.5484997, 28.1735335], [85.548129, 28.1722469], [85.5480827, 28.1714913], [85.5483375, 28.170511], [85.5484765, 28.1702864], [85.5491252, 28.1698779], [85.5499592, 28.1700413], [85.5506774, 28.170511], [85.5514882, 28.171573], [85.551882, 28.1724511], [85.5519515, 28.1732272], [85.5520674, 28.1741053], [85.5527392, 28.1751468], [85.554106, 28.1755144], [85.5549169, 28.1757391], [85.555357, 28.176413], [85.5555887, 28.1773523], [85.5555192, 28.1784959], [85.5548406, 28.1795842], [85.5544147, 28.1796275], [85.553268, 28.1794543], [85.5526127, 28.1785879], [85.5527602, 28.1778659], [85.5532024, 28.1775049], [85.5533663, 28.1772161], [85.5534482, 28.1768695], [85.5533171, 28.1765663], [85.5528421, 28.1763208], [85.5517199, 28.1763313]]]}, "properties": {"external_id": "osm:way/335830681", "name": "", "name_ne": "", "area_km2": 0.308}}, {"type": "Feature", "geometry": {"type": "Polygon", "coordinates": [[[85.5378529, 28.1724982], [85.5382265, 28.173091], [85.5382825, 28.1737003], [85.5386561, 28.1746389], [85.5397769, 28.1760221], [85.5397395, 28.1768124], [85.5407376, 28.1771937], [85.5410652, 28.17832], [85.5420809, 28.1788398], [85.5432931, 28.1779446], [85.5435224, 28.1772515], [85.5433586, 28.1765295], [85.5428778, 28.1764337], [85.5428031, 28.1762197], [85.5429151, 28.1758409], [85.5428591, 28.1750341], [85.5425789, 28.1747212], [85.540412, 28.1737003], [85.5398703, 28.1723664], [85.5395714, 28.1714608], [85.5393615, 28.1703922], [85.5383295, 28.1698868], [85.5367897, 28.1690925], [85.5357085, 28.1683849], [85.5345782, 28.1680961], [85.5339557, 28.1682983], [85.5335625, 28.1690781], [85.5343816, 28.169959], [85.5353645, 28.1706233], [85.5366586, 28.1711287], [85.5376579, 28.1716053], [85.5375913, 28.1721853], [85.5378529, 28.1724982]]]}, "properties": {"external_id": "osm:way/335830682", "name": "", "name_ne": "", "area_km2": 0.327}}, {"type": "Feature", "geometry": {"type": "Polygon", "coordinates": [[[85.6238988, 28.2693919], [85.6236069, 28.270722], [85.6230438, 28.2712814], [85.6236288, 28.2714751], [85.6246271, 28.2713806], [85.6252645, 28.2714225], [85.6258262, 28.2715042], [85.626737, 28.2714348], [85.6289323, 28.2711314], [85.630524, 28.2706835], [85.6304305, 28.2705779], [85.6301591, 28.2701083], [85.6296986, 28.2692799], [85.6294689, 28.2689013], [85.6289578, 28.2681499], [85.6286186, 28.2677472], [85.6283312, 28.2673489], [85.6281154, 28.2671329], [85.6279471, 28.2670128], [85.6276979, 28.2668633], [85.6275184, 28.2667637], [85.6274123, 28.2666958], [85.627372, 28.2666368], [85.6272405, 28.2665073], [85.6270525, 28.2663129], [85.6269206, 28.2661589], [85.6268542, 28.266045], [85.6268155, 28.2659362], [85.6267699, 28.2655737], [85.6267367, 28.2654184], [85.626682, 28.2652717], [85.6266312, 28.2651712], [85.6265499, 28.2651012], [85.6264624, 28.2650258], [85.6263503, 28.2649507], [85.6261329, 28.2648495], [85.6258665, 28.2647708], [85.6257268, 28.2647042], [85.62554, 28.2645863], [85.6252685, 28.2643738], [85.6249326, 28.2641867], [85.624765, 28.264115], [85.6244646, 28.2640284], [85.6242604, 28.2639817], [85.6240194, 28.2639545], [85.6236091, 28.2639348], [85.6230477, 28.2639251], [85.6227051, 28.2638992], [85.6225904, 28.2638596], [85.6222973, 28.2636446], [85.6219193, 28.2633269], [85.6215454, 28.2630693], [85.6211309, 28.2627766], [85.6187257, 28.2618823], [85.6191373, 28.2626892], [85.6196818, 28.2633412], [85.6201538, 28.2636602], [85.6200975, 28.2637783], [85.6195477, 28.2636531], [85.6194726, 28.2637901], [85.6195963, 28.2639845], [85.6203738, 28.2645248], [85.6201109, 28.2648107], [85.6202933, 28.2650564], [85.6200511, 28.2651692], [85.6203604, 28.2656588], [85.6207466, 28.265654], [85.621047, 28.26538], [85.6215835, 28.266084], [85.6218973, 28.2665021], [85.6212348, 28.2664927], [85.6210934, 28.2665803], [85.6215405, 28.2668045], [85.6218946, 28.2670904], [85.6223415, 28.2677169], [85.6226448, 28.2680586], [85.6233469, 28.2685179], [85.6238988, 28.2693919]]]}, "properties": {"external_id": "osm:way/335919235", "name": "", "name_ne": "", "area_km2": 0.523}}, {"type": "Feature", "geometry": {"type": "Polygon", "coordinates": [[[85.620646, 28.2671666], [85.6205642, 28.2675865], [85.6208217, 28.2677896], [85.6211221, 28.2677896], [85.6212133, 28.2674589], [85.6215191, 28.2673691], [85.6218388, 28.2674824], [85.6221521, 28.2676715], [85.6223415, 28.2677169], [85.6226448, 28.2680586], [85.6233469, 28.2685179], [85.6238988, 28.2693919], [85.6236069, 28.270722], [85.6230438, 28.2712814], [85.6226724, 28.2711247], [85.6217054, 28.2710274], [85.6209179, 28.2710274], [85.6195779, 28.2711977], [85.6187628, 28.271368], [85.6175195, 28.2713194], [85.6168426, 28.2711125], [85.616138, 28.2706867], [85.615544, 28.2702244], [85.6148671, 28.269543], [85.613831, 28.2690442], [85.6133613, 28.2686305], [85.6132093, 28.2680221], [85.6133613, 28.2673529], [85.6137757, 28.2666107], [85.6137067, 28.2663795], [85.6131955, 28.2664039], [85.6127258, 28.2665985], [85.6120351, 28.2667932], [85.6114825, 28.2666959], [85.6111371, 28.2664404], [85.6107641, 28.2657225], [85.6102181, 28.2655921], [85.6101563, 28.2651628], [85.6105569, 28.2645666], [85.6078084, 28.2635472], [85.606629, 28.2627911], [85.6063645, 28.2621071], [85.6058945, 28.261637], [85.607523, 28.2598031], [85.6045933, 28.2585897], [85.5954646, 28.2545842], [85.5956355, 28.2532602], [85.5958164, 28.2528689], [85.5968191, 28.2531877], [85.598327, 28.2535663], [85.5992016, 28.2541175], [85.6018857, 28.2544961], [85.6055269, 28.2564939], [85.6062309, 28.2563669], [85.6062486, 28.2563148], [85.6062973, 28.2562733], [85.6064234, 28.2562472], [85.6067932, 28.2562347], [85.6074431, 28.2561943], [85.6077331, 28.2562018], [85.607959, 28.2562592], [85.6082194, 28.2563545], [85.6088242, 28.2565904], [85.6090696, 28.2567131], [85.609424, 28.2569], [85.6097011, 28.2570797], [85.6101523, 28.2573556], [85.610376, 28.2574704], [85.61068, 28.2575924], [85.6111886, 28.2577884], [85.6114868, 28.2579323], [85.6118408, 28.2580947], [85.6122011, 28.2582734], [85.6124969, 28.2584638], [85.6127302, 28.2586003], [85.6131825, 28.2589471], [85.613416, 28.2590973], [85.6136339, 28.2592312], [85.6138823, 28.2593484], [85.6141244, 28.2594548], [85.6141986, 28.2594648], [85.6148698, 28.2596016], [85.6140196, 28.2599605], [85.6138319, 28.2601354], [85.613451, 28.2600409], [85.6131935, 28.2603149], [85.6130433, 28.2600692], [85.6129333, 28.260099], [85.6130609, 28.2610403], [85.6144821, 28.2611547], [85.6162319, 28.2616276], [85.6181439, 28.2627026], [85.6194703, 28.2648873], [85.6197542, 28.2657107], [85.6201082, 28.2662541], [85.620646, 28.2671666]]]}, "properties": {"external_id": "osm:way/335919237", "name": "", "name_ne": "", "area_km2": 1.591}}, {"type": "Feature", "geometry": {"type": "Polygon", "coordinates": [[[85.6514914, 28.3062249], [85.6520092, 28.3064485], [85.6526246, 28.306741], [85.6527907, 28.3071796], [85.6530153, 28.3079278], [85.6534354, 28.308805], [85.653787, 28.3096048], [85.6542852, 28.310525], [85.6544611, 28.3114797], [85.6543731, 28.312202], [85.6540899, 28.3128384], [85.6537089, 28.3138962], [85.6533084, 28.3144552], [85.652732, 28.3148422], [85.6519115, 28.3148508], [85.6514621, 28.3146874], [85.650876, 28.3141456], [85.6505146, 28.3135092], [85.6499969, 28.3126148], [85.6495964, 28.3123052], [85.649274, 28.3119698], [85.6484925, 28.3112905], [85.6483558, 28.3110841], [85.6484144, 28.3109034], [85.6486781, 28.310826], [85.6490982, 28.3108948], [85.6494401, 28.3108174], [85.6497624, 28.3104562], [85.6497429, 28.3100692], [85.6494987, 28.3095274], [85.6486195, 28.3089426], [85.6481311, 28.308332], [85.6479064, 28.3073], [85.6476915, 28.3068012], [85.6471738, 28.3057605], [85.646783, 28.3053133], [85.646236, 28.3049435], [85.6459332, 28.3046424], [85.645855, 28.3043328], [85.6460211, 28.3039974], [85.6463435, 28.3038426], [85.6468514, 28.3038082], [85.6479846, 28.303963], [85.6485804, 28.3042554], [85.6496257, 28.3048833], [85.6505244, 28.3057777], [85.6514914, 28.3062249]]]}, "properties": {"external_id": "osm:way/335919238", "name": "", "name_ne": "", "area_km2": 0.495}}, {"type": "Feature", "geometry": {"type": "Polygon", "coordinates": [[[85.5360114, 28.3011272], [85.5361378, 28.3007591], [85.5361378, 28.3001042], [85.5361784, 28.2995922], [85.5368939, 28.2995705], [85.5376511, 28.2995819], [85.5373556, 28.3000079], [85.5369815, 28.2999719], [85.5369728, 28.3002708], [85.536666, 28.3006754], [85.5365527, 28.3009714], [85.5368642, 28.3011366], [85.5377915, 28.300585], [85.5381879, 28.3003015], [85.5388181, 28.2999577], [85.539136, 28.2994693], [85.539113, 28.2985681], [85.539113, 28.2981191], [85.5387577, 28.2980297], [85.5385099, 28.2983601], [85.5379861, 28.2982853], [85.5374694, 28.2982417], [85.5372075, 28.2978739], [85.5366271, 28.2975623], [85.5363935, 28.2978054], [85.5359617, 28.2980734], [85.5356149, 28.2984785], [85.5349424, 28.298117], [85.5346805, 28.2984909], [85.5346675, 28.2989207], [85.5347588, 28.2993687], [85.5351194, 28.2994881], [85.535336, 28.2994688], [85.5356078, 28.2994445], [85.5355228, 28.2996938], [85.534907, 28.3000927], [85.5341213, 28.3000677], [85.5335103, 28.300348], [85.5328897, 28.3004728], [85.5325853, 28.3010151], [85.5323893, 28.3013484], [85.5319065, 28.3022364], [85.5315939, 28.3025808], [85.5321655, 28.3030312], [85.5326754, 28.3032907], [85.5332345, 28.3037022], [85.5338556, 28.3036076], [85.5343927, 28.3039859], [85.5347867, 28.3034394], [85.5356551, 28.3021088], [85.5364811, 28.3013347], [85.5363866, 28.3012652], [85.5360114, 28.3011272]]]}, "properties": {"external_id": "osm:way/335957862", "name": "", "name_ne": "", "area_km2": 0.221}}, {"type": "Feature", "geometry": {"type": "Polygon", "coordinates": [[[85.4751373, 28.2670851], [85.4748939, 28.2664895], [85.4748601, 28.2658404], [85.4751441, 28.264691], [85.475259, 28.2634165], [85.4754754, 28.2628388], [85.4758135, 28.2622134], [85.4763894, 28.2617829], [85.477167, 28.2614196], [85.4777621, 28.2610504], [85.4779781, 28.2608148], [85.478308, 28.2600273], [85.4785423, 28.2594419], [85.4785997, 28.2591639], [85.478657, 28.2587807], [85.4787782, 28.2583136], [85.4787775, 28.2576017], [85.4788992, 28.2569347], [85.4793049, 28.2563629], [85.4796295, 28.2558983], [85.4797512, 28.2553504], [85.4802245, 28.2548858], [85.4805355, 28.2548381], [85.4809683, 28.254993], [85.4819826, 28.2553504], [85.4824694, 28.2559341], [85.4825505, 28.2566369], [85.4824694, 28.2569466], [85.4823071, 28.2576017], [85.4818203, 28.2584713], [85.4811441, 28.2591503], [85.4804679, 28.2597459], [85.4800216, 28.2606988], [85.4800352, 28.2618899], [85.4801839, 28.2625689], [85.4801028, 28.2637362], [85.4803056, 28.2646295], [85.4804814, 28.265368], [85.4811793, 28.2656923], [85.4815236, 28.2656417], [85.4817722, 28.2654564], [85.4821547, 28.2647237], [85.482879, 28.2636632], [85.4837851, 28.2635441], [85.4846912, 28.2636513], [85.4853538, 28.264092], [85.4854214, 28.2648186], [85.4852727, 28.2651997], [85.4846641, 28.2661645], [85.4845289, 28.2673556], [85.4842178, 28.2686301], [85.4840691, 28.2683919], [85.483474, 28.2694996], [85.4830142, 28.2703928], [85.4822704, 28.271036], [85.481459, 28.2713099], [85.4801743, 28.2718936], [85.4776589, 28.2730012], [85.4766717, 28.2740493], [85.4754546, 28.2761931], [85.4739805, 28.2788728], [85.4726417, 28.2806711], [85.471256, 28.2817569], [85.4701563, 28.2822874], [85.4694295, 28.2829443], [85.4688367, 28.2838369], [85.4682725, 28.2841737], [85.4679282, 28.2842411], [85.4676796, 28.2841148], [85.4675075, 28.2837106], [85.4673258, 28.2833569], [85.4670389, 28.2831127], [85.4667711, 28.2826243], [85.4664938, 28.2818832], [85.466513, 28.2811758], [85.4666181, 28.2804432], [85.4677657, 28.27918], [85.4696399, 28.2774873], [85.4699937, 28.2767799], [85.4710934, 28.2741776], [85.4721166, 28.2727796], [85.4729677, 28.2711626], [85.4735032, 28.270472], [85.4741917, 28.2697141], [85.4754635, 28.2688466], [85.4757201, 28.2686007], [85.4758621, 28.2682255], [85.4761219, 28.2682843], [85.4764758, 28.2682885], [85.4770495, 28.2681496], [85.4774511, 28.2679517], [85.477695, 28.2677453], [85.4781397, 28.2673074], [85.47835, 28.2669915], [85.4784839, 28.2665367], [85.4784074, 28.2663767], [85.4782209, 28.2662209], [85.4780392, 28.2659051], [85.4779675, 28.2653408], [85.4778384, 28.2649281], [85.4777858, 28.2646291], [85.4776759, 28.2642964], [85.4775611, 28.2641616], [85.4774607, 28.264149], [85.4773699, 28.2642711], [85.4773699, 28.2645575], [85.4773412, 28.2651765], [85.4772216, 28.2656355], [85.4771069, 28.265943], [85.4770973, 28.2661619], [85.4771165, 28.2663978], [85.4771977, 28.2665788], [85.4771691, 28.2667389], [85.4770304, 28.266861], [85.4767387, 28.2668778], [85.4762558, 28.2669031], [85.4757012, 28.2669368], [85.4754287, 28.2669873], [85.4751373, 28.2670851]]]}, "properties": {"external_id": "osm:way/338973666", "name": "", "name_ne": "", "area_km2": 1.711}}, {"type": "Feature", "geometry": {"type": "Polygon", "coordinates": [[[85.4749492, 28.2497127], [85.4751359, 28.2497618], [85.4756194, 28.2498713], [85.4758681, 28.2498591], [85.4765588, 28.2495062], [85.4778139, 28.2499733], [85.4784027, 28.2507356], [85.4785825, 28.2518222], [85.4782096, 28.2521844], [85.4778558, 28.2523866], [85.4776932, 28.2528498], [85.4775861, 28.2533127], [85.477304, 28.2538518], [85.4771271, 28.2540245], [85.4767063, 28.2541298], [85.4765055, 28.254075], [85.4762282, 28.2536497], [85.4762616, 28.2533422], [85.4762808, 28.2531106], [85.4762282, 28.252702], [85.476056, 28.2522977], [85.4757787, 28.2523019], [85.4755301, 28.2523651], [85.4751906, 28.2522556], [85.4750424, 28.2519987], [85.4748279, 28.2515609], [85.4745888, 28.2514598], [85.474569, 28.250694], [85.4749492, 28.2497127]]]}, "properties": {"external_id": "osm:way/338973674", "name": "", "name_ne": "", "area_km2": 0.124}}, {"type": "Feature", "geometry": {"type": "Polygon", "coordinates": [[[85.4566805, 28.2549137], [85.4581914, 28.253785], [85.4591859, 28.2534059], [85.4605056, 28.2532122], [85.4611845, 28.2526057], [85.4622077, 28.252572], [85.4631066, 28.2529595], [85.4637377, 28.2529848], [85.464627, 28.2532038], [85.4652582, 28.253507], [85.4653921, 28.253726], [85.4655546, 28.2542567], [85.4655737, 28.2548126], [85.4659467, 28.255099], [85.4661284, 28.2554275], [85.4661666, 28.2557476], [85.4661475, 28.2562024], [85.4662814, 28.256691], [85.4661953, 28.2571037], [85.4657076, 28.257668], [85.4653729, 28.2578028], [85.4646653, 28.257727], [85.464015, 28.2577102], [85.4636899, 28.2578786], [85.4633552, 28.2582408], [85.4628484, 28.2584851], [85.4622077, 28.2586535], [85.4616244, 28.2589315], [85.4610124, 28.2594958], [85.4597119, 28.2602202], [85.4574261, 28.2621457], [85.4566639, 28.2623524], [85.4556835, 28.2623941], [85.4551155, 28.2623643], [85.4543649, 28.2622631], [85.4537496, 28.2621737], [85.4533777, 28.2621142], [85.4528435, 28.2617151], [85.4521049, 28.2609559], [85.4517894, 28.2603327], [85.4516651, 28.2596925], [85.4518181, 28.2590861], [85.4526213, 28.2581174], [85.4544765, 28.2568793], [85.4558439, 28.2556579], [85.4566805, 28.2549137]]]}, "properties": {"external_id": "osm:way/338973678", "name": "", "name_ne": "", "area_km2": 0.894}}, {"type": "Feature", "geometry": {"type": "Polygon", "coordinates": [[[85.4544859, 28.2392817], [85.4542312, 28.2393812], [85.4539586, 28.239495], [85.4535953, 28.2398235], [85.4530884, 28.2400889], [85.4529259, 28.2400341], [85.4529115, 28.2398488], [85.4530212, 28.2396039], [85.4530977, 28.2393301], [85.4529638, 28.2390732], [85.4528921, 28.238892], [85.4527295, 28.238732], [85.4526769, 28.2383487], [85.4527295, 28.2378685], [85.4527582, 28.2375273], [85.4529447, 28.2372451], [85.4530833, 28.2369839], [85.4531598, 28.2368028], [85.4531264, 28.2363352], [85.4531694, 28.2360698], [85.4532841, 28.2359055], [85.4535376, 28.2357118], [85.4537097, 28.2354927], [85.4539009, 28.235101], [85.4539392, 28.2346882], [85.4538961, 28.2345323], [85.4537479, 28.2343933], [85.4536571, 28.2342374], [85.4536858, 28.2340057], [85.4537575, 28.2337361], [85.4539583, 28.2333949], [85.4541161, 28.2331843], [85.4544795, 28.2329274], [85.4548907, 28.2328389], [85.455168, 28.2328642], [85.4553879, 28.2329653], [85.4555839, 28.2331001], [85.4556844, 28.2331801], [85.4558039, 28.2331675], [85.4557609, 28.232999], [85.4556861, 28.2327642], [85.4555618, 28.2326505], [85.4554901, 28.2324778], [85.4554709, 28.232145], [85.4555713, 28.2318796], [85.4557435, 28.2316774], [85.4560958, 28.231676], [85.4564588, 28.2317439], [85.4567492, 28.2319206], [85.457045, 28.2319521], [85.4573734, 28.2320098], [85.457532, 28.2320918], [85.4576191, 28.2323493], [85.4576034, 28.2326084], [85.4577038, 28.233076], [85.4579132, 28.2340778], [85.4578997, 28.2350369], [85.4576225, 28.2356267], [85.4569801, 28.2363892], [85.4565406, 28.2366513], [85.4559252, 28.2367049], [85.4553302, 28.2368657], [85.454911, 28.2371398], [85.4548343, 28.2374283], [85.4549108, 28.2376431], [85.4551068, 28.2377863], [85.4554367, 28.2378959], [85.4555419, 28.2379801], [85.4555563, 28.2381781], [85.4554941, 28.2382918], [85.4554606, 28.2385024], [85.4554941, 28.2386077], [85.4553943, 28.2388268], [85.4551218, 28.2390753], [85.4549114, 28.2391638], [85.4544859, 28.2392817]]]}, "properties": {"external_id": "osm:way/338973680", "name": "", "name_ne": "", "area_km2": 0.26}}, {"type": "Feature", "geometry": {"type": "Polygon", "coordinates": [[[85.4558151, 28.2429417], [85.4557475, 28.2428106], [85.4557205, 28.2426558], [85.4558489, 28.2425426], [85.4560721, 28.2424413], [85.4565454, 28.2424651], [85.4569173, 28.2425366], [85.4575529, 28.242483], [85.4580127, 28.2424949], [85.4582223, 28.2423817], [85.4582426, 28.2422447], [85.4581615, 28.241792], [85.4582899, 28.2415359], [85.458486, 28.2413631], [85.4589796, 28.2413691], [85.459649, 28.2414823], [85.4601494, 28.2414823], [85.4605957, 28.2413036], [85.4608459, 28.2412202], [85.4615964, 28.2411963], [85.4622185, 28.2413214], [85.4626851, 28.2416967], [85.4628271, 28.2423639], [85.4628812, 28.2429834], [85.4630299, 28.2434421], [85.4630299, 28.2437995], [85.4628947, 28.2439305], [85.4625904, 28.2440437], [85.462063, 28.2441688], [85.4617858, 28.2443832], [85.4615491, 28.2446513], [85.4614003, 28.2450027], [85.4614274, 28.2452767], [85.4617317, 28.2456043], [85.4618534, 28.2458724], [85.4619007, 28.2462596], [85.4618534, 28.2465693], [85.4615761, 28.2468254], [85.4612516, 28.2469088], [85.4609608, 28.2469088], [85.4607918, 28.2468195], [85.4606565, 28.2466765], [85.4603726, 28.2465157], [85.4600007, 28.2463906], [85.459791, 28.2463608], [85.4592771, 28.2464085], [85.4587227, 28.2464025], [85.4584657, 28.2463251], [85.4579383, 28.2462774], [85.4571134, 28.2463013], [85.4558895, 28.2465097], [85.4550848, 28.2465753], [85.4544898, 28.2465753], [85.4537065, 28.2467023], [85.4531385, 28.2468334], [85.452672, 28.2466725], [85.4525232, 28.2465951], [85.4524353, 28.246333], [85.4524015, 28.2459994], [85.4525503, 28.245654], [85.4529762, 28.2454633], [85.4535037, 28.2452191], [85.4537944, 28.244957], [85.4540176, 28.2447068], [85.4544165, 28.244415], [85.4550115, 28.244272], [85.4557891, 28.2442601], [85.4561543, 28.2442124], [85.4563504, 28.244129], [85.4567087, 28.2440516], [85.4569995, 28.2439801], [85.457128, 28.2439206], [85.4571483, 28.2437895], [85.4570266, 28.2436942], [85.4569657, 28.2436108], [85.4568913, 28.2432951], [85.4566479, 28.2432117], [85.4562895, 28.2430926], [85.4558151, 28.2429417]]]}, "properties": {"external_id": "osm:way/338973681", "name": "", "name_ne": "", "area_km2": 0.388}}, {"type": "Feature", "geometry": {"type": "Polygon", "coordinates": [[[85.5166508, 28.2563528], [85.5160703, 28.2567716], [85.5150252, 28.2570731], [85.5140522, 28.2579302], [85.5146079, 28.2583892], [85.5149595, 28.2599139], [85.5149189, 28.2611289], [85.5149189, 28.2612957], [85.5151894, 28.2619866], [85.5163524, 28.2623677], [85.5176371, 28.2624273], [85.5182371, 28.2624569], [85.5190404, 28.2616483], [85.5191169, 28.2607387], [85.5185718, 28.259989], [85.5175486, 28.2590036], [85.5171948, 28.2580939], [85.5175239, 28.2571496], [85.5166508, 28.2563528]]]}, "properties": {"external_id": "osm:way/338974011", "name": "", "name_ne": "", "area_km2": 0.201}}, {"type": "Feature", "geometry": {"type": "Polygon", "coordinates": [[[85.5228699, 28.2707268], [85.5225048, 28.2707268], [85.5218015, 28.2706196], [85.5215649, 28.2703397], [85.5215581, 28.2699586], [85.5218151, 28.2696429], [85.5224439, 28.2695119], [85.5229105, 28.2692142], [85.5233432, 28.26897], [85.5242425, 28.2686305], [85.5251013, 28.268565], [85.5256839, 28.2683964], [85.5264604, 28.2684459], [85.5271771, 28.2680826], [85.528117, 28.2679635], [85.5284686, 28.268172], [85.5286242, 28.268571], [85.5287004, 28.2687814], [85.528827, 28.2691308], [85.5291381, 28.2694762], [85.5291921, 28.269768], [85.5289622, 28.2701789], [85.5287662, 28.2704588], [85.5286444, 28.2709174], [85.5285295, 28.2712687], [85.5283672, 28.2714593], [85.5280765, 28.2716618], [85.5275558, 28.271757], [85.5270622, 28.2720131], [85.5267173, 28.272293], [85.526386, 28.2724598], [85.5259668, 28.2723942], [85.5258248, 28.272025], [85.5258045, 28.2716796], [85.5253853, 28.2711675], [85.5250066, 28.271102], [85.524371, 28.270828], [85.5237827, 28.2707863], [85.5228699, 28.2707268]]]}, "properties": {"external_id": "osm:way/338974014", "name": "", "name_ne": "", "area_km2": 0.21}}, {"type": "Feature", "geometry": {"type": "Polygon", "coordinates": [[[85.5020357, 28.2728024], [85.5014858, 28.2728361], [85.5012228, 28.2728529], [85.5007208, 28.2728108], [85.5003718, 28.2727392], [85.5000179, 28.2725119], [85.4996689, 28.2719771], [85.4995063, 28.2716486], [85.4992147, 28.2716402], [85.4989517, 28.2716991], [85.4985979, 28.2716191], [85.498311, 28.2714212], [85.4980863, 28.2712865], [85.4978377, 28.271257], [85.4973608, 28.2714959], [85.4968537, 28.2719306], [85.4965968, 28.2722462], [85.4962316, 28.2725082], [85.496137, 28.272544], [85.4959274, 28.272407], [85.4957245, 28.272139], [85.4956501, 28.2715554], [85.4953864, 28.2711266], [85.4950821, 28.2706443], [85.4949807, 28.2701262], [85.4951497, 28.2696259], [85.4953864, 28.2695187], [85.4957448, 28.2687803], [85.4959341, 28.268155], [85.4958665, 28.2673748], [85.4955757, 28.2668805], [85.4955014, 28.2663743], [85.4953391, 28.2658383], [85.4952106, 28.2654095], [85.4950957, 28.265338], [85.4946561, 28.2655048], [85.4943383, 28.2657728], [85.494007, 28.2658681], [85.4935945, 28.2658919], [85.4932362, 28.2657371], [85.4931483, 28.2649628], [85.4935134, 28.2644864], [85.4939935, 28.2640099], [85.494318, 28.2637598], [85.4943586, 28.2634918], [85.4942437, 28.2634322], [85.4939259, 28.2632893], [85.4938515, 28.2630749], [85.4940273, 28.2627771], [85.4942775, 28.2626997], [85.4945209, 28.2626818], [85.4953729, 28.2629439], [85.4962113, 28.2630213], [85.4969863, 28.2632754], [85.497429, 28.2632874], [85.4978077, 28.2634303], [85.4983757, 28.2636388], [85.4986529, 28.2639902], [85.4986597, 28.2643296], [85.498565, 28.2648478], [85.498849, 28.2652408], [85.4992479, 28.265479], [85.4996198, 28.2655088], [85.5006273, 28.2653718], [85.5011412, 28.2654731], [85.5020879, 28.2657887], [85.5026694, 28.2660984], [85.5033659, 28.2661401], [85.5041164, 28.2660031], [85.5046236, 28.2661163], [85.5049481, 28.2664915], [85.5052524, 28.2671823], [85.5053133, 28.267885], [85.504894, 28.2682126], [85.5045357, 28.2683019], [85.5037783, 28.2683496], [85.5025274, 28.268022], [85.5020203, 28.2679565], [85.5017701, 28.2680339], [85.501405, 28.2683793], [85.5013779, 28.2688141], [85.5019459, 28.2694989], [85.5024598, 28.2699575], [85.5031224, 28.2705173], [85.5034673, 28.2708687], [85.5036363, 28.2715237], [85.5034808, 28.2721133], [85.503163, 28.2725837], [85.5025004, 28.272816], [85.5020357, 28.2728024]]]}, "properties": {"external_id": "osm:way/338974015", "name": "", "name_ne": "", "area_km2": 0.709}}, {"type": "Feature", "geometry": {"type": "Polygon", "coordinates": [[[85.6332855, 28.3348174], [85.6333396, 28.3345555], [85.6334725, 28.3343999], [85.6338359, 28.334383], [85.6340367, 28.3344756], [85.6342949, 28.3346524], [85.6345531, 28.3347365], [85.6350408, 28.3347197], [85.635452, 28.3344335], [85.6355954, 28.3342736], [85.6354615, 28.3340379], [85.6352894, 28.333878], [85.6352703, 28.3336844], [85.6354137, 28.333474], [85.6356624, 28.3332552], [85.6358632, 28.3330447], [85.6359301, 28.3324724], [85.6361787, 28.3319084], [85.6364082, 28.3316643], [85.6367812, 28.3315549], [85.6370585, 28.331597], [85.6372498, 28.3322788], [85.6372498, 28.3330111], [85.6372593, 28.3333814], [85.6376705, 28.3338191], [85.6381199, 28.3345009], [85.6383016, 28.3349806], [85.6383016, 28.335452], [85.6383781, 28.3357297], [85.6387606, 28.3358055], [85.6391049, 28.3357634], [85.6394683, 28.3356035], [85.6397524, 28.3355069], [85.6397794, 28.3351141], [85.6398268, 28.3347748], [85.6399485, 28.3346201], [85.6404421, 28.3345903], [85.6406923, 28.3346677], [85.6412197, 28.3347093], [85.641666, 28.3347689], [85.6417742, 28.3348998], [85.6417268, 28.3351736], [85.6415781, 28.3354652], [85.6414225, 28.3357985], [85.6411876, 28.3363989], [85.6410824, 28.3368113], [85.6408912, 28.3370722], [85.6405661, 28.3373331], [85.6401931, 28.3378045], [85.6399062, 28.3382421], [85.6396576, 28.3384189], [85.639409, 28.3384441], [85.6388074, 28.3384836], [85.6385167, 28.3386027], [85.6383544, 28.338811], [85.6380907, 28.3390133], [85.6376917, 28.3390371], [85.6373469, 28.3388883], [85.6371643, 28.3387038], [85.6369547, 28.3385074], [85.6367045, 28.3383765], [85.6363704, 28.3380635], [85.6358865, 28.3379393], [85.6357706, 28.3381647], [85.6344819, 28.3378328], [85.6335566, 28.3372315], [85.6333649, 28.3361294], [85.6331833, 28.3354672], [85.6332855, 28.3348174]]]}, "properties": {"external_id": "osm:way/339345035", "name": "", "name_ne": "", "area_km2": 0.343}}, {"type": "Feature", "geometry": {"type": "Polygon", "coordinates": [[[85.6309377, 28.3269856], [85.631246, 28.3271994], [85.631273, 28.3273661], [85.631442, 28.3274613], [85.6316314, 28.3274554], [85.6317937, 28.327384], [85.6318816, 28.3271459], [85.6318207, 28.326634], [85.6317801, 28.3261816], [85.6317666, 28.3259316], [85.6319221, 28.3256043], [85.6320979, 28.3254495], [85.6323887, 28.3254138], [85.6326659, 28.3254852], [85.6330987, 28.32564], [85.633545, 28.3256757], [85.6339236, 28.3258305], [85.6344172, 28.3259197], [85.6346133, 28.3262233], [85.6346606, 28.3266042], [85.6345727, 28.3269733], [85.6343699, 28.3272947], [85.6340859, 28.3272828], [85.6339101, 28.3271637], [85.6336937, 28.327003], [85.6332948, 28.3269197], [85.633004, 28.3269376], [85.6326051, 28.3270864], [85.6323616, 28.3271637], [85.6322467, 28.3272887], [85.6322264, 28.3274316], [85.6322602, 28.3275268], [85.6324022, 28.3276101], [85.6329071, 28.3277943], [85.6331462, 28.3278364], [85.6333374, 28.3279711], [85.6332609, 28.3282152], [85.633194, 28.328333], [85.6329836, 28.3285435], [85.6329262, 28.3287371], [85.6330792, 28.3288381], [85.6332705, 28.3288549], [85.633653, 28.3287202], [85.6340886, 28.3286205], [85.6343996, 28.32868], [85.6345552, 28.3288585], [85.6346228, 28.3290609], [85.6345552, 28.3293704], [85.6343861, 28.3296323], [85.6342779, 28.3298109], [85.6343066, 28.330103], [85.6347279, 28.3306625], [85.6350148, 28.3308225], [85.6355025, 28.3309992], [85.6359424, 28.3310918], [85.6361336, 28.3312181], [85.6361528, 28.3314285], [85.6359615, 28.3316221], [85.6357703, 28.3316726], [85.6355025, 28.3316894], [85.6353782, 28.3317399], [85.6353112, 28.3318999], [85.6353112, 28.3320935], [85.6350531, 28.3324975], [85.6346514, 28.3327332], [85.634135, 28.3329604], [85.6332553, 28.3329688], [85.6329971, 28.3327584], [85.6328154, 28.3324133], [85.6327963, 28.3321356], [85.6327867, 28.3318157], [85.6326624, 28.3315716], [85.6324042, 28.3316053], [85.6322321, 28.3318325], [85.6321556, 28.3322534], [85.632146, 28.3328173], [85.6322608, 28.3330446], [85.6323468, 28.3333729], [85.632299, 28.3336422], [85.6320982, 28.3339452], [85.6319261, 28.3342482], [85.6315795, 28.3348452], [85.6312414, 28.3351666], [85.6307951, 28.3353868], [85.6304841, 28.3354642], [85.6300919, 28.3353987], [85.6298079, 28.3352082], [85.6296186, 28.3350118], [85.6295239, 28.3347678], [85.6294698, 28.3344821], [85.6293075, 28.3342619], [85.6290641, 28.3340536], [85.6290438, 28.3339346], [85.6291114, 28.3338155], [85.6291317, 28.3335834], [85.6290278, 28.3330752], [85.6287979, 28.3328431], [85.6286694, 28.3325574], [85.6286897, 28.3322539], [85.6288182, 28.331867], [85.628852, 28.3316825], [85.6288587, 28.3312183], [85.6292904, 28.3306157], [85.6296538, 28.3301443], [85.6300172, 28.3299928], [85.6303232, 28.3298413], [85.630524, 28.3295046], [85.6306005, 28.3292774], [85.6305718, 28.3289827], [85.6302689, 28.3285998], [85.6298896, 28.3283389], [85.6296362, 28.3283305], [85.6295104, 28.3281798], [85.629491, 28.3280126], [85.6296447, 28.3276128], [85.6298943, 28.3273204], [85.630492, 28.3268953], [85.6309377, 28.3269856]]]}, "properties": {"external_id": "osm:way/339345036", "name": "", "name_ne": "", "area_km2": 0.408}}, {"type": "Feature", "geometry": {"type": "Polygon", "coordinates": [[[85.6298963, 28.3260534], [85.6301997, 28.3259391], [85.6305986, 28.3256653], [85.630984, 28.3253736], [85.6313492, 28.3252903], [85.6313762, 28.3254629], [85.6311869, 28.3256891], [85.6309164, 28.3258379], [85.6308826, 28.3259688], [85.6310043, 28.3260403], [85.6311395, 28.3261831], [85.630492, 28.3268953], [85.6298943, 28.3273204], [85.6296447, 28.3276128], [85.6294288, 28.3274688], [85.6292801, 28.3274152], [85.629063, 28.327534], [85.62891, 28.3277613], [85.6286518, 28.3278118], [85.6279251, 28.3277781], [85.6276095, 28.3276182], [85.6274183, 28.3272562], [85.6270836, 28.3271468], [85.626768, 28.3271973], [85.6265385, 28.3274751], [85.6264524, 28.327837], [85.6265289, 28.3281401], [85.6268349, 28.3283673], [85.6274374, 28.3284683], [85.6278677, 28.3287377], [85.627906, 28.3291586], [85.6278103, 28.3298824], [85.6274565, 28.3303201], [85.6271027, 28.3305306], [85.6258883, 28.3308168], [85.6248842, 28.3308925], [85.6244539, 28.3307158], [85.624014, 28.3302696], [85.623947, 28.3299161], [85.6241096, 28.3295878], [85.6241957, 28.329167], [85.623708, 28.3284515], [85.6229812, 28.3278054], [85.6226178, 28.3275445], [85.6223692, 28.3272414], [85.6222927, 28.3267785], [85.6223979, 28.3264502], [85.6225892, 28.3260377], [85.6226083, 28.3255916], [85.6227804, 28.3251623], [85.6231151, 28.3249939], [85.6233924, 28.3248761], [85.6234498, 28.3246404], [85.6236219, 28.3242784], [85.6238705, 28.3240343], [85.6239757, 28.3236471], [85.624167, 28.3234367], [85.6245591, 28.3232767], [85.6248364, 28.3232851], [85.6252093, 28.3234451], [85.6253719, 28.3237902], [85.6253623, 28.3240932], [85.6254962, 28.3244047], [85.6257639, 28.3244636], [85.6262994, 28.3239754], [85.6264429, 28.3237144], [85.626768, 28.3233777], [85.6270549, 28.3233609], [85.6271983, 28.323504], [85.6274621, 28.3239307], [85.6274239, 28.3242505], [85.6272804, 28.3246798], [85.6272996, 28.3249324], [85.6275195, 28.3253364], [85.6277586, 28.3253701], [85.6278829, 28.3248482], [85.6279976, 28.3245115], [85.6282654, 28.3244526], [85.6286001, 28.3244862], [85.6287435, 28.3243095], [85.628667, 28.3240906], [85.628667, 28.3237286], [85.62882, 28.3234677], [85.6292121, 28.3232236], [85.6295085, 28.3232657], [85.6297858, 28.3234172], [85.6300345, 28.3237034], [85.6301014, 28.3241916], [85.6302257, 28.3247893], [85.63035, 28.3251007], [85.6303691, 28.3253196], [85.6300015, 28.3257251], [85.6294278, 28.3261039], [85.6291696, 28.3264237], [85.6289305, 28.3269204], [85.6289688, 28.3270466], [85.6292461, 28.3269793], [85.6295521, 28.3266342], [85.6297433, 28.3263143], [85.6298963, 28.3260534]]]}, "properties": {"external_id": "osm:way/339345332", "name": "", "name_ne": "", "area_km2": 0.423}}, {"type": "Feature", "geometry": {"type": "Polygon", "coordinates": [[[85.6200765, 28.3182852], [85.6202117, 28.3172494], [85.6204281, 28.3166899], [85.6209961, 28.315797], [85.6214424, 28.3153208], [85.6218751, 28.3148683], [85.6223349, 28.3140111], [85.6228353, 28.3134992], [85.6236332, 28.313142], [85.6242012, 28.3125229], [85.6244581, 28.31163], [85.6248368, 28.3107132], [85.6252831, 28.3101417], [85.6256752, 28.3100941], [85.6261891, 28.3098917], [85.6269329, 28.3096774], [85.6277173, 28.3096774], [85.6278931, 28.3097727], [85.628096, 28.3101537], [85.6281636, 28.3105585], [85.6287316, 28.3109275], [85.6288398, 28.3112728], [85.6284746, 28.3123563], [85.6281906, 28.3139397], [85.6276903, 28.3149517], [85.6271628, 28.3154279], [85.6262838, 28.3156303], [85.6249315, 28.3160113], [85.624404, 28.3163208], [85.6240524, 28.3170947], [85.6240659, 28.3174875], [85.6243229, 28.317809], [85.6248368, 28.317928], [85.6249991, 28.3180471], [85.6251478, 28.3183328], [85.6254048, 28.3187018], [85.6257564, 28.31894], [85.625824, 28.3194042], [85.6256076, 28.3199638], [85.6252966, 28.3202376], [85.6248909, 28.3202971], [85.6246069, 28.3204162], [85.6244717, 28.3205709], [85.6244581, 28.3207971], [85.6247827, 28.3209995], [85.6251073, 28.3212852], [85.6251208, 28.3216424], [85.6248097, 28.3220828], [85.6244176, 28.3225709], [85.62412, 28.3227614], [85.6237279, 28.3229281], [85.623498, 28.3234638], [85.6231058, 28.3242376], [85.6227136, 28.3247257], [85.622105, 28.3251423], [85.6215776, 28.3259042], [85.6208879, 28.3265827], [85.6205498, 28.3270708], [85.6204281, 28.3274993], [85.6202117, 28.3280826], [85.6199954, 28.3282255], [85.6197249, 28.3281064], [85.6193733, 28.3277493], [85.6191975, 28.3271184], [85.6191975, 28.3265232], [85.6188594, 28.3249756], [85.6188053, 28.3237733], [85.6189676, 28.3227257], [85.619211, 28.3221662], [85.6197655, 28.3213447], [85.6200359, 28.3209162], [85.6201982, 28.3201185], [85.6200765, 28.3182852]]]}, "properties": {"external_id": "osm:way/339345581", "name": "", "name_ne": "", "area_km2": 0.843}}, {"type": "Feature", "geometry": {"type": "Polygon", "coordinates": [[[85.6176044, 28.3040789], [85.6169637, 28.3038432], [85.6164855, 28.303498], [85.616409, 28.303077], [85.6163421, 28.3027908], [85.6161604, 28.3025382], [85.6160839, 28.3019993], [85.6161317, 28.3017636], [85.6162752, 28.3013931], [85.6162847, 28.3010227], [85.6160839, 28.3005596], [85.6161221, 28.2995577], [85.6161221, 28.2990272], [85.6157853, 28.2985026], [85.6156365, 28.2982049], [85.6157583, 28.2979905], [85.6162181, 28.2977881], [85.6166102, 28.2973833], [85.6167996, 28.2973594], [85.6170295, 28.297419], [85.6172458, 28.2978477], [85.6175569, 28.2981811], [85.6178409, 28.2987645], [85.6184224, 28.299479], [85.6193014, 28.3002053], [85.6193555, 28.3005982], [85.619058, 28.3009554], [85.6191256, 28.301396], [85.6197477, 28.3020747], [85.6201669, 28.3024081], [85.6211677, 28.3024914], [85.6213841, 28.30242], [85.621641, 28.3025034], [85.6216816, 28.3027058], [85.6216545, 28.303313], [85.6216951, 28.3035273], [85.6222225, 28.3034797], [85.6225606, 28.303063], [85.6228852, 28.3030392], [85.6231421, 28.3031701], [85.6231556, 28.3037178], [85.6228716, 28.3041465], [85.6228175, 28.304718], [85.6230204, 28.3049085], [85.623061, 28.3051824], [85.6228311, 28.3052776], [85.6220061, 28.30523], [85.621073, 28.3049681], [85.620505, 28.3046704], [85.6201264, 28.3044084], [85.6200317, 28.3039917], [85.620194, 28.3036107], [85.6201264, 28.3030868], [85.6197342, 28.3029677], [85.6194908, 28.303182], [85.6192744, 28.3037417], [85.6189363, 28.3042537], [85.6185171, 28.3043846], [85.6180167, 28.3043251], [85.6176044, 28.3040789]]]}, "properties": {"external_id": "osm:way/339345854", "name": "", "name_ne": "", "area_km2": 0.265}}, {"type": "Feature", "geometry": {"type": "Polygon", "coordinates": [[[85.5861334, 28.302165], [85.586585, 28.3023623], [85.586984, 28.3026064], [85.5873153, 28.3029874], [85.5875024, 28.3037621], [85.5878466, 28.3040989], [85.5883152, 28.3044272], [85.5885065, 28.3049576], [85.5884108, 28.3054796], [85.5880379, 28.3058501], [85.5872824, 28.3060353], [85.5860776, 28.3059427], [85.5850448, 28.3056649], [85.5844615, 28.3053702], [85.5839628, 28.3046058], [85.5836086, 28.3043153], [85.5834057, 28.3038807], [85.5833313, 28.3034342], [85.5833111, 28.3030234], [85.5833178, 28.3026662], [85.5832637, 28.3022732], [85.5830474, 28.3020749], [85.5827797, 28.3019108], [85.5826315, 28.3017045], [85.5826315, 28.3014729], [85.5826649, 28.3013256], [85.5828466, 28.3012204], [85.5833391, 28.3011572], [85.5839033, 28.300993], [85.5842236, 28.3008583], [85.5845822, 28.3009257], [85.5849636, 28.3010815], [85.5855586, 28.3014268], [85.585802, 28.301784], [85.5861334, 28.302165]]]}, "properties": {"external_id": "osm:way/339346570", "name": "", "name_ne": "", "area_km2": 0.197}}, {"type": "Feature", "geometry": {"type": "Polygon", "coordinates": [[[85.5945005, 28.299242], [85.5950528, 28.3004287], [85.5955405, 28.3008833], [85.5968027, 28.3019947], [85.5978259, 28.3030892], [85.5980841, 28.3037544], [85.5981032, 28.3041669], [85.5976825, 28.3048405], [85.5963437, 28.3058255], [85.5954353, 28.306398], [85.5947372, 28.3066422], [85.593714, 28.3067179], [85.5934749, 28.3065664], [85.5934749, 28.3062296], [85.5936949, 28.3058339], [85.5939818, 28.3054719], [85.5945077, 28.3051688], [85.5947192, 28.3048299], [85.5946515, 28.3044132], [85.5941647, 28.3039607], [85.5937049, 28.3036988], [85.5931234, 28.3035797], [85.5928394, 28.3035559], [85.592339, 28.3033058], [85.5920415, 28.3028772], [85.5916628, 28.3019365], [85.5913518, 28.3009483], [85.5910272, 28.3001624], [85.5907027, 28.2992694], [85.5905674, 28.298674], [85.5901304, 28.2979285], [85.5898627, 28.297516], [85.5895471, 28.2970192], [85.589375, 28.2964551], [85.5893559, 28.2959246], [85.5894706, 28.2954194], [85.5897192, 28.2952089], [85.5904173, 28.2951331], [85.5908381, 28.2953015], [85.5911727, 28.2957394], [85.5912301, 28.2963961], [85.5912206, 28.2969097], [85.5915074, 28.297255], [85.5921768, 28.2975412], [85.5928175, 28.2976844], [85.5933148, 28.297937], [85.5938885, 28.2984085], [85.5942997, 28.2988547], [85.5945005, 28.299242]]]}, "properties": {"external_id": "osm:way/339346571", "name": "", "name_ne": "", "area_km2": 0.428}}, {"type": "Feature", "geometry": {"type": "Polygon", "coordinates": [[[85.6001817, 28.2988977], [85.5998816, 28.29856], [85.5995756, 28.2983748], [85.599107, 28.2982569], [85.5987819, 28.2980043], [85.5989636, 28.2975581], [85.599719, 28.2972886], [85.6003597, 28.2969603], [85.6007805, 28.2965393], [85.6009621, 28.2960509], [85.600857, 28.2956383], [85.6005223, 28.2952173], [85.6001684, 28.2951163], [85.6000862, 28.2949257], [85.6000862, 28.2946058], [85.600201, 28.2943616], [85.600134, 28.2940921], [85.5997994, 28.2940079], [85.5994169, 28.2942942], [85.5992543, 28.2945553], [85.5990822, 28.2950099], [85.5989253, 28.2957225], [85.5986576, 28.2958236], [85.5984759, 28.2960257], [85.5980115, 28.2962465], [85.5977073, 28.2965026], [85.5971325, 28.2965502], [85.5969567, 28.2966097], [85.5967539, 28.2969789], [85.596524, 28.2980624], [85.5965375, 28.2985923], [85.59672, 28.2989793], [85.5971773, 28.2994836], [85.5973016, 28.2998751], [85.5973686, 28.3003573], [85.5973686, 28.3007867], [85.5981145, 28.3022433], [85.598497, 28.3032116], [85.5995347, 28.3040558], [85.600423, 28.3039992], [85.6018316, 28.3043154], [85.602954, 28.3043869], [85.603833, 28.3042559], [85.6042117, 28.3038511], [85.6043334, 28.3031247], [85.6042523, 28.3026008], [85.6036437, 28.3018745], [85.6031569, 28.3011958], [85.6030216, 28.3003623], [85.602927, 28.2995526], [85.6025077, 28.2990525], [85.6016963, 28.2987548], [85.6013177, 28.2986953], [85.6010742, 28.2987667], [85.6007767, 28.2989215], [85.6001817, 28.2988977]]]}, "properties": {"external_id": "osm:way/339346572", "name": "", "name_ne": "", "area_km2": 0.449}}, {"type": "Feature", "geometry": {"type": "Polygon", "coordinates": [[[85.6352187, 28.3715344], [85.6352603, 28.3721008], [85.6350161, 28.3724188], [85.6348012, 28.3724446], [85.6344105, 28.3724446], [85.633922, 28.3721008], [85.6336388, 28.3715507], [85.6331996, 28.3701543], [85.6332686, 28.3695404], [85.6333861, 28.3690846], [85.6332755, 28.3687139], [85.6330786, 28.368502], [85.6327783, 28.3675925], [85.6332926, 28.3660263], [85.6339666, 28.3648401], [85.6340252, 28.3642298], [85.6341425, 28.3632069], [85.6347535, 28.3611119], [85.6353476, 28.359641], [85.6356929, 28.3591243], [85.6360373, 28.3588078], [85.6361133, 28.3586194], [85.6359544, 28.3582303], [85.6355331, 28.3577562], [85.6353535, 28.3571058], [85.6352222, 28.3545711], [85.6352886, 28.3538569], [85.6354644, 28.3528855], [85.6354107, 28.3523525], [85.6354937, 28.3517292], [85.63586, 28.3508867], [85.6361873, 28.3505687], [85.6363778, 28.3503924], [85.6363973, 28.3502764], [85.6362508, 28.3502377], [85.6360554, 28.3502592], [85.6356695, 28.350315], [85.6352153, 28.3503494], [85.634932, 28.3503537], [85.6346878, 28.3503193], [85.6345559, 28.3502592], [85.634468, 28.3501431], [85.634468, 28.3499927], [85.6345999, 28.3497734], [85.6348832, 28.3496058], [85.6352739, 28.3494425], [85.6357282, 28.349378], [85.636959, 28.3493694], [85.6375473, 28.3495158], [85.6380992, 28.3495416], [85.6387585, 28.349533], [85.6393398, 28.3496318], [85.6396963, 28.3496834], [85.640429, 28.3495459], [85.6407904, 28.3494814], [85.6411079, 28.3494341], [85.6416549, 28.3492493], [85.641777, 28.349245], [85.6419186, 28.3493739], [85.6419675, 28.3495846], [85.6418942, 28.3498941], [85.6415474, 28.3501692], [85.6411762, 28.3503927], [85.6405553, 28.3506818], [85.6398403, 28.3509045], [85.6398058, 28.3510756], [85.6399147, 28.3513168], [85.6402078, 28.3514285], [85.6405887, 28.3514027], [85.6413604, 28.3514027], [85.641761, 28.3515145], [85.6421028, 28.351867], [85.6421908, 28.3525203], [85.6425229, 28.3529501], [85.642855, 28.3532252], [85.6432946, 28.3532338], [85.6445059, 28.3530791], [85.6453069, 28.3531135], [85.6460395, 28.353337], [85.6464791, 28.3539989], [85.6466549, 28.3548242], [85.6478076, 28.3555291], [85.6494292, 28.3563372], [85.650494, 28.3569045], [85.6513243, 28.358065], [85.6518713, 28.3587957], [85.6525258, 28.3595693], [85.6528091, 28.3599132], [85.6528872, 28.3606438], [85.6527016, 28.3611252], [85.6521155, 28.3614519], [85.651168, 28.361598], [85.6498418, 28.3617118], [85.648484, 28.361686], [85.6469503, 28.3615605], [85.6462596, 28.3614024], [85.6460386, 28.3611958], [85.6458797, 28.3609405], [85.6458037, 28.360898], [85.6455758, 28.360898], [85.6451582, 28.3612477], [85.6447968, 28.3615313], [85.6442644, 28.3616646], [85.6431312, 28.3618451], [85.6421202, 28.3622362], [85.6412301, 28.362869], [85.6393741, 28.3639951], [85.6385633, 28.365422], [85.6366096, 28.3680264], [85.6358184, 28.3696079], [85.6352187, 28.3715344]]]}, "properties": {"external_id": "osm:way/341309398", "name": "", "name_ne": "", "area_km2": 2.093}}, {"type": "Feature", "geometry": {"type": "Polygon", "coordinates": [[[85.648607, 28.3664089], [85.6482409, 28.3674361], [85.6479853, 28.3681655], [85.6478126, 28.3684116], [85.6472946, 28.3688826], [85.6463621, 28.3695117], [85.6459338, 28.3699189], [85.645509, 28.3704933], [85.6452051, 28.3708093], [85.6449081, 28.3710099], [85.644542, 28.3710524], [85.6441207, 28.3709795], [85.6437338, 28.370867], [85.6435301, 28.3707485], [85.6433401, 28.3705115], [85.6432158, 28.370159], [85.6432123, 28.3699432], [85.6433332, 28.3694813], [85.6436959, 28.3688462], [85.6441083, 28.3681222], [85.6445186, 28.3674088], [85.6448019, 28.3668501], [85.6448214, 28.3663988], [85.6447677, 28.3661023], [85.6446895, 28.3656596], [85.6447482, 28.3651181], [85.6449685, 28.3649023], [85.6454569, 28.3648551], [85.6459258, 28.3647347], [85.6464924, 28.3647734], [85.646932, 28.3648121], [85.6474692, 28.3650227], [85.6478111, 28.365229], [85.6478991, 28.3654911], [85.6480212, 28.3657318], [85.6482068, 28.3658608], [85.6483582, 28.3659037], [85.64849, 28.3660155], [85.6485487, 28.3661487], [85.648607, 28.3664089]]]}, "properties": {"external_id": "osm:way/341309401", "name": "", "name_ne": "", "area_km2": 0.218}}, {"type": "Feature", "geometry": {"type": "Polygon", "coordinates": [[[85.6276734, 28.3384896], [85.6255552, 28.3399246], [85.6231061, 28.341611], [85.6230232, 28.3415137], [85.6226398, 28.3414347], [85.6222876, 28.3413465], [85.6220527, 28.3412705], [85.6219318, 28.341152], [85.6217626, 28.341], [85.6216555, 28.340848], [85.6215761, 28.3408206], [85.6211692, 28.341003], [85.6206616, 28.34131], [85.6202747, 28.3414407], [85.619789, 28.3417558], [85.6192713, 28.3420094], [85.618822, 28.3420481], [85.6179575, 28.3421814], [85.6170295, 28.3423318], [85.6163505, 28.3424737], [85.6160673, 28.3424436], [85.6157302, 28.342564], [85.6155495, 28.3426499], [85.6151979, 28.342852], [85.6146903, 28.3430038], [85.614345, 28.3432165], [85.614048, 28.3436056], [85.6136542, 28.3439157], [85.6128358, 28.3443357], [85.6124352, 28.3445364], [85.6120967, 28.3446032], [85.6118481, 28.3445789], [85.6117306, 28.3444634], [85.6116547, 28.3441412], [85.6116339, 28.3437035], [85.6119586, 28.3422627], [85.6121382, 28.3417885], [85.612601, 28.3412231], [85.6126562, 28.341059], [85.6125181, 28.3410408], [85.6120967, 28.3411563], [85.6117928, 28.3411867], [85.6113162, 28.3411745], [85.6110468, 28.3410955], [85.6108879, 28.3410164], [85.6106186, 28.3406456], [85.6107222, 28.3403842], [85.6108327, 28.3402504], [85.6112402, 28.3400863], [85.6119655, 28.3398857], [85.6124352, 28.3396364], [85.6128151, 28.3391683], [85.6130223, 28.3387913], [85.6134299, 28.3384144], [85.6136647, 28.3381712], [85.6138167, 28.33808], [85.6141966, 28.3379706], [85.6149218, 28.3378855], [85.6158543, 28.3376849], [85.6167454, 28.3376058], [85.6173878, 28.3375207], [85.6183548, 28.3376241], [85.6186656, 28.3377943], [85.6189834, 28.3380253], [85.6192735, 28.3381104], [85.6195498, 28.3382199], [85.6198399, 28.3382199], [85.6200402, 28.3381591], [85.6202267, 28.3377943], [85.6202336, 28.3374782], [85.6203786, 28.3369735], [85.6201921, 28.3367668], [85.6199158, 28.3365662], [85.6199158, 28.3363352], [85.6200125, 28.3362257], [85.6201369, 28.3359765], [85.6201576, 28.3356968], [85.620054, 28.3354475], [85.6196672, 28.335326], [85.6193633, 28.3354658], [85.6190179, 28.3356664], [85.6187485, 28.3357455], [85.6180923, 28.3358731], [85.6177884, 28.3358792], [85.617298, 28.3358366], [85.6169664, 28.3356299], [85.6165998, 28.335386], [85.6164479, 28.3353313], [85.616137, 28.335386], [85.6158456, 28.3356243], [85.6156074, 28.3358667], [85.6154935, 28.3361616], [85.6149181, 28.3364984], [85.6141855, 28.3368939], [85.6136678, 28.3369971], [85.6130621, 28.3370401], [85.6125346, 28.3371089], [85.6121732, 28.3373238], [85.6114255, 28.3378815], [85.6105068, 28.3381186], [85.6101062, 28.3381916], [85.6097365, 28.338286], [85.6092184, 28.3382982], [85.6088178, 28.3384441], [85.6087971, 28.3385475], [85.6088869, 28.3386326], [85.6092875, 28.3386934], [85.6097019, 28.3387298], [85.609999, 28.3388879], [85.6100473, 28.3391554], [85.6098125, 28.3395567], [85.6094395, 28.340043], [85.609025, 28.3400856], [85.6088316, 28.3400734], [85.608583, 28.3399397], [85.6084103, 28.3396174], [85.6082652, 28.339581], [85.6080718, 28.339581], [85.6079751, 28.3395871], [85.6077472, 28.339508], [85.6073811, 28.3391311], [85.6073465, 28.3388757], [85.60751, 28.3380489], [85.6079037, 28.3376111], [85.6082008, 28.3372342], [85.608477, 28.3370761], [85.6088086, 28.3368998], [85.6089675, 28.3367721], [85.6091194, 28.3365776], [85.6092576, 28.3360243], [85.6095822, 28.335161], [85.6099828, 28.3344983], [85.6106363, 28.3339017], [85.611198, 28.3332784], [85.611999, 28.332741], [85.6124142, 28.3325045], [85.6128733, 28.3324529], [85.613225, 28.3325217], [85.6138502, 28.3327281], [85.6143435, 28.3328485], [85.6147293, 28.3328528], [85.6156735, 28.3325071], [85.6163849, 28.332197], [85.6179046, 28.3318254], [85.6183074, 28.3316889], [85.6189705, 28.3316342], [85.6202277, 28.3315855], [85.6207664, 28.3314883], [85.6212498, 28.3326065], [85.6211414, 28.3338175], [85.6210794, 28.3343348], [85.6213562, 28.3346925], [85.6222382, 28.3351036], [85.6243396, 28.3355146], [85.6248844, 28.3359713], [85.626173, 28.3372881], [85.6276734, 28.3384896]]]}, "properties": {"external_id": "osm:way/341311599", "name": "", "name_ne": "", "area_km2": 1.379}}, {"type": "Feature", "geometry": {"type": "Polygon", "coordinates": [[[85.6144837, 28.4325136], [85.6141107, 28.4326986], [85.6131927, 28.4327996], [85.6125711, 28.4326902], [85.612093, 28.4323623], [85.6118061, 28.4322109], [85.6114523, 28.4321773], [85.6106969, 28.4322193], [85.6103144, 28.4323791], [85.6101327, 28.4326482], [85.6101136, 28.4330602], [85.6102138, 28.4334885], [85.6106871, 28.4339907], [85.6110482, 28.4343463], [85.6110864, 28.4347079], [85.6110195, 28.4348761], [85.6106561, 28.4351788], [85.6103597, 28.4353722], [85.6101015, 28.4356413], [85.6099102, 28.4360449], [85.6097859, 28.4364486], [85.6094704, 28.4368269], [85.608887, 28.4374576], [85.6084567, 28.4376762], [85.6076917, 28.4378276], [85.6071275, 28.4378192], [85.6067068, 28.437609], [85.6062286, 28.437239], [85.6057888, 28.4367345], [85.6057505, 28.4361206], [85.6057888, 28.4354983], [85.6060948, 28.4345902], [85.6061617, 28.4339175], [85.6062669, 28.4335391], [85.6064295, 28.4332027], [85.6065538, 28.4330009], [85.6065442, 28.4327654], [85.6062564, 28.4325352], [85.6059313, 28.4324595], [85.6045798, 28.4326184], [85.6036235, 28.4326941], [85.6028107, 28.4326352], [85.60217, 28.4323409], [85.6018831, 28.4321979], [85.6015962, 28.4317102], [85.6010703, 28.4313234], [85.6007356, 28.4312057], [85.6003818, 28.4312141], [85.6002766, 28.43113], [85.6002862, 28.430945], [85.6002575, 28.4307852], [85.6001619, 28.4307179], [85.5999897, 28.430987], [85.5998176, 28.4312141], [85.599502, 28.4315084], [85.5991865, 28.4318195], [85.5989665, 28.4320129], [85.5988231, 28.4322568], [85.5985649, 28.4325259], [85.5981537, 28.4329379], [85.5976086, 28.4330557], [85.5973026, 28.4330136], [85.5970731, 28.432652], [85.5969297, 28.4322736], [85.5968245, 28.4317859], [85.5968245, 28.4312982], [85.5969966, 28.4308272], [85.597274, 28.4305413], [85.5979625, 28.4298602], [85.5980676, 28.4294902], [85.5980963, 28.4291286], [85.597972, 28.4286913], [85.5978172, 28.4283485], [85.5977773, 28.428081], [85.5976353, 28.4278075], [85.5974112, 28.4276223], [85.5972247, 28.4274836], [85.5969139, 28.4273322], [85.5964529, 28.4270473], [85.5962617, 28.4269043], [85.5960608, 28.4267109], [85.5959078, 28.4264796], [85.5958266, 28.4262778], [85.5956783, 28.4259246], [85.595511, 28.4257774], [85.5953341, 28.4256597], [85.5948942, 28.4254999], [85.59433, 28.4254831], [85.5932064, 28.4256092], [85.590964, 28.42624], [85.5894961, 28.4266268], [85.5889702, 28.4269127], [85.5886403, 28.4270305], [85.5883916, 28.4270263], [85.5880904, 28.42698], [85.5879611, 28.4268748], [85.5876073, 28.4267528], [85.5872392, 28.426694], [85.5868423, 28.4267865], [85.5864024, 28.4269], [85.5861968, 28.4269], [85.585996, 28.4268369], [85.5857426, 28.4266687], [85.5857235, 28.4264921], [85.5857522, 28.4261474], [85.5860295, 28.4258404], [85.5862781, 28.4255292], [85.5868232, 28.424621], [85.5872248, 28.4237884], [85.5874161, 28.4236497], [85.5875356, 28.4234983], [85.5878225, 28.4229348], [85.5878368, 28.4226573], [85.5877747, 28.4223671], [85.5876838, 28.4221359], [85.5874448, 28.4219719], [85.587067, 28.4218289], [85.5868088, 28.4217953], [85.5860513, 28.4222849], [85.5852397, 28.4226946], [85.5849241, 28.4228165], [85.5845942, 28.4228249], [85.5844603, 28.4228081], [85.5843743, 28.4227366], [85.5843217, 28.4225937], [85.5843886, 28.4223792], [85.584489, 28.4221816], [85.584709, 28.4218914], [85.5847281, 28.421719], [85.5847233, 28.4215046], [85.5844412, 28.4212733], [85.584226, 28.4212565], [85.583767, 28.4211892], [85.5834563, 28.421185], [85.582806, 28.4212901], [85.5821749, 28.4214163], [85.5816318, 28.4214727], [85.5814979, 28.421439], [85.5812875, 28.4213591], [85.5810102, 28.4212162], [85.5806181, 28.4211531], [85.5803265, 28.4211194], [85.5798484, 28.4211825], [85.5792937, 28.4214306], [85.5782952, 28.4215956], [85.5773994, 28.4215805], [85.5765542, 28.421414], [85.5761417, 28.4211047], [85.5760876, 28.4208015], [85.576162, 28.4205933], [85.5765407, 28.4203079], [85.5771628, 28.4200521], [85.5783731, 28.4196299], [85.5795497, 28.4193742], [85.5804422, 28.4191839], [85.5811455, 28.4191601], [85.5816255, 28.4191601], [85.5825587, 28.4193028], [85.5828554, 28.4193533], [85.5830515, 28.4193575], [85.5836157, 28.4193155], [85.5843443, 28.4191915], [85.585138, 28.418998], [85.5861612, 28.4186028], [85.5872513, 28.4180224], [85.5882171, 28.4172907], [85.5889056, 28.4167273], [85.5895559, 28.4162563], [85.5906651, 28.4158273], [85.5916501, 28.4154068], [85.5929725, 28.4147461], [85.5939327, 28.4145439], [85.5941693, 28.4144904], [85.5944804, 28.4145617], [85.594859, 28.4148293], [85.5950484, 28.4150434], [85.5953459, 28.41521], [85.5955961, 28.4152575], [85.5957786, 28.4152397], [85.5959747, 28.4151267], [85.5962182, 28.4148888], [85.5963128, 28.4146509], [85.5963128, 28.4143714], [85.596252, 28.4142049], [85.5960356, 28.4137767], [85.5960085, 28.4131998], [85.5961303, 28.4125516], [85.5965224, 28.4118617], [85.5968132, 28.4116416], [85.5974285, 28.4115048], [85.598551, 28.4115108], [85.5996531, 28.4115584], [85.600593, 28.4118557], [85.6010664, 28.4119985], [85.6013233, 28.412165], [85.6014711, 28.4126196], [85.601444, 28.4129943], [85.6013764, 28.4133868], [85.601532, 28.4138269], [85.6020864, 28.4143919], [85.6026612, 28.415058], [85.602979, 28.4159381], [85.6030128, 28.4163961], [85.6029587, 28.4169075], [85.6026747, 28.4174309], [85.602438, 28.4176271], [85.602154, 28.4176806], [85.6018295, 28.4176866], [85.6015522, 28.4175795], [85.6011601, 28.4174487], [85.6007341, 28.4174903], [85.6002747, 28.4177762], [85.600065, 28.4179546], [85.599869, 28.4183768], [85.5998554, 28.418698], [85.6000177, 28.4190191], [85.6004167, 28.4194473], [85.600633, 28.4195603], [85.6007547, 28.4197208], [85.600917, 28.4197803], [85.601316, 28.4197803], [85.6016946, 28.4198755], [85.6020936, 28.4201014], [85.602337, 28.4205118], [85.603074, 28.4215406], [85.6037705, 28.4222066], [85.6043317, 28.4226288], [85.6048389, 28.422944], [85.6056908, 28.4232354], [85.6060019, 28.4234376], [85.6060627, 28.4237528], [85.605941, 28.4241512], [85.6058396, 28.4244188], [85.6054677, 28.4246923], [85.6050552, 28.4248588], [85.6048524, 28.4250491], [85.604778, 28.4253702], [85.6047442, 28.4259114], [85.604893, 28.4262087], [85.605062, 28.4264347], [85.6053189, 28.4265417], [85.6056773, 28.4266547], [85.6061304, 28.4268212], [85.6066645, 28.4271601], [85.6070432, 28.4275288], [85.607334, 28.4279926], [85.6074219, 28.428284], [85.6075909, 28.4285516], [85.6079222, 28.4286884], [85.6081927, 28.4286646], [85.6085578, 28.4284267], [85.6088756, 28.4279272], [85.609065, 28.4274693], [85.6094303, 28.4267809], [85.6123434, 28.4300653], [85.6144837, 28.4325136]]]}, "properties": {"external_id": "osm:way/345197822", "name": "", "name_ne": "", "area_km2": 3.496}}, {"type": "Feature", "geometry": {"type": "Polygon", "coordinates": [[[85.6286371, 28.3958053], [85.6287364, 28.3962422], [85.6286371, 28.3965996], [85.6284204, 28.3969333], [85.6280773, 28.3974575], [85.6279057, 28.3977752], [85.6281134, 28.3982677], [85.628285, 28.398506], [85.6283301, 28.3988555], [85.6282579, 28.3991494], [85.6279147, 28.3993003], [85.6273188, 28.3993162], [85.6268673, 28.3994194], [85.6265784, 28.3996498], [85.6260275, 28.4001581], [85.6257567, 28.4001899], [85.6256483, 28.4001422], [85.6254767, 28.3999675], [85.6253142, 28.3997848], [85.6251156, 28.3997451], [85.6247995, 28.3997451], [85.6244022, 28.3999198], [85.6243209, 28.4000549], [85.6244835, 28.4002376], [85.6249711, 28.4003249], [85.6251968, 28.4004917], [85.6252239, 28.400865], [85.6251246, 28.4011113], [85.6244203, 28.4013337], [85.6236076, 28.4012066], [85.6224247, 28.401429], [85.6219371, 28.4015322], [85.6214585, 28.4014925], [85.6212057, 28.401429], [85.6208987, 28.4012066], [85.6208626, 28.4009762], [85.6208626, 28.4003408], [85.6211425, 28.3991573], [85.6220184, 28.3978149], [85.6230568, 28.3962978], [85.6238243, 28.395718], [85.6245196, 28.3953208], [85.6248627, 28.395297], [85.6253503, 28.3954638], [85.6256935, 28.3956703], [85.6263255, 28.3957021], [85.6267228, 28.3955035], [85.6272285, 28.3954082], [85.62768, 28.3953923], [85.6281585, 28.395424], [85.6286371, 28.3958053]]]}, "properties": {"external_id": "osm:way/349852374", "name": "", "name_ne": "", "area_km2": 0.349}}, {"type": "Feature", "geometry": {"type": "Polygon", "coordinates": [[[85.6216133, 28.3927838], [85.6209876, 28.3926771], [85.6207066, 28.3926603], [85.6199468, 28.3925199], [85.6196467, 28.3924693], [85.6191934, 28.3923176], [85.6189125, 28.3921267], [85.6185278, 28.3920802], [85.6176926, 28.3920127], [85.6167129, 28.3920524], [85.6161671, 28.3922001], [85.6158014, 28.3923431], [85.6156027, 28.3924027], [85.6153228, 28.3923789], [85.6151242, 28.3923233], [85.6147585, 28.3921366], [85.6145418, 28.3920095], [85.6143051, 28.3919106], [85.6143525, 28.3918252], [85.6144259, 28.3917587], [85.6144665, 28.3917458], [85.6145071, 28.3917676], [85.6145647, 28.3917745], [85.6146099, 28.3917656], [85.614681, 28.3917348], [85.6147916, 28.391717], [85.6148728, 28.3916753], [85.6148988, 28.3916306], [85.6149078, 28.3915839], [85.6151916, 28.3914734], [85.61538, 28.39142], [85.6155619, 28.3914031], [85.6156865, 28.3913189], [85.6158557, 28.3911335], [85.6161398, 28.3908021], [85.6164654, 28.3906112], [85.6166059, 28.3906027], [85.6168613, 28.3905999], [85.6178055, 28.3905471], [85.6184104, 28.3906583], [85.6189477, 28.3908927], [85.6193134, 28.3910793], [85.6195893, 28.3911662], [85.6196659, 28.390919], [85.6198894, 28.3908067], [85.6201767, 28.3908011], [85.620381, 28.3909471], [85.6207194, 28.3912448], [85.6210642, 28.3913796], [85.6215431, 28.3913572], [85.6218623, 28.3912954], [85.6222759, 28.3911719], [85.6226461, 28.391156], [85.6231247, 28.3912275], [85.6237568, 28.3913705], [85.6241812, 28.3917041], [85.6241992, 28.3919504], [85.6241992, 28.3924746], [85.6240277, 28.3930307], [85.6236755, 28.3936185], [85.6232963, 28.3939124], [85.6231329, 28.3939521], [85.6228711, 28.3939184], [85.6227051, 28.3937556], [85.6224944, 28.3935871], [85.6221369, 28.3933231], [85.6216133, 28.3927838]]]}, "properties": {"external_id": "osm:way/349852377", "name": "", "name_ne": "", "area_km2": 0.163}}, {"type": "Feature", "geometry": {"type": "Polygon", "coordinates": [[[85.6132476, 28.4183329], [85.6124961, 28.4181841], [85.6119853, 28.4178696], [85.6117682, 28.4173305], [85.6117299, 28.4163983], [85.6119981, 28.4151629], [85.6122918, 28.4134557], [85.612611, 28.4129615], [85.6128153, 28.4126807], [85.6128281, 28.4123101], [85.6123812, 28.4110184], [85.6120492, 28.4101423], [85.6113979, 28.409693], [85.6108488, 28.4095695], [85.6102741, 28.4096257], [85.6097123, 28.4099738], [85.6091376, 28.4105242], [85.6084307, 28.4111377], [85.6079792, 28.4113204], [85.6075548, 28.4113442], [85.6066338, 28.4112807], [85.6061281, 28.4112807], [85.6054238, 28.4113362], [85.6047556, 28.4115348], [85.6044035, 28.4119319], [85.6040604, 28.4125434], [85.6039159, 28.413425], [85.6041236, 28.413973], [85.604566, 28.4147116], [85.6049724, 28.4160537], [85.6055141, 28.4171417], [85.6062275, 28.4178565], [85.6070582, 28.4182218], [85.6077445, 28.4183647], [85.6080695, 28.4187142], [85.6083585, 28.4188889], [85.6087467, 28.4188889], [85.6090538, 28.4187936], [85.6093427, 28.4187062], [85.6098122, 28.418738], [85.6097942, 28.4189604], [85.6094962, 28.4192939], [85.6087287, 28.4196671], [85.6080876, 28.4197148], [85.6071936, 28.419691], [85.6065345, 28.4197227], [85.6062636, 28.4196195], [85.6062004, 28.4193813], [85.6060198, 28.4190874], [85.6056225, 28.4189127], [85.6051168, 28.4189604], [85.604864, 28.4193415], [85.6047918, 28.4198339], [85.6049904, 28.4207392], [85.6053335, 28.4211601], [85.6056767, 28.4215095], [85.6065525, 28.4218907], [85.6072298, 28.4222798], [85.6079521, 28.4227246], [85.6081688, 28.4230819], [85.6083585, 28.4233678], [85.6086113, 28.4234631], [85.6087377, 28.4233837], [85.6088641, 28.4230184], [85.6092073, 28.4223354], [85.6095684, 28.4218431], [85.610336, 28.4213666], [85.6108236, 28.4213428], [85.6111847, 28.4214222], [85.6114814, 28.4216503], [85.6132476, 28.4183329]]]}, "properties": {"external_id": "osm:way/349852382", "name": "", "name_ne": "", "area_km2": 0.86}}, {"type": "Feature", "geometry": {"type": "Polygon", "coordinates": [[[85.6056499, 28.4032458], [85.6056492, 28.4031489], [85.605745, 28.4029944], [85.605927, 28.4028933], [85.6062015, 28.4029495], [85.6064314, 28.4030646], [85.6069111, 28.4033029], [85.6074032, 28.4034578], [85.6075161, 28.4034578], [85.6077779, 28.4033824], [85.6081617, 28.4033705], [85.6083694, 28.403438], [85.608568, 28.4034539], [85.6086177, 28.4033665], [85.6085861, 28.4031838], [85.6084822, 28.4030686], [85.608401, 28.4029376], [85.6084145, 28.4028264], [85.6085093, 28.402739], [85.6086764, 28.4026715], [85.6089473, 28.4026993], [85.6093581, 28.4027152], [85.609787, 28.4026636], [85.6101843, 28.4026477], [85.6107577, 28.4027311], [85.6111234, 28.4027986], [85.6114846, 28.4029495], [85.6118277, 28.4030528], [85.6120896, 28.4030567], [85.6125546, 28.4029018], [85.6130377, 28.4027589], [85.6136971, 28.4027418], [85.6145846, 28.4029384], [85.6153508, 28.4031855], [85.6159701, 28.4031293], [85.6166086, 28.4030844], [85.6172151, 28.403236], [85.6177515, 28.4035281], [85.618111, 28.4038696], [85.6181301, 28.4040942], [85.6180727, 28.4042459], [85.6179386, 28.4043863], [85.6176385, 28.4045098], [85.6173639, 28.4045435], [85.6168531, 28.4045323], [85.6165339, 28.404639], [85.6162785, 28.4048244], [85.6161061, 28.4050602], [85.6158954, 28.4057623], [85.6160997, 28.4065991], [85.6160997, 28.4070989], [85.6158571, 28.407902], [85.6154868, 28.4082839], [85.6150973, 28.4086377], [85.6147717, 28.4087051], [85.6145865, 28.408677], [85.614395, 28.408458], [85.6143694, 28.4083007], [85.6144971, 28.4079582], [85.6146184, 28.4078515], [85.6147014, 28.4076212], [85.6147142, 28.4074078], [85.6146312, 28.4072], [85.6145035, 28.4069248], [85.6142417, 28.4066945], [85.6138905, 28.4067002], [85.6135458, 28.4068237], [85.6133542, 28.407009], [85.613284, 28.4072562], [85.6132329, 28.4075763], [85.613035, 28.4084018], [85.612869, 28.4087219], [85.6126391, 28.4089354], [85.6123518, 28.4089971], [85.6118537, 28.4087163], [85.6116175, 28.4085928], [85.6112344, 28.4084411], [85.6109726, 28.4083738], [85.6107683, 28.4082558], [85.6104682, 28.4081323], [85.6100468, 28.4081828], [85.6095169, 28.4082614], [85.6091018, 28.408267], [85.6088273, 28.4082109], [85.6083867, 28.4079919], [85.6074316, 28.4073301], [85.6068176, 28.4069409], [85.6056382, 28.4059412], [85.6051019, 28.4054807], [85.6046902, 28.4051787], [85.6045949, 28.405062], [85.6045465, 28.4049941], [85.6045546, 28.4049038], [85.6045638, 28.4048511], [85.6045938, 28.4048125], [85.604603, 28.4047628], [85.6045627, 28.4046685], [85.6045428, 28.4045647], [85.6045001, 28.4044338], [85.6044955, 28.404378], [85.6045001, 28.404302], [85.6045197, 28.4042756], [85.6045601, 28.4042604], [85.6046258, 28.4042756], [85.6047192, 28.404303], [85.6048241, 28.4043253], [85.6048841, 28.4043324], [85.6049867, 28.4043273], [85.6050432, 28.4043182], [85.6051101, 28.4043375], [85.6051862, 28.4043496], [85.6052922, 28.4043466], [85.6053972, 28.404301], [85.6054848, 28.404233], [85.6055251, 28.4042117], [85.6056047, 28.4042036], [85.6057429, 28.4041695], [85.6059548, 28.404082], [85.6060869, 28.4039773], [85.606282, 28.4039906], [85.6063905, 28.4040692], [85.6065182, 28.4041816], [85.6066555, 28.404409], [85.6070769, 28.4046533], [85.6073515, 28.4047769], [85.6077633, 28.4048948], [85.6080456, 28.4051616], [85.6083029, 28.4054555], [85.6087408, 28.4058089], [85.6097472, 28.4060544], [85.610839, 28.4061386], [85.6113306, 28.4061161], [85.6115222, 28.4060375], [85.6115286, 28.4058578], [85.6114392, 28.4056949], [85.611005, 28.4054254], [85.610392, 28.4050715], [85.6099706, 28.4047458], [85.6088768, 28.4040971], [85.6086872, 28.4039779], [85.6086375, 28.403831], [85.6085563, 28.4037675], [85.6083982, 28.4037953], [85.6083757, 28.4039581], [85.6083621, 28.4040891], [85.6082086, 28.4042281], [85.6081048, 28.4042599], [85.6078203, 28.40424], [85.6073553, 28.4042202], [85.6069445, 28.4040296], [85.6066059, 28.4038032], [85.6062988, 28.4035292], [85.6061544, 28.4034776], [85.6060788, 28.4034853], [85.6059369, 28.4033218], [85.605857, 28.4032845], [85.605738, 28.4032515], [85.6056499, 28.4032458]]]}, "properties": {"external_id": "osm:way/349853608", "name": "", "name_ne": "", "area_km2": 0.532}}, {"type": "Feature", "geometry": {"type": "Polygon", "coordinates": [[[85.6162897, 28.3973704], [85.6165606, 28.3982203], [85.616976, 28.3993402], [85.6173462, 28.4005078], [85.6179512, 28.4017231], [85.6183304, 28.4020885], [85.6184388, 28.4024459], [85.6184478, 28.4026683], [85.6183756, 28.4028271], [85.6180415, 28.4028351], [85.6174726, 28.4026762], [85.6169128, 28.4025094], [85.6164794, 28.4022314], [85.6162265, 28.4019137], [85.6159105, 28.4010877], [85.6156125, 28.4001266], [85.6151159, 28.3990225], [85.6145741, 28.3979423], [85.6142852, 28.3976881], [85.6135628, 28.3974577], [85.6129668, 28.397418], [85.6129668, 28.3973386], [85.6129849, 28.3972512], [85.6131655, 28.3970129], [85.6137614, 28.3969573], [85.6141407, 28.3968858], [85.6147818, 28.3968938], [85.6150346, 28.3970209], [85.6153687, 28.3971003], [85.6156306, 28.397005], [85.6158112, 28.396997], [85.6160821, 28.3970685], [85.6162897, 28.3973704]]]}, "properties": {"external_id": "osm:way/349853624", "name": "", "name_ne": "", "area_km2": 0.118}}, {"type": "Feature", "geometry": {"type": "Polygon", "coordinates": [[[85.5783888, 28.411716], [85.5781344, 28.4114865], [85.5778866, 28.4110792], [85.5777952, 28.4105744], [85.5777887, 28.4102703], [85.5777626, 28.4099892], [85.5777039, 28.4097253], [85.5777952, 28.4093983], [85.578017, 28.4093295], [85.5782779, 28.4094098], [85.5785779, 28.4094901], [85.5789888, 28.4095303], [85.5795432, 28.4097483], [85.580202, 28.4098745], [85.5806912, 28.4102015], [85.5809195, 28.4104367], [85.5811282, 28.411171], [85.5817021, 28.4117504], [85.5823494, 28.4121647], [85.5828517, 28.4121934], [85.5835496, 28.4123311], [85.5841431, 28.4125032], [85.5850301, 28.4129506], [85.5855324, 28.4132145], [85.585865, 28.413553], [85.5858781, 28.4137882], [85.5857998, 28.4141611], [85.5856563, 28.4144536], [85.5852845, 28.4146315], [85.5846584, 28.4147634], [85.5835887, 28.4147405], [85.5827212, 28.414706], [85.582219, 28.4145856], [85.5815733, 28.4144536], [85.5807841, 28.4142299], [85.5802492, 28.4142528], [85.5799818, 28.4143561], [85.5795905, 28.4143102], [85.5794274, 28.414207], [85.5793035, 28.414075], [85.5789839, 28.41353], [85.5787621, 28.4131801], [85.5787491, 28.4127728], [85.5788013, 28.4123024], [85.5786904, 28.4119754], [85.5783888, 28.411716]]]}, "properties": {"external_id": "osm:way/349856191", "name": "", "name_ne": "", "area_km2": 0.247}}, {"type": "Feature", "geometry": {"type": "Polygon", "coordinates": [[[85.5851631, 28.4042155], [85.5853881, 28.4044801], [85.585486, 28.4046637], [85.5854403, 28.4047497], [85.5852577, 28.4047669], [85.5846772, 28.4046637], [85.5842271, 28.4045948], [85.5834647, 28.4045198], [85.5827729, 28.4045361], [85.5823393, 28.4045442], [85.5817674, 28.4044955], [85.5811956, 28.4043251], [85.5810664, 28.4040979], [85.5811624, 28.4036359], [85.5812269, 28.4032627], [85.5810886, 28.4029949], [85.5809041, 28.402857], [85.5806827, 28.4027515], [85.5803414, 28.4026217], [85.5800001, 28.4026866], [85.5793729, 28.4028407], [85.5790316, 28.4031653], [85.5786719, 28.4033113], [85.5784597, 28.4033519], [85.5781461, 28.403287], [85.5779247, 28.4031004], [85.5778048, 28.4027921], [85.5778878, 28.4023134], [85.5781646, 28.4018996], [85.5784966, 28.4014614], [85.5789302, 28.401364], [85.5794651, 28.4013397], [85.5801108, 28.4011125], [85.5804337, 28.4011125], [85.5809871, 28.4011531], [85.5817061, 28.4013679], [85.5819996, 28.4015171], [85.5821496, 28.401672], [85.5821692, 28.4018384], [85.5820714, 28.4019933], [85.5818757, 28.4020162], [85.5816605, 28.4019187], [85.5814387, 28.4019187], [85.5813083, 28.4019875], [85.5812952, 28.4021138], [85.5814322, 28.4022916], [85.58183, 28.4024637], [85.5822997, 28.4025842], [85.5826062, 28.4025842], [85.5827758, 28.4025326], [85.5832258, 28.4021482], [85.5837476, 28.4020277], [85.584139, 28.4019933], [85.5846508, 28.4019743], [85.5848768, 28.4020148], [85.5852273, 28.4020108], [85.5855363, 28.4018769], [85.5858177, 28.4017836], [85.5862789, 28.4017633], [85.5866155, 28.4016254], [85.5868923, 28.4015483], [85.5871967, 28.4015361], [85.5874411, 28.4015929], [85.5876071, 28.4017592], [85.5875841, 28.4019296], [85.5875702, 28.4020108], [85.5876256, 28.4021852], [85.5876717, 28.402311], [85.5876994, 28.4025787], [85.5876256, 28.4027572], [85.5874387, 28.4029055], [85.586936, 28.4028041], [85.5858153, 28.4026824], [85.5852434, 28.4026986], [85.584899, 28.4026245], [85.584599, 28.4025324], [85.5837672, 28.4022819], [85.583457, 28.4025026], [85.5831056, 28.4028273], [85.5829332, 28.4032452], [85.5831509, 28.4037526], [85.5840612, 28.4039668], [85.5847718, 28.4038942], [85.5848892, 28.4039975], [85.5850359, 28.4041237], [85.5851631, 28.4042155]]]}, "properties": {"external_id": "osm:way/349856198", "name": "", "name_ne": "", "area_km2": 0.162}}, {"type": "Feature", "geometry": {"type": "Polygon", "coordinates": [[[85.5766862, 28.3938064], [85.5769927, 28.3938867], [85.577208, 28.3940531], [85.5773776, 28.3943572], [85.5773776, 28.3946211], [85.5771297, 28.3950859], [85.5771101, 28.3955449], [85.5774558, 28.3964227], [85.5780323, 28.397269], [85.5783275, 28.3978776], [85.5782688, 28.3982593], [85.5779492, 28.3990051], [85.5776492, 28.399533], [85.5773752, 28.3998313], [85.5770035, 28.3999633], [85.576573, 28.3999403], [85.5761621, 28.399665], [85.5757446, 28.3990453], [85.5756664, 28.3984543], [85.5757381, 28.3980814], [85.5758425, 28.3976855], [85.5755751, 28.397215], [85.5752816, 28.3966069], [85.5752685, 28.3960274], [85.5751446, 28.3956143], [85.5750468, 28.3953446], [85.5750468, 28.3950233], [85.5753403, 28.3946044], [85.5758294, 28.3943405], [85.5763382, 28.394002], [85.5766862, 28.3938064]]]}, "properties": {"external_id": "osm:way/349857300", "name": "", "name_ne": "", "area_km2": 0.135}}, {"type": "Feature", "geometry": {"type": "Polygon", "coordinates": [[[85.5895533, 28.3903873], [85.5900975, 28.3901844], [85.5905587, 28.3901925], [85.5910292, 28.3902899], [85.5909554, 28.3906226], [85.5907617, 28.3908173], [85.5900422, 28.3912149], [85.5890091, 28.3915558], [85.588142, 28.3917099], [85.5876347, 28.3918641], [85.5873211, 28.3921319], [85.5872289, 28.392562], [85.5871274, 28.3931949], [85.5869874, 28.3938387], [85.5864156, 28.3941957], [85.5859912, 28.3942769], [85.5850873, 28.3942039], [85.5843863, 28.3940903], [85.5836207, 28.3939036], [85.5830396, 28.3936277], [85.5820249, 28.3931084], [85.581287, 28.3926215], [85.5808904, 28.3923456], [85.5804015, 28.3920292], [85.5803646, 28.3918425], [85.5804107, 28.3915017], [85.5804568, 28.3912664], [85.5804291, 28.3909905], [85.5802262, 28.3909662], [85.5797457, 28.3908467], [85.5792753, 28.3909278], [85.5788233, 28.3912443], [85.5782514, 28.3915932], [85.5777164, 28.3916662], [85.5770708, 28.3916013], [85.576794, 28.3914066], [85.5767664, 28.390944], [85.5773198, 28.3896132], [85.578316, 28.3886232], [85.5792661, 28.3878523], [85.5796904, 28.3875277], [85.5806708, 28.3869199], [85.5813165, 28.3866684], [85.582488, 28.3865061], [85.583106, 28.3864574], [85.5836133, 28.3863032], [85.5838624, 28.3860841], [85.5840099, 28.3858569], [85.5844435, 28.385654], [85.5852367, 28.3856134], [85.5856518, 28.3857351], [85.5859755, 28.3859745], [85.5862199, 28.3859867], [85.5863767, 28.3859137], [85.5862799, 28.385581], [85.5862337, 28.3854065], [85.5862983, 28.3853051], [85.5865058, 28.3852848], [85.5867687, 28.3852807], [85.5870454, 28.3853416], [85.58711, 28.3855079], [85.58711, 28.3857514], [85.5872253, 28.3860029], [85.5875113, 28.3862099], [85.5877511, 28.3863641], [85.5881108, 28.3866359], [85.5882769, 28.386997], [85.5881985, 28.3872973], [85.5881385, 28.3876138], [85.588014, 28.3880763], [85.5877557, 28.3887255], [85.5875712, 28.3892164], [85.5875666, 28.3897642], [85.5877096, 28.390178], [85.5877465, 28.3905594], [85.5879079, 28.3907258], [85.5881154, 28.3908028], [85.5884659, 28.3907258], [85.5895533, 28.3903873]]]}, "properties": {"external_id": "osm:way/349857302", "name": "", "name_ne": "", "area_km2": 0.735}}, {"type": "Feature", "geometry": {"type": "Polygon", "coordinates": [[[85.5660361, 28.3891154], [85.5656621, 28.389314], [85.565394, 28.389463], [85.5650412, 28.3894879], [85.5648154, 28.3892706], [85.5646531, 28.3887864], [85.5645543, 28.3886126], [85.5642015, 28.3884388], [85.5635594, 28.388445], [85.5625716, 28.3882526], [85.5617813, 28.3880229], [85.5612309, 28.3876256], [85.5604689, 28.3869428], [85.5601514, 28.3863282], [85.5599679, 28.3857695], [85.5600667, 28.3854467], [85.5603983, 28.3852295], [85.5610545, 28.3851177], [85.5619718, 28.3849811], [85.5638913, 28.3849798], [85.5650767, 28.3849302], [85.5659375, 28.3847005], [85.5665161, 28.3843653], [85.5671762, 28.3842081], [85.5675236, 28.3840113], [85.5680986, 28.3838598], [85.5684797, 28.3836922], [85.5687125, 28.3834749], [85.5687831, 28.3831583], [85.5688325, 28.3827734], [85.5687549, 28.3826244], [85.5686349, 28.3825127], [85.5687266, 28.382314], [85.5688254, 28.3821464], [85.5688748, 28.3817429], [85.5689595, 28.3813766], [85.5693617, 28.3807558], [85.5699685, 28.3803647], [85.5705612, 28.3802716], [85.5709846, 28.3803896], [85.5713374, 28.3806131], [85.5715914, 28.3809421], [85.5716196, 28.3814015], [85.5715561, 28.3819416], [85.571422, 28.3822457], [85.5712104, 28.3824134], [85.5709352, 28.3825189], [85.5704483, 28.3826555], [85.5703142, 28.382792], [85.5702931, 28.3830031], [85.5703707, 28.3831521], [85.570533, 28.3833818], [85.5704554, 28.3836611], [85.5702719, 28.3837915], [85.5699685, 28.3840274], [85.569785, 28.3842074], [85.5697068, 28.3846098], [85.5699463, 28.3850663], [85.5702756, 28.3853384], [85.5711238, 28.385435], [85.5718623, 28.3853823], [85.5729947, 28.3852067], [85.5737231, 28.3849697], [85.5743817, 28.3847853], [85.5750503, 28.3847766], [85.5755792, 28.384759], [85.5761779, 28.3845648], [85.5767517, 28.3843892], [85.5769213, 28.3843804], [85.5772257, 28.3844331], [85.5773854, 28.3845692], [85.5773754, 28.3847887], [85.5773105, 28.385074], [85.5770311, 28.3852627], [85.576627, 28.3853286], [85.5759534, 28.3853681], [85.5754944, 28.385548], [85.5748957, 28.3858246], [85.5746063, 28.3859431], [85.5743518, 28.3859782], [85.5741522, 28.3859299], [85.5740824, 28.3858421], [85.5740225, 28.38575], [85.5738329, 28.3857236], [85.5736832, 28.3858202], [85.5736283, 28.3859738], [85.5736383, 28.3861318], [85.5736832, 28.386483], [85.5738329, 28.3870492], [85.5740375, 28.3874443], [85.5743169, 28.3877296], [85.5745414, 28.3878569], [85.574726, 28.3878569], [85.5750304, 28.3877823], [85.5754694, 28.3877559], [85.5760843, 28.3880063], [85.5765924, 28.388416], [85.5767758, 28.3887016], [85.5767547, 28.3889871], [85.5762537, 28.389372], [85.5757456, 28.3895458], [85.5749554, 28.3897568], [85.5740169, 28.3898437], [85.5732831, 28.3898127], [85.5728174, 28.3896265], [85.5723376, 28.3895147], [85.57214, 28.3894899], [85.5719495, 28.3895768], [85.5718747, 28.3897807], [85.5710633, 28.3901407], [85.5701248, 28.3902276], [85.568883, 28.3903083], [85.5681421, 28.3903145], [85.5675846, 28.3902649], [85.5673095, 28.3901221], [85.5671754, 28.3898241], [85.5670978, 28.3896255], [85.5670653, 28.3895557], [85.5670343, 28.3894889], [85.5669214, 28.3893524], [85.5667097, 28.3892096], [85.5664063, 28.3891289], [85.5660361, 28.3891154]]]}, "properties": {"external_id": "osm:way/349858625", "name": "", "name_ne": "", "area_km2": 0.829}}, {"type": "Feature", "geometry": {"type": "Polygon", "coordinates": [[[85.5597485, 28.3687122], [85.5591699, 28.3686687], [85.5585632, 28.368384], [85.5582988, 28.3683006], [85.557725, 28.3680284], [85.5573747, 28.3676607], [85.5572477, 28.367344], [85.5571842, 28.3669839], [85.5572759, 28.3664934], [85.5575793, 28.3660961], [85.5579815, 28.3658167], [85.559181, 28.3654441], [85.560183, 28.3651088], [85.5607051, 28.3648232], [85.5607827, 28.3646432], [85.5608604, 28.3642768], [85.5610226, 28.3638671], [85.5617706, 28.3628798], [85.5626526, 28.3620292], [85.563584, 28.3615511], [85.5649811, 28.3612593], [85.5655526, 28.3611102], [85.5664276, 28.3605204], [85.5675779, 28.3600158], [85.5680042, 28.3599023], [85.5686251, 28.3599643], [85.5693448, 28.3595918], [85.5696412, 28.35948], [85.5701774, 28.3594676], [85.5706996, 28.35948], [85.5712217, 28.3595049], [85.5719662, 28.3598102], [85.5722767, 28.3601827], [85.5722767, 28.3604808], [85.5721779, 28.3607291], [85.5717546, 28.361201], [85.5710066, 28.3617599], [85.5699059, 28.3620703], [85.5690168, 28.3623187], [85.5678878, 28.3629023], [85.5666319, 28.3636226], [85.564388, 28.3647402], [85.5629503, 28.3653371], [85.562641, 28.3655303], [85.5624314, 28.3655654], [85.5620522, 28.3655654], [85.5615533, 28.3654161], [85.5614535, 28.3655127], [85.5614535, 28.3656444], [85.5616132, 28.3658025], [85.5622418, 28.3661713], [85.5628705, 28.3663644], [85.5631399, 28.3663469], [85.563569, 28.3662064], [85.5646068, 28.3654688], [85.5653752, 28.3652756], [85.5659839, 28.3652844], [85.5666524, 28.365381], [85.5672312, 28.3655742], [85.5678599, 28.3654425], [85.5685783, 28.3651703], [85.5697059, 28.364661], [85.5711529, 28.3645205], [85.5726996, 28.3642922], [85.5737374, 28.364099], [85.5747388, 28.3639835], [85.5754673, 28.3640625], [85.5760959, 28.364405], [85.5773233, 28.3650109], [85.5789599, 28.3659767], [85.5793889, 28.366486], [85.5794787, 28.3669163], [85.5794388, 28.3672148], [85.5791095, 28.3674255], [85.5786705, 28.3675133], [85.5777923, 28.3676011], [85.5772136, 28.3677504], [85.576056, 28.3683211], [85.5750482, 28.3689972], [85.5749102, 28.3691692], [85.5749172, 28.3693306], [85.575136, 28.3696411], [85.5754041, 28.3697342], [85.5759756, 28.3697528], [85.576584, 28.369407], [85.577339, 28.3693139], [85.5777412, 28.3693139], [85.5780516, 28.3692952], [85.5782563, 28.3692145], [85.5787078, 28.3690221], [85.579103, 28.3690283], [85.5795263, 28.3690842], [85.5799779, 28.3693201], [85.5803464, 28.369675], [85.5803605, 28.3700537], [85.5802829, 28.370271], [85.5801277, 28.3706435], [85.5798736, 28.3711092], [85.5796902, 28.3712147], [85.5792386, 28.3712892], [85.5787023, 28.3712768], [85.5784554, 28.3711961], [85.5777004, 28.3708733], [85.5774464, 28.3707491], [85.5769313, 28.3706187], [85.5761692, 28.3705132], [85.5755483, 28.3706063], [85.5749697, 28.3707243], [85.5741297, 28.3710014], [85.5733713, 28.3714492], [85.5732017, 28.3717477], [85.5731343, 28.3720149], [85.5731343, 28.3724187], [85.5728783, 28.3729245], [85.5722009, 28.3732721], [85.5722009, 28.3735453], [85.5724126, 28.3738433], [85.5731746, 28.3743276], [85.5744024, 28.3744517], [85.5758418, 28.3750974], [85.576618, 28.3760286], [85.5772954, 28.3774068], [85.5779022, 28.3782263], [85.5781562, 28.3792693], [85.5780715, 28.3800142], [85.5775917, 28.3808461], [85.5767591, 28.3814917], [85.5762652, 28.382187], [85.575743, 28.3827209], [85.5750092, 28.3829568], [85.574106, 28.3827457], [85.5735839, 28.3824974], [85.5730476, 28.3817152], [85.5727513, 28.3809454], [85.5720457, 28.3799149], [85.571707, 28.3786112], [85.5711143, 28.3776428], [85.5711143, 28.3771089], [85.5711707, 28.3763018], [85.5711707, 28.3756437], [85.5713683, 28.3747497], [85.5713401, 28.3741165], [85.5710296, 28.3737315], [85.5704792, 28.3735329], [85.5696184, 28.3732633], [85.569349, 28.3730351], [85.56888, 28.372719], [85.5686105, 28.3724556], [85.5679619, 28.3720605], [85.567508, 28.3716534], [85.5674234, 28.3714858], [85.5674092, 28.3711815], [85.5674092, 28.3708711], [85.5674939, 28.3704551], [85.5674516, 28.3701571], [85.5672117, 28.3698964], [85.5668942, 28.3694618], [85.5665061, 28.3690085], [85.5657488, 28.3688009], [85.5648245, 28.3685773], [85.5644505, 28.3685028], [85.5636998, 28.368502], [85.5630633, 28.3687946], [85.5625412, 28.3689312], [85.5621601, 28.3689809], [85.5619061, 28.369192], [85.5616027, 28.3693968], [85.5612781, 28.3694217], [85.5610947, 28.3693161], [85.5609394, 28.3691237], [85.5607983, 28.3690119], [85.5604173, 28.368776], [85.5597485, 28.3687122]]]}, "properties": {"external_id": "osm:way/349858627", "name": "", "name_ne": "", "area_km2": 2.059}}, {"type": "Feature", "geometry": {"type": "Polygon", "coordinates": [[[85.5691475, 28.3984494], [85.5693121, 28.3986294], [85.569367, 28.3987962], [85.569382, 28.3990244], [85.5693121, 28.3992526], [85.5691375, 28.3994194], [85.5688182, 28.3996213], [85.5686535, 28.3997881], [85.5685687, 28.4000075], [85.568532, 28.4003609], [85.5685532, 28.4009816], [85.5686449, 28.4015215], [85.5689484, 28.4019746], [85.5692024, 28.4022539], [85.5693788, 28.4023843], [85.5699997, 28.4026077], [85.5707124, 28.4028312], [85.571164, 28.4028684], [85.5713545, 28.402676], [85.5713968, 28.4023657], [85.5713686, 28.401987], [85.5711781, 28.4015215], [85.5708888, 28.4011491], [85.5705571, 28.4008264], [85.5703384, 28.4005036], [85.5703102, 28.4001623], [85.5703807, 28.3998395], [85.5705854, 28.3995354], [85.5707829, 28.399436], [85.5711498, 28.3995229], [85.5714603, 28.3997092], [85.5720813, 28.4000281], [85.572681, 28.4002453], [85.5730268, 28.4002329], [85.5733937, 28.4001832], [85.5735207, 28.4000094], [85.5734995, 28.3995998], [85.5732314, 28.3993888], [85.5728998, 28.3992832], [85.5723776, 28.3990163], [85.5721377, 28.3987556], [85.572046, 28.3986005], [85.5720037, 28.3982094], [85.5720954, 28.3980232], [85.5722506, 28.3979984], [85.5727728, 28.3978184], [85.5731538, 28.3975205], [85.5732596, 28.3974646], [85.5733796, 28.3974646], [85.5739794, 28.3975018], [85.5743322, 28.3975018], [85.5745721, 28.3973839], [85.5746215, 28.3972411], [85.5745015, 28.3969867], [85.574311, 28.3967446], [85.5738241, 28.3962604], [85.5734572, 28.3959935], [85.5730212, 28.3960147], [85.5724574, 28.3960059], [85.5720533, 28.3958611], [85.5719036, 28.395782], [85.5714945, 28.3957162], [85.57124, 28.3957469], [85.5709756, 28.3960059], [85.5708558, 28.3963438], [85.5707311, 28.3965414], [85.5705615, 28.3967213], [85.5703737, 28.3968319], [85.5702116, 28.3968516], [85.5700394, 28.3968999], [85.5698174, 28.3970228], [85.5697575, 28.3971127], [85.5698448, 28.3972027], [85.569992, 28.3973673], [85.5700295, 28.3974683], [85.5700519, 28.3976614], [85.5699596, 28.3978655], [85.5697426, 28.3981661], [85.5694407, 28.3983131], [85.5691475, 28.3984494]]]}, "properties": {"external_id": "osm:way/349858632", "name": "", "name_ne": "", "area_km2": 0.214}}, {"type": "Feature", "geometry": {"type": "Polygon", "coordinates": [[[85.5562125, 28.3391271], [85.5559638, 28.3388073], [85.5558491, 28.3384117], [85.5558491, 28.3380666], [85.5559543, 28.337772], [85.5563081, 28.3373428], [85.5565854, 28.3370903], [85.5567097, 28.3367704], [85.5569201, 28.336055], [85.5572644, 28.3355163], [85.5577138, 28.335348], [85.5582493, 28.3353817], [85.5584119, 28.3354658], [85.5588231, 28.335853], [85.5588709, 28.3362065], [85.5587274, 28.3367031], [85.5586031, 28.3370314], [85.5585744, 28.3374606], [85.5586318, 28.3381592], [85.5589856, 28.3385632], [85.559196, 28.3386053], [85.5594255, 28.3388746], [85.5595498, 28.339388], [85.5596072, 28.3397078], [85.5595976, 28.3401118], [85.5593777, 28.340802], [85.5591004, 28.3412144], [85.5587179, 28.3412649], [85.5581441, 28.3412144], [85.5577999, 28.3410797], [85.5573409, 28.3406589], [85.5568436, 28.3402802], [85.5564611, 28.3398762], [85.5563464, 28.3395227], [85.5562125, 28.3391271]]]}, "properties": {"external_id": "osm:way/354191015", "name": "", "name_ne": "", "area_km2": 0.155}}, {"type": "Feature", "geometry": {"type": "Polygon", "coordinates": [[[85.5521962, 28.3354206], [85.552399, 28.3353968], [85.5528047, 28.3354147], [85.5531563, 28.3355337], [85.5532375, 28.3356884], [85.5532375, 28.3360158], [85.5531699, 28.336474], [85.5531969, 28.3367835], [85.553393, 28.3370751], [85.5536297, 28.3371882], [85.553988, 28.3373073], [85.5544208, 28.3374084], [85.5547521, 28.3377358], [85.5549617, 28.3379976], [85.5550902, 28.3384797], [85.5551105, 28.3393784], [85.5550834, 28.3400092], [85.5550564, 28.3404853], [85.5551646, 28.340884], [85.5552795, 28.3413006], [85.5552322, 28.341628], [85.5550834, 28.3418184], [85.5545695, 28.3419791], [85.5541571, 28.341991], [85.5534065, 28.3419136], [85.5529264, 28.3419255], [85.5524491, 28.3418779], [85.5519758, 28.3420743], [85.5517054, 28.3422052], [85.5514011, 28.3424849], [85.5509616, 28.342848], [85.5506438, 28.3430324], [85.550353, 28.3431277], [85.5499473, 28.3431931], [85.5492305, 28.3431812], [85.5487369, 28.3431812], [85.5478917, 28.3432407], [85.5469856, 28.3433836], [85.5465664, 28.3436692], [85.5462283, 28.3438597], [85.5459849, 28.3439013], [85.5458835, 28.3436811], [85.5458835, 28.3435204], [85.5460728, 28.3432645], [85.5463703, 28.3430265], [85.5470533, 28.3426575], [85.5477835, 28.3425147], [85.5481351, 28.3423719], [85.5483718, 28.3421041], [85.5487572, 28.3418601], [85.5491494, 28.3416518], [85.5494266, 28.3414197], [85.5497309, 28.3411161], [85.5498864, 28.3407174], [85.5498526, 28.3402592], [85.5498459, 28.3399854], [85.549927, 28.3397057], [85.550069, 28.3394081], [85.5501772, 28.339301], [85.5503124, 28.3390094], [85.5504341, 28.338682], [85.5505626, 28.338438], [85.5509886, 28.3377655], [85.5510562, 28.3374441], [85.5511982, 28.3371525], [85.5512996, 28.3368371], [85.5512996, 28.3365276], [85.5511779, 28.336355], [85.5511103, 28.3360455], [85.5511171, 28.3359324], [85.5512185, 28.3357718], [85.5514078, 28.3356111], [85.5517256, 28.335498], [85.5521962, 28.3354206]]]}, "properties": {"external_id": "osm:way/354191016", "name": "", "name_ne": "", "area_km2": 0.35}}, {"type": "Feature", "geometry": {"type": "Polygon", "coordinates": [[[85.5691891, 28.4045058], [85.5699001, 28.4049486], [85.5703788, 28.4053181], [85.5707891, 28.4061687], [85.5708086, 28.4067873], [85.5708086, 28.4071654], [85.5707598, 28.4079387], [85.570496, 28.4084027], [85.5703104, 28.4085487], [85.5698708, 28.4085573], [85.5694019, 28.40848], [85.568894, 28.4082136], [85.5685228, 28.4079559], [85.5680344, 28.4075606], [85.5667979, 28.4071332], [85.5660311, 28.406799], [85.565368, 28.4065074], [85.5645806, 28.4061185], [85.5640764, 28.405833], [85.5624048, 28.4048548], [85.5615276, 28.4044234], [85.5605983, 28.4039912], [85.5603003, 28.403742], [85.5600757, 28.4033381], [85.5600073, 28.4030889], [85.5600219, 28.4029772], [85.5601147, 28.4028011], [85.5602759, 28.4026464], [85.5607497, 28.4023672], [85.5611404, 28.402234], [85.5614774, 28.4021438], [85.5618291, 28.4020922], [85.5626485, 28.4021026], [85.5627657, 28.4020983], [85.5629171, 28.4020553], [85.5629708, 28.4019694], [85.5629513, 28.4018405], [85.5628585, 28.4017503], [85.5626289, 28.4016858], [85.562176, 28.4014895], [85.5619757, 28.401289], [85.5618583, 28.4010885], [85.5618445, 28.4008516], [85.5619688, 28.4004202], [85.5621069, 28.4002561], [85.5623211, 28.4000678], [85.5627118, 28.3999636], [85.562995, 28.4000426], [85.5634716, 28.4001458], [85.5640242, 28.4002795], [85.5645008, 28.4003585], [85.5649498, 28.4004132], [85.5654609, 28.4004496], [85.565903, 28.4004496], [85.5663875, 28.400454], [85.5667536, 28.4005512], [85.5672233, 28.400691], [85.5675617, 28.4009036], [85.567693, 28.4010434], [85.5679071, 28.4015112], [85.5678656, 28.4017907], [85.5677344, 28.4019487], [85.5673614, 28.4021796], [85.5668364, 28.4024834], [85.5665394, 28.4025684], [85.5662631, 28.4026049], [85.5660214, 28.4025988], [85.5656898, 28.402538], [85.5654964, 28.4025502], [85.5653997, 28.4026596], [85.5654826, 28.4028236], [85.5655931, 28.4029208], [85.5657451, 28.4030241], [85.5658142, 28.4031274], [85.565828, 28.4033644], [85.5658349, 28.4035345], [85.5658418, 28.4037289], [85.5659277, 28.4039655], [85.5661557, 28.404166], [85.5666461, 28.4043422], [85.5672816, 28.4045549], [85.5676753, 28.4045852], [85.5680414, 28.4045488], [85.5682901, 28.4044698], [85.568967, 28.4044941], [85.5691891, 28.4045058]]]}, "properties": {"external_id": "osm:way/354192945", "name": "", "name_ne": "", "area_km2": 0.468}}, {"type": "Feature", "geometry": {"type": "Polygon", "coordinates": [[[85.569762, 28.4117906], [85.5692625, 28.4116965], [85.5689771, 28.4116427], [85.5685235, 28.4116561], [85.5679323, 28.4117055], [85.5667957, 28.4117772], [85.5663268, 28.4118937], [85.5659343, 28.4120327], [85.5655266, 28.4122255], [85.5652004, 28.4124944], [85.5648844, 28.4126782], [85.5644104, 28.4127993], [85.5637223, 28.4128755], [85.5631413, 28.413131], [85.5628355, 28.4134], [85.562703, 28.413642], [85.5626673, 28.413772], [85.5626571, 28.4140186], [85.562759, 28.414171], [85.5630648, 28.4142338], [85.5633044, 28.4142338], [85.5636714, 28.4142248], [85.5639721, 28.4142024], [85.5642167, 28.4141979], [85.5644919, 28.4142427], [85.5650424, 28.4144445], [85.565287, 28.4144265], [85.5655419, 28.4142696], [85.5658528, 28.4141755], [85.5662045, 28.41418], [85.5665408, 28.4143503], [85.5668365, 28.4145027], [85.567392, 28.4145162], [85.5680495, 28.4145162], [85.5684521, 28.4144893], [85.5686458, 28.4144938], [85.5687834, 28.4146327], [85.5687834, 28.4147493], [85.5687121, 28.4148658], [85.5684929, 28.4151124], [85.5684165, 28.4153365], [85.5683961, 28.41548], [85.5683808, 28.4156951], [85.5684216, 28.4158431], [85.5686254, 28.415852], [85.5687325, 28.4157938], [85.5688344, 28.415722], [85.5689465, 28.4156369], [85.5692931, 28.4153365], [85.5696856, 28.41509], [85.56992, 28.4149331], [85.5702819, 28.4148076], [85.5705418, 28.4148972], [85.5706692, 28.4149734], [85.5708935, 28.4150183], [85.5710566, 28.4150183], [85.5711993, 28.415072], [85.5714134, 28.4152065], [85.5719129, 28.4156458], [85.572025, 28.4157265], [85.5723155, 28.4157893], [85.5726009, 28.4157803], [85.5727997, 28.4157041], [85.5729934, 28.4156458], [85.5732635, 28.4156503], [85.5734113, 28.41574], [85.5735999, 28.4158251], [85.5737834, 28.4159058], [85.5740178, 28.415982], [85.574186, 28.4159596], [85.5743593, 28.4158072], [85.5745632, 28.4156055], [85.5747263, 28.4153769], [85.5747671, 28.4150227], [85.5746498, 28.4147762], [85.574446, 28.4146058], [85.5740127, 28.4143414], [85.5737528, 28.4142203], [85.5736152, 28.4141979], [85.5733501, 28.4142651], [85.5730953, 28.4144355], [85.5728048, 28.41457], [85.5724888, 28.4146372], [85.5723053, 28.4146103], [85.5722238, 28.4145655], [85.5720403, 28.4143369], [85.5719689, 28.4140141], [85.5719536, 28.4137765], [85.5718211, 28.4135614], [85.5715854, 28.4133327], [85.5712719, 28.4131172], [85.5710773, 28.412984], [85.5709259, 28.4128256], [85.5707962, 28.4125181], [85.5707169, 28.412274], [85.5704653, 28.4120592], [85.569762, 28.4117906]]]}, "properties": {"external_id": "osm:way/365743488", "name": "", "name_ne": "", "area_km2": 0.277}}, {"type": "Feature", "geometry": {"type": "Polygon", "coordinates": [[[85.5027991, 28.4433553], [85.5026221, 28.4434449], [85.5024826, 28.4435251], [85.5022734, 28.4436147], [85.5020589, 28.4437468], [85.5018496, 28.4438506], [85.5016833, 28.4439119], [85.5014795, 28.4439638], [85.5011201, 28.4440581], [85.5009216, 28.444077], [85.5007875, 28.4440676], [85.5006534, 28.4440157], [85.5005515, 28.4439355], [85.5004656, 28.4437044], [85.5004764, 28.4435959], [85.5005783, 28.4434449], [85.5007017, 28.4433553], [85.5009109, 28.4432657], [85.5009913, 28.4431572], [85.5010933, 28.4429449], [85.501104, 28.4426572], [85.5010718, 28.4424166], [85.5010343, 28.4421855], [85.5010343, 28.4418695], [85.5010825, 28.4416384], [85.5011362, 28.4413648], [85.5013132, 28.4408648], [85.5015331, 28.4402468], [85.5015922, 28.4401101], [85.5015922, 28.4399025], [85.501442, 28.439544], [85.5013025, 28.4392893], [85.5011362, 28.4389402], [85.5011791, 28.4384827], [85.501399, 28.4378081], [85.5014956, 28.4376666], [85.5016833, 28.4373883], [85.5019569, 28.4371477], [85.5021232, 28.4369968], [85.5022681, 28.4367892], [85.5024129, 28.4365722], [85.5026007, 28.4363317], [85.5029118, 28.4361618], [85.5031693, 28.435992], [85.503357, 28.4358033], [85.5035877, 28.4354873], [85.5037862, 28.4353175], [85.5040866, 28.4351759], [85.5043763, 28.4350769], [85.5046016, 28.4349684], [85.5047464, 28.4347891], [85.5048269, 28.4345014], [85.5048376, 28.4341334], [85.5048484, 28.4338032], [85.5049127, 28.4334872], [85.5049235, 28.4333032], [85.5051273, 28.432973], [85.5053043, 28.4327371], [85.5056208, 28.4324541], [85.5060768, 28.4321427], [85.5065274, 28.4319068], [85.5069351, 28.4317323], [85.5073535, 28.4315861], [85.507729, 28.431454], [85.5080455, 28.4313926], [85.5084103, 28.4313077], [85.5087, 28.4311568], [85.5090702, 28.4309964], [85.5095154, 28.4307983], [85.5098802, 28.4306284], [85.5101216, 28.4304963], [85.5102128, 28.4303265], [85.5102503, 28.4301378], [85.5102396, 28.4298972], [85.5102181, 28.4296519], [85.5101484, 28.4293972], [85.5101055, 28.4291849], [85.510143, 28.4289018], [85.5102879, 28.428699], [85.5105829, 28.428515], [85.5108136, 28.4282414], [85.5109906, 28.4279536], [85.5111086, 28.42768], [85.5111086, 28.4275007], [85.5110228, 28.4273498], [85.5108941, 28.4272884], [85.5107599, 28.4271563], [85.5106151, 28.4269723], [85.5105346, 28.426694], [85.5105132, 28.4263968], [85.5104971, 28.4262034], [85.5104059, 28.4260902], [85.5102611, 28.426043], [85.5101752, 28.426043], [85.5099821, 28.4260477], [85.5099231, 28.4260241], [85.5098695, 28.4259014], [85.5098802, 28.4257222], [85.5098963, 28.4256278], [85.5099231, 28.4254438], [85.5099606, 28.4252363], [85.5100679, 28.4250664], [85.5102503, 28.4247692], [85.5103952, 28.4244909], [85.5105507, 28.424288], [85.5107063, 28.423953], [85.5109316, 28.4236181], [85.5110764, 28.4234671], [85.5113983, 28.4232171], [85.5120045, 28.4227878], [85.5122781, 28.4224953], [85.5124605, 28.4223018], [85.5126965, 28.4220518], [85.5130613, 28.4216932], [85.5134475, 28.421396], [85.5137211, 28.4211884], [85.5140269, 28.4209101], [85.5142415, 28.4205657], [85.5144453, 28.4203392], [85.5146438, 28.4200797], [85.5149496, 28.4199948], [85.5152124, 28.4200278], [85.5155557, 28.4203015], [85.5157918, 28.4204571], [85.5159688, 28.4205609], [85.5160814, 28.4205845], [85.5164033, 28.4206647], [85.5166876, 28.4208487], [85.5168807, 28.4209855], [85.5170524, 28.4212309], [85.5173206, 28.4216791], [85.5173743, 28.42183], [85.5173957, 28.4221131], [85.517385, 28.4222735], [85.517208, 28.422684], [85.5169183, 28.422868], [85.5165964, 28.4231133], [85.5163819, 28.4234058], [85.5161351, 28.4237549], [85.5160063, 28.4240521], [85.5158561, 28.4244295], [85.5157489, 28.4247551], [85.515604, 28.4251183], [85.5153519, 28.4254391], [85.5151534, 28.4256042], [85.5147242, 28.4259722], [85.5145204, 28.4261751], [85.5142361, 28.4264298], [85.5139464, 28.4266374], [85.5137479, 28.4267742], [85.5136245, 28.4269063], [85.513528, 28.4270573], [85.5134582, 28.427246], [85.5133885, 28.4274677], [85.5133134, 28.4276941], [85.5132544, 28.427897], [85.5131417, 28.4279678], [85.5130345, 28.4280998], [85.5129433, 28.4283074], [85.5129325, 28.4284961], [85.5130613, 28.428699], [85.5132544, 28.428765], [85.5134261, 28.428765], [85.513587, 28.428765], [85.5138659, 28.428765], [85.5140912, 28.428765], [85.5144989, 28.428765], [85.5146438, 28.4287462], [85.5147403, 28.4286282], [85.5147725, 28.4284584], [85.5147886, 28.4282886], [85.514853, 28.428081], [85.5149442, 28.4278923], [85.5150783, 28.4278074], [85.515309, 28.4277083], [85.5154967, 28.427647], [85.5157435, 28.4276989], [85.51584, 28.4278215], [85.5158561, 28.4281612], [85.5158132, 28.4283735], [85.5158025, 28.4285433], [85.5157971, 28.428798], [85.5157971, 28.4290481], [85.515824, 28.4291943], [85.5159634, 28.429383], [85.5161726, 28.4295623], [85.5163979, 28.4296897], [85.5166715, 28.4298831], [85.5169773, 28.4302039], [85.5171543, 28.4305671], [85.5173153, 28.4307794], [85.5176264, 28.431237], [85.5176264, 28.4317276], [85.517562, 28.4319965], [85.5173743, 28.4322795], [85.5170309, 28.4325861], [85.516752, 28.4327937], [85.516516, 28.4329447], [85.5163658, 28.4331003], [85.5161565, 28.4334919], [85.5160546, 28.4336287], [85.5159849, 28.4337183], [85.5157542, 28.43394], [85.5153894, 28.4343787], [85.515089, 28.434591], [85.5148584, 28.4347514], [85.5145955, 28.4348882], [85.5141449, 28.4350439], [85.5135226, 28.4351618], [85.5130559, 28.4352373], [85.5126107, 28.4352939], [85.5122781, 28.4353693], [85.5119187, 28.4354212], [85.5115592, 28.4355014], [85.5110013, 28.4356099], [85.5106312, 28.4356477], [85.5104113, 28.4356901], [85.5098051, 28.4358128], [85.5093223, 28.4358505], [85.5087483, 28.4358882], [85.5082226, 28.435893], [85.507713, 28.4359118], [85.5073106, 28.4359543], [85.506168, 28.43636], [85.5059051, 28.4365345], [85.505712, 28.4367515], [85.5054116, 28.4370439], [85.5052292, 28.4372043], [85.5050629, 28.4374072], [85.5049342, 28.4375392], [85.5047464, 28.4377798], [85.5045158, 28.4380959], [85.5042475, 28.4383836], [85.5040866, 28.4385063], [85.5040061, 28.4387185], [85.5040222, 28.4389119], [85.5041242, 28.4391195], [85.5041724, 28.4392468], [85.5044943, 28.4395063], [85.5047089, 28.4396053], [85.5054116, 28.439761], [85.5056208, 28.4397421], [85.5057442, 28.4397091], [85.50583, 28.4396195], [85.505873, 28.4394214], [85.5058408, 28.4390251], [85.5058461, 28.4388695], [85.505991, 28.4385676], [85.5062377, 28.43836], [85.5064148, 28.4381242], [85.5066293, 28.4378317], [85.5068386, 28.4376242], [85.5070263, 28.4374826], [85.5072194, 28.4374496], [85.507375, 28.4374591], [85.5076808, 28.4375251], [85.5083299, 28.4375392], [85.5085391, 28.4375864], [85.5091345, 28.4376808], [85.5096334, 28.437761], [85.5099714, 28.4378223], [85.5105829, 28.4379402], [85.511114, 28.438044], [85.5115378, 28.43811], [85.5120581, 28.4382421], [85.5123103, 28.4383364], [85.512675, 28.4383883], [85.5130237, 28.4384166], [85.5135441, 28.4384921], [85.5139893, 28.438577], [85.5143863, 28.4387421], [85.5145258, 28.4389591], [85.5146009, 28.4392468], [85.5147296, 28.4394497], [85.5150354, 28.4396006], [85.5153733, 28.4396619], [85.5155611, 28.4396808], [85.5158454, 28.4396855], [85.5161136, 28.4397233], [85.5162799, 28.4398459], [85.5164677, 28.4400629], [85.5166501, 28.4404733], [85.5167413, 28.440761], [85.5168378, 28.4411384], [85.5169344, 28.4414874], [85.5170363, 28.4417799], [85.5170631, 28.4419827], [85.5170739, 28.4422374], [85.5169719, 28.4425393], [85.5168217, 28.4427374], [85.5165267, 28.4427515], [85.516296, 28.4427374], [85.5158669, 28.4426006], [85.5155986, 28.4424591], [85.5153841, 28.4423034], [85.5152607, 28.4421619], [85.5150515, 28.4419733], [85.5147725, 28.4418317], [85.5145848, 28.4416431], [85.5144131, 28.4414497], [85.5142844, 28.4412987], [85.5140483, 28.4410912], [85.5137801, 28.4408695], [85.5135763, 28.4407421], [85.5133831, 28.4405959], [85.5132759, 28.4404638], [85.5130506, 28.440327], [85.5127823, 28.4402799], [85.5126858, 28.4403365], [85.5126053, 28.4405204], [85.5125838, 28.440728], [85.5125731, 28.4408931], [85.5125302, 28.4410346], [85.512439, 28.4411667], [85.5122298, 28.4412704], [85.512042, 28.4412751], [85.5118597, 28.441228], [85.5113393, 28.4411195], [85.5109262, 28.4409874], [85.5106151, 28.4408836], [85.5102289, 28.4408035], [85.5096978, 28.4406902], [85.5092204, 28.4405959], [85.5086088, 28.4404544], [85.5079758, 28.4404591], [85.5074662, 28.4405582], [85.5069512, 28.4406525], [85.5064577, 28.4407327], [85.5059105, 28.4408553], [85.5053204, 28.4409355], [85.5048001, 28.4410346], [85.5044407, 28.4411902], [85.5041081, 28.4413412], [85.5038774, 28.4415582], [85.503695, 28.4417704], [85.5034643, 28.4421148], [85.5032444, 28.4424921], [85.5031425, 28.4428553], [85.5029654, 28.4431289], [85.5027991, 28.4433553]]]}, "properties": {"external_id": "osm:way/657352544", "name": "", "name_ne": "", "area_km2": 1.69}}, {"type": "Feature", "geometry": {"type": "Polygon", "coordinates": [[[85.5089843, 28.3903905], [85.5088341, 28.3901168], [85.5087858, 28.3900507], [85.5087912, 28.3897392], [85.5088073, 28.389541], [85.5088073, 28.3894136], [85.5088234, 28.3891871], [85.508818, 28.3889039], [85.5088019, 28.3887529], [85.5087966, 28.388498], [85.5088127, 28.3881724], [85.5088609, 28.3879412], [85.5090165, 28.3877052], [85.5093008, 28.3876061], [85.5096334, 28.3875872], [85.5099982, 28.3876155], [85.5103898, 28.3876014], [85.510658, 28.3875683], [85.5107975, 28.3875211], [85.5110067, 28.3873607], [85.5109745, 28.3871955], [85.5110282, 28.3870728], [85.511114, 28.3870114], [85.5112266, 28.3869076], [85.5112535, 28.3867472], [85.5111891, 28.3866622], [85.5111086, 28.3865678], [85.5111247, 28.386464], [85.5111945, 28.3863979], [85.5114466, 28.3863177], [85.5115592, 28.386313], [85.5118972, 28.3863319], [85.5121279, 28.3863932], [85.5123639, 28.386497], [85.5125141, 28.386615], [85.5128145, 28.3867896], [85.5131203, 28.3869643], [85.513351, 28.38712], [85.5134958, 28.3872805], [85.5135387, 28.3875259], [85.5134797, 28.3876958], [85.5133188, 28.3879176], [85.513308, 28.3881394], [85.5133831, 28.3883234], [85.5134582, 28.3884178], [85.513646, 28.388819], [85.5136728, 28.3891021], [85.5136621, 28.3894702], [85.5136299, 28.3898949], [85.513646, 28.3902819], [85.5136245, 28.3905462], [85.5134636, 28.391004], [85.5132276, 28.3913909], [85.5130666, 28.3916127], [85.5128628, 28.3919289], [85.5125141, 28.3922734], [85.512101, 28.392533], [85.5118489, 28.3926698], [85.5115271, 28.392802], [85.5112106, 28.3929435], [85.510878, 28.3930002], [85.5106151, 28.3930238], [85.5101216, 28.3928869], [85.5097943, 28.3927406], [85.5095637, 28.392599], [85.5093491, 28.3923253], [85.5091506, 28.3920894], [85.5089468, 28.3917968], [85.5088288, 28.3915703], [85.5087805, 28.3913957], [85.5087805, 28.3912211], [85.5088609, 28.3910181], [85.5089468, 28.3908435], [85.5090326, 28.3906595], [85.5089843, 28.3903905]]]}, "properties": {"external_id": "osm:way/657381555", "name": "", "name_ne": "", "area_km2": 0.274}}, {"type": "Feature", "geometry": {"type": "Polygon", "coordinates": [[[85.5107278, 28.4183199], [85.5101806, 28.4184331], [85.5098104, 28.4185511], [85.5092525, 28.4186643], [85.5089575, 28.4187209], [85.5085766, 28.4187728], [85.5081797, 28.4188436], [85.5077988, 28.4188766], [85.507434, 28.4188861], [85.5071872, 28.4188625], [85.5069727, 28.4187823], [85.5068976, 28.4186455], [85.5069458, 28.4184237], [85.5070317, 28.418235], [85.507096, 28.4181218], [85.507139, 28.4179802], [85.5071497, 28.4177821], [85.5071926, 28.4175509], [85.5072999, 28.4172961], [85.507434, 28.4170413], [85.5075949, 28.4167347], [85.5076647, 28.4165978], [85.5077344, 28.4163383], [85.507831, 28.4159892], [85.5079114, 28.4157816], [85.5080187, 28.4155976], [85.5082655, 28.4151824], [85.5084532, 28.4149276], [85.5088234, 28.4146068], [85.5092418, 28.4144369], [85.510143, 28.4141869], [85.5104434, 28.4141727], [85.5109584, 28.4141916], [85.5113393, 28.414503], [85.5114949, 28.4145832], [85.5119026, 28.4146445], [85.5123854, 28.4146728], [85.5127341, 28.4147672], [85.5129969, 28.4148521], [85.5133724, 28.4151305], [85.5137747, 28.4154938], [85.5138928, 28.4157061], [85.5140108, 28.4160647], [85.5140591, 28.4164657], [85.5139679, 28.4168715], [85.5137908, 28.4170461], [85.5133831, 28.4172253], [85.5131686, 28.4173055], [85.5129003, 28.4174895], [85.5126053, 28.4176169], [85.5120796, 28.4178151], [85.5116826, 28.4180416], [85.5114251, 28.4181689], [85.5111408, 28.4182916], [85.5107278, 28.4183199]]]}, "properties": {"external_id": "osm:way/657381570", "name": "", "name_ne": "", "area_km2": 0.247}}, {"type": "Feature", "geometry": {"type": "Polygon", "coordinates": [[[85.4976278, 28.4040659], [85.4974723, 28.4039149], [85.4973274, 28.4036176], [85.4971826, 28.403344], [85.4970699, 28.4031552], [85.4968876, 28.4029665], [85.4966944, 28.4028863], [85.4963028, 28.4027541], [85.495981, 28.4026362], [85.4959112, 28.4025984], [85.4958415, 28.4024427], [85.4959166, 28.4022209], [85.4960668, 28.4021124], [85.4964369, 28.401867], [85.4967213, 28.4015226], [85.4968822, 28.4013621], [85.4971451, 28.4012206], [85.4975581, 28.4012347], [85.4979122, 28.4013055], [85.4983306, 28.4014659], [85.4986042, 28.4016358], [85.4989958, 28.4022775], [85.4991084, 28.4025182], [85.4992479, 28.4027258], [85.4993981, 28.4028579], [85.4996234, 28.402957], [85.500015, 28.403075], [85.5003637, 28.4030892], [85.5008841, 28.4031222], [85.5013239, 28.4032024], [85.501796, 28.4034006], [85.5022252, 28.4037451], [85.5025417, 28.4040659], [85.5026543, 28.404434], [85.5026489, 28.4048728], [85.5025631, 28.405104], [85.5023432, 28.4051842], [85.5021179, 28.4051889], [85.5017638, 28.4051276], [85.5014473, 28.4050899], [85.5011147, 28.4050804], [85.5005407, 28.4050474], [85.5001867, 28.4050379], [85.49972, 28.4050615], [85.4993337, 28.4051134], [85.4990923, 28.4052928], [85.4990119, 28.4054532], [85.4989314, 28.4055806], [85.4987276, 28.4057363], [85.4984754, 28.4057788], [85.4981375, 28.4057457], [85.4978263, 28.4057174], [85.4974937, 28.4056372], [85.4972577, 28.4055192], [85.4971236, 28.4053399], [85.4971236, 28.4051889], [85.4971933, 28.4051323], [85.4974079, 28.405071], [85.4976064, 28.4049908], [85.4978478, 28.4048728], [85.4980248, 28.404618], [85.4980409, 28.4045283], [85.4979175, 28.4042735], [85.4976869, 28.4040848], [85.4976278, 28.4040659]]]}, "properties": {"external_id": "osm:way/657381579", "name": "", "name_ne": "", "area_km2": 0.166}}, {"type": "Feature", "geometry": {"type": "Polygon", "coordinates": [[[85.505594, 28.4076614], [85.5056959, 28.4075576], [85.5057979, 28.4073217], [85.5059802, 28.4070292], [85.5060929, 28.4068499], [85.5060929, 28.4067461], [85.5059749, 28.4066423], [85.505771, 28.4066234], [85.5056477, 28.406562], [85.5055833, 28.4064252], [85.5056047, 28.4062034], [85.5057335, 28.4058637], [85.5058622, 28.4052644], [85.5059856, 28.4049436], [85.506286, 28.4044906], [85.5066132, 28.4042075], [85.5068546, 28.4040093], [85.5071604, 28.4036979], [85.5074018, 28.4034147], [85.5076861, 28.4030986], [85.5081099, 28.4028627], [85.5087161, 28.402471], [85.5092418, 28.4020652], [85.5100679, 28.4016122], [85.510422, 28.4014329], [85.5107063, 28.4012394], [85.5110067, 28.4009705], [85.5113983, 28.4006496], [85.5118543, 28.4002202], [85.5122137, 28.3999606], [85.5125517, 28.3997389], [85.5129379, 28.3995831], [85.5132168, 28.3994699], [85.5134797, 28.3993944], [85.5137694, 28.3993708], [85.5140001, 28.3993802], [85.5144131, 28.3993849], [85.5146384, 28.3993708], [85.5148423, 28.3992953], [85.5150461, 28.3992575], [85.5152017, 28.3992528], [85.5154645, 28.3993189], [85.5156362, 28.3993236], [85.5158669, 28.399333], [85.516001, 28.3993708], [85.5161887, 28.3994888], [85.5161995, 28.3996586], [85.5161458, 28.3998427], [85.5160546, 28.3999701], [85.5157971, 28.4001116], [85.5153465, 28.400239], [85.5151159, 28.4003381], [85.5148798, 28.4004278], [85.5146116, 28.4004844], [85.5144775, 28.4005835], [85.5142468, 28.400928], [85.5139732, 28.4012394], [85.513764, 28.4014329], [85.5132973, 28.4019378], [85.513131, 28.4021832], [85.5128145, 28.4026173], [85.5125785, 28.4029193], [85.512439, 28.4032307], [85.5121547, 28.4035893], [85.5118918, 28.4038536], [85.5116504, 28.4042594], [85.5112749, 28.4047737], [85.5109638, 28.4051654], [85.5106473, 28.4056561], [85.5103254, 28.4061185], [85.5099499, 28.4066989], [85.5097943, 28.4070622], [85.50951, 28.4076331], [85.5093384, 28.4080248], [85.5091828, 28.40844], [85.5090541, 28.4087939], [85.5090004, 28.4090156], [85.5089414, 28.4094214], [85.5086946, 28.4099357], [85.5085337, 28.4101433], [85.5083835, 28.4103509], [85.5082762, 28.4106104], [85.5082226, 28.4108841], [85.5081046, 28.4112427], [85.5081689, 28.4115447], [85.5082118, 28.4116673], [85.5082494, 28.4118514], [85.5082494, 28.4120542], [85.5082172, 28.4122807], [85.5081421, 28.4124364], [85.5080187, 28.4125402], [85.5077773, 28.4126535], [85.5076379, 28.4127997], [85.5075037, 28.4129554], [85.5073535, 28.4132196], [85.5072355, 28.4135122], [85.5070746, 28.4142293], [85.507037, 28.4144936], [85.5070424, 28.41472], [85.5070424, 28.4149842], [85.5070102, 28.4152721], [85.5068815, 28.4154561], [85.506683, 28.4156165], [85.5062002, 28.4159656], [85.5060822, 28.4160694], [85.5058837, 28.41631], [85.5058086, 28.4164233], [85.5056155, 28.4167535], [85.5054706, 28.4170508], [85.5053258, 28.4173622], [85.5051702, 28.4175462], [85.5050576, 28.4177302], [85.5047572, 28.4178859], [85.5045748, 28.4179236], [85.504387, 28.4178953], [85.5041778, 28.4177679], [85.5040276, 28.417683], [85.5038452, 28.4175933], [85.5034965, 28.4175226], [85.5030298, 28.4174424], [85.5026919, 28.4173622], [85.5023485, 28.4172489], [85.502075, 28.4171876], [85.5019194, 28.4170272], [85.5018872, 28.4168904], [85.5019516, 28.4166356], [85.5020106, 28.4165129], [85.5021018, 28.4163383], [85.5021876, 28.415975], [85.5023164, 28.4157863], [85.5025846, 28.4156684], [85.5028152, 28.4154749], [85.5030298, 28.4153051], [85.5033088, 28.4150456], [85.5034107, 28.4148757], [85.503459, 28.4145926], [85.5034429, 28.414385], [85.5034053, 28.4142293], [85.5034161, 28.4140076], [85.5034858, 28.4138472], [85.5035824, 28.4137151], [85.5036843, 28.413616], [85.5038774, 28.413465], [85.5040169, 28.4133895], [85.5041403, 28.4133282], [85.5042851, 28.4133942], [85.5043709, 28.413465], [85.5044407, 28.4136396], [85.5044675, 28.4138236], [85.5045479, 28.4140689], [85.5046767, 28.4142152], [85.5048591, 28.4142812], [85.5051541, 28.4141963], [85.5053258, 28.4140123], [85.5055296, 28.4137953], [85.5056637, 28.4136349], [85.5059105, 28.4132999], [85.5059481, 28.4129743], [85.5059373, 28.4128422], [85.505873, 28.4126818], [85.5057657, 28.4125308], [85.505653, 28.4123515], [85.5056101, 28.4121014], [85.5056584, 28.4119457], [85.5058193, 28.4117428], [85.5060607, 28.4114409], [85.5061841, 28.4112852], [85.5064738, 28.410936], [85.5066132, 28.4106812], [85.506742, 28.4103509], [85.5067903, 28.4099876], [85.5068225, 28.4096385], [85.5067795, 28.4094922], [85.5066723, 28.409379], [85.5064577, 28.4093554], [85.5062216, 28.4093318], [85.5058783, 28.4092751], [85.5054438, 28.4091194], [85.5051488, 28.4089968], [85.5049503, 28.4087939], [85.5048001, 28.4085485], [85.5046982, 28.4083456], [85.5045855, 28.4081239], [85.5043924, 28.4079351], [85.5042636, 28.4079021], [85.5041671, 28.4079446], [85.5041027, 28.4080012], [85.5040115, 28.4080672], [85.5038345, 28.4080814], [85.5035824, 28.4080389], [85.5034751, 28.4079587], [85.5034536, 28.4077794], [85.5034482, 28.4076709], [85.5035287, 28.4074916], [85.5036092, 28.4073878], [85.5037647, 28.4073123], [85.5041027, 28.4072651], [85.5043495, 28.4073312], [85.5044568, 28.4073972], [85.5046177, 28.4075624], [85.5048001, 28.407685], [85.5050254, 28.4077936], [85.5053365, 28.407803], [85.505594, 28.4076614]]]}, "properties": {"external_id": "osm:way/657381582", "name": "", "name_ne": "", "area_km2": 0.713}}, {"type": "Feature", "geometry": {"type": "Polygon", "coordinates": [[[85.5026543, 28.4201693], [85.5025256, 28.4202731], [85.5022895, 28.4205798], [85.5020213, 28.4208157], [85.5018336, 28.4209997], [85.501399, 28.4213583], [85.5010933, 28.4215517], [85.5004495, 28.4218867], [85.5000794, 28.4221603], [85.4998755, 28.4224811], [85.4996663, 28.4227736], [85.4994196, 28.4231463], [85.4991889, 28.4235992], [85.4989582, 28.4239106], [85.4986954, 28.4241701], [85.4982662, 28.424354], [85.4977459, 28.4245852], [85.4974508, 28.4247645], [85.4970968, 28.4250051], [85.4968822, 28.4252268], [85.4966837, 28.4255052], [85.496555, 28.425741], [85.4963458, 28.4259345], [85.4960024, 28.4260902], [85.4954392, 28.4262506], [85.4950261, 28.4264723], [85.4947364, 28.4266704], [85.494554, 28.4269252], [85.4943609, 28.4271092], [85.4941302, 28.4273545], [85.4939961, 28.4275573], [85.4936421, 28.4277743], [85.4934919, 28.4278593], [85.4932398, 28.4280244], [85.4929179, 28.4281753], [85.4926282, 28.4283499], [85.4923975, 28.4284301], [85.4921669, 28.4285056], [85.4918557, 28.4285339], [85.4915231, 28.4285433], [85.4911369, 28.4284725], [85.4909384, 28.4284159], [85.4907238, 28.4282272], [85.4905736, 28.4280055], [85.4904288, 28.4275573], [85.4903805, 28.4273167], [85.4903591, 28.4269771], [85.4903805, 28.4266846], [85.4904288, 28.4264864], [85.4906702, 28.4260052], [85.4908687, 28.4255948], [85.491094, 28.4252174], [85.4912603, 28.4250287], [85.4916841, 28.424689], [85.4922634, 28.4242314], [85.4928696, 28.4238681], [85.4931164, 28.4235851], [85.4934704, 28.4233775], [85.4937923, 28.4230661], [85.4939586, 28.4227925], [85.4941249, 28.4225471], [85.4942322, 28.4223537], [85.494318, 28.4221367], [85.4943877, 28.4219904], [85.4945594, 28.4218206], [85.4948169, 28.4216696], [85.4950905, 28.4215092], [85.4955947, 28.4211743], [85.4957825, 28.4210752], [85.4961419, 28.4210657], [85.4964101, 28.4211035], [85.496732, 28.4212262], [85.4971611, 28.4213016], [85.4975957, 28.4213111], [85.4980409, 28.4212592], [85.4983413, 28.4211271], [85.4987705, 28.4208629], [85.4989099, 28.4205704], [85.4989314, 28.4202873], [85.4987007, 28.4199854], [85.4984325, 28.4198485], [85.4980677, 28.4197589], [85.4977405, 28.4197353], [85.4971611, 28.4197164], [85.4967481, 28.4197353], [85.4963243, 28.4198627], [85.4959971, 28.4199901], [85.4954821, 28.4202165], [85.4950529, 28.4203722], [85.494715, 28.4205704], [85.4945058, 28.4206789], [85.4942268, 28.4208299], [85.4938888, 28.4209384], [85.4935026, 28.4209761], [85.493288, 28.4208818], [85.492714, 28.4207355], [85.4925156, 28.4205043], [85.49236, 28.4204052], [85.4921669, 28.4202448], [85.4921025, 28.420075], [85.4921025, 28.4199523], [85.4921776, 28.4197164], [85.4922688, 28.419589], [85.4923493, 28.4194569], [85.4924941, 28.4192635], [85.492655, 28.4191644], [85.4929233, 28.4190842], [85.4931271, 28.4189993], [85.4932666, 28.4189002], [85.4934275, 28.4187776], [85.4936635, 28.4185794], [85.4938567, 28.4184426], [85.494141, 28.4183388], [85.4943556, 28.4183152], [85.4946345, 28.4182869], [85.4948813, 28.4182633], [85.4952568, 28.4181406], [85.4954445, 28.4179283], [85.4927033, 28.4168243], [85.4927301, 28.4171215], [85.4927731, 28.4172395], [85.4927999, 28.4174376], [85.4927945, 28.4175981], [85.4926765, 28.4177679], [85.4924512, 28.4180699], [85.4922903, 28.4182444], [85.4921508, 28.4185134], [85.4920167, 28.4187493], [85.4918396, 28.4188389], [85.4917163, 28.4189427], [85.4915929, 28.4191644], [85.4916251, 28.4194239], [85.4916626, 28.4195843], [85.4916787, 28.4197117], [85.4916894, 28.4199335], [85.4917055, 28.420226], [85.4917324, 28.4204902], [85.4918075, 28.4206742], [85.4918504, 28.4207544], [85.4920381, 28.4209148], [85.4917645, 28.4213771], [85.4914802, 28.4219621], [85.4912656, 28.4225094], [85.4911476, 28.4227547], [85.4908097, 28.4234388], [85.490461, 28.4238634], [85.4901177, 28.4243022], [85.489769, 28.4247173], [85.4894632, 28.4250806], [85.4892111, 28.4255429], [85.4889965, 28.4259628], [85.4887122, 28.4266657], [85.4887551, 28.4270242], [85.4887605, 28.4272648], [85.4887658, 28.4273922], [85.4887766, 28.4276422], [85.4887176, 28.4278168], [85.4885995, 28.42793], [85.4884332, 28.4279347], [85.488283, 28.4278828], [85.4881489, 28.4277791], [85.488047, 28.4276658], [85.4879236, 28.4275479], [85.4877573, 28.4274441], [85.4875964, 28.4274158], [85.487473, 28.4273781], [85.4872423, 28.4272365], [85.4870009, 28.4270573], [85.4869044, 28.4269252], [85.4866898, 28.4267082], [85.4864323, 28.4264864], [85.4861695, 28.4262553], [85.4860032, 28.4261232], [85.4858208, 28.4260524], [85.4856276, 28.4260524], [85.4854882, 28.426109], [85.4852897, 28.4263119], [85.4851341, 28.4266421], [85.4851073, 28.4269629], [85.4851556, 28.4271799], [85.4852951, 28.4273639], [85.4854292, 28.4274158], [85.4856545, 28.4275149], [85.4857457, 28.4275809], [85.4859871, 28.4277272], [85.4863143, 28.4281046], [85.4864109, 28.4282272], [85.4865611, 28.4284914], [85.4866952, 28.4287886], [85.4868239, 28.4291188], [85.4869258, 28.4296], [85.4869044, 28.42985], [85.4868722, 28.4301189], [85.4867595, 28.4307322], [85.4867756, 28.4312983], [85.4868078, 28.4318455], [85.4867971, 28.4322512], [85.4866415, 28.4327513], [85.4865289, 28.4329871], [85.4862821, 28.4333456], [85.4860353, 28.4337042], [85.4858529, 28.4339683], [85.4856813, 28.4342985], [85.4853487, 28.434591], [85.4849088, 28.4348835], [85.4843616, 28.4354495], [85.4837716, 28.435959], [85.4831171, 28.4364968], [85.4828918, 28.4367421], [85.4824841, 28.4371666], [85.482012, 28.4375817], [85.4817116, 28.4378459], [85.4811323, 28.4382704], [85.4807031, 28.4386289], [85.4804027, 28.4388931], [85.4800808, 28.4391195], [85.4798555, 28.4392846], [85.4797053, 28.4395676], [85.4796785, 28.4396855], [85.4797322, 28.4398317], [85.4798824, 28.4399827], [85.4801184, 28.4401006], [85.480274, 28.4401384], [85.4806173, 28.4402138], [85.481084, 28.4402799], [85.4814756, 28.4403459], [85.4816687, 28.4403318], [85.4819745, 28.4402468], [85.4824465, 28.4401006], [85.4828757, 28.4399591], [85.4831117, 28.4398082], [85.4833209, 28.4396478], [85.4835194, 28.4394119], [85.4839164, 28.4388836], [85.4842651, 28.4385629], [85.4845977, 28.4382798], [85.4848015, 28.4380298], [85.4854345, 28.437544], [85.486502, 28.4370487], [85.4869151, 28.4367609], [85.4871833, 28.4365628], [85.4876876, 28.4362703], [85.4881489, 28.4359684], [85.488503, 28.4357703], [85.4890287, 28.4353269], [85.4893505, 28.4349873], [85.4896831, 28.4344684], [85.4898119, 28.4340344], [85.4900586, 28.4336475], [85.4906487, 28.4331853], [85.4910564, 28.432789], [85.4913783, 28.4323267], [85.49155, 28.4320248], [85.4918933, 28.4318267], [85.4922581, 28.4316946], [85.4926658, 28.4316002], [85.4932773, 28.4311757], [85.493449, 28.4310341], [85.4936743, 28.4307983], [85.4940283, 28.430468], [85.4943609, 28.4301756], [85.4946077, 28.4300057], [85.4949242, 28.4298925], [85.4953051, 28.4297274], [85.495879, 28.4295245], [85.4965013, 28.4293123], [85.4968983, 28.4290811], [85.4970807, 28.4288169], [85.4972094, 28.4285103], [85.4972255, 28.4283971], [85.4973113, 28.4281282], [85.497424, 28.427864], [85.497542, 28.4275762], [85.4976225, 28.4271988], [85.4975742, 28.4268214], [85.4975527, 28.4266563], [85.4975206, 28.426411], [85.4975098, 28.4261185], [85.4975581, 28.4259156], [85.497821, 28.4256373], [85.498336, 28.4254957], [85.498808, 28.4253165], [85.4992157, 28.4251466], [85.4995054, 28.4250428], [85.5001491, 28.4247551], [85.5003959, 28.4245805], [85.5005944, 28.4243116], [85.5006963, 28.424104], [85.5008787, 28.4235945], [85.5010235, 28.4233161], [85.5013454, 28.4232548], [85.5016404, 28.4232831], [85.5019945, 28.4232029], [85.5023003, 28.4231888], [85.5026168, 28.4232029], [85.5029011, 28.4232407], [85.503239, 28.4232548], [85.5034697, 28.4232548], [85.5036467, 28.4233209], [85.5037057, 28.4234294], [85.5037862, 28.4236983], [85.5038935, 28.4239719], [85.504092, 28.4241984], [85.5043763, 28.4244107], [85.5047357, 28.4243729], [85.5049556, 28.4242408], [85.5051219, 28.4241842], [85.5053633, 28.4241748], [85.5056155, 28.4242267], [85.5057442, 28.4243871], [85.5058515, 28.4246135], [85.505873, 28.4249673], [85.5058891, 28.4252787], [85.5059051, 28.4256467], [85.5059105, 28.4258826], [85.5058837, 28.4261656], [85.5058086, 28.4264345], [85.5058569, 28.4267318], [85.5059373, 28.4268544], [85.5062377, 28.4269582], [85.5065381, 28.4270054], [85.507037, 28.4268874], [85.5073857, 28.4267223], [85.5075359, 28.4265525], [85.5078471, 28.4261373], [85.5081367, 28.4256514], [85.5083352, 28.4252929], [85.508464, 28.4249296], [85.5084962, 28.4246465], [85.5084801, 28.4242455], [85.5082816, 28.4237832], [85.5081046, 28.4236086], [85.5079222, 28.4233963], [85.5076808, 28.4231227], [85.5075467, 28.4227453], [85.5074125, 28.4224103], [85.5072945, 28.4221744], [85.5069244, 28.4218772], [85.506463, 28.4218064], [85.506227, 28.4217215], [85.5059695, 28.4215658], [85.5056262, 28.4213016], [85.5052614, 28.4209242], [85.5049127, 28.4207119], [85.5045694, 28.4206411], [85.5042744, 28.4206081], [85.503813, 28.4204383], [85.5035448, 28.420292], [85.5033088, 28.4201363], [85.5032927, 28.4200325], [85.5034214, 28.4199523], [85.5036414, 28.419891], [85.5038291, 28.4198532], [85.5040705, 28.4197683], [85.504269, 28.4196457], [85.5044675, 28.4194711], [85.5046391, 28.4192871], [85.5047357, 28.419004], [85.5047142, 28.418853], [85.5045962, 28.4187162], [85.504387, 28.4186502], [85.5042314, 28.4186455], [85.5039954, 28.4187493], [85.5037755, 28.4189238], [85.5035984, 28.4191173], [85.5034214, 28.4192871], [85.5030835, 28.4194994], [85.5029225, 28.4195938], [85.5027616, 28.4197117], [85.5026919, 28.4198863], [85.5026543, 28.4201693]]]}, "properties": {"external_id": "osm:way/657381591", "name": "", "name_ne": "", "area_km2": 1.452}}, {"type": "Feature", "geometry": {"type": "Polygon", "coordinates": [[[85.4885083, 28.4149371], [85.4883796, 28.4151871], [85.4883152, 28.4154561], [85.4882562, 28.4157014], [85.4881436, 28.415909], [85.4879773, 28.4160694], [85.487752, 28.4162345], [85.4875427, 28.4163855], [85.4873013, 28.4164374], [85.4870278, 28.416494], [85.4868883, 28.4166167], [85.48684, 28.416796], [85.4869258, 28.4169989], [85.487135, 28.4172536], [85.4873013, 28.4174282], [85.4874676, 28.4176547], [85.4875749, 28.4179094], [85.4876125, 28.4181076], [85.4876822, 28.4185228], [85.4876983, 28.4186926], [85.4876608, 28.4189285], [85.4875374, 28.4190984], [85.4873335, 28.4192824], [85.4869902, 28.4194286], [85.4866522, 28.419523], [85.4864484, 28.4195466], [85.4862392, 28.41949], [85.4860836, 28.4193909], [85.4858476, 28.419221], [85.4857403, 28.4191503], [85.4856169, 28.4190748], [85.4855096, 28.4189757], [85.4854345, 28.4187964], [85.4854238, 28.4185794], [85.4855257, 28.4184473], [85.4856759, 28.4183388], [85.48581, 28.4182444], [85.4859281, 28.4180651], [85.4859388, 28.4178623], [85.4859066, 28.4176877], [85.4858261, 28.4176264], [85.4857027, 28.4175886], [85.4854506, 28.4175698], [85.4853326, 28.4175414], [85.4851234, 28.4174424], [85.4849464, 28.4172961], [85.4848552, 28.4172253], [85.4847264, 28.4171498], [85.4845601, 28.4170932], [85.4843134, 28.4170177], [85.4839861, 28.4169517], [85.483498, 28.4169658], [85.4832458, 28.4170177], [85.4830259, 28.4170319], [85.4828596, 28.4169894], [85.4826772, 28.4168998], [85.482409, 28.4168573], [85.4820764, 28.4169045], [85.4818994, 28.4170083], [85.4817599, 28.417164], [85.4817277, 28.4173103], [85.481776, 28.417466], [85.4819155, 28.4178104], [85.4819369, 28.4180793], [85.4819262, 28.418268], [85.4818726, 28.418452], [85.4818082, 28.4185983], [85.4817384, 28.4187257], [85.4816472, 28.4189899], [85.4815936, 28.419155], [85.4815882, 28.419405], [85.4816226, 28.4196286], [85.4816258, 28.4197589], [85.4817438, 28.4198768], [85.4819477, 28.4202024], [85.4822212, 28.4205138], [85.4822856, 28.4208063], [85.4822963, 28.421028], [85.482232, 28.4213252], [85.4820549, 28.4216979], [85.481894, 28.4219716], [85.4817116, 28.4222594], [85.4815185, 28.4224717], [85.4812878, 28.4226651], [85.4810303, 28.4227736], [85.4808694, 28.422783], [85.4806387, 28.4227359], [85.4803652, 28.4226273], [85.4801238, 28.4225283], [85.4798555, 28.4224245], [85.4796141, 28.4223018], [85.4794532, 28.4222263], [85.4792923, 28.4221273], [85.4790401, 28.4218772], [85.4787666, 28.4215423], [85.4787236, 28.4213724], [85.4786754, 28.4210469], [85.4787022, 28.4207025], [85.4787183, 28.4205232], [85.4787236, 28.420325], [85.4785573, 28.4199382], [85.4784876, 28.4198061], [85.478391, 28.419556], [85.4783374, 28.4192446], [85.4784232, 28.4189474], [85.4785252, 28.4186171], [85.4786378, 28.4183105], [85.4787666, 28.4180132], [85.4788631, 28.4176735], [85.4790616, 28.4173291], [85.479244, 28.4171357], [85.4793566, 28.4170555], [85.4794747, 28.4167441], [85.4795015, 28.416494], [85.4795605, 28.4162676], [85.4796678, 28.4159609], [85.4797912, 28.4157439], [85.4799628, 28.4156872], [85.4801559, 28.4157061], [85.4803652, 28.4157816], [85.4805368, 28.4158382], [85.4808909, 28.4158996], [85.4811054, 28.4158571], [85.4812771, 28.415791], [85.4814756, 28.4155693], [85.4816097, 28.415324], [85.4818028, 28.4148757], [85.4818618, 28.4146068], [85.4819637, 28.4144181], [85.4820013, 28.4141916], [85.4820657, 28.4139982], [85.4821783, 28.4139227], [85.482409, 28.4139274], [85.4826504, 28.4139934], [85.4828221, 28.4139321], [85.4830044, 28.4138283], [85.4831386, 28.4138236], [85.4833156, 28.4138425], [85.4834711, 28.4139651], [85.4835463, 28.4140972], [85.4836214, 28.4142718], [85.483734, 28.4143992], [85.4838788, 28.4144652], [85.4840666, 28.41447], [85.4841793, 28.4145219], [85.4842919, 28.4145879], [85.4843992, 28.4147106], [85.4845226, 28.4148427], [85.4847479, 28.4149418], [85.4849571, 28.4149371], [85.4852897, 28.4147389], [85.4853755, 28.4145832], [85.4853433, 28.4143992], [85.485279, 28.4142907], [85.4851717, 28.4141916], [85.4851234, 28.4139934], [85.4852092, 28.4138094], [85.4853541, 28.4135358], [85.4854506, 28.4134839], [85.4856491, 28.4134886], [85.48581, 28.4136065], [85.4858744, 28.4136868], [85.4859495, 28.4137292], [85.4860836, 28.4137622], [85.4863626, 28.4137622], [85.4873335, 28.4146351], [85.4885083, 28.4149371]]]}, "properties": {"external_id": "osm:way/657381621", "name": "", "name_ne": "", "area_km2": 0.456}}, {"type": "Feature", "geometry": {"type": "Polygon", "coordinates": [[[85.6276345, 28.1622638], [85.6279242, 28.1619422], [85.6284499, 28.1616111], [85.6286323, 28.1612611], [85.6290722, 28.1611193], [85.6297052, 28.1613084], [85.6310034, 28.1614598], [85.6322908, 28.1617057], [85.6325376, 28.1617341], [85.633235, 28.1614692], [85.6332886, 28.161876], [85.6333852, 28.16198], [85.6340504, 28.16198], [85.6340825, 28.1621692], [85.6336105, 28.1626989], [85.632956, 28.1629921], [85.6326234, 28.1632664], [85.6304777, 28.1641082], [85.6302309, 28.1641271], [85.6280422, 28.164042], [85.6279886, 28.1639758], [85.6281066, 28.163815], [85.6276882, 28.163692], [85.6275594, 28.1635312], [85.6276345, 28.1622638]]]}, "properties": {"external_id": "osm:way/946014195", "name": "", "name_ne": "", "area_km2": 0.146}}, {"type": "Feature", "geometry": {"type": "Polygon", "coordinates": [[[85.6806967, 28.1430353], [85.6803973, 28.1431937], [85.6802177, 28.1433344], [85.6798186, 28.1433256], [85.6793496, 28.1431145], [85.67913, 28.1428241], [85.6788806, 28.1424193], [85.6787409, 28.1421554], [85.6782619, 28.1420322], [85.6777929, 28.1420234], [85.677244, 28.1418562], [85.6768624, 28.1416642], [85.6743184, 28.1421665], [85.6728931, 28.1421167], [85.6706786, 28.1419115], [85.6674298, 28.1406584], [85.6673236, 28.1402776], [85.6673404, 28.140098], [85.6673595, 28.1399875], [85.6672713, 28.1398118], [85.6671443, 28.1391896], [85.6667633, 28.1389407], [85.6660109, 28.1387869], [85.66522, 28.1385385], [85.6645421, 28.1382074], [85.6640594, 28.1379292], [85.6636291, 28.1375635], [85.6632888, 28.1374162], [85.6623009, 28.1371175], [85.6616235, 28.1371051], [85.6610731, 28.1372295], [85.6606357, 28.1374286], [85.6601135, 28.1373291], [85.6596196, 28.137242], [85.6592527, 28.137354], [85.6588152, 28.13769], [85.6584906, 28.1381504], [85.6585189, 28.1386855], [85.6582366, 28.1391335], [85.6578838, 28.1394571], [85.6577004, 28.1401041], [85.6577991, 28.1404899], [85.6583656, 28.1408405], [85.6587487, 28.1410803], [85.6586907, 28.1412779], [85.6581748, 28.1413264], [85.6577124, 28.141162], [85.6570987, 28.1407128], [85.656524, 28.1402979], [85.6559171, 28.1401486], [85.6553244, 28.1402854], [85.654887, 28.1404472], [85.6541672, 28.1403352], [85.6535886, 28.1400117], [85.6528548, 28.1395886], [85.6520928, 28.1394144], [85.6516694, 28.1394144], [85.6513448, 28.1395637], [85.6504416, 28.1401112], [85.6496937, 28.140609], [85.6493973, 28.1410072], [85.649228, 28.1414427], [85.6493268, 28.1419156], [85.6497555, 28.1423912], [85.6505175, 28.1434614], [85.6506869, 28.14432], [85.6508995, 28.1449903], [85.6515182, 28.1455535], [85.6520172, 28.146363], [85.6529153, 28.1475772], [85.6546516, 28.1491961], [85.6551106, 28.1495656], [85.6562083, 28.1500408], [85.6572261, 28.1508678], [85.6583238, 28.1516245], [85.6604499, 28.1521524], [85.6626091, 28.1525257], [85.6646695, 28.1525879], [85.6659678, 28.1525257], [85.6675907, 28.1527496], [85.668762, 28.1531602], [85.6692841, 28.1533593], [85.6696651, 28.1536579], [85.6699897, 28.1541183], [85.6704077, 28.1544482], [85.6713813, 28.1547315], [85.6723464, 28.1549644], [85.6732496, 28.1555118], [85.6737577, 28.1559224], [85.6746467, 28.1565943], [85.6756063, 28.1571418], [85.6759168, 28.1575399], [85.6759168, 28.1578634], [85.6758321, 28.1580998], [85.6754086, 28.1582027], [85.676931, 28.1589505], [85.678368, 28.159452], [85.6791962, 28.15932], [85.6802141, 28.1588537], [85.6808727, 28.1581763], [85.6815976, 28.1563836], [85.6814041, 28.1557899], [85.681644, 28.1543964], [85.6822084, 28.1531024], [85.6826459, 28.1524429], [85.6829309, 28.151906], [85.6830275, 28.1515512], [85.6830811, 28.1513762], [85.6831026, 28.1510452], [85.6829685, 28.1507141], [85.6827968, 28.1503546], [85.6827217, 28.1500188], [85.6827325, 28.149735], [85.6827325, 28.1492431], [85.6824374, 28.1488647], [85.6818044, 28.1486234], [85.6812251, 28.1484011], [85.6806993, 28.1482403], [85.6801736, 28.1481552], [85.6798732, 28.1481788], [85.6795138, 28.1482734], [85.6793475, 28.1483018], [85.6791651, 28.1481978], [85.6790525, 28.1479896], [85.6790847, 28.1478241], [85.6792241, 28.1475829], [85.6794172, 28.1472991], [85.6795245, 28.1471288], [85.6796962, 28.1468544], [85.6797284, 28.1466037], [85.6797767, 28.1463767], [85.6797928, 28.1461591], [85.6798303, 28.1460172], [85.6801307, 28.1459368], [85.6803882, 28.146003], [85.6805974, 28.1462253], [85.6807905, 28.146424], [85.6812036, 28.146547], [85.6815362, 28.1465564], [85.6819814, 28.1464997], [85.6823462, 28.146353], [85.6825662, 28.1462064], [85.6827539, 28.14588], [85.6827807, 28.1455347], [85.6827968, 28.1451232], [85.6826305, 28.1443853], [85.6824481, 28.1441299], [85.6818366, 28.1439218], [85.6815775, 28.1437042], [85.6815684, 28.1434866], [85.6816757, 28.1429947], [85.6816113, 28.1425406], [85.6815469, 28.1423892], [85.681268, 28.1423892], [85.6808817, 28.1427392], [85.6806967, 28.1430353]]]}, "properties": {"external_id": "osm:way/948006094", "name": "", "name_ne": "", "area_km2": 4.463}}, {"type": "Feature", "geometry": {"type": "Polygon", "coordinates": [[[85.6090844, 28.1519722], [85.6086874, 28.1516884], [85.6086552, 28.1513384], [85.6086767, 28.1511681], [85.608902, 28.1510262], [85.6091916, 28.1507992], [85.6093633, 28.1504492], [85.6095457, 28.1499857], [85.6097925, 28.1496546], [85.6099963, 28.1493613], [85.6100607, 28.1489262], [85.6102109, 28.1482924], [85.6103504, 28.1478288], [85.610522, 28.1473653], [85.6106293, 28.1470815], [85.6107902, 28.146949], [85.6110263, 28.1469017], [85.6113052, 28.1468828], [85.6115949, 28.1468734], [85.611949, 28.1468734], [85.6122923, 28.1468261], [85.6125712, 28.1468355], [85.6127322, 28.146949], [85.6127322, 28.1471288], [85.6126249, 28.1473747], [85.6125712, 28.1477531], [85.612582, 28.1481694], [85.6124639, 28.1486045], [85.612303, 28.1489073], [85.6118739, 28.1492289], [85.6113803, 28.1493329], [85.6108439, 28.1495411], [85.610522, 28.1497113], [85.6102538, 28.1500046], [85.6102645, 28.150137], [85.6105327, 28.1501843], [85.6108761, 28.1501749], [85.6113911, 28.1501559], [85.6116485, 28.1501843], [85.611788, 28.1503641], [85.6117666, 28.1507614], [85.6115574, 28.1510026], [85.6111872, 28.1512627], [85.6107151, 28.151556], [85.6102431, 28.1518208], [85.6096262, 28.1520195], [85.6090844, 28.1519722]]]}, "properties": {"external_id": "osm:way/1017841574", "name": "", "name_ne": "", "area_km2": 0.11}}, {"type": "Feature", "geometry": {"type": "Polygon", "coordinates": [[[85.6148136, 28.1477058], [85.6143951, 28.1474883], [85.6141269, 28.1472045], [85.6140733, 28.1467504], [85.6141162, 28.1463247], [85.6142664, 28.1459368], [85.6145775, 28.1455111], [85.6148028, 28.1452462], [85.6150067, 28.1451138], [85.6151676, 28.1450381], [85.6154466, 28.1449813], [85.6162941, 28.145057], [85.6169057, 28.1453787], [85.6171095, 28.1456246], [85.6174636, 28.1458422], [85.6178605, 28.1463814], [85.6179786, 28.1466179], [85.6180429, 28.1470058], [85.6179571, 28.1473747], [85.6178069, 28.1475923], [85.6173777, 28.1479045], [85.6169057, 28.1482356], [85.6164658, 28.1484059], [85.6158435, 28.148387], [85.6154787, 28.1482924], [85.6152749, 28.1480653], [85.6148136, 28.1477058]]]}, "properties": {"external_id": "osm:way/1017841575", "name": "", "name_ne": "", "area_km2": 0.109}}, {"type": "Feature", "geometry": {"type": "Polygon", "coordinates": [[[85.6095457, 28.1458044], [85.6088805, 28.1466274], [85.6086123, 28.1470626], [85.6083763, 28.147914], [85.6081724, 28.1487275], [85.6077647, 28.1496924], [85.607121, 28.1504965], [85.606724, 28.1511398], [85.60637, 28.1517168], [85.6061661, 28.1521898], [85.6061983, 28.1525587], [85.6062519, 28.152956], [85.6062412, 28.1535236], [85.6062734, 28.1538074], [85.6064665, 28.1539303], [85.6067669, 28.1537222], [85.6071103, 28.1533722], [85.6075501, 28.1531736], [85.6079793, 28.1530411], [85.6085908, 28.1532019], [85.6086659, 28.1535047], [85.6086659, 28.1538357], [85.6087088, 28.1540911], [85.6089985, 28.1543844], [85.6094599, 28.1544695], [85.6102538, 28.154356], [85.6111121, 28.1541006], [85.6115842, 28.1538641], [85.6121635, 28.1536749], [85.614438, 28.1530128], [85.6157362, 28.1527195], [85.6163371, 28.1525965], [85.6168628, 28.1525398], [85.6172061, 28.1525776], [85.6174421, 28.1527006], [85.6175601, 28.1530033], [85.6179678, 28.1532303], [85.6181395, 28.1534857], [85.6180966, 28.1538357], [85.6178069, 28.1541763], [85.617367, 28.1544222], [85.6169057, 28.1545641], [85.6156933, 28.155056], [85.6143308, 28.1558411], [85.6136656, 28.1562479], [85.6132579, 28.1565127], [85.612539, 28.1568343], [85.611949, 28.1571465], [85.611155, 28.1574586], [85.6103182, 28.1578938], [85.6099963, 28.1582059], [85.6096744, 28.1587167], [85.6095564, 28.1593315], [85.6096315, 28.1596342], [85.609771, 28.160249], [85.6095993, 28.1606652], [85.6093526, 28.1609206], [85.6089127, 28.1610436], [85.6085265, 28.1607598], [85.6078827, 28.1604382], [85.6073785, 28.1602301], [85.6065953, 28.1601923], [85.6059945, 28.160022], [85.6054151, 28.1596531], [85.6051469, 28.1591896], [85.6052542, 28.1586789], [85.6056619, 28.1578559], [85.6059515, 28.1573924], [85.606091, 28.1569762], [85.6061339, 28.1564087], [85.605973, 28.1556708], [85.605855, 28.1552168], [85.6056297, 28.1546587], [85.6049645, 28.1549992], [85.6046426, 28.155283], [85.604192, 28.1554911], [85.6034732, 28.1556046], [85.6029045, 28.1555763], [85.602175, 28.1554344], [85.6014669, 28.1554154], [85.6009197, 28.1554154], [85.6002438, 28.1554344], [85.5999541, 28.1554911], [85.5996966, 28.1556708], [85.5996108, 28.155983], [85.5997503, 28.1563046], [85.6002009, 28.1565884], [85.6007802, 28.1566357], [85.6011021, 28.156787], [85.6013489, 28.1572222], [85.6012738, 28.157487], [85.6010592, 28.1576478], [85.6007051, 28.1576384], [85.6000399, 28.1575721], [85.5997074, 28.1574681], [85.5992031, 28.1572032], [85.5987203, 28.156806], [85.5983448, 28.1564843], [85.5979049, 28.1561533], [85.5976581, 28.1558317], [85.5973363, 28.1551695], [85.5972826, 28.1546303], [85.5974114, 28.1542141], [85.5976152, 28.1539019], [85.5979156, 28.1535709], [85.5983126, 28.1532209], [85.5986559, 28.1529371], [85.5989885, 28.152483], [85.5993962, 28.1519911], [85.599879, 28.1513384], [85.600158, 28.1508465], [85.6005549, 28.1500897], [85.6008017, 28.1492856], [85.6011236, 28.1489545], [85.601778, 28.1483113], [85.6021643, 28.1477626], [85.6023359, 28.1472991], [85.6024861, 28.1468734], [85.6027758, 28.1461733], [85.6035375, 28.1456152], [85.6041813, 28.1452368], [85.6050825, 28.1450665], [85.6056404, 28.144811], [85.6061125, 28.1443664], [85.6064343, 28.1440069], [85.606842, 28.1437799], [85.6073248, 28.1434204], [85.6075179, 28.143023], [85.6072605, 28.142446], [85.6073892, 28.1419635], [85.607636, 28.1416418], [85.6077433, 28.141235], [85.6077862, 28.1408755], [85.6079686, 28.1404025], [85.6082261, 28.1402606], [85.6085372, 28.1398159], [85.6086874, 28.1394375], [85.609138, 28.1390969], [85.6093097, 28.1391537], [85.6094706, 28.1392956], [85.6097388, 28.1396362], [85.6100607, 28.140147], [85.6105327, 28.1409512], [85.6106293, 28.1415472], [85.6106937, 28.1418973], [85.6106937, 28.1423892], [85.6106937, 28.1431555], [85.6106508, 28.1437137], [85.6103504, 28.1442813], [85.6100929, 28.1449246], [85.6097817, 28.1455016], [85.6095457, 28.1458044]]]}, "properties": {"external_id": "osm:way/1017841577", "name": "", "name_ne": "", "area_km2": 1.578}}, {"type": "Feature", "geometry": {"type": "Polygon", "coordinates": [[[85.6977457, 28.1867457], [85.6968383, 28.1879095], [85.6964486, 28.1884735], [85.6957738, 28.1891092], [85.6953434, 28.1894117], [85.6949565, 28.1894712], [85.6946919, 28.1893604], [85.6946454, 28.1891963], [85.6949479, 28.1887196], [85.6955528, 28.1880121], [85.6963264, 28.1870277], [85.6966463, 28.1859511], [85.6965788, 28.185442], [85.6963694, 28.1851959], [85.6960495, 28.1850318], [85.6956423, 28.1847396], [85.6953864, 28.1843909], [85.6952061, 28.1837962], [85.6951072, 28.1828221], [85.6948978, 28.1822632], [85.6946813, 28.1818576], [85.6942393, 28.1812987], [85.6935355, 28.1808424], [85.6927089, 28.1804469], [85.6923305, 28.1802657], [85.6915984, 28.1797363], [85.6906606, 28.1788662], [85.6901588, 28.1783659], [85.6897558, 28.1779091], [85.6896769, 28.1769097], [85.6898863, 28.1762123], [85.6902121, 28.1757816], [85.6908519, 28.175515], [85.6916535, 28.1755335], [85.6922221, 28.1756375], [85.6929839, 28.1760253], [85.6935525, 28.1765549], [85.6939387, 28.1769332], [85.6943357, 28.1774439], [85.6948292, 28.1780681], [85.6953657, 28.1785599], [85.6956339, 28.1788625], [85.6960952, 28.1794583], [85.6964707, 28.1799879], [85.6969643, 28.1806593], [85.6974792, 28.181397], [85.697962, 28.182163], [85.6981337, 28.1827683], [85.6982195, 28.1832978], [85.6982732, 28.1837896], [85.6983161, 28.1844894], [85.698241, 28.1851041], [85.6981015, 28.1853878], [85.6978333, 28.1858701], [85.6977457, 28.1867457]]]}, "properties": {"external_id": "osm:way/1017841578", "name": "", "name_ne": "", "area_km2": 0.446}}, {"type": "Feature", "geometry": {"type": "Polygon", "coordinates": [[[85.7046816, 28.1588608], [85.7046997, 28.1589768], [85.704748, 28.1593173], [85.7048017, 28.1595349], [85.7048607, 28.1597997], [85.7049626, 28.1600504], [85.7050377, 28.1603389], [85.7051021, 28.1605706], [85.7050645, 28.1608213], [85.7049626, 28.161072], [85.7048768, 28.1613321], [85.7047212, 28.1614408], [85.7046086, 28.1616773], [85.7045764, 28.1618287], [85.7047105, 28.1619516], [85.7048929, 28.1619895], [85.7050645, 28.1619847], [85.7052362, 28.1619327], [85.7054079, 28.1618476], [85.7054937, 28.1617719], [85.7055366, 28.161682], [85.70566, 28.1616016], [85.7057995, 28.1615733], [85.705955, 28.1615875], [85.706116, 28.16163], [85.7062715, 28.1616726], [85.7064378, 28.1617861], [85.7065666, 28.1618949], [85.7066953, 28.1621313], [85.7047695, 28.1627036], [85.7043403, 28.1626232], [85.703997, 28.1623867], [85.7036912, 28.1621171], [85.7036, 28.1620509], [85.7034391, 28.1620368], [85.7031602, 28.1621786], [85.7029831, 28.1622874], [85.7028007, 28.162382], [85.7026184, 28.1623915], [85.7024199, 28.1623725], [85.7021248, 28.1623867], [85.7019746, 28.1624151], [85.7017225, 28.1626279], [85.7016259, 28.1624624], [85.7013711, 28.1623708], [85.7016259, 28.1620462], [85.7018191, 28.1618665], [85.7019907, 28.161682], [85.7020444, 28.1614503], [85.7020336, 28.1611902], [85.7019693, 28.1610909], [85.7018942, 28.1609868], [85.7017708, 28.1609064], [85.7016367, 28.1607456], [85.7016152, 28.1605565], [85.7016903, 28.1602916], [85.7017761, 28.1601639], [85.7020068, 28.1598801], [85.7021248, 28.1596437], [85.7021785, 28.1594356], [85.7021946, 28.159289], [85.702275, 28.1590714], [85.7024038, 28.1587829], [85.7026291, 28.1582437], [85.7030078, 28.157672], [85.7030475, 28.1571749], [85.7031548, 28.1565222], [85.7032728, 28.1559925], [85.7034445, 28.1546209], [85.7037449, 28.1535425], [85.7039487, 28.1530411], [85.7043779, 28.1521898], [85.7047105, 28.1514425], [85.7047534, 28.1509884], [85.7047105, 28.1505249], [85.7043886, 28.1501938], [85.7040882, 28.1493802], [85.7040238, 28.1488316], [85.703938, 28.1481694], [85.7038844, 28.1476207], [85.7038522, 28.1469963], [85.7038951, 28.1464287], [85.704056, 28.1457381], [85.704292, 28.1451516], [85.7045495, 28.144338], [85.7047856, 28.143638], [85.7051933, 28.141954], [85.7053435, 28.1415188], [85.7054615, 28.1411404], [85.7056332, 28.1407431], [85.7056868, 28.1402511], [85.7055688, 28.1400241], [85.7052469, 28.1399957], [85.7047534, 28.1401754], [85.7042169, 28.1404309], [85.70382, 28.1406958], [85.7035518, 28.1408944], [85.7030153, 28.1410742], [85.7024574, 28.1414242], [85.702039, 28.1418594], [85.7015133, 28.1424649], [85.7011163, 28.1430609], [85.7008695, 28.1434298], [85.7005691, 28.1437893], [85.7002902, 28.1440542], [85.6998932, 28.144338], [85.699389, 28.1446975], [85.6990671, 28.1448962], [85.698595, 28.1450759], [85.6980479, 28.1454449], [85.6976402, 28.1458138], [85.6971896, 28.1460976], [85.6967926, 28.1464855], [85.6964278, 28.1469017], [85.6961059, 28.147318], [85.6958377, 28.1478194], [85.6956983, 28.1483586], [85.6957197, 28.1490964], [85.6957948, 28.1495127], [85.6959772, 28.1499762], [85.6963205, 28.1506479], [85.6968248, 28.1511776], [85.6973719, 28.1514141], [85.6980479, 28.1514425], [85.6986916, 28.151206], [85.6990993, 28.1510546], [85.6995499, 28.1511114], [85.6998718, 28.1512817], [85.7002795, 28.1517546], [85.7004297, 28.1522655], [85.7004511, 28.1526722], [85.7004833, 28.1531547], [85.7008266, 28.1538547], [85.7008803, 28.1541101], [85.701009, 28.1547155], [85.7009017, 28.1552357], [85.700537, 28.155756], [85.7001507, 28.1562006], [85.6996357, 28.1566452], [85.6991851, 28.1568533], [85.6983161, 28.1569005], [85.6977367, 28.1569005], [85.6972539, 28.156683], [85.6969428, 28.1563046], [85.6967819, 28.1560114], [85.6967175, 28.1554533], [85.696696, 28.1549046], [85.6965458, 28.1542236], [85.6962132, 28.1537128], [85.6960201, 28.1533533], [85.6957626, 28.1529655], [85.6953335, 28.1520195], [85.6951725, 28.1517546], [85.6947756, 28.1512154], [85.6946146, 28.1508938], [85.694325, 28.1503357], [85.6941104, 28.1497208], [85.6938529, 28.14921], [85.6936705, 28.1489073], [85.6934667, 28.1485289], [85.6931877, 28.1481032], [85.6926834, 28.1478667], [85.6922221, 28.1477437], [85.6919539, 28.1476964], [85.6910312, 28.147441], [85.6903767, 28.1472707], [85.6900012, 28.1471477], [85.6896901, 28.1468828], [85.6894755, 28.1465233], [85.689497, 28.1462017], [85.6896579, 28.1456435], [85.689894, 28.1451989], [85.6900978, 28.1447827], [85.6903982, 28.1443853], [85.6909132, 28.1438745], [85.6914067, 28.1434393], [85.691911, 28.1431555], [85.6926191, 28.1429379], [85.6933916, 28.1428055], [85.6943035, 28.1427298], [85.6950867, 28.1426919], [85.6959236, 28.1427203], [85.6969428, 28.1430041], [85.6979406, 28.1426541], [85.6984234, 28.1425122], [85.6989276, 28.1422], [85.6992817, 28.1419256], [85.6996572, 28.1414526], [85.70014, 28.1408755], [85.700655, 28.1402606], [85.7012129, 28.1398348], [85.7018351, 28.1395321], [85.7023179, 28.1393145], [85.7030475, 28.1389928], [85.7041097, 28.1385482], [85.7048499, 28.1377535], [85.7053757, 28.137025], [85.7058799, 28.1363154], [85.7063305, 28.1357099], [85.7069421, 28.1349909], [85.7074249, 28.1338366], [85.7074463, 28.1332311], [85.7077145, 28.1325783], [85.7080257, 28.1320484], [85.7084119, 28.1316416], [85.7089698, 28.1309509], [85.7095277, 28.1303264], [85.7100963, 28.1297966], [85.7106113, 28.1294087], [85.7111692, 28.1285193], [85.7117057, 28.1279326], [85.7121026, 28.127592], [85.7129395, 28.126854], [85.7135725, 28.1264093], [85.7138514, 28.1260876], [85.7150102, 28.1248765], [85.7153427, 28.1246115], [85.7155681, 28.1245264], [85.7158041, 28.1245737], [85.7158899, 28.1246778], [85.7159758, 28.1248386], [85.7159328, 28.1251414], [85.7158041, 28.1254158], [85.7156432, 28.125624], [85.7154393, 28.1258984], [85.715214, 28.1261538], [85.7148385, 28.1264377], [85.7141518, 28.1267783], [85.7138514, 28.1270622], [85.713433, 28.1276109], [85.7130253, 28.1282449], [85.7126927, 28.1287747], [85.7123816, 28.1292667], [85.7121241, 28.1296263], [85.7117486, 28.1301183], [85.7106972, 28.131301], [85.7100856, 28.132266], [85.7098925, 28.1328905], [85.709517, 28.1336379], [85.7092595, 28.1344137], [85.7090449, 28.1348963], [85.7089698, 28.1355018], [85.7089269, 28.1358802], [85.7088411, 28.1365046], [85.7084334, 28.137271], [85.7081222, 28.1378008], [85.7078004, 28.1385293], [85.707618, 28.1391348], [85.7075214, 28.1395699], [85.7072532, 28.1403268], [85.7069313, 28.1414715], [85.7067919, 28.1421243], [85.7065129, 28.1428811], [85.7064378, 28.1433163], [85.7065236, 28.1439502], [85.706588, 28.1442056], [85.706749, 28.1446218], [85.7069421, 28.1451043], [85.7071781, 28.145653], [85.7072425, 28.1461355], [85.7073069, 28.1465139], [85.7073498, 28.1468355], [85.7074785, 28.1472801], [85.7078218, 28.1476396], [85.7082724, 28.1479234], [85.7088411, 28.148264], [85.7092488, 28.1484343], [85.7097316, 28.1487086], [85.71015, 28.1488978], [85.7105316, 28.1490862], [85.7106113, 28.1494654], [85.7105899, 28.1498438], [85.7103431, 28.1500519], [85.7099461, 28.1500992], [85.7096779, 28.1501086], [85.7090664, 28.1500613], [85.7087445, 28.1500141], [85.7084334, 28.1500141], [85.708015, 28.1500708], [85.7077467, 28.1502695], [85.707736, 28.1505154], [85.7077145, 28.1507614], [85.7078218, 28.1511776], [85.7080364, 28.1515276], [85.7084334, 28.152133], [85.7087552, 28.152379], [85.7094633, 28.1525682], [85.7097745, 28.1526249], [85.710504, 28.152606], [85.7109547, 28.1528614], [85.7113516, 28.1532965], [85.7114053, 28.1537695], [85.7113516, 28.1541006], [85.7110405, 28.1545925], [85.7107079, 28.1548857], [85.7102787, 28.1551317], [85.7095277, 28.1554722], [85.7086158, 28.1556803], [85.7078755, 28.1556519], [85.7075643, 28.155633], [85.7069957, 28.1555668], [85.7065451, 28.1556519], [85.706073, 28.1558411], [85.7057083, 28.1560587], [85.70544, 28.1563519], [85.7050967, 28.1570141], [85.7047856, 28.1576857], [85.7046568, 28.1583951], [85.7046816, 28.1588608]]]}, "properties": {"external_id": "osm:way/1017841579", "name": "", "name_ne": "", "area_km2": 2.152}}, {"type": "Feature", "geometry": {"type": "Polygon", "coordinates": [[[85.64217, 28.2883101], [85.6427615, 28.2880497], [85.6442897, 28.2899922], [85.6442281, 28.290741], [85.645325, 28.290817], [85.6455591, 28.2906976], [85.645795, 28.290182], [85.645678, 28.2900461], [85.64542, 28.2897035], [85.6453753, 28.2894142], [85.6451112, 28.2886751], [85.6448693, 28.2878798], [85.6447477, 28.287444], [85.6446837, 28.2870177], [85.644649, 28.2866317], [85.6443813, 28.2860299], [85.6441796, 28.2856103], [85.6436076, 28.2846461], [85.6433822, 28.2841759], [85.6432926, 28.2839533], [85.6430158, 28.2835092], [85.6427235, 28.2831721], [85.6425833, 28.2830162], [85.6419235, 28.2831768], [85.6417633, 28.2835458], [85.6416277, 28.2838606], [85.6414059, 28.2841427], [85.6408636, 28.2842079], [85.6400625, 28.2842079], [85.6397175, 28.2842079], [85.639434, 28.2843706], [85.6392861, 28.2847505], [85.6392615, 28.2850435], [85.6394094, 28.2856296], [85.6398161, 28.2859443], [85.6403213, 28.2863567], [85.6409252, 28.2871272], [85.6409252, 28.287366], [85.6403337, 28.2871598], [85.6401365, 28.2870187], [85.6397914, 28.2872032], [85.6396435, 28.2874311], [85.6396682, 28.2876807], [85.6400009, 28.2880822], [85.6401611, 28.2882233], [85.6406664, 28.288321], [85.6408266, 28.2885814], [85.6409869, 28.2887985], [85.641258, 28.2888853], [85.6416154, 28.2889396], [85.6419358, 28.2889504], [85.6422686, 28.2887876], [85.6422069, 28.2884295], [85.64217, 28.2883101]]]}, "properties": {"external_id": "osm:way/1422399189", "name": "", "name_ne": "", "area_km2": 0.269}}, {"type": "Feature", "geometry": {"type": "Polygon", "coordinates": [[[85.5273937, 28.261463], [85.5279154, 28.2606277], [85.5293739, 28.261206], [85.5370653, 28.2626668], [85.538445, 28.2635646], [85.5386334, 28.2635093], [85.5389003, 28.2636614], [85.5390573, 28.2637997], [85.5394811, 28.2638411], [85.539748, 28.2634817], [85.5409324, 28.2629048], [85.5414904, 28.262735], [85.5421183, 28.2620575], [85.542291, 28.2610344], [85.5427306, 28.2604951], [85.5435625, 28.2595826], [85.5440021, 28.2589189], [85.5440806, 28.258587], [85.5441646, 28.25816], [85.5439426, 28.2579351], [85.5432877, 28.2575635], [85.5431212, 28.2572898], [85.5430546, 28.2568694], [85.543099, 28.2561458], [85.5429991, 28.2558134], [85.5426661, 28.2556276], [85.5423442, 28.255569], [85.5418891, 28.2555983], [85.5406792, 28.2556863], [85.5399466, 28.2556179], [85.5395914, 28.2554223], [85.5394582, 28.2550605], [85.5395137, 28.2547574], [85.5398467, 28.2543566], [85.5412967, 28.2536767], [85.5417074, 28.2534225], [85.5418184, 28.2531976], [85.5417851, 28.2530021], [85.5415171, 28.2528229], [85.5409526, 28.2526989], [85.54022, 28.2525621], [85.5390545, 28.2522296], [85.5380555, 28.2520732], [85.5372563, 28.2520732], [85.5360686, 28.2524252], [85.5357385, 28.2525592], [85.535456, 28.252974], [85.534828, 28.2532229], [85.5341687, 28.2533336], [85.5338234, 28.2532091], [85.5337135, 28.253057], [85.5336667, 28.2527895], [85.5336821, 28.2523656], [85.5331641, 28.2520476], [85.5327559, 28.2515913], [85.532285, 28.2511764], [85.5321437, 28.2508446], [85.5323635, 28.2497798], [85.5322303, 28.2487558], [85.5316309, 28.2486775], [85.5311203, 28.2486775], [85.5306541, 28.2485406], [85.5302101, 28.2480517], [85.5300991, 28.2474064], [85.5305431, 28.2468001], [85.5312313, 28.2464872], [85.5317792, 28.245928], [85.5329114, 28.2456542], [85.5339437, 28.2456053], [85.5346807, 28.2457914], [85.5348472, 28.2462901], [85.5353023, 28.2465052], [85.5359132, 28.2463321], [85.5368802, 28.2455205], [85.5392889, 28.245012], [85.5409162, 28.2449505], [85.5439104, 28.2452059], [85.5450537, 28.245421], [85.5455372, 28.245862], [85.5457975, 28.2462665], [85.5477829, 28.2460073], [85.5485873, 28.2449066], [85.5490522, 28.2439147], [85.5504613, 28.2415934], [85.5525112, 28.2398915], [85.5544684, 28.2381219], [85.5590528, 28.235814], [85.5600407, 28.2351295], [85.5605735, 28.2340146], [85.560851, 28.2331638], [85.5608633, 28.2331128], [85.5611396, 28.2319707], [85.5613491, 28.2314388], [85.5613003, 28.2308498], [85.5616666, 28.2286494], [85.5616176, 28.2257091], [85.5617596, 28.2241282], [85.561956, 28.2241131], [85.5621308, 28.2240867], [85.5620894, 28.2239356], [85.5624281, 28.2236834], [85.5629283, 28.2244159], [85.5633965, 28.2245937], [85.5639173, 28.225087], [85.5644057, 28.226818], [85.5644501, 28.2285002], [85.5648064, 28.2294845], [85.5644057, 28.2311505], [85.5635954, 28.2341235], [85.5624229, 28.2360201], [85.5615517, 28.2371265], [85.5601942, 28.2383553], [85.5588733, 28.2392746], [85.5580902, 28.240279], [85.5563521, 28.2416968], [85.5551934, 28.2427932], [85.553391, 28.2462524], [85.5528545, 28.251148], [85.5501135, 28.2511281], [85.5493478, 28.2523291], [85.5501715, 28.2529685], [85.5512458, 28.2537291], [85.5520684, 28.2548311], [85.5521312, 28.255965], [85.5525708, 28.2579423], [85.5528847, 28.2600163], [85.5530103, 28.2613022], [85.5523721, 28.262665], [85.5515729, 28.2639164], [85.5502076, 28.264855], [85.5490199, 28.2658522], [85.5476435, 28.2672698], [85.5470996, 28.2680812], [85.5466334, 28.2685798], [85.5458231, 28.2690197], [85.5451127, 28.2692739], [85.5438251, 28.2693521], [85.5425326, 28.2693074], [85.5406489, 28.2692245], [85.5396004, 28.2691268], [85.53895, 28.268659], [85.537169, 28.268659], [85.5351305, 28.2684133], [85.5337357, 28.2677802], [85.5325893, 28.2669456], [85.5325568, 28.2665905], [85.5325578, 28.2660548], [85.5331439, 28.2655216], [85.5339624, 28.2648352], [85.5337108, 28.2643753], [85.5324358, 28.2644598], [85.5311539, 28.2648705], [85.5300195, 28.2656779], [85.5295755, 28.2660886], [85.5294534, 28.2663818], [85.5292314, 28.2670271], [85.5289428, 28.2671346], [85.5284759, 28.2669781], [85.5280891, 28.2667008], [85.5278661, 28.2661668], [85.5275359, 28.2659685], [85.5273777, 28.2658735], [85.5263734, 28.2655556], [85.5255571, 28.265044], [85.5246257, 28.2641041], [85.5243821, 28.2633257], [85.5247258, 28.2630381], [85.5247942, 28.2627524], [85.5248978, 28.2621681], [85.5244515, 28.2616476], [85.524317, 28.2614906], [85.5242856, 28.2611588], [85.5244268, 28.2608961], [85.5247879, 28.2607993], [85.5255257, 28.2608131], [85.5264362, 28.2609929], [85.5273937, 28.261463]]]}, "properties": {"external_id": "osm:way/1553042337", "name": "Lirung Glacier", "name_ne": "लिरुङ हिमनदी", "area_km2": 5.11}}, {"type": "Feature", "geometry": {"type": "Polygon", "coordinates": [[[85.5279154, 28.2606277], [85.5273937, 28.261463], [85.5264362, 28.2609929], [85.5255257, 28.2608131], [85.5247879, 28.2607993], [85.5244268, 28.2608961], [85.5242856, 28.2611588], [85.524317, 28.2614906], [85.5244515, 28.2616476], [85.5248978, 28.2621681], [85.5247942, 28.2627524], [85.5247258, 28.2630381], [85.5243821, 28.2633257], [85.5233409, 28.2614232], [85.5225871, 28.2607904], [85.5219536, 28.2601732], [85.5210935, 28.2597586], [85.5195681, 28.2592255], [85.5188532, 28.2587267], [85.5184108, 28.258178], [85.5175239, 28.2571496], [85.5166508, 28.2563528], [85.5160703, 28.2567716], [85.5150252, 28.2570731], [85.5140522, 28.2579302], [85.512718, 28.257924], [85.5115914, 28.2584344], [85.5089414, 28.2591715], [85.5076539, 28.2591526], [85.5059695, 28.2603338], [85.5032573, 28.2603024], [85.4986723, 28.2601195], [85.4965614, 28.2582625], [85.4988382, 28.2567685], [85.5029362, 28.2577139], [85.5052779, 28.2562242], [85.5022044, 28.2538751], [85.5010173, 28.2511247], [85.501619, 28.2462399], [85.5042371, 28.2449506], [85.5057978, 28.2415077], [85.5062485, 28.2385777], [85.5078792, 28.2373867], [85.5087375, 28.2363848], [85.5108979, 28.2381594], [85.5126538, 28.2380976], [85.5139865, 28.2389711], [85.519507, 28.2376299], [85.5272151, 28.2386328], [85.5281909, 28.2448217], [85.5221619, 28.2482006], [85.5212653, 28.2522321], [85.5241046, 28.2540914], [85.5276421, 28.2532496], [85.5278006, 28.2550783], [85.5251336, 28.2573415], [85.5279154, 28.2606277]]]}, "properties": {"external_id": "osm:way/1553042338", "name": "", "name_ne": "", "area_km2": 5.311}}, {"type": "Feature", "geometry": {"type": "Polygon", "coordinates": [[[85.5315939, 28.3025808], [85.5317509, 28.3019719], [85.5315685, 28.3014382], [85.5320138, 28.3014287], [85.5324268, 28.3009564], [85.5323732, 28.3005597], [85.5319279, 28.3002101], [85.5316222, 28.299889], [85.5312574, 28.3004369], [85.5305064, 28.3000118], [85.5298465, 28.3001771], [85.5295354, 28.3006258], [85.52953, 28.3008431], [85.529412, 28.3010603], [85.5295622, 28.3012162], [85.5302596, 28.3013012], [85.5305976, 28.301254], [85.5309141, 28.3010934], [85.5309355, 28.3013248], [85.5307263, 28.301594], [85.5303669, 28.3018397], [85.5297178, 28.3015515], [85.528897, 28.3016318], [85.5283982, 28.3019388], [85.5280565, 28.3021086], [85.527645, 28.3031047], [85.5276991, 28.3038311], [85.5278956, 28.3043719], [85.5279065, 28.3046796], [85.5279874, 28.3052779], [85.5284572, 28.3050416], [85.5302626, 28.3046685], [85.5326754, 28.3032907], [85.5321655, 28.3030312], [85.5315939, 28.3025808]]]}, "properties": {"external_id": "osm:way/1553042343", "name": "", "name_ne": "", "area_km2": 0.167}}, {"type": "Feature", "geometry": {"type": "Polygon", "coordinates": [[[85.5298578, 28.2949259], [85.5300813, 28.2948989], [85.5307032, 28.2944252], [85.5309962, 28.2941559], [85.5313211, 28.2938193], [85.5318407, 28.2935006], [85.5322552, 28.2933578], [85.5330095, 28.2928526], [85.5340546, 28.2921783], [85.5346312, 28.2917182], [85.5348655, 28.2914247], [85.5351268, 28.2911787], [85.5353904, 28.2910054], [85.5359244, 28.289776], [85.5367625, 28.2881264], [85.5361463, 28.2864769], [85.5339525, 28.2853048], [85.5322311, 28.2850893], [85.5319527, 28.2856146], [85.5311118, 28.286658], [85.5300272, 28.2875252], [85.5289335, 28.2883255], [85.5282773, 28.2889201], [85.5298578, 28.2949259]]]}, "properties": {"external_id": "osm:way/1553042349", "name": "", "name_ne": "", "area_km2": 0.536}}, {"type": "Feature", "geometry": {"type": "Polygon", "coordinates": [[[85.5125506, 28.2892911], [85.5123943, 28.2888813], [85.5123414, 28.2887002], [85.5124428, 28.2884501], [85.5126727, 28.2882834], [85.5130175, 28.2881405], [85.5133421, 28.2879798], [85.5137546, 28.287432], [85.5141265, 28.286777], [85.5144578, 28.2864495], [85.5153842, 28.2860744], [85.5159859, 28.2858243], [85.5167568, 28.2854492], [85.5172572, 28.2850383], [85.5168468, 28.2835037], [85.5166938, 28.2834111], [85.51634, 28.2830826], [85.5156323, 28.2827037], [85.5153455, 28.2824763], [85.5149151, 28.2821479], [85.5144179, 28.281929], [85.5137868, 28.2818026], [85.5127636, 28.2816932], [85.5125628, 28.2817184], [85.5123141, 28.28203], [85.5120081, 28.2826363], [85.5117786, 28.2827795], [85.5114631, 28.2830658], [85.5110614, 28.2833353], [85.5109371, 28.2836132], [85.5107841, 28.2838574], [85.5105259, 28.2840342], [85.510153, 28.2840679], [85.50978, 28.2842195], [85.5096844, 28.2845058], [85.5097418, 28.2847752], [85.5095888, 28.2851794], [85.5093402, 28.2855163], [85.5090533, 28.2861057], [85.5089863, 28.2866952], [85.5086928, 28.2870007], [85.5091489, 28.2872846], [85.5093306, 28.2879246], [85.5093019, 28.2887161], [85.5100938, 28.2894696], [85.5119212, 28.2901361], [85.5125506, 28.2892911]]]}, "properties": {"external_id": "osm:way/1553042355", "name": "", "name_ne": "", "area_km2": 0.43}}, {"type": "Feature", "geometry": {"type": "Polygon", "coordinates": [[[85.5172572, 28.2850383], [85.5186915, 28.2848364], [85.5195503, 28.2846101], [85.5200777, 28.2843243], [85.5205037, 28.2840206], [85.5208283, 28.2838598], [85.5211258, 28.2838658], [85.5214909, 28.283842], [85.5218155, 28.2837288], [85.5219268, 28.2835603], [85.5221881, 28.2835564], [85.5224088, 28.2835286], [85.5225079, 28.2834572], [85.522598, 28.2832826], [85.5227151, 28.2831517], [85.5229223, 28.2830684], [85.5229764, 28.2830684], [85.5230485, 28.2831557], [85.52308, 28.2833223], [85.5231836, 28.2834929], [85.5233503, 28.2835246], [85.523535, 28.2834016], [85.5236882, 28.2832668], [85.5239044, 28.2832112], [85.5240666, 28.283239], [85.5241612, 28.2832787], [85.5242828, 28.2835167], [85.524445, 28.2836476], [85.5246116, 28.2836635], [85.5246972, 28.2836436], [85.524945, 28.283477], [85.5251477, 28.2834651], [85.5253324, 28.2835048], [85.5254765, 28.283604], [85.5255244, 28.2837631], [85.5255244, 28.2839218], [85.525619, 28.2840091], [85.5258578, 28.2841043], [85.5260695, 28.2843304], [85.5261055, 28.2844058], [85.5261506, 28.284501], [85.5262091, 28.2846438], [85.5262812, 28.2846834], [85.5264479, 28.2847072], [85.526529, 28.2846596], [85.5266146, 28.2846477], [85.5267497, 28.2846596], [85.5268398, 28.2847072], [85.5269119, 28.2846834], [85.527002, 28.284612], [85.527029, 28.2845208], [85.527029, 28.2844454], [85.5271326, 28.2843701], [85.5273443, 28.2843344], [85.5276101, 28.2843978], [85.5278038, 28.2844137], [85.528011, 28.2844137], [85.5282408, 28.284378], [85.5283939, 28.2843066], [85.5285967, 28.2842352], [85.5288624, 28.2842907], [85.5289841, 28.2843661], [85.5290967, 28.2844613], [85.5292769, 28.2845605], [85.5294571, 28.2845605], [85.5296192, 28.2844772], [85.5297048, 28.2843978], [85.5298039, 28.284382], [85.5299841, 28.2844335], [85.5300742, 28.2844891], [85.5301958, 28.2845248], [85.530349, 28.2845208], [85.5305697, 28.2844772], [85.5307229, 28.2844772], [85.5308806, 28.2844494], [85.5310247, 28.2843661], [85.5312409, 28.2842391], [85.5315202, 28.2839535], [85.5317184, 28.2838345], [85.5316934, 28.2829274], [85.5304193, 28.2820796], [85.5298247, 28.2807706], [85.5293009, 28.2795364], [85.5282187, 28.2785497], [85.5279894, 28.2786282], [85.5277855, 28.2785946], [85.5275116, 28.278516], [85.5274033, 28.2785385], [85.5272567, 28.2787573], [85.5269892, 28.2789761], [85.5266069, 28.2792341], [85.526508, 28.2793778], [85.5263844, 28.279455], [85.5261928, 28.2794584], [85.5259856, 28.2795774], [85.5257829, 28.2798472], [85.5257153, 28.2799702], [85.5256117, 28.2799345], [85.5255666, 28.279875], [85.5255756, 28.2797242], [85.5255576, 28.2795417], [85.5254405, 28.2794505], [85.5252828, 28.2794862], [85.5252063, 28.279752], [85.5251117, 28.2802003], [85.5249945, 28.2805851], [85.5246387, 28.2808152], [85.524463, 28.2811048], [85.5243549, 28.2812238], [85.5240936, 28.281311], [85.5238999, 28.2813229], [85.5235575, 28.2811563], [85.5231161, 28.2810849], [85.5226701, 28.2810968], [85.52258, 28.2811405], [85.5225349, 28.2812595], [85.5226115, 28.2813547], [85.5226971, 28.2814935], [85.5226205, 28.2815887], [85.5223007, 28.2816641], [85.5219628, 28.2817673], [85.5214583, 28.281795], [85.5209988, 28.2819497], [85.5208186, 28.2820489], [85.5207466, 28.2822155], [85.5207691, 28.282394], [85.5208952, 28.2825606], [85.521179, 28.2829058], [85.5207866, 28.2831668], [85.5205571, 28.2832005], [85.5203563, 28.2832005], [85.5200311, 28.2833521], [85.5197634, 28.2836047], [85.5190271, 28.2837732], [85.5183003, 28.2837226], [85.5177266, 28.2835879], [85.5168468, 28.2835037], [85.5172572, 28.2850383]]]}, "properties": {"external_id": "osm:way/1553042356", "name": "", "name_ne": "", "area_km2": 0.451}}], "attribution": "© OpenStreetMap contributors, ODbL 1.0"}