{"type": "FeatureCollection", "features": [{"type": "Feature", "geometry": {"type": "Polygon", "coordinates": [[[86.5635486, 28.0788531], [86.5639399, 28.0790209], [86.5640519, 28.0798056], [86.5639069, 28.0802823], [86.5638674, 28.0810903], [86.5642759, 28.0822179], [86.5648754, 28.082805], [86.5655408, 28.0827876], [86.5661338, 28.0822993], [86.5675503, 28.0820198], [86.5684679, 28.0820494], [86.5721346, 28.0813422], [86.576607, 28.0818582], [86.5791368, 28.0826999], [86.5800065, 28.0838886], [86.5793707, 28.0852348], [86.5781979, 28.0877119], [86.5776307, 28.087885], [86.5770886, 28.0883674], [86.5765801, 28.0893831], [86.5760237, 28.0898782], [86.5755256, 28.089833], [86.5750986, 28.0894987], [86.574475, 28.0879752], [86.5744415, 28.0870187], [86.5741105, 28.0866802], [86.572729, 28.0860919], [86.5714962, 28.0861639], [86.5711748, 28.0860454], [86.570743, 28.0854994], [86.5701674, 28.0853979], [86.5696877, 28.0855629], [86.5691792, 28.0861427], [86.5679704, 28.0865532], [86.5668815, 28.0871542], [86.5664114, 28.088009], [86.5663155, 28.0888046], [86.5666225, 28.0892955], [86.567366, 28.0899092], [86.5679751, 28.0899782], [86.5687139, 28.0898639], [86.5695245, 28.0896904], [86.5702441, 28.089153], [86.5713138, 28.0888652], [86.5717071, 28.088971], [86.5718223, 28.0893942], [86.5722108, 28.0900163], [86.5729591, 28.0903887], [86.5734868, 28.0908838], [86.5742015, 28.091197], [86.5750554, 28.091307], [86.575962, 28.0911927], [86.5763697, 28.090905], [86.5768062, 28.090194], [86.5771426, 28.089906], [86.576817, 28.0905623], [86.576202, 28.0911793], [86.5751167, 28.0914985], [86.5739228, 28.0916474], [86.5730296, 28.0916784], [86.5721086, 28.0911819], [86.5711706, 28.0917236], [86.5685784, 28.0933484], [86.5658071, 28.09561], [86.5651331, 28.0964809], [86.5645435, 28.0977343], [86.5637958, 28.0996278], [86.564037, 28.1004895], [86.5651464, 28.1020319], [86.5662921, 28.1024149], [86.5671, 28.1021489], [86.5676548, 28.1017341], [86.5688727, 28.1014894], [86.569536, 28.1016064], [86.5694013, 28.1026232], [86.5685332, 28.1033069], [86.5675869, 28.1029516], [86.5666738, 28.1033297], [86.5659098, 28.1047269], [86.5662359, 28.1059021], [86.5663849, 28.106724], [86.5659098, 28.1078581], [86.5662918, 28.1090663], [86.5674285, 28.1096826], [86.5686584, 28.1104551], [86.5693013, 28.1108168], [86.5710157, 28.1106031], [86.5721617, 28.1100607], [86.5724813, 28.1094922], [86.5733574, 28.1083623], [86.5740016, 28.1078688], [86.5747034, 28.1074284], [86.5734947, 28.1045451], [86.5738186, 28.1024834], [86.5743131, 28.1018365], [86.5747395, 28.1018215], [86.5753194, 28.1030701], [86.5766496, 28.103717], [86.5791942, 28.1045863], [86.5800504, 28.104597], [86.5805991, 28.1047565], [86.5912802, 28.1032149], [86.592575, 28.1015855], [86.5964023, 28.0974814], [86.5978756, 28.0965527], [86.600195, 28.0959358], [86.6027325, 28.095503], [86.6039738, 28.0938722], [86.6049429, 28.092064], [86.6051017, 28.0909144], [86.6040164, 28.0905533], [86.6026837, 28.0908808], [86.6019983, 28.0917627], [86.6016575, 28.0926449], [86.6010477, 28.0924605], [86.5993763, 28.0916179], [86.5966477, 28.0918135], [86.5936919, 28.0923661], [86.5935501, 28.0915356], [86.5938063, 28.0910219], [86.5936898, 28.090019], [86.5939367, 28.0895957], [86.5946215, 28.0892628], [86.5954627, 28.0890165], [86.5959041, 28.0882667], [86.5967672, 28.0879063], [86.5970564, 28.0871638], [86.5979779, 28.0863222], [86.5979495, 28.0864441], [86.5982563, 28.0867504], [86.5993631, 28.0872271], [86.6012078, 28.087384], [86.6022883, 28.0873142], [86.6028945, 28.0867911], [86.6039947, 28.0845824], [86.6041362, 28.0835573], [86.6043367, 28.0821049], [86.6043647, 28.0817391], [86.6048632, 28.0811473], [86.6052851, 28.0807481], [86.6080018, 28.0772488], [86.6070419, 28.0768447], [86.6055003, 28.0765075], [86.6041628, 28.0764436], [86.601791, 28.0762982], [86.5988729, 28.075445], [86.5977229, 28.0750948], [86.5971233, 28.0747053], [86.5968071, 28.0746821], [86.5963854, 28.0749088], [86.5961351, 28.0746937], [86.596248, 28.0737305], [86.5967791, 28.0724233], [86.597245, 28.0720123], [86.5977295, 28.0719794], [86.5984189, 28.0723904], [86.6001892, 28.0728344], [86.6012794, 28.0725302], [86.6022961, 28.0714622], [86.6022039, 28.0707879], [86.6018679, 28.0702879], [86.6008862, 28.0698229], [86.600122, 28.0686137], [86.5995422, 28.0678114], [86.5994631, 28.0664452], [86.5999177, 28.0657883], [86.6005963, 28.0650384], [86.6008928, 28.0645035], [86.6006358, 28.0640849], [86.60001, 28.0639744], [86.5990678, 28.0638931], [86.5984618, 28.0635115], [86.5978425, 28.063651], [86.597355, 28.064244], [86.5973813, 28.0649881], [86.5977437, 28.065773], [86.5975724, 28.066273], [86.5969926, 28.0664997], [86.5959582, 28.0662904], [86.5949634, 28.0665636], [86.5947921, 28.0672496], [86.5951545, 28.0684123], [86.5947687, 28.0693725], [86.5938767, 28.0700852], [86.5923284, 28.070841], [86.5910862, 28.0708854], [86.5938347, 28.0643131], [86.5960783, 28.0608022], [86.5974938, 28.0563625], [86.5974767, 28.0527654], [86.6003737, 28.0528341], [86.6037334, 28.0532705], [86.6068202, 28.0537371], [86.6078776, 28.0533157], [86.6084404, 28.0520514], [86.6074853, 28.0509226], [86.6040574, 28.0491165], [86.6011582, 28.0485746], [86.5976688, 28.0489206], [86.5949199, 28.0477153], [86.5908768, 28.0384464], [86.5846369, 28.027618], [86.5830504, 28.024794], [86.5828117, 28.0223551], [86.5841253, 28.019428], [86.5858132, 28.0167394], [86.5883578, 28.0145857], [86.5970375, 28.0070507], [86.6041155, 27.9992483], [86.6080403, 27.9921641], [86.6099394, 27.9904074], [86.6102476, 27.9886274], [86.6111531, 27.985821], [86.6107255, 27.98224], [86.6113068, 27.9798084], [86.6113305, 27.9759903], [86.6093908, 27.9709429], [86.6083967, 27.9695804], [86.6065184, 27.9684201], [86.6055194, 27.9683241], [86.604914, 27.9691462], [86.6063521, 27.9750546], [86.6059898, 27.9839508], [86.6055444, 27.9872956], [86.6043993, 27.9891085], [86.6007092, 27.9946032], [86.5938556, 28.0014291], [86.5881917, 28.0056128], [86.5767871, 28.0139173], [86.5752733, 28.0239683], [86.5760152, 28.0277315], [86.5794395, 28.0334278], [86.5829706, 28.0414793], [86.5818686, 28.0438228], [86.5802996, 28.0464267], [86.5776574, 28.0472876], [86.57574, 28.0474366], [86.574329, 28.0473089], [86.5734487, 28.0476176], [86.572279, 28.0486286], [86.5709404, 28.0500228], [86.5703374, 28.0510765], [86.5699998, 28.0518427], [86.5705907, 28.0528857], [86.5698233, 28.0548828], [86.5692365, 28.0548187], [86.5675697, 28.0544466], [86.5662652, 28.0544292], [86.5652588, 28.0545918], [86.5643085, 28.054526], [86.5630786, 28.054378], [86.5621934, 28.0539505], [86.5616065, 28.0541889], [86.5607586, 28.0538107], [86.5592771, 28.053786], [86.5591839, 28.0543534], [86.5598268, 28.0549125], [86.5618021, 28.0556032], [86.5631624, 28.0558663], [86.5638799, 28.0563268], [86.5639824, 28.0571161], [86.5638537, 28.0575035], [86.5633925, 28.0581082], [86.562967, 28.0589247], [86.5637444, 28.0596805], [86.5662545, 28.0605061], [86.5675986, 28.0605991], [86.5684221, 28.0604712], [86.5690151, 28.0605875], [86.5693511, 28.0610526], [86.5702471, 28.0619188], [86.5715318, 28.0618781], [86.5727903, 28.0611852], [86.5735919, 28.0600414], [86.5740865, 28.0582806], [86.5748027, 28.05661], [86.5763717, 28.0552555], [86.5807376, 28.0526217], [86.5858198, 28.0494008], [86.5868113, 28.0492145], [86.5881566, 28.0519239], [86.5891084, 28.0548777], [86.5876371, 28.0581129], [86.5845829, 28.0631802], [86.5829899, 28.0707641], [86.5814649, 28.0754192], [86.5793924, 28.0769392], [86.5757143, 28.076938], [86.5731749, 28.0763767], [86.5722789, 28.0767935], [86.5700369, 28.0778363], [86.5677678, 28.0780164], [86.5674119, 28.0777479], [86.566707, 28.0776665], [86.5662458, 28.0778176], [86.5654815, 28.0783408], [86.5648754, 28.0783408], [86.5644472, 28.0782536], [86.5640189, 28.0780618], [86.5632514, 28.0780881], [86.5626763, 28.0784233], [86.5607222, 28.0790841], [86.5592563, 28.0789434], [86.5589635, 28.0794841], [86.559195, 28.0803912], [86.5596444, 28.0807817], [86.5600257, 28.0807036], [86.5605567, 28.0800668], [86.5617755, 28.0795862], [86.5631168, 28.0792618], [86.5635486, 28.0788531]]]}, "properties": {"external_id": "osm:way/26306181", "name": "Nangpa Glacier", "name_ne": "", "area_km2": 22.637}}, {"type": "Feature", "geometry": {"type": "Polygon", "coordinates": [[[86.6234674, 28.0691868], [86.6239878, 28.0688689], [86.6244677, 28.06794], [86.626488, 28.0666934], [86.6285539, 28.0644415], [86.6300882, 28.0611574], [86.6302857, 28.0586775], [86.6297692, 28.0570555], [86.6298069, 28.0533449], [86.6303994, 28.0500336], [86.6307945, 28.0453458], [86.6354387, 28.0447989], [86.6388114, 28.045216], [86.640101, 28.0457154], [86.640496, 28.0483162], [86.6395947, 28.0502933], [86.6359186, 28.049261], [86.6344907, 28.050548], [86.633959, 28.0520494], [86.6349312, 28.0533632], [86.638901, 28.0540674], [86.6384909, 28.0559174], [86.638658, 28.0574992], [86.6381733, 28.0597606], [86.6388176, 28.0622105], [86.64029, 28.0629684], [86.6416858, 28.0637129], [86.6424374, 28.0637129], [86.6429436, 28.0635234], [86.6434957, 28.0619668], [86.6439866, 28.0612766], [86.6448915, 28.0603968], [86.6455252, 28.0597877], [86.6463061, 28.0598068], [86.6465773, 28.0591464], [86.6463603, 28.0583329], [86.6452866, 28.0569068], [86.6444406, 28.0564378], [86.6438007, 28.0564378], [86.6432259, 28.0557199], [86.6435621, 28.0546958], [86.6438007, 28.0532409], [86.6436055, 28.0526379], [86.6433777, 28.0527815], [86.6432367, 28.0537578], [86.642727, 28.0546479], [86.6424153, 28.0547823], [86.6430576, 28.051604], [86.6439491, 28.0507035], [86.6445994, 28.0503657], [86.6454577, 28.050896], [86.6458654, 28.0512463], [86.6464555, 28.0513978], [86.6474855, 28.0521742], [86.6478277, 28.052914], [86.6485834, 28.0540292], [86.6496121, 28.0543762], [86.6509684, 28.0542618], [86.6528177, 28.053443], [86.6540035, 28.0506959], [86.6536641, 28.0485894], [86.6524958, 28.0480081], [86.6518554, 28.0466184], [86.6517663, 28.0458491], [86.652689, 28.0447507], [86.6529894, 28.0442205], [86.6527533, 28.0435387], [86.6515517, 28.042819], [86.6512513, 28.0421183], [86.6520667, 28.0408305], [86.6509723, 28.0393911], [86.6500926, 28.0388229], [86.6488266, 28.0385389], [86.648097, 28.0385389], [86.6479468, 28.0391828], [86.6485047, 28.040054], [86.6483627, 28.0406062], [86.6476108, 28.0408906], [86.6469771, 28.0411561], [86.6465045, 28.0410044], [86.6457633, 28.0398952], [86.6452263, 28.0395254], [86.6448396, 28.039478], [86.6444529, 28.0398098], [86.6437547, 28.0395728], [86.6416859, 28.0380158], [86.6399238, 28.0374594], [86.6368857, 28.0362124], [86.634909, 28.0358885], [86.6329128, 28.0357679], [86.6316824, 28.0355332], [86.6304372, 28.0347806], [86.6291912, 28.0344014], [86.6281601, 28.0335955], [86.6276294, 28.0329362], [86.6276256, 28.0316328], [86.6273195, 28.0312062], [86.6277405, 28.0302557], [86.6276975, 28.0284922], [86.6284387, 28.025771], [86.6300928, 28.0220446], [86.6313398, 28.018539], [86.6315192, 28.0165302], [86.6319918, 28.0135148], [86.6316374, 28.0113906], [86.6312077, 28.0090957], [86.6301336, 28.0068197], [86.6291503, 28.0048118], [86.6285435, 28.0040104], [86.6280091, 28.0030834], [86.6272572, 28.0023484], [86.6266476, 28.0016466], [86.6255708, 28.0009021], [86.624212, 27.9999679], [86.62306, 27.9987397], [86.6220369, 27.9972768], [86.6208876, 27.9957309], [86.6209977, 27.9944813], [86.6207641, 27.9937368], [86.6204096, 27.9933147], [86.6192415, 27.9931369], [86.6184655, 27.9931606], [86.6179741, 27.9930871], [86.6170127, 27.9927267], [86.6166939, 27.9930801], [86.6165535, 27.9934499], [86.6168865, 27.9938316], [86.617002, 27.9942371], [86.6169348, 27.9948465], [86.6174477, 27.9956929], [86.6179418, 27.9962525], [86.6182016, 27.9966662], [86.6194401, 27.9985342], [86.6197496, 27.9989752], [86.6208585, 28.0001655], [86.6215516, 28.0011094], [86.6220756, 28.0016342], [86.6223643, 28.0022914], [86.6230326, 28.0030206], [86.6237885, 28.0049754], [86.6242479, 28.0060936], [86.6247473, 28.0072051], [86.6250528, 28.0086582], [86.6248848, 28.0095087], [86.6253709, 28.011384], [86.625387, 28.012484], [86.6257226, 28.0136006], [86.6258462, 28.0144303], [86.6259858, 28.0159239], [86.6259878, 28.0168577], [86.6255742, 28.0181188], [86.6255581, 28.018894], [86.6252708, 28.0198257], [86.6247364, 28.021037], [86.6240597, 28.0226466], [86.6233964, 28.0242016], [86.62276, 28.0252304], [86.6222471, 28.0262639], [86.6216241, 28.0281223], [86.6213207, 28.0292103], [86.6211488, 28.0316375], [86.6210817, 28.0330383], [86.6212321, 28.0342164], [86.6216966, 28.0352759], [86.6226633, 28.0374635], [86.6233723, 28.0394876], [86.623673, 28.0407983], [86.6239093, 28.0428626], [86.6237724, 28.0441614], [86.6237697, 28.0450099], [86.6234985, 28.0457896], [86.6231467, 28.0469154], [86.6225989, 28.0482686], [86.6229222, 28.0494898], [86.6227058, 28.0506092], [86.6221247, 28.0525263], [86.6217374, 28.0539037], [86.6215703, 28.0547818], [86.6207918, 28.0556431], [86.6193569, 28.0565423], [86.6167138, 28.0564484], [86.6159087, 28.0561535], [86.6163644, 28.0549336], [86.6171695, 28.0539416], [86.6171695, 28.0532579], [86.6168657, 28.0528423], [86.6171087, 28.0521854], [86.6170632, 28.0514481], [86.6163492, 28.051247], [86.6150276, 28.0519843], [86.6133111, 28.0544376], [86.6113819, 28.0574806], [86.6094072, 28.0601616], [86.6093768, 28.0609257], [86.6098781, 28.0616496], [86.6109262, 28.0621991], [86.6120807, 28.0621991], [86.612901, 28.0612474], [86.6140251, 28.0608855], [86.6149213, 28.0598399], [86.6159998, 28.059411], [86.6181265, 28.059411], [86.6197974, 28.0596791], [86.6199038, 28.060604], [86.6195848, 28.063057], [86.6203443, 28.0653224], [86.6225689, 28.0668275], [86.6231006, 28.0675111], [86.6225227, 28.0681978], [86.6225227, 28.0687205], [86.6226829, 28.0690455], [86.6229391, 28.069321], [86.6229711, 28.0694552], [86.6225308, 28.0702535], [86.6225067, 28.0707338], [86.6218663, 28.072189], [86.6215941, 28.0723798], [86.6210897, 28.0732486], [86.6206834, 28.0735693], [86.6202831, 28.0738802], [86.6203552, 28.074304], [86.6206274, 28.0745159], [86.6212919, 28.0744665], [86.6217702, 28.0739903], [86.6222986, 28.0728601], [86.6224187, 28.0723303], [86.6226508, 28.0721113], [86.6232273, 28.0720901], [86.6236836, 28.0711647], [86.6234674, 28.0691868]]]}, "properties": {"external_id": "osm:way/263549288", "name": "Lungsumna Glacier", "name_ne": "", "area_km2": 9.697}}, {"type": "Feature", "geometry": {"type": "Polygon", "coordinates": [[[86.565457, 27.9692887], [86.5662991, 27.969066], [86.5672964, 27.969395], [86.567665, 27.9698268], [86.5675605, 27.9703034], [86.5675185, 27.9704951], [86.5669423, 27.9715517], [86.5655648, 27.9733596], [86.5648184, 27.9748282], [86.5637208, 27.9762144], [86.5625463, 27.9777314], [86.5607591, 27.9801345], [86.5585858, 27.9832944], [86.5553698, 27.9872975], [86.5538112, 27.9899338], [86.5523185, 27.9931903], [86.5526807, 27.996001], [86.5523953, 27.9994705], [86.5515831, 28.0021647], [86.5480817, 28.0077951], [86.546556, 28.010053], [86.5423302, 28.013057], [86.5394655, 28.0149853], [86.5372263, 28.0157508], [86.5363217, 28.0162143], [86.53542, 28.0174567], [86.5342946, 28.0183885], [86.5328976, 28.018738], [86.5318498, 28.018553], [86.5312976, 28.019003], [86.5300628, 28.0196183], [86.5284712, 28.0196086], [86.5271212, 28.0193276], [86.5262431, 28.0193179], [86.5256504, 28.0195553], [86.5250412, 28.019439], [86.5242893, 28.0193373], [86.5239655, 28.0189836], [86.5239271, 28.0183005], [86.5244265, 28.0177481], [86.5257711, 28.0172394], [86.526523, 28.0172685], [86.5272135, 28.0171425], [86.52813, 28.0163674], [86.529052, 28.0152336], [86.5297983, 28.0139905], [86.5303361, 28.0136853], [86.5303307, 28.0133509], [86.5296337, 28.0121784], [86.5287373, 28.0111801], [86.5281761, 28.0108309], [86.5279161, 28.010269], [86.5281546, 28.0098898], [86.5282597, 28.009364], [86.5281417, 28.0091848], [86.5276615, 28.0092235], [86.5272746, 28.0096984], [86.5269014, 28.0099576], [86.5260504, 28.0100267], [86.5251928, 28.0099341], [86.5248358, 28.0093886], [86.5248632, 28.0081966], [86.5253132, 28.0071064], [86.5263066, 28.0058079], [86.5272725, 28.0051586], [86.5280957, 28.0051198], [86.5294737, 28.005873], [86.530145, 28.0062842], [86.530665, 28.0063733], [86.5312743, 28.0059107], [86.532, 28.0057702], [86.533406, 28.0057597], [86.5339493, 28.0056047], [86.534305, 28.0052988], [86.5344285, 28.005105], [86.5341696, 28.0047687], [86.5337816, 28.004361], [86.5336613, 28.0040595], [86.5338126, 28.0035524], [86.5345034, 28.0032886], [86.5356753, 28.0033434], [86.5362303, 28.003525], [86.5359664, 28.0039807], [86.5353067, 28.0044946], [86.5353882, 28.0047379], [86.5358422, 28.0055294], [86.5363273, 28.0058754], [86.5366338, 28.0060947], [86.536564, 28.0062043], [86.5363311, 28.0062112], [86.5361876, 28.0062146], [86.5362807, 28.0065846], [86.5370258, 28.0070883], [86.5378524, 28.0074378], [86.5383103, 28.0073041], [86.5388413, 28.006785], [86.5426746, 28.0031045], [86.5442307, 28.0006595], [86.5449606, 27.9992349], [86.544763, 27.9965455], [86.5458075, 27.9940311], [86.5471138, 27.991736], [86.5471688, 27.9910411], [86.5467078, 27.9907116], [86.5462248, 27.9906922], [86.5439418, 27.9911138], [86.5418563, 27.9921315], [86.5404844, 27.9925131], [86.5394142, 27.9925179], [86.5363011, 27.9923283], [86.5347589, 27.9924494], [86.5340631, 27.9928372], [86.5340412, 27.9930601], [86.5356885, 27.9941069], [86.5364158, 27.9949886], [86.5377352, 27.9954306], [86.5378671, 27.9957493], [86.5373754, 27.996517], [86.537251, 27.9971536], [86.5357332, 27.9985935], [86.5337685, 27.9991265], [86.5316592, 27.999113], [86.5300347, 27.9998883], [86.5291786, 27.9997333], [86.5289481, 27.9985994], [86.528857, 27.9965411], [86.5280777, 27.9949323], [86.5282918, 27.9941327], [86.5288296, 27.9936384], [86.52979, 27.9931926], [86.5311511, 27.9926935], [86.5321773, 27.9921119], [86.5321828, 27.9920053], [86.5305529, 27.9922089], [86.5270162, 27.992911], [86.5260563, 27.9933143], [86.5243166, 27.9941187], [86.52333, 27.9954702], [86.522484, 27.9962651], [86.5219718, 27.9962788], [86.5207518, 27.9962287], [86.5200339, 27.9957661], [86.5199679, 27.9948547], [86.5202201, 27.9943338], [86.5209419, 27.9930214], [86.5210072, 27.9926864], [86.5207239, 27.992491], [86.5199767, 27.9925467], [86.5195576, 27.9920396], [86.5201707, 27.9911966], [86.5215669, 27.9901034], [86.522017, 27.9894685], [86.5232024, 27.9891535], [86.5238115, 27.9882376], [86.5252062, 27.9880753], [86.5269789, 27.9881286], [86.5277682, 27.9881142], [86.5281767, 27.9877786], [86.5274549, 27.9875114], [86.5258173, 27.9867917], [86.5235588, 27.9853867], [86.5218591, 27.9846328], [86.5208423, 27.9846397], [86.5202602, 27.9844135], [86.5196859, 27.9836116], [86.5192668, 27.9819529], [86.5195771, 27.9811659], [86.5194373, 27.9803331], [86.5191657, 27.9801926], [86.5186729, 27.9803777], [86.5179899, 27.980316], [86.5178657, 27.9796717], [86.5187582, 27.9781912], [86.5197672, 27.9774167], [86.5207874, 27.9771076], [86.5218686, 27.9771948], [86.5223735, 27.977442], [86.5224119, 27.9778879], [86.5227631, 27.9781302], [86.5232077, 27.9781932], [86.5241791, 27.9778685], [86.5248212, 27.97798], [86.5255181, 27.9779848], [86.5261657, 27.9782175], [86.5270109, 27.9782611], [86.5271701, 27.9782029], [86.5275213, 27.9783386], [86.5277737, 27.9786634], [86.528125, 27.9787264], [86.528575, 27.9783241], [86.5286518, 27.9779751], [86.5292336, 27.977791], [86.5300184, 27.9781545], [86.5305013, 27.9786779], [86.53088, 27.9796278], [86.5307483, 27.9805632], [86.5309843, 27.9818895], [86.5318054, 27.9833688], [86.5333033, 27.9844586], [86.5347081, 27.9856169], [86.5362449, 27.9868917], [86.5375296, 27.9874377], [86.5384261, 27.9875028], [86.5386123, 27.9873315], [86.5388025, 27.9869785], [86.5395049, 27.9862486], [86.5425822, 27.985385], [86.5463609, 27.9850842], [86.5483695, 27.9841488], [86.5504879, 27.9829158], [86.5521728, 27.9810596], [86.5533143, 27.9794651], [86.5543076, 27.9789223], [86.5570128, 27.9770224], [86.5586098, 27.9763632], [86.559444, 27.9755732], [86.5606294, 27.974788], [86.5614087, 27.9737556], [86.5633131, 27.9717732], [86.5643064, 27.9702998], [86.5648333, 27.9700429], [86.5651845, 27.9697472], [86.565457, 27.9692887]]]}, "properties": {"external_id": "osm:way/284780866", "name": "Pangbug Glacier", "name_ne": "पाङबुक हिमनदी", "area_km2": 8.411}}, {"type": "Feature", "geometry": {"type": "Polygon", "coordinates": [[[86.5642833, 27.9488544], [86.5627587, 27.9453797], [86.5612404, 27.9423955], [86.5594944, 27.9398805], [86.558963, 27.9375668], [86.5579382, 27.935823], [86.555433, 27.9346158], [86.5520549, 27.9344314], [86.5499483, 27.9352697], [86.5488855, 27.9371811], [86.5499103, 27.9380195], [86.5525104, 27.9386734], [86.5553192, 27.9404841], [86.5578623, 27.9420098], [86.559912, 27.9452959], [86.5611568, 27.9492226], [86.5615694, 27.9498657], [86.5627819, 27.9510353], [86.5637759, 27.9519762], [86.5640312, 27.9520483], [86.5642929, 27.9519654], [86.564407, 27.9520276], [86.5644506, 27.9521906], [86.5645345, 27.9522854], [86.564615, 27.9521491], [86.5648398, 27.9520009], [86.5651384, 27.9518913], [86.5654705, 27.9519239], [86.5656685, 27.9518024], [86.5656922, 27.9515831], [86.5657862, 27.9515445], [86.5660579, 27.9516112], [86.5661082, 27.9515668], [86.566224, 27.951543], [86.5662726, 27.9515697], [86.5662743, 27.951669], [86.5662944, 27.9518587], [86.5664286, 27.9520883], [86.5666228, 27.9524562], [86.5667536, 27.9525392], [86.5667284, 27.9526207], [86.5666446, 27.9526073], [86.5666446, 27.9526562], [86.5666647, 27.9528163], [86.5667133, 27.9528726], [86.5667586, 27.9528726], [86.5668811, 27.952797], [86.5670304, 27.9527911], [86.5670388, 27.9528385], [86.5668912, 27.9528844], [86.5667016, 27.9529748], [86.5663711, 27.9529733], [86.5662671, 27.9529229], [86.5662285, 27.9529615], [86.566086, 27.9529481], [86.5658947, 27.9529066], [86.5656867, 27.9530059], [86.565477, 27.9529852], [86.5652013, 27.9530574], [86.565104, 27.9530974], [86.5650671, 27.9531685], [86.5649983, 27.9532085], [86.5649195, 27.9531759], [86.5649547, 27.9531344], [86.5649312, 27.9530499], [86.5647584, 27.9529684], [86.5646329, 27.9528381], [86.56444, 27.9526944], [86.5643746, 27.9527092], [86.5643731, 27.9528602], [86.5639908, 27.9531406], [86.5636989, 27.9530932], [86.5630481, 27.952951], [86.5626354, 27.9530606], [86.5620181, 27.953194], [86.5614578, 27.9532058], [86.560807, 27.9529777], [86.5603002, 27.9523158], [86.557145, 27.9517249], [86.5545013, 27.9509279], [86.5519184, 27.9505579], [86.5495967, 27.9504097], [86.5480803, 27.9506765], [86.5469463, 27.9512692], [86.5451125, 27.951713], [86.542911, 27.9515621], [86.5408278, 27.9516773], [86.5396944, 27.9509098], [86.5367326, 27.9480646], [86.5347611, 27.946711], [86.5344239, 27.9449817], [86.5339684, 27.944462], [86.5328866, 27.9439087], [86.5319756, 27.9447805], [86.5333041, 27.9469265], [86.5328676, 27.9483348], [86.5315581, 27.9487874], [86.5299829, 27.9481336], [86.5283128, 27.9465577], [86.5275537, 27.9452667], [86.5244792, 27.9430704], [86.5235113, 27.9431543], [86.5229229, 27.9440428], [86.5227901, 27.9465241], [86.5236821, 27.9474965], [86.5257317, 27.9485695], [86.526339, 27.949676], [86.5250673, 27.9519925], [86.5249535, 27.9523278], [86.5246641, 27.9527427], [86.5246641, 27.9530738], [86.5248349, 27.9531786], [86.5252097, 27.9532917], [86.5262108, 27.9533085], [86.52799, 27.9537821], [86.529067, 27.9541635], [86.5292922, 27.9545547], [86.5288415, 27.9551288], [86.5279447, 27.9555018], [86.5272852, 27.9554348], [86.5268867, 27.9555773], [86.5264359, 27.9560844], [86.5263505, 27.9564113], [86.5268108, 27.9566208], [86.5274876, 27.9567435], [86.5288968, 27.9570075], [86.5301019, 27.9569069], [86.5307472, 27.9566806], [86.5310129, 27.9563663], [86.5316107, 27.9560729], [86.5330872, 27.9565979], [86.5356196, 27.9573584], [86.5388001, 27.9574651], [86.5444652, 27.9570268], [86.5461319, 27.9557004], [86.5475947, 27.9548765], [86.5505068, 27.9537504], [86.5523319, 27.9533236], [86.5539825, 27.9533829], [86.5566195, 27.9536911], [86.5619002, 27.9546869], [86.5640186, 27.9549619], [86.565907, 27.9551086], [86.5678665, 27.9549661], [86.5692425, 27.954656], [86.5705852, 27.9542955], [86.5716005, 27.9538052], [86.5735031, 27.9532645], [86.5747794, 27.953319], [86.5756856, 27.9534322], [86.576051, 27.9533819], [86.5764163, 27.953143], [86.5768244, 27.9525562], [86.5774098, 27.9517149], [86.5783409, 27.9512697], [86.5791949, 27.9509009], [86.5796409, 27.9504985], [86.5802245, 27.9503518], [86.5810975, 27.9503267], [86.5818337, 27.9502903], [86.5822836, 27.950268], [86.5828008, 27.9500375], [86.583038, 27.9494843], [86.5828823, 27.9487369], [86.5826743, 27.948485], [86.582312, 27.9483516], [86.5813357, 27.9482509], [86.5807083, 27.948242], [86.5800042, 27.947916], [86.5777747, 27.947719], [86.5755353, 27.9481381], [86.5726506, 27.949253], [86.5701219, 27.9504761], [86.5687934, 27.9509503], [86.5672367, 27.9510926], [86.5663711, 27.9508851], [86.5654973, 27.9503446], [86.5647128, 27.9495894], [86.5642833, 27.9488544]]]}, "properties": {"external_id": "osm:way/286524274", "name": "Chhule Glacier", "name_ne": "छुले हिमनदी", "area_km2": 4.06}}, {"type": "Feature", "geometry": {"type": "Polygon", "coordinates": [[[86.5366688, 27.9399321], [86.5374229, 27.9397746], [86.5392465, 27.9399805], [86.5411661, 27.940889], [86.5423864, 27.9420761], [86.5425646, 27.9435054], [86.5434695, 27.9437113], [86.5455811, 27.9435902], [86.5467877, 27.9427907], [86.5470619, 27.940998], [86.5465271, 27.9398836], [86.5452383, 27.9390236], [86.543401, 27.9393264], [86.5410152, 27.9395324], [86.5379028, 27.9390115], [86.5352839, 27.9380667], [86.5338717, 27.9408769], [86.5338443, 27.9413614], [86.5342282, 27.9414947], [86.5350509, 27.9414341], [86.5358735, 27.9410707], [86.5363123, 27.940138], [86.5366688, 27.9399321]]]}, "properties": {"external_id": "osm:way/286524277", "name": "", "name_ne": "", "area_km2": 0.343}}, {"type": "Feature", "geometry": {"type": "Polygon", "coordinates": [[[86.5494858, 27.9237696], [86.5543941, 27.9254482], [86.5578198, 27.9260132], [86.5585967, 27.9261413], [86.5611744, 27.9258195], [86.5663671, 27.9268579], [86.5664978, 27.926884], [86.5702316, 27.9268111], [86.571569, 27.926785], [86.574567, 27.9274038], [86.5776489, 27.9287654], [86.5798343, 27.9317359], [86.5832245, 27.9351271], [86.5850074, 27.9371584], [86.5865329, 27.9380511], [86.5877415, 27.9382436], [86.5879396, 27.9377885], [86.5876424, 27.9366683], [86.584631, 27.9325901], [86.5816196, 27.9283541], [86.5780535, 27.9250983], [86.5748731, 27.9228474], [86.571539, 27.9218076], [86.5664117, 27.9219314], [86.5599396, 27.9229217], [86.5577822, 27.9229217], [86.5566335, 27.9223275], [86.5545228, 27.920457], [86.5520859, 27.9191266], [86.5505604, 27.918759], [86.5497482, 27.9196342], [86.5489161, 27.9223651], [86.5494858, 27.9237696]]]}, "properties": {"external_id": "osm:way/286524279", "name": "", "name_ne": "", "area_km2": 1.83}}, {"type": "Feature", "geometry": {"type": "Polygon", "coordinates": [[[86.529336, 27.9725471], [86.5284392, 27.9727098], [86.527843, 27.9730566], [86.5275182, 27.9736774], [86.5278284, 27.9743581], [86.5282405, 27.9748804], [86.5291324, 27.9752615], [86.5296511, 27.9752786], [86.530165, 27.9749661], [86.5308437, 27.9748804], [86.5314108, 27.9744138], [86.5317793, 27.9741013], [86.532104, 27.9740756], [86.5328457, 27.9743795], [86.5333935, 27.9742939], [86.5342419, 27.9743667], [86.5361131, 27.9743838], [86.5374413, 27.9746321], [86.5381781, 27.9745037], [86.5385999, 27.9742982], [86.5393077, 27.9746878], [86.5403142, 27.9742938], [86.540513, 27.9739171], [86.540413, 27.9733566], [86.5398234, 27.9724968], [86.5382535, 27.9720185], [86.5368275, 27.9716855], [86.5363139, 27.9716099], [86.535543, 27.9718801], [86.5344363, 27.9720474], [86.5341182, 27.9723025], [86.5338709, 27.9723154], [86.5326106, 27.9719729], [86.531738, 27.9720499], [86.529336, 27.9725471]]]}, "properties": {"external_id": "osm:way/286524281", "name": "", "name_ne": "", "area_km2": 0.328}}, {"type": "Feature", "geometry": {"type": "Polygon", "coordinates": [[[86.5211556, 27.9621101], [86.5206188, 27.9615115], [86.5210885, 27.9605039], [86.5216991, 27.9600239], [86.5223835, 27.9602906], [86.5229606, 27.9610729], [86.5232893, 27.9612507], [86.5235041, 27.9612092], [86.5237523, 27.9607529], [86.5243092, 27.9603558], [86.5251614, 27.9600417], [86.5260807, 27.9599883], [86.5265705, 27.9602847], [86.5267449, 27.9606462], [86.5267449, 27.9608358], [86.5263826, 27.9610314], [86.5251882, 27.9614759], [86.5245374, 27.9617248], [86.5238865, 27.9619382], [86.5238731, 27.9620389], [86.524222, 27.9622227], [86.524732, 27.9623471], [86.52598, 27.962359], [86.5269596, 27.9619086], [86.5278923, 27.9618967], [86.5289995, 27.9621397], [86.5302251, 27.9621629], [86.5312784, 27.9624227], [86.5319331, 27.9623725], [86.533347, 27.9624814], [86.5342096, 27.9628248], [86.5344608, 27.9631689], [86.534552, 27.9635743], [86.5341435, 27.9639761], [86.5339496, 27.964329], [86.5336674, 27.9646607], [86.5341366, 27.9648076], [86.5339001, 27.9653284], [86.5332392, 27.9653176], [86.5333742, 27.9654858], [86.5333641, 27.9656221], [86.53324, 27.9656784], [86.532777, 27.9655747], [86.5318712, 27.9651599], [86.529884, 27.9646943], [86.5284364, 27.9648741], [86.5278433, 27.9651256], [86.5279287, 27.9652261], [86.5283415, 27.9652681], [86.5297032, 27.9651298], [86.5308229, 27.9653016], [86.5324361, 27.9658296], [86.5334989, 27.9663576], [86.5344715, 27.9663995], [86.535188, 27.9661732], [86.5357905, 27.9659553], [86.5360562, 27.9661271], [86.5359518, 27.966257], [86.5346471, 27.9670323], [86.5333945, 27.9671035], [86.5320019, 27.9668332], [86.5310293, 27.9664895], [86.5294849, 27.9667529], [86.5287267, 27.9674937], [86.5274451, 27.9680863], [86.5259891, 27.9682167], [86.5242399, 27.9681825], [86.5239044, 27.9684433], [86.5242265, 27.9687929], [86.5246827, 27.9691189], [86.5244546, 27.9694152], [86.5237434, 27.9695633], [86.5221061, 27.9694804], [86.5204018, 27.9687218], [86.5181272, 27.9680191], [86.5158659, 27.9678413], [86.5143965, 27.9672427], [86.5137121, 27.966739], [86.5135041, 27.9659626], [86.5137725, 27.9652633], [86.5145844, 27.9649433], [86.515403, 27.9642025], [86.5163423, 27.9637462], [86.5172012, 27.9640188], [86.5179863, 27.964724], [86.518986, 27.9649552], [86.5203146, 27.9649552], [86.5207575, 27.9649492], [86.5208984, 27.96473], [86.5204668, 27.9640801], [86.5205143, 27.9634096], [86.5208796, 27.9627852], [86.5211556, 27.9621101]]]}, "properties": {"external_id": "osm:way/286524285", "name": "", "name_ne": "", "area_km2": 1.164}}, {"type": "Feature", "geometry": {"type": "Polygon", "coordinates": [[[86.5617911, 27.8777126], [86.5590933, 27.8779822], [86.5582018, 27.8791435], [86.5585068, 27.879807], [86.5598205, 27.8800766], [86.5608293, 27.8798278], [86.5618849, 27.8801181], [86.5630579, 27.8810305], [86.5649581, 27.8815282], [86.5658965, 27.8813208], [86.567046, 27.8799522], [86.5668818, 27.8779822], [86.5654039, 27.876655], [86.5639259, 27.876738], [86.5626356, 27.8775675], [86.5617911, 27.8777126]]]}, "properties": {"external_id": "osm:way/286575804", "name": "", "name_ne": "", "area_km2": 0.292}}, {"type": "Feature", "geometry": {"type": "Polygon", "coordinates": [[[86.5604069, 27.8874867], [86.5589758, 27.8866781], [86.5577325, 27.8870513], [86.5566064, 27.8885442], [86.5566768, 27.8903689], [86.557451, 27.89153], [86.5586943, 27.8918203], [86.5594216, 27.8915507], [86.5604303, 27.8915507], [86.5607588, 27.8910531], [86.5605007, 27.8904103], [86.560618, 27.889498], [86.5614391, 27.8897883], [86.5624948, 27.8896432], [86.5630109, 27.8890833], [86.5629405, 27.8883991], [86.5604069, 27.8874867]]]}, "properties": {"external_id": "osm:way/286575805", "name": "", "name_ne": "", "area_km2": 0.227}}, {"type": "Feature", "geometry": {"type": "Polygon", "coordinates": [[[86.5561711, 27.9075776], [86.5575097, 27.9075588], [86.5587883, 27.906346], [86.5590346, 27.9053198], [86.5583543, 27.904646], [86.5582018, 27.9038997], [86.5587062, 27.902946], [86.5606501, 27.9017022], [86.5636526, 27.9009986], [86.5657593, 27.8994006], [86.5672191, 27.8971136], [86.5670634, 27.8945115], [86.5653382, 27.8926935], [86.56285, 27.8921657], [86.5619874, 27.8931627], [86.5615892, 27.8942183], [86.5603617, 27.8949513], [86.5586697, 27.8943942], [86.5577573, 27.8944968], [86.5577076, 27.8951273], [86.5582882, 27.8961095], [86.5583877, 27.8967106], [86.5576744, 27.8973264], [86.556762, 27.8977515], [86.5562478, 27.8987924], [86.5569943, 27.8998333], [86.5588356, 27.9006689], [86.5589185, 27.9013726], [86.5583711, 27.9017098], [86.5567455, 27.9022815], [86.5543083, 27.9022931], [86.5561711, 27.9075776]]]}, "properties": {"external_id": "osm:way/286575806", "name": "", "name_ne": "", "area_km2": 0.951}}, {"type": "Feature", "geometry": {"type": "Polygon", "coordinates": [[[86.5752377, 27.8720963], [86.5781201, 27.8738301], [86.5802288, 27.8742119], [86.5801222, 27.8738204], [86.581694, 27.8730525], [86.57873, 27.8721089], [86.5774898, 27.8710594], [86.5775133, 27.8699188], [86.5758242, 27.868633], [86.5745339, 27.8674301], [86.5750266, 27.8659991], [86.5746512, 27.8640496], [86.5732906, 27.8629919], [86.5718845, 27.8626896], [86.5706176, 27.8652198], [86.5691162, 27.8663812], [86.5682482, 27.8663605], [86.5673802, 27.8654687], [86.5658554, 27.8637059], [86.565222, 27.86298], [86.5636736, 27.8625652], [86.5622661, 27.8628555], [86.5619611, 27.8641829], [86.5629464, 27.8660287], [86.5639317, 27.8679989], [86.5629229, 27.8689321], [86.5609054, 27.8692847], [86.5598263, 27.870135], [86.5599905, 27.8711511], [86.5615858, 27.8723539], [86.5628995, 27.8728309], [86.5637206, 27.8728309], [86.5646589, 27.8720843], [86.5659727, 27.8707364], [86.567216, 27.8707571], [86.5687878, 27.8719184], [86.5697193, 27.871705], [86.569935, 27.8711844], [86.5705653, 27.8707445], [86.5737598, 27.8711216], [86.5752377, 27.8720963]]]}, "properties": {"external_id": "osm:way/286575807", "name": "", "name_ne": "", "area_km2": 1.222}}, {"type": "Feature", "geometry": {"type": "Polygon", "coordinates": [[[86.5702401, 27.9005503], [86.5677519, 27.9022362], [86.5654793, 27.9034676], [86.5646333, 27.9046844], [86.5637209, 27.9063995], [86.5620289, 27.9078948], [86.5602871, 27.9096392], [86.5598392, 27.9113543], [86.56037, 27.9125416], [86.5613653, 27.9132892], [86.5623441, 27.9133918], [86.5638868, 27.9133478], [86.5657778, 27.9124097], [86.5668063, 27.9101962], [86.5679343, 27.9094633], [86.568714, 27.9085691], [86.5688799, 27.9076309], [86.5682329, 27.9069419], [86.5682993, 27.9059891], [86.568714, 27.9054027], [86.5696429, 27.9054467], [86.5712503, 27.9060563], [86.5715655, 27.9066133], [86.5712669, 27.9070678], [86.5699896, 27.9076835], [86.5698237, 27.9082112], [86.5702882, 27.9087536], [86.5711508, 27.9092666], [86.5712172, 27.9096624], [86.5705204, 27.9102048], [86.5704873, 27.9112895], [86.5713001, 27.9123157], [86.5727765, 27.9125355], [86.5734732, 27.9118759], [86.5738713, 27.9106446], [86.5728594, 27.9097064], [86.5726438, 27.9090028], [86.5736059, 27.9082112], [86.5753808, 27.9070678], [86.5769401, 27.906584], [86.577189, 27.9055579], [86.5761605, 27.9047809], [86.5744353, 27.9041945], [86.5738547, 27.9033003], [86.5733405, 27.9022594], [86.5716816, 27.9007934], [86.5702401, 27.9005503]]]}, "properties": {"external_id": "osm:way/286575808", "name": "", "name_ne": "", "area_km2": 1.17}}, {"type": "Feature", "geometry": {"type": "Polygon", "coordinates": [[[86.5924039, 27.917222], [86.5921563, 27.9176512], [86.5918154, 27.9176966], [86.5915507, 27.9173251], [86.5912225, 27.9167398], [86.5902032, 27.9159455], [86.589913, 27.9151324], [86.589276, 27.9150073], [86.5873372, 27.9164456], [86.5869401, 27.9175217], [86.5874993, 27.9187976], [86.5879877, 27.9194543], [86.5887593, 27.9190791], [86.589552, 27.9192729], [86.5897148, 27.919398], [86.5901183, 27.9191916], [86.5903873, 27.9193167], [86.5893114, 27.9202111], [86.5886814, 27.9201361], [86.5876338, 27.9210555], [86.5871312, 27.9215871], [86.5867657, 27.9216283], [86.587202, 27.921168], [86.5873349, 27.9202094], [86.5867576, 27.9197963], [86.585912, 27.9198466], [86.5852453, 27.9191605], [86.5852859, 27.9188012], [86.5848834, 27.9182768], [86.5836313, 27.919182], [86.5827409, 27.9194011], [86.5821718, 27.9191102], [86.5829082, 27.9189374], [86.5826556, 27.9181941], [86.5840012, 27.9180684], [86.5847505, 27.9174514], [86.5853964, 27.9162697], [86.5846026, 27.915513], [86.5834811, 27.9145873], [86.5815832, 27.9152298], [86.5819406, 27.9145764], [86.5834565, 27.9139012], [86.5837707, 27.9130156], [86.5830574, 27.9116963], [86.5817801, 27.9118429], [86.580322, 27.9133722], [86.5792664, 27.9138075], [86.576897, 27.9132271], [86.575988, 27.9133894], [86.5747802, 27.9145437], [86.5733077, 27.9141392], [86.571747, 27.9138773], [86.5706516, 27.9143368], [86.5691974, 27.9146527], [86.567854, 27.9152625], [86.5670037, 27.9159159], [86.5679033, 27.9169069], [86.5709104, 27.9178217], [86.5716622, 27.9173534], [86.5733999, 27.9180177], [86.5741394, 27.9175059], [86.5752659, 27.9175465], [86.5766042, 27.9192918], [86.5779475, 27.9195531], [86.579562, 27.9202392], [86.5808807, 27.920457], [86.5815585, 27.9210124], [86.5834688, 27.9209143], [86.5843315, 27.9216984], [86.5860569, 27.9225369], [86.5871414, 27.9227765], [86.5893597, 27.9224607], [86.5911714, 27.9216922], [86.5931654, 27.9200132], [86.5933519, 27.9182825], [86.5930063, 27.9171478], [86.5924039, 27.917222]]]}, "properties": {"external_id": "osm:way/286575809", "name": "", "name_ne": "", "area_km2": 1.356}}, {"type": "Feature", "geometry": {"type": "Polygon", "coordinates": [[[86.5918365, 27.8543717], [86.5914141, 27.8517926], [86.5892954, 27.8498837], [86.586565, 27.8488053], [86.5856735, 27.8489297], [86.5851809, 27.8498424], [86.5857439, 27.8511699], [86.5857439, 27.8525389], [86.5854858, 27.8535345], [86.5875594, 27.8546336], [86.5907968, 27.8549655], [86.5918365, 27.8543717]]]}, "properties": {"external_id": "osm:way/286581729", "name": "", "name_ne": "", "area_km2": 0.311}}, {"type": "Feature", "geometry": {"type": "Polygon", "coordinates": [[[86.5847133, 27.8572775], [86.5841252, 27.8560234], [86.5828584, 27.8554219], [86.5811693, 27.8545093], [86.5805124, 27.8550901], [86.5799963, 27.856459], [86.581264, 27.857509], [86.5830604, 27.8590369], [86.5842281, 27.8594844], [86.5847062, 27.8593764], [86.5857363, 27.8590787], [86.5860015, 27.8582723], [86.5847133, 27.8572775]]]}, "properties": {"external_id": "osm:way/286581731", "name": "", "name_ne": "", "area_km2": 0.166}}, {"type": "Feature", "geometry": {"type": "Polygon", "coordinates": [[[86.5827859, 27.8375594], [86.5840083, 27.8371779], [86.5853746, 27.8372203], [86.5854704, 27.8378349], [86.5841042, 27.839912], [86.5805089, 27.8412685], [86.578903, 27.8409717], [86.5778243, 27.8400392], [86.578088, 27.8388523], [86.5789988, 27.8378349], [86.5805089, 27.8376018], [86.5816114, 27.8379621], [86.5827859, 27.8375594]]]}, "properties": {"external_id": "osm:way/286581733", "name": "", "name_ne": "", "area_km2": 0.223}}, {"type": "Feature", "geometry": {"type": "Polygon", "coordinates": [[[86.5762834, 27.8202133], [86.5782409, 27.8211229], [86.5810609, 27.8219738], [86.5817244, 27.8232648], [86.5811272, 27.8242037], [86.578639, 27.8243504], [86.5751554, 27.8237049], [86.5719705, 27.8220031], [86.5688519, 27.8202426], [86.5643067, 27.8186288], [86.5599605, 27.8173084], [86.558932, 27.8161933], [86.5591311, 27.8150783], [86.5608895, 27.8146382], [86.5656669, 27.8146382], [86.5667286, 27.8140806], [86.5689846, 27.8137872], [86.5719041, 27.8153424], [86.5734303, 27.817191], [86.5762834, 27.8202133]]]}, "properties": {"external_id": "osm:way/286581734", "name": "", "name_ne": "", "area_km2": 1.072}}, {"type": "Feature", "geometry": {"type": "Polygon", "coordinates": [[[86.5905624, 27.8152474], [86.5923219, 27.8162641], [86.5977644, 27.8192104], [86.6013303, 27.8208287], [86.6024094, 27.8215134], [86.6022921, 27.8219906], [86.6013537, 27.8225508], [86.6001104, 27.822862], [86.5990078, 27.8223848], [86.5958642, 27.8205383], [86.5932837, 27.8198328], [86.5908674, 27.8197498], [86.5874377, 27.8192297], [86.5823948, 27.820198], [86.5794753, 27.8196405], [86.5773188, 27.8182027], [86.5768875, 27.8163248], [86.5783473, 27.8151217], [86.5844518, 27.8138892], [86.5877363, 27.814036], [86.5905624, 27.8152474]]]}, "properties": {"external_id": "osm:way/286581735", "name": "", "name_ne": "", "area_km2": 1.09}}, {"type": "Feature", "geometry": {"type": "Polygon", "coordinates": [[[86.560564, 27.8332781], [86.5617864, 27.8320699], [86.5610194, 27.8312645], [86.5562256, 27.8293568], [86.5560099, 27.8282333], [86.5560099, 27.8267072], [86.5562975, 27.8254989], [86.5549073, 27.8243118], [86.5533733, 27.8233791], [86.5515517, 27.8236123], [86.5492746, 27.8246722], [86.5471343, 27.824337], [86.5459818, 27.8233327], [86.5458632, 27.8223734], [86.5448293, 27.821609], [86.543609, 27.821549], [86.5440158, 27.8248916], [86.5443039, 27.8271849], [86.5456937, 27.8279043], [86.5470835, 27.8280242], [86.5496427, 27.8275296], [86.5507105, 27.8276795], [86.5521511, 27.8286987], [86.5528939, 27.8309889], [86.5547635, 27.8331297], [86.5556743, 27.8335536], [86.5588862, 27.833808], [86.560564, 27.8332781]]]}, "properties": {"external_id": "osm:way/286581737", "name": "", "name_ne": "", "area_km2": 0.911}}, {"type": "Feature", "geometry": {"type": "Polygon", "coordinates": [[[86.5472644, 27.8168218], [86.5453229, 27.8175849], [86.5449154, 27.8189628], [86.5455626, 27.820362], [86.5479595, 27.8222698], [86.5500687, 27.8232661], [86.5516267, 27.8231389], [86.5523218, 27.8228421], [86.5526094, 27.8220154], [86.5531847, 27.8216127], [86.5540476, 27.8214855], [86.5548816, 27.8221951], [86.5574239, 27.8225399], [86.5592374, 27.8230645], [86.5602373, 27.8230645], [86.5610509, 27.8225698], [86.5605594, 27.8217904], [86.5586442, 27.8203214], [86.5572544, 27.8199317], [86.5556951, 27.8195869], [86.5555595, 27.8191372], [86.5567629, 27.8188674], [86.5581696, 27.8191822], [86.5596272, 27.8188824], [86.5598645, 27.8181329], [86.5589323, 27.8173085], [86.5578815, 27.8169487], [86.5551867, 27.8173684], [86.550797, 27.8178181], [86.5493902, 27.8176233], [86.5472644, 27.8168218]]]}, "properties": {"external_id": "osm:way/286581738", "name": "", "name_ne": "", "area_km2": 0.749}}, {"type": "Feature", "geometry": {"type": "Polygon", "coordinates": [[[86.5699386, 27.8400676], [86.568476, 27.8411119], [86.5666783, 27.8411755], [86.56536, 27.8415358], [86.5649046, 27.8427863], [86.5638979, 27.8428074], [86.5634143, 27.8422088], [86.5631788, 27.8419173], [86.5632268, 27.8409424], [86.5639219, 27.8390984], [86.5638739, 27.8383566], [86.5633466, 27.8382294], [86.562268, 27.8388441], [86.5617407, 27.840582], [86.561525, 27.8416418], [86.5592959, 27.8420021], [86.556923, 27.8411755], [86.5555328, 27.8409424], [86.5542864, 27.8420868], [86.5544302, 27.8429558], [86.5549815, 27.8441215], [86.55769, 27.844948], [86.5584809, 27.8462196], [86.5585528, 27.8468343], [86.5597033, 27.8478091], [86.5607819, 27.8481482], [86.5607819, 27.8492926], [86.5597753, 27.8514543], [86.559967, 27.8520477], [86.5611253, 27.8518766], [86.5625829, 27.8508277], [86.5652947, 27.8506478], [86.5660743, 27.8497787], [86.5660065, 27.847381], [86.5661082, 27.8456426], [86.567498, 27.845163], [86.5699386, 27.8459723], [86.5723114, 27.8476807], [86.5739723, 27.8469913], [86.5746503, 27.8454028], [86.5742096, 27.8437543], [86.5733283, 27.8424355], [86.5720741, 27.8422257], [86.5723453, 27.8415663], [86.5730571, 27.840787], [86.5730232, 27.8390785], [86.571125, 27.8391684], [86.5699386, 27.8400676]]]}, "properties": {"external_id": "osm:way/286581739", "name": "", "name_ne": "", "area_km2": 1.386}}, {"type": "Feature", "geometry": {"type": "Polygon", "coordinates": [[[86.6076148, 27.7983108], [86.6071654, 27.7987083], [86.6067934, 27.7991643], [86.6063446, 27.7995468], [86.606034, 27.7997034], [86.6051213, 27.8000776], [86.6049082, 27.8005734], [86.6050982, 27.8010652], [86.605492, 27.8012455], [86.6070439, 27.8013521], [86.6093989, 27.8014802], [86.6098183, 27.801147], [86.6101819, 27.8004283], [86.6104685, 27.8000866], [86.6105959, 27.7997813], [86.6105634, 27.7996666], [86.6103851, 27.7996666], [86.610128, 27.7998243], [86.6098083, 27.7998633], [86.6097434, 27.7997895], [86.6098986, 27.7995395], [86.6102893, 27.79941], [86.6109356, 27.7993117], [86.6119061, 27.7991047], [86.6127346, 27.7987001], [86.613524, 27.7980626], [86.6139663, 27.7976221], [86.6139925, 27.7973787], [86.6139237, 27.797312], [86.6135371, 27.7973439], [86.613144, 27.7973091], [86.6128361, 27.7972396], [86.6125577, 27.7968947], [86.6120859, 27.7966571], [86.6114242, 27.7968745], [86.6108542, 27.7973729], [86.6100942, 27.7983581], [86.6096389, 27.7987841], [86.6091508, 27.7988942], [86.6090623, 27.7987783], [86.6090328, 27.7984842], [86.6089182, 27.7981944], [86.6087773, 27.7981133], [86.6081427, 27.7979718], [86.6078364, 27.7980805], [86.6076148, 27.7983108]]]}, "properties": {"external_id": "osm:way/286829783", "name": "", "name_ne": "", "area_km2": 0.206}}, {"type": "Feature", "geometry": {"type": "Polygon", "coordinates": [[[86.5747454, 27.8007461], [86.5768723, 27.8008798], [86.5780666, 27.8008457], [86.5794791, 27.8008116], [86.5802624, 27.8013341], [86.5802881, 27.8018339], [86.5792736, 27.8022542], [86.577463, 27.8021861], [86.5764559, 27.8030502], [86.5738824, 27.8039978], [86.5692783, 27.8034697], [86.5660814, 27.8028628], [86.5647245, 27.8003997], [86.565233, 27.798215], [86.5673396, 27.7959499], [86.568411, 27.7930903], [86.5683021, 27.7905841], [86.5687379, 27.789572], [86.5698275, 27.7893792], [86.5702997, 27.788849], [86.5705176, 27.7880136], [86.5700091, 27.7872907], [86.5696641, 27.7847843], [86.5697186, 27.782519], [86.5717538, 27.7823759], [86.5729609, 27.7817169], [86.5739625, 27.7801946], [86.5758886, 27.7795129], [86.5771727, 27.7790812], [86.5776779, 27.778094], [86.5800205, 27.7777565], [86.5819092, 27.7784474], [86.5825085, 27.7799738], [86.5832167, 27.7824642], [86.5850872, 27.7849866], [86.5839794, 27.7865129], [86.5821634, 27.7885372], [86.5824358, 27.7901438], [86.5833438, 27.7915896], [86.5846513, 27.7918467], [86.5853596, 27.7914772], [86.5851417, 27.790192], [86.5859044, 27.7887139], [86.5872301, 27.7875411], [86.5891369, 27.7869627], [86.5908984, 27.7879588], [86.5909892, 27.7886175], [86.5899754, 27.7903232], [86.5893032, 27.7915634], [86.5893054, 27.7923029], [86.5892912, 27.7939927], [86.5918714, 27.7951386], [86.5923057, 27.794732], [86.592834, 27.7936788], [86.5925943, 27.7935033], [86.5915222, 27.7938499], [86.590653, 27.7928961], [86.5906497, 27.7926583], [86.5918709, 27.7923423], [86.5926944, 27.7925369], [86.5933431, 27.7918733], [86.5929069, 27.7917513], [86.5922124, 27.7910402], [86.5928518, 27.7906413], [86.5941102, 27.7912093], [86.5952402, 27.7925271], [86.5955707, 27.7932985], [86.5964576, 27.7935019], [86.5969156, 27.7927837], [86.5963235, 27.7913551], [86.5976728, 27.7909771], [86.5989319, 27.7910252], [86.5984088, 27.7934084], [86.5978816, 27.7949023], [86.5969647, 27.7965534], [86.5969915, 27.7976802], [86.5978194, 27.798249], [86.597493, 27.7999999], [86.5966155, 27.7991573], [86.5964184, 27.7982422], [86.5953644, 27.7975894], [86.5949233, 27.8005169], [86.5940425, 27.8013121], [86.5934523, 27.8014807], [86.59308, 27.8013201], [86.5927168, 27.8010149], [86.5926987, 27.8004044], [86.593138, 27.7984222], [86.5931252, 27.7979792], [86.5928619, 27.7977974], [86.5922391, 27.7977463], [86.5914494, 27.7980814], [86.5912632, 27.7983313], [86.5907688, 27.7985131], [86.5899213, 27.798605], [86.5888169, 27.7982065], [86.5880542, 27.7976443], [86.5869101, 27.797821], [86.585766, 27.7981904], [86.583605, 27.7978531], [86.5806267, 27.7971141], [86.5788546, 27.7976337], [86.5773136, 27.7988605], [86.5751049, 27.7992921], [86.5743602, 27.8000191], [86.5747454, 27.8007461]]]}, "properties": {"external_id": "osm:way/286898602", "name": "", "name_ne": "", "area_km2": 4.799}}, {"type": "Feature", "geometry": {"type": "Polygon", "coordinates": [[[86.5187019, 27.7766588], [86.517393, 27.7784179], [86.5173267, 27.7796346], [86.5180391, 27.7807633], [86.5186025, 27.781335], [86.5186025, 27.7819214], [86.5189504, 27.7824344], [86.5198451, 27.7826983], [86.5204416, 27.7822585], [86.5207895, 27.7813937], [86.5206735, 27.7807487], [86.5209883, 27.7800597], [86.52127, 27.7794294], [86.52127, 27.7784472], [86.5216676, 27.777553], [86.521999, 27.7757792], [86.5216179, 27.7739615], [86.521038, 27.773551], [86.5201599, 27.7739321], [86.5202593, 27.7749583], [86.5199114, 27.7757499], [86.5187019, 27.7766588]]]}, "properties": {"external_id": "osm:way/286986390", "name": "", "name_ne": "", "area_km2": 0.263}}, {"type": "Feature", "geometry": {"type": "Polygon", "coordinates": [[[86.507654, 27.7732458], [86.5062481, 27.7743861], [86.5054983, 27.7757336], [86.5050766, 27.7766873], [86.5044439, 27.7770605], [86.5033426, 27.7770397], [86.5021476, 27.7778275], [86.5023117, 27.7788433], [86.502546, 27.7795482], [86.5022179, 27.7807713], [86.5021476, 27.7819322], [86.5030615, 27.7829687], [86.5049828, 27.7842747], [86.5060607, 27.7841711], [86.5073963, 27.7839638], [86.508849, 27.784482], [86.5112625, 27.7858917], [86.5116374, 27.7865965], [86.5113327, 27.7869489], [86.5117076, 27.7875915], [86.5127855, 27.7879439], [86.5129964, 27.7884207], [86.5125512, 27.7888974], [86.5126215, 27.789312], [86.513301, 27.7898302], [86.5140742, 27.7899753], [86.5154567, 27.7895193], [86.5158784, 27.788089], [86.5160425, 27.7858917], [86.5154801, 27.7813103], [86.5140742, 27.7794031], [86.5127621, 27.7789263], [86.5121294, 27.7793616], [86.5120123, 27.780253], [86.5116608, 27.7805433], [86.5107704, 27.7802116], [86.5102549, 27.7794238], [86.5100206, 27.7769361], [86.5093879, 27.7743861], [86.5089427, 27.7739093], [86.507654, 27.7732458]]]}, "properties": {"external_id": "osm:way/286986391", "name": "", "name_ne": "", "area_km2": 1.258}}, {"type": "Feature", "geometry": {"type": "Polygon", "coordinates": [[[86.5154623, 27.8227711], [86.5097367, 27.8169763], [86.5043353, 27.8143093], [86.5017506, 27.8132248], [86.5013861, 27.8115249], [86.5025791, 27.8097664], [86.5039377, 27.8098543], [86.5055283, 27.8107629], [86.5070526, 27.8107336], [86.5078147, 27.8100008], [86.5080467, 27.8075388], [86.5098029, 27.806894], [86.5114929, 27.8069233], [86.5120231, 27.8081836], [86.5118906, 27.8091215], [86.5137462, 27.8102939], [86.5160327, 27.8119646], [86.5160658, 27.8141041], [86.5158007, 27.8175332], [86.5163901, 27.8195767], [86.5185109, 27.8201335], [86.5205323, 27.8191957], [86.5218246, 27.8200456], [86.5232826, 27.8205438], [86.5255359, 27.8198112], [86.5269608, 27.8187268], [86.5285514, 27.8195767], [86.5290485, 27.8211886], [86.5294598, 27.8229307], [86.5310173, 27.824689], [86.5322102, 27.8233996], [86.5311608, 27.8210277], [86.5314259, 27.8168954], [86.5323912, 27.8154332], [86.533633, 27.8150809], [86.5349921, 27.8153296], [86.5350858, 27.8166974], [86.5350138, 27.8198204], [86.5361372, 27.8226137], [86.5369656, 27.8233171], [86.538026, 27.8231119], [86.5389538, 27.8226137], [86.5400805, 27.8229947], [86.5401467, 27.8239618], [86.5389173, 27.8267982], [86.5359085, 27.8289431], [86.5343493, 27.8297952], [86.5321633, 27.830219], [86.5258838, 27.8314542], [86.5211191, 27.8324055], [86.5111814, 27.838118], [86.5075378, 27.8404583], [86.5026119, 27.8426635], [86.497413, 27.8442942], [86.4946985, 27.8459008], [86.4921683, 27.8477465], [86.4901397, 27.8495271], [86.4898778, 27.8496679], [86.489619, 27.8496074], [86.4893145, 27.8493313], [86.4888568, 27.849166], [86.488446, 27.8491048], [86.4881378, 27.8493437], [86.4879219, 27.849659], [86.4877169, 27.8497471], [86.4875259, 27.8496627], [86.487395, 27.84945], [86.4875694, 27.8490901], [86.4888336, 27.8475738], [86.4906614, 27.8454697], [86.4939035, 27.8423781], [86.497442, 27.8401502], [86.5029952, 27.8370422], [86.5137282, 27.8300207], [86.5162625, 27.8275629], [86.5169181, 27.8259868], [86.5164362, 27.8243464], [86.5154623, 27.8227711]]]}, "properties": {"external_id": "osm:way/286986676", "name": "Trakarding Glacier", "name_ne": "", "area_km2": 5.617}}, {"type": "Feature", "geometry": {"type": "Polygon", "coordinates": [[[86.4979018, 27.7818567], [86.4970734, 27.7823111], [86.4968415, 27.784422], [86.4983326, 27.7862542], [86.4993433, 27.7884382], [86.5010664, 27.7901532], [86.5020771, 27.7901092], [86.5027233, 27.7888047], [86.5030215, 27.7869871], [86.5015635, 27.7840408], [86.4997741, 27.7823551], [86.4979018, 27.7818567]]]}, "properties": {"external_id": "osm:way/286986678", "name": "", "name_ne": "", "area_km2": 0.328}}, {"type": "Feature", "geometry": {"type": "Polygon", "coordinates": [[[86.4622188, 27.954117], [86.46016, 27.9532597], [86.4599025, 27.9534208], [86.4596665, 27.953544], [86.4594841, 27.9536103], [86.4592051, 27.9535819], [86.459173, 27.9534492], [86.4590281, 27.9534303], [86.4590067, 27.9535061], [86.4590067, 27.9536103], [86.4590388, 27.9537951], [86.4590442, 27.9539183], [86.4590228, 27.9540605], [86.4589798, 27.9542026], [86.4590442, 27.9543448], [86.4589959, 27.9545059], [86.4589798, 27.9547002], [86.4590335, 27.9549039], [86.4590549, 27.955084], [86.4590549, 27.9552404], [86.4590496, 27.955392], [86.4590496, 27.9555389], [86.4589906, 27.9556953], [86.4589047, 27.9557758], [86.4587492, 27.9558611], [86.4585829, 27.9559653], [86.458438, 27.9560364], [86.4582932, 27.9561028], [86.4581323, 27.9561407], [86.458025, 27.9560506], [86.4577836, 27.956008], [86.4577085, 27.9561217], [86.4575154, 27.9562639], [86.4573973, 27.956425], [86.4572632, 27.9564913], [86.4570969, 27.9565197], [86.4568502, 27.9564202], [86.4567107, 27.9562402], [86.4566195, 27.9561312], [86.4564103, 27.9559417], [86.4560401, 27.9556953], [86.4558738, 27.9555436], [86.4557719, 27.9555057], [86.4555895, 27.9554725], [86.4553857, 27.9553825], [86.4552355, 27.955302], [86.4550853, 27.9552261], [86.4549458, 27.9551456], [86.4548439, 27.955084], [86.4546937, 27.9550082], [86.4545703, 27.9549561], [86.454404, 27.9548802], [86.4542377, 27.9547191], [86.4540982, 27.9546244], [86.454007, 27.9545675], [86.4539051, 27.9544869], [86.45383, 27.9544301], [86.4537495, 27.9543543], [86.4535135, 27.9542168], [86.4532399, 27.9541031], [86.4531112, 27.9540178], [86.452961, 27.9539373], [86.4527678, 27.9538425], [86.4526176, 27.9537667], [86.4523816, 27.9536956], [86.4522314, 27.9536293], [86.4521456, 27.9535724], [86.4519632, 27.9534682], [86.4517647, 27.9533734], [86.4518445, 27.9537184], [86.4533583, 27.9548312], [86.4553121, 27.9563496], [86.4580781, 27.9591319], [86.4591125, 27.9615751], [86.4593753, 27.9647763], [86.460084, 27.9659522], [86.46113, 27.9666339], [86.4613101, 27.9673106], [86.4609223, 27.9681572], [86.4602629, 27.9686857], [86.4589498, 27.9693169], [86.4566227, 27.9709416], [86.4558692, 27.9716462], [86.4552597, 27.9721698], [86.4549772, 27.9721918], [86.4548359, 27.9721062], [86.4547361, 27.9718615], [86.4544674, 27.9717588], [86.4541932, 27.9718737], [86.4538302, 27.9720499], [86.4533343, 27.9717783], [86.4523805, 27.971358], [86.4511267, 27.97096], [86.4501042, 27.9711434], [86.4489876, 27.9715621], [86.4482589, 27.97205], [86.44811, 27.9724548], [86.4482902, 27.9728285], [86.4489288, 27.9732057], [86.4490503, 27.9734479], [86.448668, 27.973751], [86.4469544, 27.9735012], [86.4455071, 27.9719938], [86.4448372, 27.9711495], [86.4443643, 27.9704031], [86.4445641, 27.9701851], [86.4435308, 27.9688476], [86.4413564, 27.9693112], [86.4401654, 27.969806], [86.4396365, 27.9702836], [86.4394249, 27.9706019], [86.4390205, 27.9709822], [86.4383608, 27.9709207], [86.4381032, 27.9710895], [86.4379979, 27.9714174], [86.4384024, 27.9718847], [86.4388235, 27.971985], [86.4393776, 27.9718358], [86.4399178, 27.9718823], [86.4405882, 27.972122], [86.4410619, 27.9723594], [86.4420094, 27.9725478], [86.442713, 27.9728267], [86.4428682, 27.9729686], [86.4428322, 27.9731032], [86.4425773, 27.9731766], [86.4413944, 27.9732891], [86.440374, 27.9735644], [86.4392995, 27.9736446], [86.4388978, 27.9738794], [86.4385515, 27.9742954], [86.4384795, 27.974633], [86.4386457, 27.9749193], [86.4391665, 27.9754453], [86.4395294, 27.9760349], [86.4399505, 27.9764655], [86.4409201, 27.9770013], [86.4420626, 27.9775337], [86.4436062, 27.9779039], [86.4458237, 27.9781669], [86.4470814, 27.978544], [86.4480431, 27.9787947], [86.4482171, 27.9790052], [86.4485207, 27.9796848], [86.4484459, 27.9798903], [86.4480141, 27.9803117], [86.4469132, 27.9810487], [86.4457988, 27.9827059], [86.4451007, 27.9830386], [86.4449123, 27.9835719], [86.4444469, 27.9837823], [86.4433388, 27.9842129], [86.443167, 27.9849761], [86.4439759, 27.9860085], [86.444807, 27.986806], [86.4461202, 27.9873589], [86.4477214, 27.9871534], [86.4515112, 27.9859498], [86.4523091, 27.9857198], [86.4527911, 27.9857296], [86.4531347, 27.9859009], [86.4543979, 27.9872806], [86.4556335, 27.9883864], [86.457401, 27.9889441], [86.4585029, 27.9889821], [86.458879, 27.9886603], [86.4590631, 27.9880272], [86.4589143, 27.9871831], [86.4587536, 27.9864427], [86.4587301, 27.9861832], [86.4593531, 27.9860033], [86.4605872, 27.9861348], [86.4605088, 27.9866434], [86.4610652, 27.9871139], [86.461453, 27.98719], [86.461547, 27.9876017], [86.4613359, 27.9882455], [86.4609128, 27.9890619], [86.4607852, 27.9897232], [86.4610678, 27.9911127], [86.4616811, 27.99193], [86.4621745, 27.9919872], [86.4629006, 27.9917409], [86.4633992, 27.9913642], [86.4636337, 27.9905713], [86.4631111, 27.9895316], [86.4627824, 27.9878213], [86.4628378, 27.9869651], [86.4630041, 27.9863633], [86.4630518, 27.9856815], [86.4630518, 27.9851141], [86.4633652, 27.9845917], [86.4635438, 27.9833486], [86.4638264, 27.9814844], [86.4637074, 27.9796835], [86.4633861, 27.9793272], [86.4627788, 27.979514], [86.4629003, 27.9801645], [86.4625555, 27.9802371], [86.4617365, 27.9806468], [86.4613486, 27.9804842], [86.4611331, 27.9796296], [86.460804, 27.9791695], [86.4607844, 27.9787854], [86.4604123, 27.9783564], [86.46033, 27.978346], [86.4598207, 27.9785882], [86.4588777, 27.9789259], [86.4586782, 27.9792684], [86.4587391, 27.9794861], [86.4591187, 27.9802201], [86.4596151, 27.9809876], [86.4599834, 27.9818422], [86.4604927, 27.9822781], [86.4605671, 27.9824788], [86.4615975, 27.98306], [86.462052, 27.9836897], [86.461958, 27.9838973], [86.4615309, 27.9842606], [86.4607787, 27.9846446], [86.4604731, 27.9847622], [86.4591175, 27.9851047], [86.4587649, 27.9854438], [86.4582905, 27.9854398], [86.4569271, 27.984907], [86.4559476, 27.9838621], [86.4556601, 27.9818173], [86.4550646, 27.9808278], [86.4551664, 27.9797898], [86.4568198, 27.9777761], [86.4572736, 27.9763554], [86.4584483, 27.9752006], [86.4602656, 27.9715796], [86.4620608, 27.9703856], [86.4633684, 27.9695537], [86.4642438, 27.9679682], [86.4637895, 27.9659422], [86.4639889, 27.9624383], [86.4640443, 27.9623307], [86.4653076, 27.9614498], [86.4662052, 27.9613323], [86.4712915, 27.9626047], [86.4762005, 27.9637596], [86.479669, 27.9657563], [86.4814309, 27.9668035], [86.4835447, 27.9692061], [86.4849864, 27.97104], [86.490208, 27.9738778], [86.4929544, 27.976], [86.4943649, 27.9778754], [86.4952098, 27.9811685], [86.4951549, 27.9832305], [86.4945594, 27.9852856], [86.4945281, 27.9874237], [86.494912, 27.9891259], [86.494724, 27.9898316], [86.4951314, 27.9918312], [86.495549, 27.9927396], [86.4956663, 27.9929946], [86.4958758, 27.9934503], [86.4982187, 27.9948479], [86.4999033, 27.9952492], [86.5026615, 27.9949655], [86.5046439, 27.9952077], [86.5068379, 27.9950831], [86.5081543, 27.9944812], [86.5088909, 27.994668], [86.5092435, 27.9955259], [86.5103796, 27.9961348], [86.5115472, 27.9963977], [86.5115628, 27.9967298], [86.5120095, 27.9974562], [86.5128792, 27.9979198], [86.5134121, 27.9979267], [86.5142897, 27.9972556], [86.5143758, 27.9967575], [86.5142035, 27.9964323], [86.5144855, 27.9957542], [86.5149165, 27.9941491], [86.5150048, 27.9917852], [86.5150048, 27.991203], [86.513736, 27.9904887], [86.5127442, 27.9902196], [86.5118577, 27.989794], [86.5113964, 27.9894642], [86.51122, 27.9890543], [86.5114527, 27.9887461], [86.5126218, 27.9883743], [86.5130928, 27.9877504], [86.5124944, 27.9869186], [86.5120733, 27.9867131], [86.5101618, 27.9872513], [86.5087878, 27.9870088], [86.5084508, 27.987116], [86.5078984, 27.98686], [86.5074557, 27.9866559], [86.506727, 27.9867977], [86.5060845, 27.9867735], [86.5056535, 27.9867735], [86.5053832, 27.9871125], [86.5053087, 27.9875588], [86.5049875, 27.9880086], [86.5054637, 27.9887327], [86.5065411, 27.9892135], [86.5073795, 27.9894661], [86.5080769, 27.9896806], [86.5080573, 27.9898709], [86.5075666, 27.9900986], [86.5062502, 27.989725], [86.5044715, 27.988521], [86.5039386, 27.9878153], [86.5030767, 27.9876146], [86.5025439, 27.9871925], [86.502395, 27.9863691], [86.5029278, 27.9835944], [86.5026849, 27.9823627], [86.5028652, 27.982086], [86.5035243, 27.9820969], [86.5038179, 27.982229], [86.5040894, 27.9822902], [86.5046712, 27.9822608], [86.5063369, 27.9827559], [86.5076636, 27.9832775], [86.5085501, 27.9836347], [86.5091318, 27.9837276], [86.5094089, 27.983845], [86.5094421, 27.9839258], [86.5093091, 27.984009], [86.508888, 27.9841166], [86.5087994, 27.9842242], [86.5087606, 27.9844762], [86.5088243, 27.9845985], [86.5089933, 27.9846866], [86.5093867, 27.9846866], [86.5097635, 27.9843025], [86.5104367, 27.9835624], [86.5113484, 27.9829807], [86.5120078, 27.981919], [86.5120466, 27.9814737], [86.512922, 27.9809502], [86.5131602, 27.9802015], [86.5131769, 27.979174], [86.5135425, 27.9782198], [86.513537, 27.9778529], [86.5133154, 27.9775886], [86.5135148, 27.9774369], [86.5142351, 27.9770993], [86.5147807, 27.9765541], [86.516731, 27.9758397], [86.5181494, 27.9744794], [86.5186259, 27.9732854], [86.5182824, 27.9714651], [86.5170745, 27.970134], [86.5154798, 27.9694196], [86.5145933, 27.9694147], [86.5141556, 27.9692385], [86.5134851, 27.9687492], [86.5128701, 27.9685045], [86.5123936, 27.9683773], [86.5119947, 27.9686024], [86.5117177, 27.9693805], [86.5113132, 27.9698796], [86.5108589, 27.9706821], [86.5098394, 27.9713917], [86.5080442, 27.9721061], [86.5068761, 27.973426], [86.5065588, 27.9741769], [86.5061709, 27.9742703], [86.5057321, 27.9744848], [86.5051092, 27.9751665], [86.5049603, 27.9758689], [86.5049211, 27.9762771], [86.5046586, 27.9765505], [86.5042276, 27.9767235], [86.5038163, 27.9767235], [86.5032136, 27.9762495], [86.5023948, 27.9752218], [86.5016974, 27.9744883], [86.5001028, 27.9736129], [86.4994407, 27.9732738], [86.4985239, 27.9730005], [86.4986258, 27.9729243], [86.4998744, 27.9732911], [86.5012926, 27.9739693], [86.5023739, 27.9745506], [86.5028754, 27.9746129], [86.504245, 27.9739132], [86.5051925, 27.9735119], [86.5061288, 27.9731449], [86.506489, 27.9726164], [86.5064724, 27.9722592], [86.5061676, 27.9720831], [86.5061122, 27.9718041], [86.5066164, 27.9712071], [86.507326, 27.9707267], [86.5077637, 27.9705799], [86.5084147, 27.970602], [86.5086447, 27.9704796], [86.5094935, 27.969761], [86.5101806, 27.9693034], [86.5104216, 27.9688752], [86.5104354, 27.9685792], [86.5100531, 27.9683223], [86.5097445, 27.968097], [86.5097719, 27.9676852], [86.5097014, 27.9672804], [86.5096896, 27.9671074], [86.5098649, 27.9669546], [86.5105409, 27.9668127], [86.5111407, 27.9666486], [86.511697, 27.9663372], [86.5121906, 27.9655275], [86.512394, 27.9647647], [86.5123275, 27.9641152], [86.5121308, 27.9636454], [86.5121918, 27.9632441], [86.5122721, 27.9629628], [86.5121419, 27.9624489], [86.5118427, 27.9621993], [86.5113136, 27.9621308], [86.5109728, 27.962192], [86.5107789, 27.9621553], [86.5105448, 27.9616141], [86.5107055, 27.9613096], [86.5113793, 27.9611262], [86.5119239, 27.9609116], [86.5124136, 27.9603856], [86.5132756, 27.9599392], [86.513781, 27.9596313], [86.5141884, 27.9590257], [86.5155401, 27.9583335], [86.5165946, 27.9574901], [86.5169105, 27.9570643], [86.5173872, 27.9567031], [86.5177986, 27.956274], [86.5178378, 27.9560179], [86.5177398, 27.955485], [86.5172344, 27.9545817], [86.5167447, 27.9544641], [86.5161296, 27.9544295], [86.5155576, 27.954554], [86.5153656, 27.9548101], [86.5147936, 27.9553465], [86.5141668, 27.9553708], [86.512584, 27.9555611], [86.5116672, 27.9554677], [86.5111265, 27.955305], [86.5109071, 27.9552046], [86.5107661, 27.9549105], [86.5101275, 27.9548897], [86.5096299, 27.9550731], [86.5096691, 27.9554088], [86.5097004, 27.9556718], [86.509293, 27.9560075], [86.5088934, 27.9565093], [86.5083605, 27.9568277], [86.5075652, 27.9568346], [86.5064667, 27.9569175], [86.5057968, 27.9568725], [86.5050093, 27.9572047], [86.5036929, 27.9572497], [86.5032972, 27.9572774], [86.5028662, 27.9575162], [86.5025058, 27.9575404], [86.5021453, 27.9572774], [86.5015224, 27.9572462], [86.5009073, 27.9573466], [86.5005625, 27.9572947], [86.5002373, 27.9570905], [86.4999866, 27.9567444], [86.4996379, 27.9566856], [86.4989758, 27.9567375], [86.4983024, 27.9571811], [86.4977982, 27.9578907], [86.4975433, 27.9583997], [86.4977428, 27.95885], [86.4976874, 27.9591583], [86.4972164, 27.9594519], [86.496677, 27.9595181], [86.496293, 27.959878], [86.4960344, 27.9606186], [86.4954671, 27.9617834], [86.4952163, 27.9624132], [86.4954671, 27.9631814], [86.495138, 27.9640188], [86.4943622, 27.966005], [86.4943309, 27.9666833], [86.4944372, 27.9672612], [86.4940219, 27.9673857], [86.4932854, 27.967358], [86.490455, 27.966137], [86.4886555, 27.9649809], [86.4865361, 27.9637986], [86.4823121, 27.9621766], [86.4780869, 27.9614064], [86.4741973, 27.9594391], [86.4663743, 27.9572982], [86.4654822, 27.957122], [86.4648229, 27.9563928], [86.4639031, 27.9561187], [86.4634377, 27.9557516], [86.4636206, 27.955365], [86.4637868, 27.9550567], [86.4637092, 27.9547532], [86.4631884, 27.9543372], [86.4622188, 27.954117]]]}, "properties": {"external_id": "osm:way/287035554", "name": "Drogpa Nagtsang Glacier", "name_ne": "", "area_km2": 13.075}}, {"type": "Feature", "geometry": {"type": "Polygon", "coordinates": [[[86.4802192, 27.9515677], [86.4812535, 27.9512666], [86.482472, 27.9516992], [86.4832422, 27.9528548], [86.4834361, 27.953677], [86.4842783, 27.9543867], [86.4845941, 27.955155], [86.4841453, 27.9558745], [86.4841453, 27.9567212], [86.483702, 27.9574112], [86.4833249, 27.958036], [86.48251, 27.9585205], [86.4819928, 27.9584582], [86.4814051, 27.9580464], [86.4808018, 27.9580671], [86.4803747, 27.9584305], [86.4799399, 27.9585654], [86.4797753, 27.9584685], [86.4797165, 27.9582782], [86.4798968, 27.9578975], [86.4798968, 27.9574027], [86.48003, 27.9569182], [86.4802141, 27.9565964], [86.4801632, 27.9561257], [86.4797479, 27.9558523], [86.4791445, 27.9556931], [86.478835, 27.9560046], [86.4782056, 27.9571087], [86.4775426, 27.9575039], [86.4766101, 27.9575074], [86.476281, 27.9572652], [86.476281, 27.9564485], [86.4764509, 27.955482], [86.477066, 27.9545476], [86.4770816, 27.9541634], [86.4769132, 27.9539039], [86.4761766, 27.9537862], [86.4758279, 27.9535924], [86.4756869, 27.9532498], [86.4759376, 27.9530802], [86.4767525, 27.9529522], [86.4771012, 27.9526061], [86.4777124, 27.9516717], [86.4779538, 27.9516123], [86.4790038, 27.9519653], [86.4799206, 27.9518476], [86.4802192, 27.9515677]]]}, "properties": {"external_id": "osm:way/287036029", "name": "", "name_ne": "", "area_km2": 0.458}}, {"type": "Feature", "geometry": {"type": "Polygon", "coordinates": [[[86.4855804, 27.9546034], [86.4850868, 27.9549356], [86.4850319, 27.9555309], [86.4854629, 27.956223], [86.4858782, 27.9571781], [86.4854707, 27.9584309], [86.4848047, 27.9597459], [86.4848746, 27.960196], [86.4844314, 27.9611845], [86.4845422, 27.9615516], [86.4849307, 27.9622326], [86.4855968, 27.9625198], [86.4864234, 27.9625579], [86.486635, 27.9622707], [86.4872227, 27.9619177], [86.4879083, 27.962108], [86.4888956, 27.9620803], [86.4893422, 27.9616582], [86.4895499, 27.961326], [86.4898202, 27.9610803], [86.4903334, 27.961108], [86.4913364, 27.9612395], [86.4926802, 27.9607273], [86.4940422, 27.9601627], [86.4947126, 27.9598397], [86.4950672, 27.9593748], [86.4954717, 27.9585086], [86.4958651, 27.9579458], [86.4960036, 27.9571236], [86.4957875, 27.9564531], [86.4954717, 27.9562231], [86.4949121, 27.9561986], [86.4943912, 27.9567027], [86.4938815, 27.9571383], [86.4935047, 27.9571578], [86.4930338, 27.9569816], [86.4925296, 27.95706], [86.4915156, 27.957334], [86.4911832, 27.9573389], [86.4909837, 27.9572166], [86.4909394, 27.9568495], [86.4914159, 27.9557777], [86.4918038, 27.9552247], [86.4925166, 27.9543534], [86.4925401, 27.9536197], [86.4920778, 27.9529345], [86.4899778, 27.9523911], [86.488873, 27.9524707], [86.4884146, 27.9527857], [86.4876232, 27.9530245], [86.4872001, 27.9535297], [86.4869258, 27.9536716], [86.4862715, 27.9537899], [86.4855804, 27.9546034]]]}, "properties": {"external_id": "osm:way/287036030", "name": "", "name_ne": "", "area_km2": 0.779}}, {"type": "Feature", "geometry": {"type": "Polygon", "coordinates": [[[86.4787377, 27.9886905], [86.4789021, 27.9886182], [86.4790588, 27.988466], [86.4793253, 27.9879713], [86.4800109, 27.9877499], [86.4807827, 27.9874281], [86.481147, 27.98757], [86.4812176, 27.9882238], [86.4809404, 27.9889949], [86.4801592, 27.9893471], [86.4792505, 27.9892395], [86.4789922, 27.98953], [86.4791332, 27.9899797], [86.4791175, 27.9911698], [86.4786787, 27.9928926], [86.4775347, 27.9940827], [86.4765004, 27.9950167], [86.4753878, 27.9952104], [86.4737733, 27.9951003], [86.473136, 27.9946191], [86.4727129, 27.9940726], [86.472517, 27.9940429], [86.4723446, 27.9943404], [86.4727207, 27.9947001], [86.4730106, 27.9952744], [86.4729558, 27.9958072], [86.4720938, 27.9962707], [86.4709733, 27.9962638], [86.4696569, 27.9962015], [86.4690301, 27.9960216], [86.4684816, 27.9952606], [86.468607, 27.9937523], [86.4689674, 27.9925414], [86.4689047, 27.9921471], [86.4677294, 27.9914275], [86.4672514, 27.9902028], [86.4674003, 27.9892756], [86.4670242, 27.9874905], [86.4672749, 27.9865564], [86.4683327, 27.9863488], [86.4688029, 27.985899], [86.4689517, 27.985387], [86.4687793, 27.9841553], [86.469132, 27.981948], [86.4692025, 27.9802596], [86.46984, 27.9787951], [86.470745, 27.978539], [86.4710232, 27.9788885], [86.4721162, 27.9789611], [86.4730876, 27.9793651], [86.4734644, 27.9800745], [86.4739797, 27.9807694], [86.4745282, 27.981058], [86.4751321, 27.9809455], [86.4756912, 27.9803769], [86.4759508, 27.9793331], [86.4766213, 27.9784328], [86.4772363, 27.9777625], [86.4779843, 27.9774542], [86.478699, 27.9769306], [86.4797905, 27.9760547], [86.4807823, 27.9762309], [86.4811757, 27.9766664], [86.48081, 27.9778995], [86.4798582, 27.9797782], [86.4792392, 27.9814458], [86.4779698, 27.9836255], [86.4773586, 27.9851616], [86.4776172, 27.9865732], [86.4774605, 27.9871959], [86.4766926, 27.9875004], [86.4764262, 27.9878187], [86.4765907, 27.9882407], [86.4776015, 27.9886213], [86.4787377, 27.9886905]]]}, "properties": {"external_id": "osm:way/287036031", "name": "", "name_ne": "", "area_km2": 1.88}}, {"type": "Feature", "geometry": {"type": "Polygon", "coordinates": [[[86.4902785, 28.015431], [86.4917373, 28.0140591], [86.4936477, 28.0136382], [86.494793, 28.0124482], [86.4960256, 28.0090297], [86.4981708, 28.006698], [86.499496, 28.0053344], [86.5018605, 28.0050987], [86.5031095, 28.005065], [86.5035671, 28.0055617], [86.503553, 28.0060864], [86.5039343, 28.0060864], [86.5047352, 28.0055645], [86.5053072, 28.0045039], [86.5071759, 28.0031655], [86.508587, 28.0029382], [86.5099122, 28.0025173], [86.5106671, 28.0031244], [86.5107413, 28.0039637], [86.5106738, 28.004672], [86.5111188, 28.0049696], [86.5116446, 28.0050113], [86.5123997, 28.0046066], [86.5131817, 28.003434], [86.5139885, 28.0020075], [86.5159716, 28.0030345], [86.5190048, 28.0050228], [86.5190709, 28.0058454], [86.518599, 28.0076787], [86.5190777, 28.0090239], [86.5191788, 28.0098988], [86.5189766, 28.0105238], [86.5184642, 28.0107499], [86.5183968, 28.0109345], [86.5189024, 28.011607], [86.5190912, 28.0126307], [86.5189833, 28.0134938], [86.5186327, 28.0138449], [86.5180664, 28.0137021], [86.518026, 28.0134223], [86.5181676, 28.0131605], [86.5179046, 28.0129164], [86.5180327, 28.0125355], [86.5180732, 28.0121903], [86.5178035, 28.0121129], [86.5173653, 28.0123153], [86.5168141, 28.0122918], [86.5164694, 28.0121834], [86.5159683, 28.0119375], [86.5147861, 28.0117733], [86.5144199, 28.0117501], [86.5139051, 28.0119437], [86.513538, 28.0118343], [86.5132043, 28.0116323], [86.513128, 28.0112409], [86.5131042, 28.0097931], [86.5131614, 28.0092796], [86.5131805, 28.0087662], [86.5140052, 28.008379], [86.514234, 28.0081475], [86.5141911, 28.0076382], [86.5136143, 28.007251], [86.5134665, 28.0067081], [86.5136027, 28.0062418], [86.5126589, 28.0060156], [86.5116948, 28.0061644], [86.5110678, 28.0065453], [86.5098843, 28.0070003], [86.5091597, 28.0071897], [86.5084447, 28.007215], [86.5078106, 28.0069667], [86.5071003, 28.0063564], [86.506738, 28.0060997], [86.5061367, 28.0063803], [86.5057727, 28.0068921], [86.505894, 28.0071421], [86.5069659, 28.0074278], [86.5085243, 28.0077249], [86.5092117, 28.0077429], [86.5097826, 28.0081694], [86.5100073, 28.0086345], [86.5098453, 28.0096951], [86.5094454, 28.011371], [86.5088251, 28.011746], [86.5069612, 28.0125973], [86.5054526, 28.0136215], [86.5046368, 28.0145916], [86.5042323, 28.0147702], [86.5041177, 28.0146392], [86.5038346, 28.0143773], [86.5034233, 28.0143059], [86.5030053, 28.0143476], [86.5029581, 28.0141214], [86.5031941, 28.0136274], [86.5034301, 28.0132346], [86.5033289, 28.0127227], [86.5033972, 28.0121588], [86.5030466, 28.0119981], [86.5030399, 28.0115934], [86.5033432, 28.0110935], [86.5036466, 28.0108375], [86.5035927, 28.0106292], [86.5025794, 28.01045], [86.501912, 28.0105155], [86.5004423, 28.0116464], [86.4991479, 28.0136343], [86.4978805, 28.0146223], [86.4954805, 28.0160804], [86.4947036, 28.0173276], [86.4934833, 28.0190867], [86.4926252, 28.0211993], [86.4922534, 28.0243554], [86.4926135, 28.0272985], [86.4921955, 28.0286553], [86.4909342, 28.0311628], [86.4879977, 28.0326608], [86.4843843, 28.0333845], [86.4803354, 28.0331221], [86.4790006, 28.032735], [86.4785144, 28.0315652], [86.4793915, 28.0304291], [86.4826903, 28.0297811], [86.4854552, 28.0287459], [86.4875994, 28.0258928], [86.488181, 28.0235868], [86.4883745, 28.0190048], [86.4878903, 28.0162241], [86.4872971, 28.0144921], [86.485915, 28.0128732], [86.484533, 28.0105996], [86.483906, 28.0091235], [86.4831509, 28.00807], [86.4815397, 28.0076712], [86.4787786, 28.0062307], [86.477801, 28.0051593], [86.47741, 28.0027546], [86.4767493, 28.001701], [86.4750681, 28.000984], [86.4746295, 28.0000412], [86.4749918, 27.9995698], [86.4757355, 27.9994519], [86.4766126, 27.9984838], [86.477404, 27.9984417], [86.4780857, 27.9985343], [86.4785576, 27.9988626], [86.4789151, 27.9987616], [86.4789437, 27.9985217], [86.4784146, 27.9982944], [86.4784861, 27.9977851], [86.478958, 27.9972084], [86.4795364, 27.9969695], [86.480251, 27.9971897], [86.4814712, 27.9982672], [86.4822061, 27.998916], [86.482624, 27.9989219], [86.4833993, 27.9985112], [86.4851329, 27.9969295], [86.4853904, 27.9961635], [86.4833354, 27.9948934], [86.483632, 27.9942446], [86.4844141, 27.9939767], [86.4849513, 27.9942349], [86.4854839, 27.9949909], [86.4862726, 27.9950504], [86.4872434, 27.994848], [86.4891109, 27.9941218], [86.4923827, 27.9937615], [86.4934367, 27.99343], [86.4944692, 27.9928591], [86.495049, 27.9929126], [86.495549, 27.9927396], [86.4956663, 27.9929946], [86.4954063, 27.9931508], [86.4954535, 27.9936329], [86.4951838, 27.9942223], [86.4950152, 27.9946926], [86.4947928, 27.9949723], [86.4948939, 27.995139], [86.49544, 27.9951926], [86.496222, 27.9950557], [86.4968625, 27.9952759], [86.4987715, 27.9963831], [86.5002816, 27.9968832], [86.5022502, 27.9968117], [86.5040931, 27.9969532], [86.5058855, 27.9973067], [86.5073538, 27.997332], [86.5082595, 27.997534], [86.5087839, 27.9972646], [86.5095657, 27.9972815], [86.5107766, 27.997694], [86.5115041, 27.9979033], [86.5120367, 27.9987426], [86.5117805, 27.9994272], [86.5107828, 28.0000522], [86.5093733, 28.0007308], [86.5069598, 28.0010046], [86.5046407, 28.0005046], [86.5024149, 28.0005321], [86.5006511, 28.0000355], [86.4990589, 27.9995135], [86.4985059, 27.9995809], [86.4967325, 28.0012308], [86.4941858, 28.0033188], [86.4924016, 28.0056064], [86.4914645, 28.0060826], [86.4909791, 28.006648], [86.4906892, 28.0067373], [86.4904398, 28.0066242], [86.4902443, 28.0062433], [86.4901431, 28.0057195], [86.4907162, 28.0040826], [86.4910937, 28.0026362], [86.4916398, 28.00116], [86.4914375, 28.0004636], [86.4905005, 27.9999993], [86.4894555, 28.0000409], [86.4881726, 28.0007686], [86.4873987, 28.0012357], [86.4866074, 28.0016987], [86.485816, 28.0018166], [86.4855777, 28.0019681], [86.4856206, 28.0022922], [86.4872836, 28.0078416], [86.487836, 28.0099944], [86.4889281, 28.0117085], [86.4892193, 28.0131125], [86.4902785, 28.015431]]]}, "properties": {"external_id": "osm:way/287310894", "name": "", "name_ne": "", "area_km2": 6.01}}, {"type": "Feature", "geometry": {"type": "Polygon", "coordinates": [[[86.4681289, 28.0042312], [86.467893, 28.0033237], [86.4682167, 28.0030441], [86.4685123, 28.0030876], [86.4688923, 28.0034853], [86.469209, 28.0036406], [86.4696876, 28.0035661], [86.4701591, 28.0031125], [86.4702787, 28.0019629], [86.4700324, 28.0010806], [86.4684841, 27.999931], [86.4668373, 27.9994277], [86.4657498, 27.9996381], [86.4648457, 27.999813], [86.4639678, 28.0008013], [86.4634915, 28.0013375], [86.462608, 28.0023169], [86.4622138, 28.0030267], [86.4629124, 28.0038326], [86.4634261, 28.0048827], [86.4634332, 28.0059328], [86.4636588, 28.0065168], [86.4639413, 28.0073309], [86.4638569, 28.0087041], [86.4634909, 28.0094062], [86.4627907, 28.0105961], [86.4623262, 28.0109067], [86.4616646, 28.0111428], [86.4609574, 28.0115964], [86.4603396, 28.0131526], [86.4601249, 28.0141001], [86.4598012, 28.0160199], [86.4600792, 28.0168555], [86.4603748, 28.0170357], [86.4610258, 28.0172749], [86.4611137, 28.0174023], [86.4612897, 28.0176011], [86.4617612, 28.0177813], [86.4623981, 28.0177285], [86.4628274, 28.0174116], [86.4632254, 28.0169185], [86.4629866, 28.0156006], [86.463101, 28.0151261], [86.4635937, 28.0143221], [86.4638176, 28.0139048], [86.4642257, 28.0136104], [86.4650816, 28.0132238], [86.4661335, 28.0120159], [86.4667568, 28.0111788], [86.4686279, 28.0096982], [86.4693793, 28.0087932], [86.4695834, 28.0080858], [86.469611, 28.006901], [86.468984, 28.005372], [86.4681289, 28.0042312]]]}, "properties": {"external_id": "osm:way/287316450", "name": "", "name_ne": "", "area_km2": 0.992}}, {"type": "Feature", "geometry": {"type": "Polygon", "coordinates": [[[86.4551905, 27.9935294], [86.4548069, 27.9935785], [86.4544916, 27.9930263], [86.4538815, 27.9927435], [86.4526663, 27.9925684], [86.451802, 27.9928153], [86.4511257, 27.9927974], [86.4500275, 27.9931206], [86.4488276, 27.9931431], [86.44837, 27.9928108], [86.4475666, 27.9925729], [86.4469006, 27.9928692], [86.4465396, 27.9934304], [86.4457413, 27.9939198], [86.4452685, 27.9947413], [86.4454718, 27.9955674], [86.4452481, 27.9962363], [86.4441652, 27.9969636], [86.4438347, 27.9977313], [86.4439364, 27.9980635], [86.4443228, 27.9981802], [86.4450551, 27.9980152], [86.4457008, 27.9977952], [86.4460745, 27.9978737], [86.4465728, 27.9978356], [86.4468092, 27.9976874], [86.446864, 27.997788], [86.4464114, 27.9980865], [86.4455467, 27.9988813], [86.445191, 27.9994714], [86.445331, 28.0000479], [86.4455467, 28.0008097], [86.4462355, 28.0015831], [86.4460659, 28.0019911], [86.4461393, 28.0020545], [86.4463011, 28.0021942], [86.4464126, 28.0023624], [86.4460273, 28.0024264], [86.4460417, 28.0025819], [86.4459518, 28.0027121], [86.4457361, 28.0027343], [86.4455492, 28.0028168], [86.4456462, 28.003039], [86.4458224, 28.0031184], [86.4457972, 28.0032993], [86.4456956, 28.0035148], [86.4461887, 28.0037213], [86.4478768, 28.0036181], [86.4490411, 28.0033397], [86.4502378, 28.0024927], [86.4525702, 28.0019937], [86.455432, 28.0015239], [86.4574597, 28.0013271], [86.4590488, 28.0009715], [86.4600663, 28.0008255], [86.4603862, 28.0006382], [86.4607637, 28.0006859], [86.4613066, 28.0010922], [86.4625937, 28.0011398], [86.4631725, 28.00087], [86.4635896, 28.0007811], [86.4639678, 28.0008013], [86.4648457, 27.999813], [86.4657498, 27.9996381], [86.4661457, 27.9985252], [86.4662067, 27.9974478], [86.4658406, 27.9968911], [86.4649661, 27.9966577], [86.4641526, 27.9967744], [86.4632882, 27.9964691], [86.4619889, 27.995363], [86.4613058, 27.9952424], [86.4604645, 27.9956995], [86.4604789, 27.9962519], [86.4610398, 27.9965503], [86.4613008, 27.9970168], [86.4609845, 27.9972009], [86.4599688, 27.9968082], [86.4593206, 27.9963075], [86.4587015, 27.9957634], [86.4585295, 27.9953741], [86.4580236, 27.9949498], [86.4578025, 27.9949004], [86.4576321, 27.9949341], [86.4573983, 27.994869], [86.4573652, 27.9948107], [86.457429, 27.9946204], [86.4574087, 27.9944027], [86.4575409, 27.9940884], [86.4582291, 27.9932589], [86.4583297, 27.9920716], [86.4582075, 27.9915255], [86.4575388, 27.9912271], [86.4566472, 27.9914176], [86.4561726, 27.9920525], [86.4551905, 27.9935294]]]}, "properties": {"external_id": "osm:way/287378435", "name": "", "name_ne": "", "area_km2": 1.724}}, {"type": "Feature", "geometry": {"type": "Polygon", "coordinates": [[[86.3229244, 27.9437051], [86.3218943, 27.9446326], [86.3220924, 27.9455601], [86.3232018, 27.9466451], [86.3242715, 27.9472751], [86.3251629, 27.9473276], [86.3257969, 27.9463126], [86.3257176, 27.9442301], [86.3249054, 27.9431976], [86.3234989, 27.9430576], [86.3229244, 27.9437051]]]}, "properties": {"external_id": "osm:way/287394097", "name": "", "name_ne": "", "area_km2": 0.131}}, {"type": "Feature", "geometry": {"type": "Polygon", "coordinates": [[[86.3029963, 27.9554566], [86.3026755, 27.9562349], [86.3025645, 27.95767], [86.3018016, 27.9590501], [86.3006228, 27.9605153], [86.3012765, 27.9612385], [86.3021894, 27.9617525], [86.3037018, 27.9610675], [86.305311, 27.9590124], [86.3057343, 27.9562828], [86.3045288, 27.9553567], [86.3029963, 27.9554566]]]}, "properties": {"external_id": "osm:way/287394099", "name": "", "name_ne": "", "area_km2": 0.201}}, {"type": "Feature", "geometry": {"type": "Polygon", "coordinates": [[[86.2959555, 27.9590372], [86.2974291, 27.9603388], [86.2979332, 27.9625479], [86.2972352, 27.9646543], [86.2951994, 27.9661785], [86.2938421, 27.9661613], [86.2931248, 27.9653051], [86.2934544, 27.9631645], [86.294831, 27.9600305], [86.2944626, 27.9595167], [86.2949085, 27.9588317], [86.2956065, 27.9586604], [86.2959555, 27.9590372]]]}, "properties": {"external_id": "osm:way/287394101", "name": "", "name_ne": "", "area_km2": 0.26}}, {"type": "Feature", "geometry": {"type": "Polygon", "coordinates": [[[86.3298267, 27.9370415], [86.3302609, 27.9368807], [86.3307091, 27.9370787], [86.3308772, 27.9387865], [86.3316897, 27.9399373], [86.3327963, 27.9401848], [86.3333986, 27.9406798], [86.3332726, 27.9411625], [86.3321519, 27.9422638], [86.3293784, 27.9431795], [86.328692, 27.9427959], [86.3281177, 27.9418307], [86.3284959, 27.9412243], [86.3289021, 27.940915], [86.3294204, 27.9403333], [86.3290562, 27.9397765], [86.3293644, 27.9392567], [86.3299387, 27.9388483], [86.3300368, 27.9382791], [86.3296446, 27.9374747], [86.3298267, 27.9370415]]]}, "properties": {"external_id": "osm:way/287394105", "name": "", "name_ne": "", "area_km2": 0.168}}, {"type": "Feature", "geometry": {"type": "Polygon", "coordinates": [[[86.3126108, 27.9402016], [86.3140262, 27.9410066], [86.3147824, 27.9431477], [86.3144334, 27.9453915], [86.3129792, 27.9473954], [86.311622, 27.9475153], [86.3112536, 27.9469673], [86.3114087, 27.9464705], [86.3100321, 27.9462479], [86.3086167, 27.9480634], [86.3078606, 27.9502215], [86.3072014, 27.9510093], [86.3060186, 27.9514033], [86.3042542, 27.9507524], [86.3029358, 27.949759], [86.3029358, 27.9486115], [86.3046808, 27.9476181], [86.3083647, 27.9458711], [86.3088688, 27.9448948], [86.3094117, 27.9421371], [86.3104393, 27.9405955], [86.3115638, 27.9400474], [86.3126108, 27.9402016]]]}, "properties": {"external_id": "osm:way/287394106", "name": "", "name_ne": "", "area_km2": 0.588}}, {"type": "Feature", "geometry": {"type": "Polygon", "coordinates": [[[86.3114859, 27.9562832], [86.3124185, 27.9508731], [86.3131523, 27.9501493], [86.315472, 27.9494875], [86.3169253, 27.9493664], [86.3181866, 27.9500325], [86.3207367, 27.950856], [86.3220391, 27.9529148], [86.3226561, 27.9546102], [86.321404, 27.957778], [86.3200225, 27.9601457], [86.3194972, 27.960305], [86.3190027, 27.9607931], [86.3181981, 27.9612041], [86.315563, 27.9618096], [86.3144187, 27.9617733], [86.3136441, 27.962176], [86.3122388, 27.9643678], [86.3108816, 27.9672739], [86.3108816, 27.9690055], [86.3092158, 27.9710821], [86.3088936, 27.9723777], [86.3081476, 27.9745302], [86.3079537, 27.9757288], [86.3074545, 27.976936], [86.3067807, 27.9777022], [86.306548, 27.9783144], [86.3056952, 27.9801555], [86.3055092, 27.9805974], [86.3053653, 27.9807245], [86.3051699, 27.9806458], [86.3048957, 27.9804249], [86.3050671, 27.9793685], [86.3049723, 27.9777244], [86.3055799, 27.9760339], [86.3056827, 27.9751561], [86.3057307, 27.974139], [86.3070469, 27.9713722], [86.3074513, 27.97001], [86.3083562, 27.9662442], [86.3090622, 27.9639193], [86.3104195, 27.9613354], [86.3113987, 27.9583469], [86.3114859, 27.9562832]]]}, "properties": {"external_id": "osm:way/287394111", "name": "", "name_ne": "", "area_km2": 1.747}}, {"type": "Feature", "geometry": {"type": "Polygon", "coordinates": [[[86.3236421, 27.9808569], [86.3229678, 27.9822266], [86.3243686, 27.9864818], [86.3259941, 27.988389], [86.3269054, 27.9885989], [86.3268382, 27.9870599], [86.3272195, 27.9853173], [86.3273993, 27.9849913], [86.3276854, 27.9851332], [86.327773, 27.9862558], [86.3274999, 27.9871526], [86.328094, 27.9890094], [86.3292146, 27.9899866], [86.3297783, 27.9897043], [86.3299954, 27.9890487], [86.330434, 27.9888684], [86.3309778, 27.9893901], [86.3316276, 27.9896817], [86.3311967, 27.9907844], [86.3321492, 27.9923429], [86.3321181, 27.9927262], [86.3323806, 27.9933297], [86.3328312, 27.9934652], [86.3332572, 27.9933909], [86.3335642, 27.9930629], [86.3338415, 27.9924419], [86.334213, 27.9923588], [86.3342526, 27.9926606], [86.3339555, 27.9928836], [86.3339257, 27.9930848], [86.3343021, 27.9932684], [86.3346092, 27.9932466], [86.3350698, 27.9928005], [86.335357, 27.9927393], [86.335357, 27.9930498], [86.3352233, 27.9932991], [86.3356789, 27.9937976], [86.3360107, 27.9938063], [86.3368923, 27.9935964], [86.3374767, 27.9930498], [86.3379224, 27.9921839], [86.3376451, 27.9916373], [86.3376802, 27.991063], [86.3387889, 27.9903144], [86.3412262, 27.9905123], [86.3426994, 27.989498], [86.3426434, 27.9885579], [86.3414107, 27.9874941], [86.3404582, 27.9858613], [86.3411026, 27.9848223], [86.3426434, 27.9843028], [86.3435679, 27.9816556], [86.3380769, 27.9777712], [86.3331181, 27.9770537], [86.3276271, 27.9784887], [86.3236421, 27.9808569]]]}, "properties": {"external_id": "osm:way/287394114", "name": "", "name_ne": "", "area_km2": 2.434}}, {"type": "Feature", "geometry": {"type": "Polygon", "coordinates": [[[86.3311259, 27.9514191], [86.3325908, 27.9501485], [86.335019, 27.9497638], [86.3363914, 27.9504749], [86.3371304, 27.9520952], [86.3373152, 27.9541585], [86.3366817, 27.9553825], [86.3349134, 27.956315], [86.3340292, 27.9562451], [86.333343, 27.9558604], [86.3326699, 27.9533775], [86.3311259, 27.9514191]]]}, "properties": {"external_id": "osm:way/287824656", "name": "", "name_ne": "", "area_km2": 0.297}}, {"type": "Feature", "geometry": {"type": "Polygon", "coordinates": [[[86.3461737, 27.9581718], [86.3456986, 27.9592209], [86.3463717, 27.9610276], [86.3474538, 27.9620301], [86.3478233, 27.9620534], [86.3479949, 27.9618436], [86.3485887, 27.9615288], [86.3491298, 27.9619018], [86.3500008, 27.9622748], [86.3508849, 27.9622282], [86.3512677, 27.9613307], [86.3506474, 27.9601534], [86.3502119, 27.9587546], [86.3498556, 27.9581718], [86.3495154, 27.9581831], [86.3494597, 27.9582301], [86.3479025, 27.9586381], [86.3471899, 27.9583233], [86.3461737, 27.9581718]]]}, "properties": {"external_id": "osm:way/287824659", "name": "", "name_ne": "", "area_km2": 0.177}}, {"type": "Feature", "geometry": {"type": "Polygon", "coordinates": [[[86.3195234, 27.982944], [86.3189559, 27.9847387], [86.3192462, 27.9875006], [86.32017, 27.9895967], [86.3214897, 27.9915078], [86.3228094, 27.992778], [86.3231657, 27.9926265], [86.3234164, 27.9919507], [86.3231261, 27.9912631], [86.3234296, 27.9897133], [86.3222023, 27.9866951], [86.3211466, 27.986159], [86.3210146, 27.9851568], [86.3202492, 27.9845392], [86.3204339, 27.9841313], [86.3206847, 27.9840147], [86.3205263, 27.9833621], [86.3200644, 27.9828843], [86.3195234, 27.982944]]]}, "properties": {"external_id": "osm:way/287824660", "name": "", "name_ne": "", "area_km2": 0.238}}, {"type": "Feature", "geometry": {"type": "Polygon", "coordinates": [[[86.3426763, 27.962761], [86.342235, 27.9649831], [86.342842, 27.9672676], [86.3445576, 27.9687129], [86.3464711, 27.9696803], [86.3481999, 27.9697736], [86.3491765, 27.9692141], [86.3495592, 27.9687362], [86.3515783, 27.9667315], [86.3519346, 27.9659855], [86.3516047, 27.9651813], [86.3504566, 27.964377], [86.3489785, 27.9644353], [86.3478172, 27.9641556], [86.3465899, 27.9633047], [86.3454675, 27.9616084], [86.3444249, 27.9612471], [86.343224, 27.9616667], [86.3426763, 27.962761]]]}, "properties": {"external_id": "osm:way/287824661", "name": "", "name_ne": "", "area_km2": 0.548}}, {"type": "Feature", "geometry": {"type": "Polygon", "coordinates": [[[86.3473305, 27.9438485], [86.3455202, 27.9467667], [86.3450163, 27.948778], [86.3455388, 27.9506739], [86.3451842, 27.9530974], [86.3455761, 27.9549932], [86.3471065, 27.9561142], [86.3486929, 27.9565263], [86.3495154, 27.9581831], [86.3498556, 27.9581718], [86.3502119, 27.9587546], [86.3508174, 27.9582383], [86.350524, 27.9565452], [86.3506618, 27.9546026], [86.3512228, 27.9525098], [86.3517233, 27.9508005], [86.3524872, 27.9506373], [86.3546916, 27.9518513], [86.3554443, 27.9518968], [86.3568563, 27.9510179], [86.3586209, 27.947989], [86.3609209, 27.9472175], [86.361427, 27.9462618], [86.3605596, 27.9450408], [86.3597945, 27.9447605], [86.3560619, 27.9445462], [86.3536543, 27.9428975], [86.3519747, 27.9425348], [86.3493962, 27.9415064], [86.3479778, 27.9421988], [86.3473305, 27.9438485]]]}, "properties": {"external_id": "osm:way/287824662", "name": "", "name_ne": "", "area_km2": 1.507}}, {"type": "Feature", "geometry": {"type": "Polygon", "coordinates": [[[86.3532871, 27.9328392], [86.3525455, 27.9335539], [86.3526669, 27.9357935], [86.3539613, 27.9381282], [86.3559029, 27.9392241], [86.3587613, 27.9396887], [86.3613231, 27.9402962], [86.3619838, 27.9399626], [86.3620782, 27.9395695], [86.3615389, 27.9392717], [86.3611748, 27.9388191], [86.3614445, 27.9385689], [86.3628333, 27.9384141], [86.3637551, 27.9382524], [86.3656293, 27.9386455], [86.367436, 27.9386812], [86.3671124, 27.9393602], [86.3663439, 27.9398129], [86.3663439, 27.9404203], [86.3675574, 27.9406228], [86.3699979, 27.9406228], [86.3713732, 27.9402417], [86.3719934, 27.9392768], [86.3716563, 27.9386217], [86.3704024, 27.9378355], [86.3693372, 27.9373471], [86.3693237, 27.9364656], [86.3685686, 27.9352744], [86.3671799, 27.9351434], [86.3662225, 27.9358343], [86.3663574, 27.9362631], [86.3676787, 27.9367872], [86.3682316, 27.9368944], [86.3682855, 27.937502], [86.3679214, 27.9375496], [86.366263, 27.9368706], [86.364327, 27.935403], [86.3628573, 27.9352601], [86.3621697, 27.9356532], [86.3625067, 27.9366895], [86.3622775, 27.9370946], [86.3617786, 27.9369993], [86.3612798, 27.9359629], [86.3600797, 27.9358438], [86.3591359, 27.9362845], [86.3576393, 27.9363798], [86.3569246, 27.9362131], [86.3569651, 27.9357008], [86.3574505, 27.9353792], [86.3573966, 27.9348193], [86.3563583, 27.9335924], [86.3532871, 27.9328392]]]}, "properties": {"external_id": "osm:way/287824663", "name": "", "name_ne": "", "area_km2": 0.771}}, {"type": "Feature", "geometry": {"type": "Polygon", "coordinates": [[[86.348267, 27.9784909], [86.3488748, 27.9789635], [86.3492807, 27.9794621], [86.3491454, 27.9797711], [86.3486648, 27.9799977], [86.3485062, 27.9803851], [86.347867, 27.9803109], [86.3476897, 27.9804798], [86.3477083, 27.9810484], [86.3480583, 27.9820868], [86.3483289, 27.9825894], [86.3488048, 27.9828078], [86.3493227, 27.9827955], [86.349584, 27.9824699], [86.3501998, 27.9826883], [86.3517489, 27.9826883], [86.3526867, 27.9823999], [86.3536432, 27.9822887], [86.3543664, 27.9825688], [86.3548329, 27.9830839], [86.3553555, 27.983088], [86.3556261, 27.9829191], [86.3557008, 27.9823587], [86.3557474, 27.9819343], [86.3554442, 27.9814069], [86.3552855, 27.981102], [86.3547723, 27.9809207], [86.354749, 27.980624], [86.3544783, 27.9800472], [86.3541173, 27.9797986], [86.3537742, 27.9796209], [86.353761, 27.9793062], [86.3536653, 27.9792043], [86.3531144, 27.9791606], [86.3527234, 27.979202], [86.3525685, 27.97911], [86.352587, 27.9787301], [86.3526068, 27.9785902], [86.3524451, 27.9784824], [86.3521317, 27.978497], [86.3517952, 27.9785174], [86.3512871, 27.9782522], [86.350775, 27.9778993], [86.3507454, 27.9777507], [86.3509697, 27.9775904], [86.3510951, 27.9774098], [86.3509763, 27.9771971], [86.3507091, 27.9771213], [86.3501706, 27.9771384], [86.3496107, 27.9766192], [86.3489295, 27.9762813], [86.348043, 27.9763885], [86.3475858, 27.9767841], [86.3475485, 27.9774186], [86.348267, 27.9784909]]]}, "properties": {"external_id": "osm:way/287824664", "name": "", "name_ne": "", "area_km2": 0.347}}, {"type": "Feature", "geometry": {"type": "Polygon", "coordinates": [[[86.4239592, 27.9584396], [86.4238879, 27.9592959], [86.42451, 27.9601354], [86.4252465, 27.960386], [86.425779, 27.9611815], [86.4259631, 27.9626936], [86.4258287, 27.9633045], [86.4251718, 27.9638496], [86.4250574, 27.9642627], [86.4258215, 27.964796], [86.4260141, 27.9650741], [86.4258024, 27.9653238], [86.4245052, 27.9656675], [86.4239982, 27.965382], [86.4233911, 27.9655358], [86.4230577, 27.966094], [86.4231473, 27.9665248], [86.4225252, 27.9669291], [86.4208283, 27.9674082], [86.4194659, 27.9673545], [86.4192688, 27.9668883], [86.4186495, 27.9671245], [86.4179669, 27.9679947], [86.4171997, 27.9683241], [86.4165101, 27.9680755], [86.4165827, 27.9670951], [86.4171964, 27.966116], [86.4171464, 27.9654358], [86.4171063, 27.9646091], [86.4171837, 27.9637637], [86.4182042, 27.962707], [86.4187519, 27.9621829], [86.4187027, 27.9615302], [86.4186675, 27.9612319], [86.4183015, 27.9609335], [86.4173866, 27.961064], [86.4169221, 27.9612567], [86.4165984, 27.9611573], [86.4162958, 27.960747], [86.4162958, 27.9598581], [86.4161058, 27.95951], [86.4164154, 27.9591184], [86.4171262, 27.9590562], [86.4179989, 27.9592613], [86.4183085, 27.9590811], [86.4187308, 27.9583351], [86.4190475, 27.9583662], [86.4191531, 27.9585776], [86.4188223, 27.9596219], [86.4184141, 27.9599327], [86.4185337, 27.9601254], [86.4199272, 27.9602124], [86.420638, 27.9600011], [86.4210251, 27.9595411], [86.4209688, 27.9586024], [86.4212573, 27.9584097], [86.4216585, 27.9589381], [86.4216866, 27.9601503], [86.4213418, 27.9604922], [86.4215318, 27.9607719], [86.4232138, 27.9618783], [86.4240086, 27.9618728], [86.4241678, 27.9616222], [86.42372, 27.9608266], [86.4235315, 27.9597086], [86.4232628, 27.9592247], [86.4227154, 27.9589214], [86.4221182, 27.9586884], [86.4219689, 27.9585258], [86.421949, 27.9582005], [86.421531, 27.958117], [86.420909, 27.9581126], [86.4203715, 27.9579148], [86.4200132, 27.9580643], [86.4194808, 27.9580818], [86.4190727, 27.9579148], [86.4189831, 27.9575368], [86.4191562, 27.956809], [86.4183469, 27.9552673], [86.4175605, 27.9546033], [86.4172121, 27.9532072], [86.4173116, 27.9529515], [86.4178632, 27.9529676], [86.4179323, 27.9525659], [86.4173904, 27.9520126], [86.4172989, 27.951621], [86.4174044, 27.9514656], [86.4185299, 27.95186], [86.418917, 27.9524132], [86.4186759, 27.9530068], [86.41886, 27.9532881], [86.4191835, 27.9532573], [86.4191885, 27.9528529], [86.4193129, 27.9521452], [86.4199797, 27.9520529], [86.4208705, 27.9522375], [86.421515, 27.9530332], [86.4218388, 27.9538724], [86.422804, 27.9552808], [86.4231076, 27.9554522], [86.4233862, 27.9551533], [86.4234509, 27.9547797], [86.4240859, 27.954859], [86.4245856, 27.9553377], [86.4247686, 27.9559966], [86.4240648, 27.9567177], [86.4238677, 27.9572026], [86.4239592, 27.9584396]]]}, "properties": {"external_id": "osm:way/287825491", "name": "", "name_ne": "", "area_km2": 0.955}}, {"type": "Feature", "geometry": {"type": "Polygon", "coordinates": [[[86.399259, 27.9808855], [86.3982588, 27.9818699], [86.398219, 27.9828191], [86.3988653, 27.9831655], [86.399854, 27.9831408], [86.401006, 27.9819987], [86.4022351, 27.9805001], [86.4028074, 27.97963], [86.4026382, 27.9788082], [86.4016181, 27.9789005], [86.4008517, 27.9792872], [86.399259, 27.9808855]]]}, "properties": {"external_id": "osm:way/287825492", "name": "", "name_ne": "", "area_km2": 0.109}}, {"type": "Feature", "geometry": {"type": "Polygon", "coordinates": [[[86.4310019, 27.9794522], [86.4299885, 27.9798127], [86.4294607, 27.9807138], [86.4293059, 27.981385], [86.4283699, 27.9822054], [86.428201, 27.9827896], [86.4287006, 27.9831066], [86.4292073, 27.9831936], [86.4295733, 27.9827337], [86.4302208, 27.9822738], [86.4310019, 27.9821619], [86.4312412, 27.9819195], [86.4321772, 27.9818822], [86.433071, 27.9824602], [86.4337537, 27.9826156], [86.4346732, 27.9821137], [86.4356734, 27.9817754], [86.4357331, 27.9809228], [86.4353549, 27.9800351], [86.4332201, 27.9796308], [86.4319312, 27.9798066], [86.4310019, 27.9794522]]]}, "properties": {"external_id": "osm:way/287825494", "name": "", "name_ne": "", "area_km2": 0.181}}, {"type": "Feature", "geometry": {"type": "Polygon", "coordinates": [[[86.438726, 27.9805831], [86.4386065, 27.980337], [86.4389947, 27.979836], [86.4391937, 27.9788955], [86.4391689, 27.9776738], [86.4394724, 27.9773442], [86.439771, 27.9773705], [86.4405374, 27.9779902], [86.440821, 27.978456], [86.4413286, 27.9786934], [86.4415625, 27.9791284], [86.4414182, 27.9794053], [86.4413634, 27.9796426], [86.441672, 27.9798624], [86.4422791, 27.9799371], [86.4427817, 27.9802667], [86.4428762, 27.9808775], [86.4427469, 27.9812379], [86.4423786, 27.9816554], [86.4422492, 27.9820816], [86.442503, 27.9823717], [86.4424304, 27.9827843], [86.4421982, 27.9830981], [86.4419308, 27.9832131], [86.4416598, 27.9830577], [86.4411953, 27.9821442], [86.4407484, 27.9816874], [86.4400306, 27.9815848], [86.4396928, 27.981358], [86.4397069, 27.9811435], [86.4393409, 27.9807303], [86.438726, 27.9805831]]]}, "properties": {"external_id": "osm:way/287825497", "name": "", "name_ne": "", "area_km2": 0.133}}, {"type": "Feature", "geometry": {"type": "Polygon", "coordinates": [[[86.4275599, 27.9737217], [86.4286544, 27.974646], [86.4283908, 27.9754579], [86.4274004, 27.97541], [86.4266628, 27.9753968], [86.4262807, 27.9752956], [86.425417, 27.9734538], [86.4238631, 27.9730958], [86.4206013, 27.9741271], [86.4179411, 27.9737231], [86.4161446, 27.9737693], [86.416226, 27.9741879], [86.4170023, 27.974913], [86.4170621, 27.9753965], [86.4168978, 27.9756645], [86.4163903, 27.9756821], [86.4158926, 27.9755766], [86.4152059, 27.97508], [86.4147414, 27.9735212], [86.414323, 27.9717753], [86.414537, 27.970659], [86.4150246, 27.9698503], [86.415995, 27.9696964], [86.416361, 27.9690598], [86.4181697, 27.9685501], [86.4210581, 27.9683659], [86.4239267, 27.9680355], [86.4246468, 27.9683342], [86.425549, 27.9687083], [86.4270309, 27.969296], [86.4283642, 27.9702137], [86.4284302, 27.9707607], [86.4271972, 27.9710837], [86.4267593, 27.9714265], [86.4270877, 27.9719188], [86.4277147, 27.9722352], [86.4275599, 27.9737217]]]}, "properties": {"external_id": "osm:way/287825498", "name": "", "name_ne": "", "area_km2": 0.785}}, {"type": "Feature", "geometry": {"type": "Polygon", "coordinates": [[[86.4129454, 27.9691821], [86.4130069, 27.9696564], [86.4134548, 27.9704651], [86.4134548, 27.9712914], [86.4130169, 27.9718979], [86.4116909, 27.9723233], [86.4110838, 27.9725957], [86.4094235, 27.9724716], [86.4084804, 27.9727948], [86.4072353, 27.972813], [86.4035332, 27.9722958], [86.4026814, 27.9717258], [86.4017454, 27.9705697], [86.4012316, 27.969656], [86.4015343, 27.9690841], [86.4019354, 27.9689474], [86.4027307, 27.9693514], [86.4033218, 27.9693514], [86.4036596, 27.9689288], [86.4034837, 27.9682326], [86.4036667, 27.9676421], [86.4047293, 27.9671884], [86.4050812, 27.9666911], [86.4051348, 27.9662451], [86.4063042, 27.9649397], [86.4068865, 27.9648781], [86.4078668, 27.9653265], [86.4084341, 27.9659418], [86.4090612, 27.9661176], [86.4099071, 27.9660033], [86.4109988, 27.9657718], [86.4120545, 27.9661199], [86.4127794, 27.9659583], [86.4144233, 27.9668885], [86.4151129, 27.9674355], [86.4150707, 27.9680508], [86.4145851, 27.9683554], [86.413628, 27.968256], [86.4125301, 27.9681752], [86.4124598, 27.968573], [86.4129454, 27.9691821]]]}, "properties": {"external_id": "osm:way/287825500", "name": "", "name_ne": "", "area_km2": 0.768}}, {"type": "Feature", "geometry": {"type": "Polygon", "coordinates": [[[86.4305812, 27.9842854], [86.4318144, 27.9847409], [86.4326026, 27.9846663], [86.4330108, 27.9842064], [86.433609, 27.9844239], [86.4336934, 27.9848155], [86.4336301, 27.9853189], [86.4339468, 27.9855053], [86.434925, 27.9858533], [86.4355303, 27.9857539], [86.43622, 27.9863008], [86.4371771, 27.9868042], [86.4375501, 27.9866301], [86.4382679, 27.9868974], [86.4387183, 27.9874505], [86.4387905, 27.9884795], [86.4390293, 27.9889013], [86.4395369, 27.9891122], [86.4395767, 27.9892792], [86.4390592, 27.9895692], [86.4376161, 27.9893583], [86.4364018, 27.9890683], [86.4351478, 27.9891122], [86.4349985, 27.9887783], [86.4355758, 27.9882861], [86.4353568, 27.9878642], [86.434053, 27.9872139], [86.4331771, 27.9868975], [86.4323113, 27.9875918], [86.4325601, 27.9887519], [86.4333065, 27.9891386], [86.4333364, 27.989622], [86.4329681, 27.9902108], [86.4319308, 27.9902196], [86.4278956, 27.9903101], [86.4231381, 27.9903268], [86.419616, 27.9913201], [86.416742, 27.9922192], [86.4138515, 27.9925237], [86.4108789, 27.9924512], [86.4087275, 27.9919001], [86.4048514, 27.9910945], [86.400903, 27.9909099], [86.3969895, 27.9913201], [86.3948875, 27.991679], [86.393285, 27.9916687], [86.3922166, 27.9915559], [86.3915779, 27.9913303], [86.3904166, 27.9912995], [86.3898592, 27.9913713], [86.3889882, 27.9913406], [86.3887328, 27.9911355], [86.388814, 27.9906022], [86.3895689, 27.9897101], [86.3915779, 27.9892281], [86.3940514, 27.9886231], [86.3964553, 27.9880796], [86.3997649, 27.9871054], [86.4019133, 27.9867875], [86.4042939, 27.9867875], [86.4075455, 27.9871875], [86.4113661, 27.987813], [86.4130732, 27.9877412], [86.4153726, 27.9870029], [86.416634, 27.9862402], [86.4177786, 27.984289], [86.4183347, 27.9832537], [86.4203414, 27.9827702], [86.4216715, 27.9828883], [86.4223471, 27.9835222], [86.4228961, 27.9842245], [86.4243529, 27.9846409], [86.4256245, 27.984753], [86.4264207, 27.9836456], [86.4276349, 27.9833204], [86.4305812, 27.9842854]]]}, "properties": {"external_id": "osm:way/287825501", "name": "Nangjorpa Glacier", "name_ne": "", "area_km2": 2.541}}, {"type": "Feature", "geometry": {"type": "Polygon", "coordinates": [[[86.4031898, 27.9732319], [86.4030704, 27.9726781], [86.4035332, 27.9722958], [86.4072353, 27.972813], [86.4082487, 27.97345], [86.409337, 27.9736713], [86.4110091, 27.9742382], [86.4124625, 27.975091], [86.4135822, 27.9763523], [86.4147715, 27.9770467], [86.415532, 27.9780443], [86.4154229, 27.9785726], [86.4150112, 27.9788616], [86.4142699, 27.9790963], [86.4141056, 27.9793841], [86.4139688, 27.9794742], [86.4137598, 27.979472], [86.4134911, 27.9793468], [86.4127993, 27.9792193], [86.4120479, 27.9792655], [86.4117767, 27.979215], [86.4114507, 27.9790436], [86.4113661, 27.9788326], [86.4114408, 27.978714], [86.411712, 27.9786986], [86.4119558, 27.9783865], [86.4118936, 27.9780965], [86.4120778, 27.9775977], [86.4120081, 27.9774812], [86.411824, 27.9774549], [86.4115951, 27.9776131], [86.4113562, 27.9780657], [86.4109353, 27.9787926], [86.4107242, 27.9788982], [86.4098375, 27.9788889], [86.4094961, 27.9787024], [86.4092569, 27.9782363], [86.4088754, 27.9779774], [86.4085545, 27.9778851], [86.408119, 27.9777709], [86.4080444, 27.9776632], [86.4081116, 27.9775468], [86.4083455, 27.9774127], [86.4084151, 27.9772413], [86.4082708, 27.976993], [86.4084151, 27.9767293], [86.4084325, 27.9763536], [86.4078505, 27.9757973], [86.406181, 27.9755424], [86.4046492, 27.9745717], [86.4040475, 27.9740558], [86.4038258, 27.9736021], [86.4031898, 27.9732319]]]}, "properties": {"external_id": "osm:way/287825502", "name": "", "name_ne": "", "area_km2": 0.418}}, {"type": "Feature", "geometry": {"type": "Polygon", "coordinates": [[[86.3950858, 27.9292753], [86.3951339, 27.9285679], [86.3960145, 27.9285821], [86.3977438, 27.9277616], [86.3986404, 27.927804], [86.3991688, 27.9281152], [86.399409, 27.9299402], [86.3989446, 27.930888], [86.3979839, 27.9313124], [86.3968791, 27.9310153], [86.3950858, 27.9292753]]]}, "properties": {"external_id": "osm:way/287835031", "name": "", "name_ne": "", "area_km2": 0.116}}, {"type": "Feature", "geometry": {"type": "Polygon", "coordinates": [[[86.4015312, 27.9219209], [86.401243, 27.9230103], [86.4018674, 27.9240006], [86.4024278, 27.9248212], [86.4031484, 27.9251041], [86.4038849, 27.9248495], [86.404061, 27.924227], [86.4045894, 27.9235479], [86.4056622, 27.9228264], [86.4059504, 27.9223029], [86.4057262, 27.9218643], [86.4036287, 27.9210862], [86.4023638, 27.9213409], [86.4015312, 27.9219209]]]}, "properties": {"external_id": "osm:way/287835032", "name": "", "name_ne": "", "area_km2": 0.129}}, {"type": "Feature", "geometry": {"type": "Polygon", "coordinates": [[[86.3724678, 27.9338266], [86.3720829, 27.9346868], [86.3724452, 27.935527], [86.3756719, 27.9372875], [86.379261, 27.9372075], [86.3809253, 27.9367173], [86.3820521, 27.9358717], [86.3825107, 27.9347289], [86.3822956, 27.9343288], [86.3813672, 27.9344688], [86.3797935, 27.9340887], [86.3787179, 27.9343688], [86.377948, 27.9343488], [86.3765554, 27.9336286], [86.3756836, 27.9335286], [86.3724678, 27.9338266]]]}, "properties": {"external_id": "osm:way/287835034", "name": "", "name_ne": "", "area_km2": 0.304}}, {"type": "Feature", "geometry": {"type": "Polygon", "coordinates": [[[86.3922229, 27.9218723], [86.3935679, 27.9220137], [86.3952491, 27.9221269], [86.3960817, 27.9224523], [86.3970424, 27.9224806], [86.3971545, 27.9222401], [86.3969303, 27.921844], [86.3962578, 27.9213205], [86.3963219, 27.9206273], [86.3957615, 27.9196511], [86.3946086, 27.9193681], [86.3944221, 27.9191893], [86.3948648, 27.9187739], [86.395169, 27.9176986], [86.3956974, 27.9177835], [86.3960016, 27.9180806], [86.3956494, 27.9189861], [86.3962418, 27.9191559], [86.3967222, 27.9189295], [86.3970264, 27.9183494], [86.3966421, 27.9176137], [86.3956334, 27.9172459], [86.3945286, 27.9176137], [86.3939521, 27.9182787], [86.3938561, 27.9186465], [86.3922229, 27.9180665], [86.391038, 27.9186465], [86.3901414, 27.9201321], [86.3903335, 27.9210517], [86.3911341, 27.9209951], [86.3920307, 27.9211366], [86.3922229, 27.9218723]]]}, "properties": {"external_id": "osm:way/287835038", "name": "", "name_ne": "", "area_km2": 0.23}}, {"type": "Feature", "geometry": {"type": "Polygon", "coordinates": [[[86.3792879, 27.9265074], [86.3768861, 27.9274835], [86.3759735, 27.9291811], [86.3754611, 27.9302704], [86.3761656, 27.9309212], [86.3773184, 27.9312465], [86.3779109, 27.9316426], [86.3778788, 27.9319822], [86.3769021, 27.9324914], [86.376662, 27.9329582], [86.3775106, 27.9335099], [86.3785033, 27.9337929], [86.3799123, 27.9335382], [86.3812893, 27.9332412], [86.3821379, 27.9337646], [86.3827144, 27.9336656], [86.3842282, 27.9326362], [86.3856532, 27.9322967], [86.3861496, 27.9317592], [86.3858454, 27.9309528], [86.3843563, 27.9303304], [86.3837959, 27.9299201], [86.3837798, 27.9292128], [86.3851088, 27.9286328], [86.3860695, 27.926822], [86.3859574, 27.9254497], [86.3829953, 27.9232569], [86.3807697, 27.9224646], [86.3796008, 27.9230163], [86.3796809, 27.9241906], [86.3814261, 27.9255204], [86.3818585, 27.9263693], [86.3815702, 27.9270059], [86.3810579, 27.9269634], [86.3792879, 27.9265074]]]}, "properties": {"external_id": "osm:way/287835039", "name": "", "name_ne": "", "area_km2": 0.795}}, {"type": "Feature", "geometry": {"type": "Polygon", "coordinates": [[[86.4044507, 27.9148188], [86.4058816, 27.9141136], [86.4059772, 27.9127271], [86.4055017, 27.9119267], [86.4041657, 27.9114065], [86.4027165, 27.9112664], [86.4011994, 27.9123269], [86.4006559, 27.9130673], [86.400271, 27.9127872], [86.4007918, 27.9107262], [86.401856, 27.9102859], [86.4029656, 27.9106261], [86.4046186, 27.9106061], [86.4054564, 27.9098457], [86.4054791, 27.9081649], [86.4033732, 27.9063839], [86.4024674, 27.9059437], [86.4014485, 27.9064239], [86.4002936, 27.906464], [86.3997955, 27.9057636], [86.4000219, 27.9053033], [86.4011541, 27.9054034], [86.401607, 27.9052633], [86.4019693, 27.9048431], [86.401607, 27.9044229], [86.4020598, 27.9041427], [86.4033958, 27.9039826], [86.4050035, 27.904683], [86.4063169, 27.9060237], [86.4069962, 27.9062438], [86.4076076, 27.9061438], [86.4074038, 27.9051833], [86.4059546, 27.9027619], [86.4042789, 27.9020015], [86.4030335, 27.9019815], [86.4016749, 27.9033022], [86.3992067, 27.9034623], [86.3982104, 27.9044028], [86.3984142, 27.9056235], [86.3993426, 27.9062839], [86.3988444, 27.9070643], [86.3991841, 27.9075245], [86.3995917, 27.9080448], [86.3989123, 27.9094855], [86.3973952, 27.9110463], [86.397214, 27.9114065], [86.3984142, 27.9115666], [86.3989576, 27.9113064], [86.3997049, 27.9115266], [86.3997433, 27.9123711], [86.3976297, 27.9134039], [86.3954681, 27.9134605], [86.3949878, 27.9143094], [86.3949878, 27.9152574], [86.3974216, 27.9161346], [86.3989587, 27.9166439], [86.4010402, 27.9170401], [86.402145, 27.9168562], [86.4039543, 27.9157243], [86.4044507, 27.9148188]]]}, "properties": {"external_id": "osm:way/287835040", "name": "", "name_ne": "", "area_km2": 0.957}}, {"type": "Feature", "geometry": {"type": "Polygon", "coordinates": [[[86.4901563, 27.882392], [86.4897069, 27.8821272], [86.4903917, 27.8799898], [86.4911407, 27.8766038], [86.4921037, 27.8756958], [86.4931951, 27.8759228], [86.4933876, 27.8766606], [86.4925745, 27.8784387], [86.4933662, 27.8792899], [86.4934304, 27.8800276], [86.4923819, 27.8814463], [86.4901563, 27.882392]]]}, "properties": {"external_id": "osm:way/290771890", "name": "", "name_ne": "", "area_km2": 0.159}}, {"type": "Feature", "geometry": {"type": "Polygon", "coordinates": [[[86.4182265, 27.9029496], [86.418792, 27.9054299], [86.4182475, 27.9074104], [86.4173259, 27.9077621], [86.416174, 27.9075029], [86.4162787, 27.9066885], [86.4166347, 27.9060407], [86.4164881, 27.904523], [86.4163206, 27.9037826], [86.4170536, 27.9029126], [86.4177867, 27.902635], [86.4182265, 27.9029496]]]}, "properties": {"external_id": "osm:way/290771891", "name": "", "name_ne": "", "area_km2": 0.106}}, {"type": "Feature", "geometry": {"type": "Polygon", "coordinates": [[[86.4804589, 27.877057], [86.4813149, 27.8776056], [86.4820211, 27.8791945], [86.4812079, 27.8805754], [86.4806515, 27.8825993], [86.4797313, 27.8831668], [86.4785544, 27.8825993], [86.4775272, 27.8810483], [86.4776128, 27.8797431], [86.4780622, 27.8794972], [86.4788112, 27.8796863], [86.4793889, 27.8794783], [86.4795601, 27.8785892], [86.4799239, 27.8773786], [86.4804589, 27.877057]]]}, "properties": {"external_id": "osm:way/290771893", "name": "", "name_ne": "", "area_km2": 0.166}}, {"type": "Feature", "geometry": {"type": "Polygon", "coordinates": [[[86.4114969, 27.9004602], [86.4128891, 27.8992299], [86.413911, 27.8992822], [86.4143997, 27.8999105], [86.414296, 27.9008005], [86.4135703, 27.9016775], [86.4138813, 27.9023057], [86.4135555, 27.9028685], [86.4127261, 27.9029601], [86.4120745, 27.9026853], [86.4109489, 27.9031565], [86.4101492, 27.9030256], [86.4098085, 27.9023188], [86.4100751, 27.9016644], [86.4111711, 27.9013633], [86.4114969, 27.9004602]]]}, "properties": {"external_id": "osm:way/290771894", "name": "", "name_ne": "", "area_km2": 0.118}}, {"type": "Feature", "geometry": {"type": "Polygon", "coordinates": [[[86.470904, 27.9250787], [86.4705271, 27.9254885], [86.4702662, 27.9263082], [86.470875, 27.9268077], [86.4709619, 27.9274481], [86.4701937, 27.9275121], [86.469063, 27.9275121], [86.4683093, 27.9270638], [86.4673381, 27.9267949], [86.4668308, 27.92732], [86.4667583, 27.9280628], [86.4680774, 27.928844], [86.4694689, 27.9288312], [86.4717737, 27.928383], [86.4726869, 27.9276402], [86.4729913, 27.9268333], [86.4726579, 27.9262058], [86.4716432, 27.9252836], [86.470904, 27.9250787]]]}, "properties": {"external_id": "osm:way/290771896", "name": "", "name_ne": "", "area_km2": 0.125}}, {"type": "Feature", "geometry": {"type": "Polygon", "coordinates": [[[86.4557665, 27.9079949], [86.4566881, 27.9086057], [86.4570442, 27.9097162], [86.456353, 27.9108082], [86.4553686, 27.9108452], [86.4539444, 27.9108082], [86.4536092, 27.9112894], [86.4538815, 27.9116226], [86.4532322, 27.9119002], [86.4519337, 27.9114375], [86.4513053, 27.9106971], [86.4500696, 27.9107897], [86.4495041, 27.9111043], [86.4483102, 27.9109378], [86.4479751, 27.9102529], [86.4488757, 27.9097717], [86.4505094, 27.9096607], [86.4522688, 27.9092165], [86.4535673, 27.9085872], [86.4546774, 27.9085872], [86.4557665, 27.9079949]]]}, "properties": {"external_id": "osm:way/290771897", "name": "", "name_ne": "", "area_km2": 0.188}}, {"type": "Feature", "geometry": {"type": "Polygon", "coordinates": [[[86.479937, 27.9248125], [86.4778666, 27.9245771], [86.4769236, 27.9238888], [86.4769441, 27.922965], [86.478748, 27.9214254], [86.480634, 27.921516], [86.4842214, 27.9227477], [86.4853899, 27.9242873], [86.4846109, 27.9269498], [86.4837499, 27.9287248], [86.4809005, 27.9310431], [86.4777436, 27.932981], [86.4741356, 27.9353249], [86.4721267, 27.9352343], [86.4708557, 27.934528], [86.4704662, 27.9335862], [86.4713887, 27.9320286], [86.4724342, 27.9312136], [86.4728852, 27.9301812], [86.4749761, 27.9297284], [86.4780306, 27.9268124], [86.480183, 27.9259792], [86.480552, 27.9250555], [86.479937, 27.9248125]]]}, "properties": {"external_id": "osm:way/290771898", "name": "", "name_ne": "", "area_km2": 0.995}}, {"type": "Feature", "geometry": {"type": "Polygon", "coordinates": [[[86.4996067, 27.860759], [86.5001817, 27.859341], [86.5018764, 27.8576018], [86.5032988, 27.8570667], [86.5041765, 27.8576821], [86.504237, 27.8591269], [86.5030264, 27.8612941], [86.5023304, 27.8648258], [86.5029962, 27.8663775], [86.5040251, 27.8668859], [86.5046304, 27.8684376], [86.503783, 27.8713804], [86.5035409, 27.8752863], [86.5022396, 27.8770252], [86.4994251, 27.8778545], [86.4983659, 27.8772124], [86.4986685, 27.8759819], [86.4995461, 27.874992], [86.4999396, 27.8729856], [86.4993343, 27.8723168], [86.4973672, 27.8713537], [86.4966408, 27.8692937], [86.4970948, 27.8666451], [86.4969435, 27.8641034], [86.4957632, 27.8624446], [86.4962777, 27.8614547], [86.4973066, 27.8613209], [86.4979724, 27.8620968], [86.4987593, 27.8620968], [86.4996067, 27.860759]]]}, "properties": {"external_id": "osm:way/290771900", "name": "", "name_ne": "", "area_km2": 1.153}}, {"type": "Feature", "geometry": {"type": "Polygon", "coordinates": [[[86.5067229, 27.9016707], [86.5075703, 27.9006276], [86.5105058, 27.8992368], [86.5127151, 27.899424], [86.5141375, 27.8981135], [86.5163467, 27.8969634], [86.5188888, 27.8975518], [86.523852, 27.897846], [86.5239731, 27.9002532], [86.5210375, 27.9021253], [86.517527, 27.9028207], [86.5151059, 27.9021788], [86.5137138, 27.9004136], [86.5122611, 27.9005741], [86.5115348, 27.9020184], [86.5118072, 27.9031417], [86.5121703, 27.9047464], [86.5107782, 27.9058964], [86.5083571, 27.9064313], [86.5047255, 27.9064847], [86.5031215, 27.9060836], [86.5027886, 27.9052813], [86.5039689, 27.9036498], [86.5061396, 27.9023769], [86.5082475, 27.9034265], [86.5088253, 27.9040411], [86.5096813, 27.9040789], [86.5104089, 27.9033887], [86.5087611, 27.9016393], [86.5067229, 27.9016707]]]}, "properties": {"external_id": "osm:way/290771901", "name": "", "name_ne": "", "area_km2": 0.93}}, {"type": "Feature", "geometry": {"type": "Polygon", "coordinates": [[[86.4384339, 27.9149729], [86.4390986, 27.9133659], [86.4388024, 27.9114813], [86.4366993, 27.9096491], [86.4312196, 27.9097538], [86.4297682, 27.9114813], [86.4271616, 27.9125021], [86.4241699, 27.9111149], [86.4196084, 27.9089162], [86.4135659, 27.907843], [86.4094304, 27.9088108], [86.4083231, 27.9112458], [86.4071086, 27.9128948], [86.4071407, 27.9142059], [86.4072245, 27.9182405], [86.4090257, 27.9212016], [86.4119371, 27.9226636], [86.413089, 27.9221455], [86.4139687, 27.920924], [86.4150997, 27.9184996], [86.4174572, 27.9177736], [86.4187308, 27.9179306], [86.4193634, 27.9193779], [86.420857, 27.919758], [86.4218725, 27.9197791], [86.4221713, 27.9192196], [86.4228045, 27.9179315], [86.4223266, 27.9168758], [86.4226253, 27.9157989], [86.4234139, 27.9156511], [86.4239037, 27.9157778], [86.4251583, 27.9149542], [86.4267833, 27.9148064], [86.4276913, 27.9151865], [86.4283246, 27.9156827], [86.4279422, 27.9168124], [86.4280617, 27.9176887], [86.4300332, 27.918565], [86.4311443, 27.919019], [86.4319688, 27.9194096], [86.4319329, 27.9199058], [86.4313953, 27.9203914], [86.4308337, 27.9210354], [86.4305708, 27.9216583], [86.4308098, 27.9221651], [86.4312758, 27.9223234], [86.4320484, 27.9224118], [86.4331994, 27.9214155], [86.4339402, 27.920951], [86.4343704, 27.9202859], [86.4343943, 27.9191879], [86.4348841, 27.9182905], [86.4361865, 27.9162106], [86.4371662, 27.9152287], [86.4384339, 27.9149729]]]}, "properties": {"external_id": "osm:way/290771902", "name": "", "name_ne": "", "area_km2": 3.029}}, {"type": "Feature", "geometry": {"type": "Polygon", "coordinates": [[[86.4337177, 27.8962335], [86.4352885, 27.8948451], [86.4365662, 27.8943639], [86.4369013, 27.8950858], [86.4367128, 27.8959743], [86.436252, 27.8967147], [86.4358959, 27.8984547], [86.4351629, 27.8994173], [86.4344089, 27.8989915], [86.4339481, 27.8985658], [86.4335082, 27.8988064], [86.4335082, 27.8991026], [86.4346602, 27.9005094], [86.4347021, 27.9021753], [86.434346, 27.9032118], [86.4329637, 27.903471], [86.4317698, 27.9031378], [86.4308692, 27.9023974], [86.429047, 27.9018421], [86.427539, 27.9019717], [86.4247952, 27.9033229], [86.4226798, 27.9050073], [86.4217583, 27.9057661], [86.4213603, 27.9065991], [86.4209205, 27.9065435], [86.4200408, 27.9056736], [86.4205644, 27.9031378], [86.4219049, 27.9010832], [86.4236014, 27.9009907], [86.4250256, 27.9012498], [86.4268478, 27.9004168], [86.4283977, 27.9000096], [86.4297591, 27.9002317], [86.4306179, 27.8994543], [86.4318536, 27.8984918], [86.4316232, 27.8975848], [86.4322306, 27.8970479], [86.4330475, 27.8971035], [86.4337596, 27.8968073], [86.4337177, 27.8962335]]]}, "properties": {"external_id": "osm:way/290771903", "name": "", "name_ne": "", "area_km2": 0.624}}, {"type": "Feature", "geometry": {"type": "Polygon", "coordinates": [[[86.4639034, 27.9270745], [86.4624449, 27.9257913], [86.4610423, 27.924552], [86.4601676, 27.9241389], [86.4589761, 27.9239656], [86.458059, 27.924041], [86.4574085, 27.9242766], [86.4564913, 27.9247383], [86.4559594, 27.9252308], [86.4559443, 27.9254373], [86.4561706, 27.9257904], [86.456525, 27.9261769], [86.4570151, 27.9267166], [86.4571358, 27.927123], [86.4570784, 27.9274938], [86.4568038, 27.9272671], [86.4559224, 27.9260354], [86.4525809, 27.9236808], [86.450449, 27.9235178], [86.448317, 27.9228657], [86.4464516, 27.921797], [86.4462671, 27.9209276], [86.4451191, 27.9201668], [86.4438481, 27.9198951], [86.4426386, 27.9200219], [86.4407732, 27.9191162], [86.4398302, 27.9194785], [86.4388667, 27.9205653], [86.4369603, 27.9214166], [86.4333113, 27.9225034], [86.4326348, 27.9234272], [86.4331268, 27.9239706], [86.4344593, 27.9239706], [86.4355629, 27.9247362], [86.4368303, 27.9251257], [86.4376017, 27.9261725], [86.4390418, 27.9265389], [86.4399406, 27.9264877], [86.4431875, 27.9246434], [86.4460576, 27.9243104], [86.4499424, 27.9255912], [86.4522906, 27.9274354], [86.4528994, 27.9296382], [86.4553346, 27.9316617], [86.4582047, 27.9338901], [86.4608719, 27.9355549], [86.4632491, 27.9357598], [86.4664091, 27.935683], [86.4675108, 27.9350683], [86.4680616, 27.9337876], [86.4680906, 27.9308933], [86.4675386, 27.9297223], [86.4652836, 27.9277843], [86.4639034, 27.9270745]]]}, "properties": {"external_id": "osm:way/290771904", "name": "", "name_ne": "", "area_km2": 2.207}}, {"type": "Feature", "geometry": {"type": "Polygon", "coordinates": [[[86.4906026, 27.9300681], [86.4913611, 27.9316801], [86.4916891, 27.9337991], [86.4901311, 27.9355015], [86.4903156, 27.9373307], [86.4895981, 27.9397394], [86.4876712, 27.941315], [86.4868307, 27.9410071], [86.4867282, 27.9405181], [86.4870357, 27.9394496], [86.4864617, 27.9379827], [86.4848012, 27.9380551], [86.4846987, 27.9387252], [86.4853547, 27.9397756], [86.4851702, 27.9405544], [86.4845962, 27.9407536], [86.4835508, 27.9401922], [86.4827718, 27.9406449], [86.4823823, 27.9414598], [86.4826078, 27.9416953], [86.4838583, 27.9418402], [86.4840428, 27.9427094], [86.4829153, 27.943307], [86.4800043, 27.944792], [86.4780979, 27.9446109], [86.4758224, 27.9435062], [86.47449, 27.9440314], [86.4729525, 27.9440133], [86.4726245, 27.9434338], [86.4700415, 27.9433614], [86.4687296, 27.9425827], [86.4670453, 27.9404843], [86.4679295, 27.9390244], [86.4705097, 27.9368858], [86.4740176, 27.9368602], [86.4769891, 27.9358485], [86.4815213, 27.9358621], [86.4840427, 27.9354817], [86.4847807, 27.9343951], [86.4851907, 27.9326202], [86.4867896, 27.9315516], [86.4884706, 27.9308815], [86.4891471, 27.9300302], [86.4906026, 27.9300681]]]}, "properties": {"external_id": "osm:way/290771906", "name": "", "name_ne": "", "area_km2": 1.866}}, {"type": "Feature", "geometry": {"type": "Polygon", "coordinates": [[[86.5180627, 27.9129821], [86.5165663, 27.9138698], [86.5160128, 27.9154457], [86.5163408, 27.9169492], [86.5177347, 27.9179092], [86.5176732, 27.9187968], [86.5161563, 27.9203727], [86.5154183, 27.923144], [86.5114824, 27.9244662], [86.5102729, 27.9264948], [86.5111544, 27.9277265], [86.5132043, 27.9285234], [86.5145573, 27.928143], [86.5153363, 27.9266578], [86.5158898, 27.9258066], [86.5171813, 27.9257884], [86.5173657, 27.9266941], [86.5171608, 27.9301716], [86.5158078, 27.9322906], [86.5157873, 27.9338663], [86.5166073, 27.9345908], [86.5179807, 27.9343915], [86.5196207, 27.9348986], [86.5211377, 27.9351703], [86.5226136, 27.9348624], [86.5237821, 27.9331237], [86.5242536, 27.9307511], [86.5229416, 27.9279981], [86.5215067, 27.9256617], [86.5199077, 27.922673], [86.5202972, 27.9219847], [86.5208712, 27.9215863], [86.5222651, 27.9218761], [86.5224086, 27.9239228], [86.5232901, 27.924593], [86.5243356, 27.9246111], [86.5249711, 27.9233432], [86.5248686, 27.9208436], [86.5243356, 27.9193945], [86.5208097, 27.9176919], [86.5190877, 27.9159529], [86.5194977, 27.9149023], [86.5206252, 27.9148298], [86.5216297, 27.9145038], [86.5216912, 27.9133807], [86.5206252, 27.9121308], [86.5186572, 27.9122032], [86.5180627, 27.9129821]]]}, "properties": {"external_id": "osm:way/290771907", "name": "", "name_ne": "", "area_km2": 1.694}}, {"type": "Feature", "geometry": {"type": "Polygon", "coordinates": [[[86.47686, 27.8260194], [86.4756851, 27.8248162], [86.4750357, 27.8234489], [86.4760561, 27.8229294], [86.4780041, 27.8233669], [86.4802613, 27.8245428], [86.483879, 27.8278515], [86.4840336, 27.8298204], [86.4818074, 27.8306133], [86.480014, 27.829711], [86.4796429, 27.828125], [86.4785607, 27.8264569], [86.47686, 27.8260194]]]}, "properties": {"external_id": "osm:way/290773847", "name": "", "name_ne": "", "area_km2": 0.326}}, {"type": "Feature", "geometry": {"type": "Polygon", "coordinates": [[[86.4986887, 27.8105297], [86.4977302, 27.8098733], [86.4976838, 27.8090665], [86.4980085, 27.8084238], [86.4979157, 27.8075076], [86.4971581, 27.8068238], [86.4973437, 27.806605], [86.4980085, 27.806523], [86.4992762, 27.8073435], [86.5004203, 27.8094221], [86.5004666, 27.8115143], [86.4998482, 27.8125535], [86.4992144, 27.8127586], [86.4987505, 27.8125946], [86.4979775, 27.8118151], [86.4980858, 27.8111861], [86.4985186, 27.811063], [86.4986887, 27.8105297]]]}, "properties": {"external_id": "osm:way/290773852", "name": "", "name_ne": "", "area_km2": 0.131}}, {"type": "Feature", "geometry": {"type": "Polygon", "coordinates": [[[86.4329252, 27.8213044], [86.4334508, 27.8205933], [86.43376, 27.8206891], [86.4354761, 27.8221521], [86.4359554, 27.8229588], [86.4367593, 27.8231776], [86.4376406, 27.8228221], [86.439604, 27.8210582], [86.4400524, 27.8199644], [86.4411152, 27.8192672], [86.4408003, 27.8184034], [86.4393484, 27.8181888], [86.4382989, 27.8189043], [86.4372494, 27.8202192], [86.436189, 27.8202289], [86.433808, 27.8189056], [86.4319824, 27.8184801], [86.4308673, 27.8182674], [86.4329252, 27.8213044]]]}, "properties": {"external_id": "osm:way/290773853", "name": "", "name_ne": "", "area_km2": 0.246}}, {"type": "Feature", "geometry": {"type": "Polygon", "coordinates": [[[86.4837753, 27.803411], [86.4835786, 27.8022699], [86.4839721, 27.8019024], [86.4850216, 27.802502], [86.4856119, 27.8039331], [86.4856557, 27.8074723], [86.4848248, 27.8094836], [86.4834692, 27.8099864], [86.4817201, 27.8095996], [86.4803864, 27.8089614], [86.4799928, 27.8079751], [86.4805832, 27.8068921], [86.4815233, 27.806602], [86.4824854, 27.806602], [86.4831194, 27.8060605], [86.4836442, 27.8051902], [86.4841033, 27.8047454], [86.4842564, 27.8040879], [86.4837753, 27.803411]]]}, "properties": {"external_id": "osm:way/290773854", "name": "", "name_ne": "", "area_km2": 0.254}}, {"type": "Feature", "geometry": {"type": "Polygon", "coordinates": [[[86.4841459, 27.8166018], [86.4862794, 27.8164651], [86.4874235, 27.8173676], [86.4872689, 27.8186255], [86.4861866, 27.8191451], [86.4843005, 27.8196374], [86.4837439, 27.8210594], [86.4831873, 27.8217431], [86.4821979, 27.8216337], [86.4818577, 27.8210047], [86.4818268, 27.8199655], [86.481363, 27.8196374], [86.480992, 27.8198015], [86.4805591, 27.8204851], [86.4796005, 27.8205398], [86.4788275, 27.820157], [86.4794459, 27.8188717], [86.4812702, 27.8176137], [86.4841459, 27.8166018]]]}, "properties": {"external_id": "osm:way/290773855", "name": "", "name_ne": "", "area_km2": 0.261}}, {"type": "Feature", "geometry": {"type": "Polygon", "coordinates": [[[86.4912478, 27.8135074], [86.4932886, 27.8136989], [86.4952366, 27.8158047], [86.4963188, 27.8183754], [86.4960096, 27.818977], [86.495453, 27.819059], [86.4925465, 27.8175549], [86.4900419, 27.8149569], [86.4886195, 27.8146561], [86.4875064, 27.8134528], [86.4860531, 27.8130152], [86.4857748, 27.8122768], [86.4862386, 27.8118392], [86.488063, 27.8121947], [86.4885886, 27.8113469], [86.4894853, 27.8112649], [86.4909695, 27.8118392], [86.4910004, 27.8127417], [86.4912478, 27.8135074]]]}, "properties": {"external_id": "osm:way/290773856", "name": "", "name_ne": "", "area_km2": 0.33}}, {"type": "Feature", "geometry": {"type": "Polygon", "coordinates": [[[86.4552023, 27.8564349], [86.4556178, 27.8586193], [86.4553117, 27.8608809], [86.4544371, 27.8621953], [86.4531471, 27.8626979], [86.4521851, 27.8621953], [86.4524693, 27.8610162], [86.4523381, 27.8599531], [86.4511793, 27.8585806], [86.4502829, 27.8581747], [86.449627, 27.8565509], [86.4487305, 27.8560676], [86.4477904, 27.8560676], [86.446719, 27.8555457], [86.4468854, 27.8541076], [86.4468968, 27.8521952], [86.4477147, 27.8513862], [86.4491114, 27.8515266], [86.4508336, 27.8527461], [86.4543059, 27.8545985], [86.4552023, 27.8564349]]]}, "properties": {"external_id": "osm:way/290773857", "name": "", "name_ne": "", "area_km2": 0.559}}, {"type": "Feature", "geometry": {"type": "Polygon", "coordinates": [[[86.4346624, 27.8315954], [86.4357767, 27.8316713], [86.4357617, 27.8326853], [86.4355431, 27.8334773], [86.4351288, 27.834233], [86.4351219, 27.8349929], [86.4353949, 27.8359071], [86.4353511, 27.8364581], [86.435045, 27.8365451], [86.4344328, 27.8363131], [86.4338261, 27.8361576], [86.4329461, 27.8356654], [86.432793, 27.835008], [86.432148, 27.8349114], [86.4318857, 27.834776], [86.4318857, 27.8345343], [86.4326072, 27.8340896], [86.4333287, 27.8335773], [86.4332412, 27.8330069], [86.4338133, 27.8322628], [86.4346624, 27.8315954]]]}, "properties": {"external_id": "osm:way/290773858", "name": "", "name_ne": "", "area_km2": 0.118}}, {"type": "Feature", "geometry": {"type": "Polygon", "coordinates": [[[86.4314133, 27.8358679], [86.4321102, 27.8353874], [86.4329461, 27.8356654], [86.4338261, 27.8361576], [86.4338286, 27.8367145], [86.4338671, 27.8376469], [86.4343694, 27.8392995], [86.4354137, 27.8417858], [86.4359548, 27.842524], [86.4355992, 27.8430981], [86.4345634, 27.8433032], [86.43294, 27.842811], [86.4323137, 27.8421917], [86.4317755, 27.8420555], [86.4315172, 27.8425061], [86.4310668, 27.8432455], [86.4303468, 27.843611], [86.4297751, 27.8432926], [86.4294865, 27.8424444], [86.4291905, 27.8415201], [86.4286329, 27.8412406], [86.4282493, 27.8407986], [86.4284562, 27.8399983], [86.4296823, 27.837925], [86.4300193, 27.8369474], [86.4314133, 27.8358679]]]}, "properties": {"external_id": "osm:way/290773859", "name": "", "name_ne": "", "area_km2": 0.411}}, {"type": "Feature", "geometry": {"type": "Polygon", "coordinates": [[[86.4572243, 27.8400875], [86.4582447, 27.8395953], [86.4590795, 27.8393356], [86.4599608, 27.8396637], [86.4603163, 27.8402378], [86.4596361, 27.8407573], [86.4582601, 27.8411128], [86.4572707, 27.841892], [86.4569769, 27.8426029], [86.4562193, 27.8432454], [86.4556319, 27.8432864], [86.4551062, 27.8430403], [86.4545805, 27.8428216], [86.4542404, 27.8429583], [86.4540085, 27.8436145], [86.4535756, 27.8436145], [86.4527871, 27.8431224], [86.4526944, 27.8424252], [86.4529108, 27.8412495], [86.4533592, 27.840853], [86.4533592, 27.8403062], [86.4523543, 27.8398141], [86.4523852, 27.8390211], [86.4527098, 27.8387887], [86.4536375, 27.8391715], [86.4558947, 27.8398277], [86.4572243, 27.8400875]]]}, "properties": {"external_id": "osm:way/290773860", "name": "", "name_ne": "", "area_km2": 0.22}}, {"type": "Feature", "geometry": {"type": "Polygon", "coordinates": [[[86.4394084, 27.8292761], [86.4420434, 27.8313352], [86.4454979, 27.8350282], [86.4467661, 27.838141], [86.4462195, 27.840693], [86.4452793, 27.8418917], [86.4433591, 27.8436762], [86.442028, 27.8463504], [86.4410952, 27.8482013], [86.4399503, 27.8487803], [86.4402192, 27.8499705], [86.4416627, 27.85341], [86.4413612, 27.8539353], [86.4409969, 27.853816], [86.4404254, 27.8527726], [86.4398187, 27.853104], [86.4382366, 27.8508565], [86.4379868, 27.8488599], [86.4383846, 27.8477378], [86.4378695, 27.8468032], [86.4375726, 27.8459392], [86.437613, 27.8447709], [86.4381953, 27.842491], [86.4381078, 27.841157], [86.43743, 27.8403064], [86.4374956, 27.839475], [86.4386107, 27.8392624], [86.4405785, 27.8391657], [86.4410376, 27.838895], [86.4412563, 27.838199], [86.440819, 27.837561], [86.4400975, 27.8375223], [86.4388949, 27.8380443], [86.4378236, 27.837561], [86.4373426, 27.8363816], [86.4366648, 27.8340035], [86.4358538, 27.8335798], [86.4362255, 27.8315202], [86.4363141, 27.8301583], [86.4385459, 27.8284816], [86.4394084, 27.8292761]]]}, "properties": {"external_id": "osm:way/290773861", "name": "", "name_ne": "", "area_km2": 1.454}}, {"type": "Feature", "geometry": {"type": "Polygon", "coordinates": [[[86.4394084, 27.8292761], [86.4397256, 27.8286106], [86.4401629, 27.8283012], [86.4446451, 27.8276245], [86.4478154, 27.8277985], [86.4512043, 27.8274698], [86.4526036, 27.8266383], [86.452866, 27.8254588], [86.4524506, 27.8237959], [86.4509857, 27.8228291], [86.4496738, 27.8230998], [86.4491054, 27.8227324], [86.4485806, 27.8213788], [86.4489086, 27.8200446], [86.4488649, 27.8184396], [86.4482964, 27.8181495], [86.4478372, 27.8184009], [86.4481652, 27.8197158], [86.4476186, 27.8207987], [86.4468315, 27.8209341], [86.4449293, 27.8200833], [86.4436612, 27.8199866], [86.4416934, 27.8219009], [86.4411905, 27.8228291], [86.4399224, 27.8234285], [86.43966, 27.8238926], [86.4388729, 27.824028], [86.4380858, 27.8237186], [86.4373159, 27.8238476], [86.4367388, 27.8243158], [86.4367754, 27.8248174], [86.4385459, 27.8284816], [86.4394084, 27.8292761]]]}, "properties": {"external_id": "osm:way/290773863", "name": "", "name_ne": "", "area_km2": 0.994}}, {"type": "Feature", "geometry": {"type": "Polygon", "coordinates": [[[86.4650849, 27.8034493], [86.4642964, 27.804981], [86.4643428, 27.8081946], [86.4645283, 27.8095895], [86.4659352, 27.8114219], [86.4663681, 27.8121603], [86.4661052, 27.8127072], [86.4654714, 27.812885], [86.463678, 27.8121603], [86.4618073, 27.8122697], [86.4594418, 27.8129944], [86.458406, 27.8131995], [86.4573238, 27.8144029], [86.4572928, 27.8151002], [86.4567826, 27.8154831], [86.4559014, 27.8155651], [86.4557313, 27.8158797], [86.4558086, 27.816577], [86.4557932, 27.8181632], [86.4542317, 27.8193391], [86.4536133, 27.8206654], [86.4542471, 27.8217593], [86.4550511, 27.8219097], [86.4572001, 27.8210346], [86.4589935, 27.8198587], [86.4601066, 27.8198177], [86.460756, 27.8202005], [86.460725, 27.8205697], [86.4600293, 27.8211713], [86.4600757, 27.8215542], [86.4615908, 27.8221832], [86.4654714, 27.8227027], [86.4668655, 27.8242373], [86.467373, 27.823906], [86.4688108, 27.8235641], [86.4693828, 27.822484], [86.4708052, 27.8219781], [86.4720266, 27.8209936], [86.4728614, 27.8197356], [86.4727377, 27.8189836], [86.4724131, 27.8188879], [86.4715473, 27.8191203], [86.4710062, 27.8188058], [86.471269, 27.8180401], [86.4717483, 27.8176162], [86.4734489, 27.8176162], [86.4752732, 27.8190656], [86.4763709, 27.8194211], [86.477314, 27.8187922], [86.4774531, 27.8181495], [86.4765101, 27.8168778], [86.4753505, 27.8130765], [86.4752114, 27.8124338], [86.4756907, 27.8118868], [86.4756597, 27.8112167], [86.4746703, 27.8107381], [86.471872, 27.808769], [86.4709907, 27.8074835], [86.4708825, 27.8064852], [86.4710371, 27.8056784], [86.4702177, 27.8048032], [86.4672029, 27.8038322], [86.4650849, 27.8034493]]]}, "properties": {"external_id": "osm:way/290773864", "name": "", "name_ne": "", "area_km2": 2.665}}, {"type": "Feature", "geometry": {"type": "Polygon", "coordinates": [[[86.4308673, 27.8182674], [86.4303207, 27.8186638], [86.4297631, 27.8201238], [86.4290416, 27.8209746], [86.4286118, 27.8234999], [86.4289056, 27.8254004], [86.4290911, 27.8270274], [86.4291993, 27.8292287], [86.4296248, 27.8315648], [86.4294547, 27.8323441], [86.4288672, 27.8326996], [86.4275043, 27.833106], [86.4267622, 27.8327916], [86.4266539, 27.8323131], [86.4275506, 27.8316021], [86.4279526, 27.8309732], [86.4279835, 27.8300572], [86.4274888, 27.8283755], [86.4265612, 27.8276782], [86.4250461, 27.8277329], [86.4239484, 27.8285943], [86.4235309, 27.8294146], [86.4222014, 27.8294556], [86.4212892, 27.828772], [86.4199751, 27.8292369], [86.4177952, 27.8310279], [86.4172077, 27.8320807], [86.4173777, 27.8325318], [86.4180116, 27.8326822], [86.4191866, 27.832231], [86.4198359, 27.8316842], [86.4212119, 27.8316158], [86.4222787, 27.8309459], [86.4233918, 27.8308228], [86.4241803, 27.8313971], [86.4239948, 27.8318756], [86.4225879, 27.832231], [86.4213665, 27.8326412], [86.4212737, 27.8330377], [86.4222787, 27.8335435], [86.4220468, 27.8344322], [86.4211346, 27.8348834], [86.4198359, 27.8345826], [86.4186609, 27.8351978], [86.4169448, 27.83677], [86.415136, 27.8373579], [86.4145949, 27.8380688], [86.4149968, 27.8385609], [86.4160791, 27.8385609], [86.4185218, 27.8377407], [86.4203063, 27.8375009], [86.4213422, 27.8378563], [86.4217905, 27.8383348], [86.4241096, 27.8384579], [86.4265214, 27.83787], [86.4285467, 27.8365029], [86.4290752, 27.8360936], [86.4301151, 27.835071], [86.4306957, 27.8346846], [86.4313914, 27.8336592], [86.4325664, 27.8328116], [86.4338133, 27.8322628], [86.4346624, 27.8315954], [86.4359019, 27.8297269], [86.4363141, 27.8301583], [86.4385459, 27.8284816], [86.4367754, 27.8248174], [86.4364656, 27.824914], [86.4359709, 27.8243261], [86.4351978, 27.8239296], [86.4335745, 27.8223025], [86.4329252, 27.8213044], [86.4308673, 27.8182674]]]}, "properties": {"external_id": "osm:way/290773866", "name": "", "name_ne": "", "area_km2": 1.913}}, {"type": "Feature", "geometry": {"type": "Polygon", "coordinates": [[[86.4636752, 27.8288749], [86.460483, 27.8274247], [86.4608328, 27.8266899], [86.4624289, 27.8258972], [86.4641562, 27.8263226], [86.4668674, 27.8276954], [86.4666706, 27.8281981], [86.4656648, 27.8291649], [86.4636752, 27.8288749]]]}, "properties": {"external_id": "osm:way/290773869", "name": "", "name_ne": "", "area_km2": 0.134}}, {"type": "Feature", "geometry": {"type": "Polygon", "coordinates": [[[86.4880381, 27.8061567], [86.4866607, 27.8049383], [86.4869012, 27.8033911], [86.4877102, 27.8026949], [86.4893281, 27.8026562], [86.4907056, 27.8035459], [86.4908805, 27.8047643], [86.4901152, 27.80606], [86.489022, 27.8064855], [86.4880381, 27.8061567]]]}, "properties": {"external_id": "osm:way/290773872", "name": "", "name_ne": "", "area_km2": 0.132}}, {"type": "Feature", "geometry": {"type": "Polygon", "coordinates": [[[86.4289926, 27.8058417], [86.4296883, 27.8054314], [86.430585, 27.8052946], [86.4312343, 27.8048434], [86.4316981, 27.8046793], [86.4319146, 27.804816], [86.43193, 27.8052263], [86.4307551, 27.8061425], [86.4298738, 27.8069767], [86.4298584, 27.8076878], [86.4303531, 27.8088228], [86.4294719, 27.8100809], [86.4281577, 27.8109014], [86.4267663, 27.8108603], [86.4258077, 27.8112159], [86.4243854, 27.8122825], [86.4232259, 27.8122962], [86.4224065, 27.8119133], [86.4223137, 27.8113936], [86.4226075, 27.8108603], [86.4226693, 27.8100809], [86.4228239, 27.8098074], [86.4233805, 27.809739], [86.4235815, 27.8092741], [86.4231331, 27.8088228], [86.4232259, 27.8081391], [86.4245709, 27.8072912], [86.4255758, 27.8068399], [86.4274465, 27.8070314], [86.4285597, 27.8068946], [86.4289926, 27.8058417]]]}, "properties": {"external_id": "osm:way/290774180", "name": "", "name_ne": "", "area_km2": 0.356}}, {"type": "Feature", "geometry": {"type": "Polygon", "coordinates": [[[86.4351225, 27.8167187], [86.4339211, 27.816997], [86.4331886, 27.8172581], [86.4324999, 27.817084], [86.4319533, 27.8166199], [86.4315051, 27.8158947], [86.4313302, 27.8151889], [86.4321719, 27.8145798], [86.4321938, 27.8139029], [86.4319314, 27.8133905], [86.4321173, 27.8127233], [86.4326748, 27.8122205], [86.433451, 27.8120271], [86.434332, 27.8126079], [86.43645, 27.812731], [86.4374704, 27.8132096], [86.439001, 27.8135378], [86.439202, 27.8141668], [86.4401296, 27.8149599], [86.4410727, 27.815835], [86.4417839, 27.8160265], [86.4421395, 27.8163957], [86.4420312, 27.8167512], [86.4416138, 27.8172708], [86.4408408, 27.8174759], [86.4399286, 27.8171614], [86.4391865, 27.8174622], [86.4381816, 27.8182963], [86.4373777, 27.8181459], [86.4366356, 27.8175169], [86.4362645, 27.8169016], [86.4351225, 27.8167187]]]}, "properties": {"external_id": "osm:way/290774181", "name": "", "name_ne": "", "area_km2": 0.426}}, {"type": "Feature", "geometry": {"type": "Polygon", "coordinates": [[[86.4251792, 27.8161492], [86.42681, 27.8160504], [86.4278152, 27.8164456], [86.428195, 27.817552], [86.4279269, 27.8191326], [86.4263855, 27.8213454], [86.4251569, 27.8221159], [86.4241293, 27.8221554], [86.4237719, 27.8226493], [86.4243527, 27.8246052], [86.4238612, 27.8263832], [86.4222081, 27.827371], [86.4197955, 27.8278057], [86.416534, 27.8302948], [86.4147692, 27.8330605], [86.4140767, 27.8346014], [86.4144565, 27.8358064], [86.4139874, 27.8366953], [86.412446, 27.8377423], [86.4114407, 27.8379991], [86.4109716, 27.8377818], [86.4112173, 27.8371299], [86.4120215, 27.8364978], [86.4122896, 27.8352928], [86.4117311, 27.8345026], [86.411329, 27.8331198], [86.4110609, 27.8322901], [86.4107035, 27.8317765], [86.4107705, 27.8307887], [86.4136299, 27.8283983], [86.4140097, 27.8277464], [86.4136299, 27.8273315], [86.4124683, 27.8275093], [86.4105248, 27.8285761], [86.4090281, 27.8284971], [86.40876, 27.8279044], [86.4088717, 27.8258498], [86.4094972, 27.8246447], [86.4108822, 27.824131], [86.4112396, 27.8235383], [86.4105248, 27.8229852], [86.4106365, 27.8224913], [86.4116864, 27.8218393], [86.4127364, 27.8219973], [86.412647, 27.8229061], [86.4136299, 27.8234198], [86.4144118, 27.8222344], [86.4157075, 27.8210688], [86.4158192, 27.8197055], [86.4172935, 27.8187769], [86.4188349, 27.8188165], [86.4193264, 27.8179866], [86.4193264, 27.8165246], [86.4201529, 27.8152206], [86.4212922, 27.8152403], [86.4221188, 27.8160702], [86.4235485, 27.8162085], [86.4251792, 27.8161492]]]}, "properties": {"external_id": "osm:way/290774182", "name": "", "name_ne": "", "area_km2": 1.955}}, {"type": "Feature", "geometry": {"type": "Polygon", "coordinates": [[[86.4149723, 27.789289], [86.4161666, 27.789646], [86.4173125, 27.7914307], [86.4192169, 27.7923873], [86.4210406, 27.792373], [86.4216862, 27.7918733], [86.421896, 27.7911451], [86.4209761, 27.7893461], [86.4197656, 27.788104], [86.41841, 27.7876899], [86.4163764, 27.7877613], [86.4151983, 27.7878612], [86.4149239, 27.788261], [86.4148916, 27.7888179], [86.4149723, 27.789289]]]}, "properties": {"external_id": "osm:way/290774533", "name": "", "name_ne": "", "area_km2": 0.236}}, {"type": "Feature", "geometry": {"type": "Polygon", "coordinates": [[[86.4141305, 27.8029678], [86.4157054, 27.8023218], [86.4174172, 27.8024429], [86.4183302, 27.8032707], [86.4178509, 27.8047445], [86.4162532, 27.8064403], [86.4149978, 27.8089841], [86.4142446, 27.8095695], [86.4135143, 27.8092667], [86.4129665, 27.8085601], [86.4120763, 27.8085399], [86.4118253, 27.8080756], [86.4123502, 27.8073085], [86.4137197, 27.8057943], [86.413674, 27.805229], [86.4129437, 27.8050271], [86.4118025, 27.8051079], [86.4108438, 27.8050675], [86.41057, 27.8047041], [86.4107525, 27.8044013], [86.4123731, 27.8043205], [86.4133773, 27.8040177], [86.4141305, 27.8029678]]]}, "properties": {"external_id": "osm:way/290774534", "name": "", "name_ne": "", "area_km2": 0.289}}, {"type": "Feature", "geometry": {"type": "Polygon", "coordinates": [[[86.4090298, 27.7921369], [86.4079655, 27.7932952], [86.4071101, 27.7937663], [86.4064807, 27.7950227], [86.4060142, 27.7953045], [86.405819, 27.7954225], [86.4052864, 27.7952226], [86.4049475, 27.7942946], [86.405221, 27.7927365], [86.4071416, 27.7909233], [86.4092074, 27.789881], [86.4106922, 27.789981], [86.4118542, 27.790238], [86.4126289, 27.7896383], [86.4132906, 27.7896954], [86.4141621, 27.7902951], [86.4144526, 27.7913659], [86.4150659, 27.7922368], [86.4161149, 27.792965], [86.4164054, 27.7938644], [86.4161956, 27.7951494], [86.4164861, 27.7964914], [86.4160988, 27.7976478], [86.4153402, 27.7980904], [86.4143558, 27.7978191], [86.4136295, 27.7972052], [86.4138877, 27.7965342], [86.4145817, 27.7961773], [86.4147754, 27.7952779], [86.4142266, 27.7944355], [86.4135649, 27.7942642], [86.4135972, 27.7947211], [86.413807, 27.7951636], [86.4136941, 27.7955348], [86.4130323, 27.7952065], [86.4129678, 27.7945212], [86.4126289, 27.7945069], [86.4122093, 27.7951779], [86.4113539, 27.7957062], [86.4105953, 27.7954492], [86.4104017, 27.7950066], [86.4105953, 27.7946211], [86.4105308, 27.7941214], [86.4100305, 27.7939644], [86.4098691, 27.7934218], [86.410434, 27.7929507], [86.4109504, 27.7929221], [86.4114023, 27.7929364], [86.4124836, 27.7937359], [86.4135488, 27.7939644], [86.4137909, 27.7938073], [86.413807, 27.7931648], [86.4131453, 27.7924795], [86.4124191, 27.7921512], [86.4119349, 27.7913944], [86.4109504, 27.7906948], [86.4099432, 27.7906188], [86.409627, 27.7905949], [86.4093365, 27.7908519], [86.4092719, 27.7917086], [86.4090298, 27.7921369]]]}, "properties": {"external_id": "osm:way/290774536", "name": "", "name_ne": "", "area_km2": 0.421}}, {"type": "Feature", "geometry": {"type": "Polygon", "coordinates": [[[86.4146185, 27.8520862], [86.4143868, 27.8519126], [86.4141464, 27.8517057], [86.4139818, 27.8519339], [86.4137737, 27.852106], [86.4136203, 27.8521823], [86.4134312, 27.8521865], [86.4134331, 27.8523393], [86.4132468, 27.8524575], [86.4133528, 27.8528529], [86.4132977, 27.8531337], [86.413391, 27.853469], [86.4136682, 27.8539669], [86.4135995, 27.8543018], [86.4133286, 27.8543398], [86.4132726, 27.8546188], [86.4134529, 27.8552771], [86.4135609, 27.8556822], [86.4132133, 27.8552291], [86.4130055, 27.8550139], [86.4129428, 27.8555588], [86.4130685, 27.8559358], [86.4135861, 27.8560425], [86.4133779, 27.8563374], [86.4138329, 27.8566235], [86.4142398, 27.8570407], [86.4146778, 27.8573278], [86.4150695, 27.8574232], [86.4152169, 27.857738], [86.4155871, 27.8575554], [86.416159, 27.8572699], [86.4164977, 27.8569898], [86.4166613, 27.8569412], [86.416727, 27.8568487], [86.4169925, 27.8567871], [86.4174378, 27.8565357], [86.4175097, 27.8562098], [86.4175665, 27.8559002], [86.4178562, 27.8556109], [86.417499, 27.8550713], [86.4177543, 27.8549326], [86.4175504, 27.854539], [86.4174163, 27.8541358], [86.4176577, 27.8538702], [86.4174432, 27.8537517], [86.4175987, 27.853505], [86.4174539, 27.8533438], [86.4174357, 27.8530501], [86.4170945, 27.8526134], [86.4166307, 27.8525308], [86.4164185, 27.8525232], [86.4162535, 27.8526099], [86.4161771, 27.8529074], [86.4159242, 27.8531267], [86.4155247, 27.8534516], [86.415371, 27.8525421], [86.4159917, 27.8521884], [86.4158982, 27.8519968], [86.4156191, 27.8518654], [86.4154315, 27.8520584], [86.4150345, 27.8522576], [86.4149058, 27.8521059], [86.4146185, 27.8520862]]]}, "properties": {"external_id": "osm:way/290808769", "name": "", "name_ne": "", "area_km2": 0.215}}, {"type": "Feature", "geometry": {"type": "Polygon", "coordinates": [[[86.3562646, 27.8679687], [86.3575463, 27.8662716], [86.3590366, 27.8636592], [86.3590623, 27.8628368], [86.3597679, 27.8619921], [86.3621526, 27.8616885], [86.3632111, 27.8615], [86.3637622, 27.8625191], [86.3632333, 27.8639159], [86.3612279, 27.8655155], [86.3598883, 27.866395], [86.3579763, 27.8688427], [86.3571251, 27.8688531], [86.3570178, 27.8692305], [86.3562646, 27.8679687]]]}, "properties": {"external_id": "osm:way/290808770", "name": "", "name_ne": "", "area_km2": 0.254}}, {"type": "Feature", "geometry": {"type": "Polygon", "coordinates": [[[86.3965765, 27.8591107], [86.3974249, 27.8588343], [86.3976317, 27.8580648], [86.3979186, 27.8574594], [86.3985713, 27.8573237], [86.4002581, 27.8574368], [86.4017942, 27.8600217], [86.4020138, 27.8616723], [86.4018335, 27.8625222], [86.4005327, 27.8625258], [86.4001104, 27.8626101], [86.3996882, 27.8625017], [86.3994975, 27.8621886], [86.3989911, 27.8628974], [86.398476, 27.8623211], [86.3982319, 27.8620284], [86.3983735, 27.8615405], [86.3986375, 27.8609348], [86.3988308, 27.8603737], [86.398081, 27.8601415], [86.3975907, 27.8599609], [86.3968551, 27.859973], [86.3964004, 27.8595537], [86.3965765, 27.8591107]]]}, "properties": {"external_id": "osm:way/290808771", "name": "", "name_ne": "", "area_km2": 0.204}}, {"type": "Feature", "geometry": {"type": "Polygon", "coordinates": [[[86.4057771, 27.859102], [86.4056681, 27.85968], [86.4059269, 27.8602701], [86.4058861, 27.8606674], [86.4056545, 27.8609324], [86.4052868, 27.8608721], [86.4044151, 27.8603664], [86.4040201, 27.859692], [86.4045649, 27.8584999], [86.4050552, 27.8577774], [86.4060631, 27.8572355], [86.4065126, 27.8567899], [86.4069348, 27.8563805], [86.4074388, 27.8563805], [86.4090497, 27.8561455], [86.4100746, 27.8576311], [86.4107338, 27.8608048], [86.4084603, 27.8617753], [86.4075341, 27.8633527], [86.4066216, 27.8639186], [86.4059542, 27.8638584], [86.4052459, 27.8635454], [86.4047283, 27.8628349], [86.4050144, 27.862281], [86.4058997, 27.8618596], [86.4065399, 27.8610407], [86.4068259, 27.8603784], [86.4068395, 27.859692], [86.406499, 27.8591261], [86.4057771, 27.859102]]]}, "properties": {"external_id": "osm:way/290808772", "name": "", "name_ne": "", "area_km2": 0.331}}, {"type": "Feature", "geometry": {"type": "Polygon", "coordinates": [[[86.470006, 27.9089711], [86.4697403, 27.9087453], [86.4693724, 27.9081764], [86.4688732, 27.9065933], [86.4688516, 27.9061272], [86.4688299, 27.9057823], [86.4688082, 27.9053225], [86.46909, 27.9049649], [86.4696392, 27.9047414], [86.4700222, 27.9047733], [86.4706365, 27.905016], [86.4716843, 27.9055396], [86.4723708, 27.9062357], [86.4732235, 27.9074044], [86.4742713, 27.908854], [86.4744375, 27.9094989], [86.474358, 27.9101439], [86.4741268, 27.9104951], [86.4736499, 27.9111592], [86.4729561, 27.9113827], [86.4723058, 27.9114083], [86.4718071, 27.9112231], [86.4713447, 27.9105462], [86.4711351, 27.9100864], [86.470781, 27.9096203], [86.470006, 27.9089711]]]}, "properties": {"external_id": "osm:way/345278511", "name": "", "name_ne": "", "area_km2": 0.244}}, {"type": "Feature", "geometry": {"type": "Polygon", "coordinates": [[[86.4616376, 27.8886257], [86.461842, 27.8905225], [86.4624245, 27.8928168], [86.4630172, 27.8944697], [86.4631807, 27.8959419], [86.4629763, 27.8974864], [86.4624245, 27.8992837], [86.4616376, 27.9014062], [86.4611062, 27.9031131], [86.4606361, 27.9039169], [86.4596856, 27.9045311], [86.4590111, 27.9049014], [86.4585615, 27.9048743], [86.4579381, 27.9047659], [86.4573147, 27.9049014], [86.4571001, 27.9049194], [86.4564971, 27.9046936], [86.4562007, 27.9043414], [86.4560066, 27.9033299], [86.4560679, 27.9018487], [86.4565278, 27.9004037], [86.4569672, 27.8985431], [86.4580607, 27.896538], [86.4584388, 27.895978], [86.4584797, 27.8953639], [86.4585104, 27.8939819], [86.4584695, 27.8924735], [86.4583571, 27.8902064], [86.4580812, 27.888716], [86.4580607, 27.8878308], [86.4581527, 27.8869275], [86.4586176, 27.8858513], [86.4589753, 27.8856435], [86.4596702, 27.8856706], [86.4599292, 27.8857602], [86.4606104, 27.8859958], [86.4612849, 27.8866281], [86.4616835, 27.8875043], [86.4616376, 27.8886257]]]}, "properties": {"external_id": "osm:way/345278512", "name": "", "name_ne": "", "area_km2": 0.918}}, {"type": "Feature", "geometry": {"type": "Polygon", "coordinates": [[[86.5059134, 27.8029576], [86.506839, 27.8023543], [86.5073956, 27.8019987], [86.5093436, 27.802026], [86.5120028, 27.8029013], [86.513456, 27.8032842], [86.5143218, 27.8026825], [86.5144455, 27.8016431], [86.512714, 27.8002208], [86.5101475, 27.7993182], [86.5082923, 27.7984156], [86.5037469, 27.7976224], [86.5020772, 27.7981147], [86.5004258, 27.7962362], [86.4981947, 27.7931627], [86.4956401, 27.792093], [86.4931195, 27.7877237], [86.4906159, 27.7874977], [86.4885211, 27.7856595], [86.4869372, 27.7824049], [86.4845699, 27.778653], [86.482952, 27.7770708], [86.4823559, 27.7780503], [86.4834459, 27.7797078], [86.4843656, 27.7820885], [86.4859154, 27.7865937], [86.4865626, 27.789155], [86.4879932, 27.7914452], [86.4915186, 27.7954678], [86.4935112, 27.7975168], [86.4941584, 27.7994452], [86.4952654, 27.8022021], [86.4955038, 27.8037688], [86.4973943, 27.8042358], [86.4993869, 27.8040852], [86.502197, 27.8042961], [86.5042407, 27.8048083], [86.5059134, 27.8029576]]]}, "properties": {"external_id": "osm:way/456265195", "name": "", "name_ne": "", "area_km2": 2.226}}, {"type": "Feature", "geometry": {"type": "Polygon", "coordinates": [[[86.561526, 27.7863814], [86.562556, 27.7870079], [86.5628135, 27.7875014], [86.5639508, 27.7876248], [86.565367, 27.7875204], [86.565485, 27.7863339], [86.5652168, 27.7854037], [86.5652275, 27.7842363], [86.5650236, 27.7832965], [86.5652168, 27.7824043], [86.5644014, 27.7820056], [86.5629637, 27.7824043], [86.5614295, 27.7833535], [86.5606677, 27.7840084], [86.560775, 27.7860492], [86.561526, 27.7863814]]]}, "properties": {"external_id": "osm:way/1351765990", "name": "", "name_ne": "", "area_km2": 0.221}}, {"type": "Feature", "geometry": {"type": "Polygon", "coordinates": [[[86.5489197, 27.8396453], [86.5513873, 27.8398161], [86.5526747, 27.8411253], [86.552782, 27.8418843], [86.5526318, 27.8430986], [86.5526747, 27.8438955], [86.553297, 27.8452236], [86.5537262, 27.8455651], [86.5537476, 27.8463809], [86.5532326, 27.8468173], [86.5527391, 27.8467604], [86.5516671, 27.8465529], [86.5505826, 27.8462481], [86.5498948, 27.8458408], [86.5497351, 27.844958], [86.5495527, 27.8447706], [86.5494308, 27.8445156], [86.5494347, 27.8442393], [86.5494078, 27.8440686], [86.5494159, 27.8439097], [86.5493354, 27.8437199], [86.5492925, 27.8435041], [86.5492898, 27.8431958], [86.5491959, 27.8428211], [86.5491825, 27.8420835], [86.5491235, 27.8415949], [86.5490377, 27.8411395], [86.548925, 27.8406984], [86.5487909, 27.8403331], [86.5486407, 27.8396406], [86.5485656, 27.839484], [86.5489197, 27.8396453]]]}, "properties": {"external_id": "osm:way/1351998910", "name": "", "name_ne": "", "area_km2": 0.258}}], "attribution": "© OpenStreetMap contributors, ODbL 1.0"}